g chainsaw
v -0.0117684435 0.0247462168 0.00977591239
v -0.0111570954 0.0251143593 0.00970832072
v -0.0117170876 0.0247882083 0.0107314587
v -0.0134603661 0.0262955036 0.00995704345
v -0.0134596704 0.0256435554 0.00993642583
v -0.0134340478 0.0262795445 0.0107821319
v -0.0111577008 0.0268607959 0.00974901207
v -0.0117769241 0.0271755382 0.00978448335
v -0.0111036468 0.0268192291 0.0107332952
v -0.0108057763 0.0256519858 0.00971320923
v -0.0108211609 0.0263162926 0.00970591046
v -0.0107604479 0.0256548543 0.0107231745
v -0.0131120728 0.0250628516 0.00990999397
v -0.0124441786 0.0247475505 0.00981682725
v -0.0130653307 0.0250820369 0.0107649015
v -0.0124824066 0.0271999408 0.00987349451
v -0.0130844256 0.0268540755 0.00989767909
v -0.0124339079 0.0271526426 0.0107596219
v 0.0103733987 0.0185338352 0.0129179256
v 0.00975635555 0.0180658363 0.0126436185
v 0.0104449429 0.018283911 0.0126658389
v 0.0108975666 0.0187253561 0.0124362372
v 0.0109894676 0.0195601527 0.0123808216
v 0.0103652272 0.0187993664 0.0139061278
v 0.00962752476 0.0182522368 0.0134186875
v 0.00875444617 0.0186126772 0.0136479503
v 0.00899294019 0.0203139819 0.0115793003
v 0.00969751365 0.0203648806 0.0112063801
v 0.00897889119 0.0201737378 0.0112437773
v 0.00905705802 0.0184026361 0.0127893556
v 0.00975635555 0.0180658363 0.0126436185
v 0.0103733987 0.0185338352 0.0129179256
v -0.000342266547 -0.000689234701 -0.00515925651
v -0.00177279348 -0.00112796307 -0.00395829417
v -0.000447492581 -0.00079349993 -0.00290950527
v -0.00783195253 -0.000622048392 -0.00110247137
v -0.00754540646 0.00217130664 -0.000155713555
v -0.0070761987 -0.000695300114 -0.000298733707
v -0.00495814905 0.00326098432 0.0125145381
v -0.00469781365 0.00324390875 0.0124435518
v -0.00475038867 0.00318430411 0.0123992153
v -0.00493225316 0.00333067402 0.0125738233
v -0.00520847319 0.00337302685 0.0126174921
v -0.00520287268 0.00329840183 0.0125531573
v -0.00545120565 0.00328736287 0.012502281
v -0.00548876729 0.0033605909 0.0125601478
v -0.00572997099 0.00329932198 0.0124178054
v -0.00566489343 0.00323317037 0.0123761911
v -0.00461294409 0.00307756406 0.0122199776
v -0.00469449395 0.00313495146 0.0121295946
v -0.00481060008 0.00322408183 0.012280006
v -0.00475038867 0.00318430411 0.0123992153
v -0.00469781365 0.00324390875 0.0124435518
v -0.00454286905 0.00312312599 0.0122410823
v -0.00495814905 0.00326098432 0.0125145381
v -0.00498527056 0.00328802108 0.0123765748
v -0.0044864607 0.00298697455 0.011998279
v -0.00456275232 0.00295715802 0.0120048374
v -0.00519073242 0.00331916334 0.0124087259
v -0.00520287268 0.00329840183 0.0125531573
v -0.00461674435 0.00283948425 0.0117818164
v -0.00454763277 0.00285411836 0.0117470119
v -0.00545120565 0.00328736287 0.012502281
v -0.00539921504 0.00330991251 0.0123658795
v -0.00470551848 0.00274591916 0.0115289157
v -0.00475659501 0.00274357316 0.0115880938
v -0.0055786618 0.00326467981 0.0122600384
v -0.00496397028 0.00268845074 0.0114608472
v -0.00493924832 0.0026837443 0.0113856215
v -0.00521257846 0.00267137052 0.0113286329
v -0.00520653464 0.00267747394 0.0114103481
v -0.00545194605 0.0027140188 0.0114468643
v -0.00548926694 0.0027125692 0.0113694547
v -0.00572793232 0.00279968721 0.0114994384
v -0.00566347595 0.00279122335 0.0115624787
v -0.00580439577 0.00290223584 0.0117492769
v -0.00588719826 0.00292506698 0.0117099239
v -0.00566489343 0.00323317037 0.0123761911
v -0.0058056782 0.00314112171 0.0121891638
v -0.00569702126 0.00318787573 0.0121032186
v -0.00572997099 0.00329932198 0.0124178054
v -0.00588892819 0.00319517124 0.0122064799
v -0.00594741106 0.00306484685 0.0119594308
v -0.00574081903 0.00309158326 0.0119195292
v -0.00569658494 0.00298787584 0.0117330886
v -0.00585752493 0.00302591803 0.0119704437
v -0.00461294409 0.00307756406 0.0122199776
v -0.00465161307 0.00303414813 0.0119484542
v -0.00469449395 0.00313495146 0.0121295946
v -0.00456275232 0.00295715802 0.0120048374
v -0.00461674435 0.00283948425 0.0117818164
v -0.0046966169 0.00293520442 0.0117596937
v -0.00461674435 0.00283948425 0.0117818164
v -0.0048142313 0.00285440916 0.0115954448
v -0.0046966169 0.00293520442 0.0117596937
v -0.00475659501 0.00274357316 0.0115880938
v -0.00496397028 0.00268845074 0.0114608472
v -0.00498917792 0.0028080605 0.0114878342
v -0.00519383186 0.00279890047 0.011445458
v -0.00520653464 0.00267747394 0.0114103481
v -0.00545194605 0.0027140188 0.0114468643
v -0.00540056452 0.00282969 0.0114769079
v -0.00557845598 0.00289461599 0.0115751335
v -0.00566347595 0.00279122335 0.0115624787
v -0.00580439577 0.00290223584 0.0117492769
v -0.00569658494 0.00298787584 0.0117330886
v -0.00443562493 0.00335673802 0.0114218304
v -0.00446552131 0.00332911965 0.0114514278
v -0.00439874781 0.00347506045 0.0117294593
v -0.00436622836 0.00350857736 0.0117111038
v -0.0044323504 0.00366273406 0.0119889611
v -0.00446206657 0.00362380967 0.0119966008
v -0.00443562493 0.00335673802 0.0114218304
v -0.00463895546 0.00321012968 0.011209867
v -0.00446552131 0.00332911965 0.0114514278
v -0.00461593037 0.00323281274 0.0111705782
v -0.00488252845 0.00316241267 0.0110067744
v -0.00489561912 0.00314226141 0.0110521438
v -0.0051954696 0.00312919123 0.0109901
v -0.00519381044 0.00314930431 0.0109423846
v -0.00550816534 0.00319725508 0.010989368
v -0.00549846375 0.00317460531 0.0110355783
v -0.00575958705 0.00327029708 0.0111791613
v -0.00577901956 0.0032975052 0.0111381747
v -0.00595980138 0.00344128115 0.0113792559
v -0.00575958705 0.00327029708 0.0111791613
v -0.00577901956 0.0032975052 0.0111381747
v -0.00593382353 0.00340804574 0.0114114303
v -0.00599943148 0.00356121524 0.011686177
v -0.00602785684 0.00360060204 0.011664629
v -0.00596053107 0.00374746323 0.0119463084
v -0.00593467243 0.00370318885 0.0119571965
v -0.00576023338 0.00381609425 0.012188484
v -0.00577946659 0.0038636683 0.0121868439
v -0.0044323504 0.00366273406 0.0119889611
v -0.00446206657 0.00362380967 0.0119966008
v -0.00463315006 0.00375525467 0.0122182984
v -0.00461037131 0.00379869924 0.0122193666
v -0.00487666856 0.00389599311 0.0123662753
v -0.00488966471 0.00384928216 0.0123600075
v -0.0051910663 0.00389514444 0.0124068735
v -0.00518929726 0.00394372921 0.0124144861
v -0.00550630921 0.00393102178 0.0123487897
v -0.00549681066 0.00388207915 0.0123440381
v -0.00576023338 0.00381609425 0.012188484
v -0.00577946659 0.0038636683 0.0121868439
v -0.00702536432 0.0238814708 0.00843939744
v -0.00702705467 0.0242455862 0.00802722946
v -0.00703501096 0.0269479826 0.00802696683
v -0.0070859585 0.0270337742 0.00843908731
v -0.0070881173 0.0272685252 0.00987419859
v -0.0070557273 0.0241456665 0.0107699847
v -0.00702536432 0.0238814708 0.00843939744
v -0.00620942563 0.0238843262 0.00844194181
v -0.00622762414 0.0242434442 0.00802626554
v -0.00702705467 0.0242455862 0.00802722946
v -0.00617414946 0.0241530389 0.010779948
v -0.00614870526 0.0281706192 0.0105284546
v -0.00615741592 0.0280584954 0.0100955721
v -0.00618899474 0.0244809054 0.0114589389
v -0.00617017038 0.0252818689 0.0123155592
v -0.00613570912 0.0284014679 0.0112172579
v -0.0061177751 0.0287648235 0.0119661139
v -0.00614432804 0.0263360962 0.0132257724
v -0.00584085332 0.0314037986 0.0145424912
v -0.00589403603 0.0295804255 0.0159551837
v 0.00514141889 0.0318223648 0.0233634356
v 0.00554484967 0.032046169 0.022222098
v 0.00460455148 0.0319779776 0.0221267417
v 0.00436544837 0.0317434557 0.0229532626
v 0.00410209689 0.0316454396 0.0233327057
v 0.00473280996 0.0316913314 0.0239058156
v 0.00370654883 0.0315731056 0.0236343909
v 0.00424297107 0.0316608362 0.0243027452
v 0.00339437719 0.0315106921 0.0245222021
v 0.00295862299 0.0315611772 0.0237592664
v 0.00410209689 0.0316454396 0.0233327057
v 0.00370619353 0.0343305357 0.0235599205
v 0.00340438844 0.0341059044 0.0237234421
v 0.00370654883 0.0315731056 0.0236343909
v 0.00295862299 0.0315611772 0.0237592664
v 0.00370654883 0.0315731056 0.0236343909
v 0.00340438844 0.0341059044 0.0237234421
v 0.00278214691 0.0339262299 0.0239287224
v 0.0021493244 0.0315740369 0.0238004681
v 0.00206084852 0.0338748656 0.0240511689
v 0.000181168318 0.0338089727 0.0240386724
v 0.000181713098 0.0315863825 0.0238148142
v -0.0017856037 0.0315740369 0.0238004699
v -0.00169712654 0.0338748656 0.0240511671
v -0.00241842493 0.0339262299 0.0239287224
v -0.00259421463 0.0315612368 0.0237592459
v -0.00303039071 0.0340539701 0.0236739386
v -0.00334282755 0.0315731056 0.0236343909
v 0.0074194544 0.0241456702 0.0107699819
v 0.00653786585 0.0241530444 0.010779948
v 0.00656251656 0.0244753361 0.011462776
v 0.00742268842 0.0244831946 0.0114404541
v 0.00742489193 0.0252749287 0.0122983046
v 0.00653389189 0.0252818689 0.0123155592
v 0.00740040746 0.0238888059 0.00844212156
v 0.00653786585 0.0241530444 0.010779948
v 0.0074194544 0.0241456702 0.0107699819
v 0.00656224834 0.0238913465 0.00844466314
v 0.00659134611 0.0242434442 0.00802626461
v 0.00739075523 0.0242455788 0.00802721642
v -0.00644575339 0.0315135568 0.0177657716
v -0.00530324085 0.0319705606 0.0186634194
v -0.00554522499 0.0314668864 0.0177936554
v -0.00619286299 0.0320243202 0.0186813697
v -0.00588966813 0.0322177373 0.0196601152
v -0.00501916744 0.0321805589 0.0196134653
v -0.00472150091 0.0321957581 0.0205568634
v -0.00559447147 0.032217931 0.0206211656
v -0.00539243687 0.0321642011 0.0213990752
v -0.00446451409 0.0321267508 0.0213564206
v -0.00424082531 0.0319779851 0.0221267417
v -0.00517807947 0.0320439786 0.0222332161
v -0.00706117833 0.0252749361 0.0122982981
v -0.00614432804 0.0263360962 0.0132257724
v -0.00617017038 0.0252818689 0.0123155592
v -0.00707401987 0.0263408031 0.0131880296
v -0.00589403603 0.0295804255 0.0159551837
v -0.00679428317 0.0295918081 0.0159023385
v -0.00702536432 0.0238814708 0.00843939744
v -0.0070557273 0.0241456665 0.0107699847
v -0.00617414946 0.0241530389 0.010779948
v -0.00620942563 0.0238843262 0.00844194181
v 0.00742489193 0.0252749287 0.0122983046
v 0.00653389189 0.0252818689 0.0123155592
v 0.00650805328 0.0263360944 0.0132257752
v 0.00743773207 0.0263407957 0.0131880362
v 0.00625223015 0.0295840725 0.0159506556
v 0.00715801353 0.0295918118 0.015902333
v 0.00576713542 0.0321728997 0.0213667285
v 0.00460455148 0.0319779776 0.0221267417
v 0.00554484967 0.032046169 0.022222098
v 0.004828237 0.0321267508 0.0213564206
v 0.00508522103 0.0321957581 0.0205568634
v 0.00598013448 0.0322415084 0.0205932297
v 0.00625344692 0.0322175696 0.0196597166
v 0.00538288988 0.0321805589 0.0196134672
v 0.00566695258 0.0319705755 0.018663412
v 0.00655658357 0.0320243202 0.0186813697
v 0.0068094749 0.0315135531 0.0177657716
v 0.00590894697 0.0314668864 0.0177936554
v -0.00706117833 0.0252749361 0.0122982981
v -0.00617017038 0.0252818689 0.0123155592
v -0.00618899474 0.0244809054 0.0114589389
v -0.00705897575 0.0244831983 0.0114404494
v -0.0070557273 0.0241456665 0.0107699847
v -0.00617414946 0.0241530389 0.010779948
v -0.00303278328 0.0315195359 0.0245322231
v -0.00334282755 0.0315731056 0.0236343909
v -0.00386826508 0.0316041261 0.0242642518
v -0.00259421463 0.0315612368 0.0237592459
v -0.00210346933 0.0314976349 0.0246709157
v -0.0017856037 0.0315740369 0.0238004699
v 0.000181713098 0.0315863825 0.0238148142
v 0.000181661846 0.0314603113 0.0247029401
v 0.00246719108 0.0314976349 0.0246709157
v 0.0021493244 0.0315740369 0.0238004681
v 0.00295862299 0.0315611772 0.0237592664
v 0.00339437719 0.0315106921 0.0245222021
v -0.00371056912 0.0316604823 0.0233118571
v -0.00334282755 0.0315731056 0.0236343909
v -0.00303039071 0.0340539701 0.0236739386
v -0.00334391696 0.0343321972 0.0235622972
v -0.00475570653 0.0317887217 0.0233688094
v -0.00424082531 0.0319779851 0.0221267417
v -0.00517807947 0.0320439786 0.0222332161
v -0.0040017236 0.0317434557 0.0229532626
v -0.00371056912 0.0316604823 0.0233118571
v -0.00437650317 0.0316692479 0.0238702856
v -0.00334282755 0.0315731056 0.0236343909
v -0.00386826508 0.0316041261 0.0242642518
v 0.00653786585 0.0241530444 0.010779948
v 0.00652113231 0.0280584898 0.010095573
v 0.00651242724 0.0281706192 0.0105284546
v 0.00656251656 0.0244753361 0.011462776
v 0.00653389189 0.0252818689 0.0123155592
v 0.00649773097 0.0283996519 0.0112179574
v 0.00648150314 0.0287648309 0.0119661102
v 0.00650805328 0.0263360944 0.0132257752
v 0.00620870385 0.0314071178 0.0145394849
v 0.00625223015 0.0295840725 0.0159506556
v 0.00436544837 0.0317434557 0.0229532626
v 0.00370619353 0.0343305357 0.0235599205
v 0.00410209689 0.0316454396 0.0233327057
v 0.00399323041 0.0346873477 0.0232444648
v 0.00415915018 0.0353209637 0.0222972743
v 0.00460455148 0.0319779776 0.0221267417
v 0.004828237 0.0321267508 0.0213564206
v 0.00434405496 0.035739705 0.0214460101
v 0.00459141564 0.0359496623 0.0205533504
v 0.00508522103 0.0321957581 0.0205568634
v 0.00538288988 0.0321805589 0.0196134672
v 0.00494090049 0.0359726623 0.0194827132
v 0.00534072611 0.0355416872 0.0183002688
v 0.00566695258 0.0319705755 0.018663412
v 0.00590894697 0.0314668864 0.0177936554
v 0.00567594869 0.0343281515 0.0170212761
v 0.00620870385 0.0314071178 0.0145394849
v 0.00625223015 0.0295840725 0.0159506556
v -0.0040017236 0.0317434557 0.0229532626
v -0.00371056912 0.0316604823 0.0233118571
v -0.00334391696 0.0343321972 0.0235622972
v -0.00362271187 0.034683831 0.0232395213
v -0.00379541633 0.0353209525 0.022297265
v -0.00424082531 0.0319779851 0.0221267417
v -0.00446451409 0.0321267508 0.0213564206
v -0.00398033392 0.035739705 0.0214460101
v -0.00422768714 0.0359496549 0.0205533449
v -0.00472150091 0.0321957581 0.0205568634
v -0.00501916744 0.0321805589 0.0196134653
v -0.00458759069 0.0359799489 0.0194851793
v -0.0049770046 0.0355416872 0.0183002688
v -0.00530324085 0.0319705606 0.0186634194
v -0.00554522499 0.0314668864 0.0177936554
v -0.005312216 0.034328144 0.0170212816
v -0.00584085332 0.0314037986 0.0145424912
v -0.00589403603 0.0295804255 0.0159551837
v 0.00450303731 0.000175786015 0.00576343294
v 0.00440940028 0.000866684888 0.00668983208
v 0.00440563448 0.00112151622 0.00643524015
v 0.00450788112 0.000110154149 0.00630635256
v 0.00449100835 -0.00202919962 0.00441064825
v 0.00449626613 -0.00195422652 0.00543277245
v 0.00445320876 7.93981526E-05 0.00646299124
v 0.00443656789 -0.00196100236 0.00558614219
v 0.0043579 0.000699100492 0.00679202564
v 0.00440940028 0.000866684888 0.00668983208
v 0.00446974859 -0.0041480395 0.00310514448
v 0.00447515352 -0.00412266236 0.00452971924
v 0.00449626613 -0.00195422652 0.00543277245
v 0.00449100835 -0.00202919962 0.00441064825
v 0.00440563448 0.00112151622 0.00643524015
v 0.00440940028 0.000866684888 0.00668983208
v 0.00400502188 0.000990967732 0.00690294011
v 0.00400502188 0.00120637415 0.00666732155
v 0.00360440952 0.00112151622 0.00643524015
v 0.00360064371 0.000866684888 0.00668983208
v 0.00400502188 -0.00444503315 0.00309478282
v 0.00447515352 -0.00412266236 0.00452971924
v 0.00446974859 -0.0041480395 0.00310514448
v 0.00400502188 -0.0044337986 0.00451305369
v 0.00353489025 -0.00412266236 0.00452971924
v 0.00354029518 -0.0041480395 0.00310514448
v 0.00400502188 0.000862870191 0.00697243307
v 0.00440940028 0.000866684888 0.00668983208
v 0.0043579 0.000699100492 0.00679202564
v 0.00400502188 0.000990967732 0.00690294011
v 0.00360064371 0.000866684888 0.00668983208
v 0.00365214399 0.000699100492 0.00679202564
v 0.00400502188 0.000694575312 0.00694872858
v 0.0043579 0.000699100492 0.00679202564
v 0.00365214399 0.000699100492 0.00679202564
v 0.00374043989 0.000531678204 0.00682533951
v 0.003556835 7.93981526E-05 0.00646299124
v 0.00368943205 7.29131716E-05 0.00656326767
v 0.0035734761 -0.00196100236 0.00558614219
v 0.00370417698 -0.00193754665 0.00566043844
v 0.00374043989 0.000531678204 0.00682533951
v 0.00400502188 0.000116252893 0.00665064342
v 0.00400502188 -0.00190111634 0.00568849314
v 0.00430586701 -0.00193754665 0.00566043844
v 0.00432061171 7.29131716E-05 0.00656326767
v 0.00443656789 -0.00196100236 0.00558614219
v 0.00445320876 7.93981526E-05 0.00646299124
v 0.00426960411 0.000531678204 0.00682533951
v 0.00447515352 -0.00412266236 0.00452971924
v 0.00440259743 -0.00405272935 0.00468077883
v 0.00443656789 -0.00196100236 0.00558614219
v 0.00449626613 -0.00195422652 0.00543277245
v 0.00440259743 -0.00405272935 0.00468077883
v 0.00430586701 -0.00193754665 0.00566043844
v 0.00443656789 -0.00196100236 0.00558614219
v 0.00429249322 -0.00393505581 0.00476681208
v 0.00400502188 -0.00190111634 0.00568849314
v 0.00400502188 -0.00423595915 0.00475688931
v 0.00400502188 -0.00437214365 0.00466297148
v 0.00440259743 -0.00405272935 0.00468077883
v 0.00371755054 -0.00393505581 0.00476681208
v 0.00360744656 -0.00405272935 0.00468077883
v 0.00370417698 -0.00193754665 0.00566043844
v 0.00360744656 -0.00405272935 0.00468077883
v 0.0035734761 -0.00196100236 0.00558614219
v 0.00440259743 -0.00405272935 0.00468077883
v 0.00447515352 -0.00412266236 0.00452971924
v 0.00400502188 -0.0044337986 0.00451305369
v 0.00400502188 -0.00437214365 0.00466297148
v 0.00360744656 -0.00405272935 0.00468077883
v 0.00353489025 -0.00412266236 0.00452971924
v 0.00424342975 0.00339822192 0.00394645659
v 0.00416136114 0.00339972391 0.00335978018
v 0.00416136114 0.0027706041 0.00272666221
v 0.00424342975 0.00252391724 0.00393328676
v 0.00415008841 0.0020293321 0.00227466109
v 0.00424342975 0.00204860582 0.00392323732
v 0.00424342975 0.00184038072 0.00163398264
v 0.00424342975 0.000886973401 0.00346950046
v 0.00424342975 0.00145581155 0.00163364166
v 0.00424342975 0.000742982898 0.0033680629
v 0.00424342975 0.000872143777 0.00211747154
v 0.00424342975 0.000618504535 0.00326087466
v 0.00424342975 0.000618504535 0.00326087466
v 0.00424342975 0.000872143777 0.00211747154
v 0.00424342975 0.000499204674 0.00258655054
v 0.00424342975 0.000305074704 0.00288581848
v 0.00350700668 0.000175786015 0.00576343294
v 0.00360440952 0.00112151622 0.00643524015
v 0.00360064371 0.000866684888 0.00668983208
v 0.00350216264 0.000110154149 0.00630635256
v 0.00351903541 -0.00202919962 0.00441064825
v 0.00365214399 0.000699100492 0.00679202564
v 0.00351377786 -0.00195422652 0.00543277245
v 0.003556835 7.93981526E-05 0.00646299124
v 0.0035734761 -0.00196100236 0.00558614219
v 0.00354029518 -0.0041480395 0.00310514448
v 0.00351903541 -0.00202919962 0.00441064825
v 0.00351377786 -0.00195422652 0.00543277245
v 0.00353489025 -0.00412266236 0.00452971924
v 0.00353489025 -0.00412266236 0.00452971924
v 0.00351377786 -0.00195422652 0.00543277245
v 0.0035734761 -0.00196100236 0.00558614219
v 0.00360744656 -0.00405272935 0.00468077883
v 0.00878537539 0.0206922162 0.0117091276
v 0.00897889119 0.0201737378 0.0112437773
v 0.00969751365 0.0203648806 0.0112063801
v 0.00957381539 0.0209667105 0.0117005799
v 0.0103987753 0.0203135125 0.0114022829
v 0.010405248 0.0208417289 0.0118944133
v 0.0109894676 0.0195601527 0.0123808216
v 0.010911067 0.0198635627 0.0117316516
v 0.0103011308 0.0204502866 0.0117169926
v 0.0103987753 0.0203135125 0.0114022829
v 0.00969751365 0.0203648806 0.0112063801
v 0.00899294019 0.0203139819 0.0115793003
v 0.010405248 0.0208417289 0.0118944133
v 0.0103987753 0.0203135125 0.0114022829
v 0.010911067 0.0198635627 0.0117316516
v 0.0109870117 0.0203994866 0.0122668697
v 0.0103368852 0.0212006513 0.0124232657
v 0.0110990042 0.0193296187 0.012128002
v 0.0109894676 0.0195601527 0.0123808216
v 0.0108975666 0.0187253561 0.0124362372
v 0.0112058455 0.019813668 0.0127468659
v 0.0111414529 0.0200932063 0.0132927485
v 0.0110452296 0.0191424619 0.0131515954
v 0.0104449429 0.018283911 0.0126658389
v 0.0103733987 0.0185338352 0.0129179256
v 0.0104512479 0.01849626 0.0133663351
v 0.0103652272 0.0187993664 0.0139061278
v 0.00988665316 0.0197811499 0.0156398285
v 0.010639865 0.0211162232 0.0151328202
v 0.00825516135 0.02096669 0.0179021358
v 0.00993352849 0.0222004 0.0141655272
v 0.00888733286 0.0223485343 0.0176838506
v 0.00838684198 0.0234386586 0.0166041255
v 0.0104512479 0.01849626 0.0133663351
v 0.0104449429 0.018283911 0.0126658389
v 0.00975635555 0.0180658363 0.0126436185
v 0.00962752476 0.0182522368 0.0134186875
v 0.0103652272 0.0187993664 0.0139061278
v 0.00875444617 0.0186126772 0.0136479503
v 0.00833222084 0.019530084 0.0151507957
v 0.00988665316 0.0197811499 0.0156398285
v 0.00838684198 0.0234386586 0.0166041255
v 0.00888733286 0.0223485343 0.0176838506
v 0.00608928315 0.0235271249 0.0199398268
v 0.00585151697 0.0246099364 0.0188291315
v 0.00716262683 0.0231149234 0.0156918
v 0.0050399038 0.024274135 0.0175331943
v 0.00841165148 0.021959519 0.013660335
v 0.00993352849 0.0222004 0.0141655272
v 0.00873881485 0.0210261103 0.0121438736
v 0.0103368852 0.0212006513 0.0124232657
v 0.00957381539 0.0209667105 0.0117005799
v 0.00878537539 0.0206922162 0.0117091276
v 0.010405248 0.0208417289 0.0118944133
v 0.00888733286 0.0223485343 0.0176838506
v 0.00825516135 0.02096669 0.0179021358
v 0.00561133632 0.0220818799 0.019877417
v 0.00608928315 0.0235271249 0.0199398268
v 0.00825516135 0.02096669 0.0179021358
v 0.00469835289 0.0215611551 0.0186158679
v 0.00561133632 0.0220818799 0.019877417
v 0.00696938718 0.0205551293 0.0170257613
v 0.00437408686 0.0226944294 0.0173468534
v 0.00640064385 0.02164446 0.0158761479
v 0.00640064385 0.02164446 0.0158761479
v 0.00716262683 0.0231149234 0.0156918
v 0.0050399038 0.024274135 0.0175331943
v 0.00437408686 0.0226944294 0.0173468534
v 0.00345417019 0.0253093876 0.0198574178
v 0.00585151697 0.0246099364 0.0188291315
v 0.00608928315 0.0235271249 0.0199398268
v 0.00357992644 0.024191197 0.0209554955
v 0.00345417019 0.0253093876 0.0198574178
v 0.000621029118 0.0247480664 0.0214521922
v 0.000588276365 0.025915755 0.0204110593
v 0.00357992644 0.024191197 0.0209554955
v 0.000202115771 0.0232733954 0.0211715717
v 0.0031193851 0.0227249898 0.0207703747
v 0.00561133632 0.0220818799 0.019877417
v 0.00608928315 0.0235271249 0.0199398268
v 0.0031193851 0.0227249898 0.0207703747
v 0.00561133632 0.0220818799 0.019877417
v 0.00469835289 0.0215611551 0.0186158679
v 0.00234699366 0.0222321749 0.0192875955
v 0.00437408686 0.0226944294 0.0173468534
v 0.00223928806 0.0234031789 0.0180356912
v -0.000306389324 0.0240734834 0.0183651112
v -0.000347409252 0.0228273533 0.0195714869
v 0.000202115771 0.0232733954 0.0211715717
v -0.00301395403 0.0237388089 0.0210216977
v -0.00324625964 0.0233381465 0.0194770694
v -0.00592826819 0.023732895 0.0189017002
v -0.00610314123 0.0241166353 0.0203280207
v 0.00223928806 0.0234031789 0.0180356912
v 0.00437408686 0.0226944294 0.0173468534
v 0.0050399038 0.024274135 0.0175331943
v 0.00284055108 0.024998609 0.0184130743
v 0.000156555179 0.0256359652 0.0188671537
v -0.000306389324 0.0240734834 0.0183651112
v -0.00301207067 0.0246902835 0.0183038898
v -0.00272559049 0.0262400731 0.0189405922
v -0.00540139526 0.0266702399 0.0185290538
v -0.00545121916 0.0251243673 0.0178569332
v -0.00324625964 0.0233381465 0.0194770694
v -0.000347409252 0.0228273533 0.0195714869
v -0.00592826819 0.023732895 0.0189017002
v 0.00284055108 0.024998609 0.0184130743
v 0.0050399038 0.024274135 0.0175331943
v 0.00585151697 0.0246099364 0.0188291315
v 0.00345417019 0.0253093876 0.0198574178
v 0.000588276365 0.025915755 0.0204110593
v 0.000156555179 0.0256359652 0.0188671537
v -0.00272559049 0.0262400731 0.0189405922
v -0.00265863771 0.026439609 0.020482203
v -0.00574799068 0.0268265381 0.0200165212
v -0.00540139526 0.0266702399 0.0185290538
v -0.00265863771 0.026439609 0.020482203
v 0.000588276365 0.025915755 0.0204110593
v 0.000621029118 0.0247480664 0.0214521922
v -0.00276958686 0.0252292678 0.0213876497
v 0.000202115771 0.0232733954 0.0211715717
v -0.00301395403 0.0237388089 0.0210216977
v -0.00610314123 0.0241166353 0.0203280207
v -0.00603312114 0.0256119873 0.0207323618
v -0.00574799068 0.0268265381 0.0200165212
v -0.00814328436 0.0271003842 0.0189597979
v -0.00574799068 0.0268265381 0.0200165212
v -0.00603312114 0.0256119873 0.0207323618
v -0.00874701049 0.0258961357 0.0195295494
v -0.00610314123 0.0241166353 0.0203280207
v -0.00867822673 0.0243764203 0.0191332009
v -0.0112743853 0.024584813 0.0167326909
v -0.0115003753 0.0261590425 0.0170417447
v -0.0104805734 0.0273774024 0.0166246239
v -0.00867822673 0.0243764203 0.0191332009
v -0.00610314123 0.0241166353 0.0203280207
v -0.00592826819 0.023732895 0.0189017002
v -0.00799280871 0.023957992 0.0179401413
v -0.00997519959 0.0241077747 0.0159335248
v -0.0112743853 0.024584813 0.0167326909
v -0.00885434821 0.0253136549 0.0154076237
v -0.00720933778 0.0252837446 0.0170927867
v -0.00799280871 0.023957992 0.0179401413
v -0.00592826819 0.023732895 0.0189017002
v -0.00545121916 0.0251243673 0.0178569332
v -0.00720933778 0.0252837446 0.0170927867
v -0.00540139526 0.0266702399 0.0185290538
v -0.00734050479 0.0268947147 0.0176915936
v -0.00734050479 0.0268947147 0.0176915936
v -0.00540139526 0.0266702399 0.0185290538
v -0.00574799068 0.0268265381 0.0200165212
v -0.00814328436 0.0271003842 0.0189597979
v -0.0104805734 0.0273774024 0.0166246239
v -0.00913515314 0.0270156804 0.0157944057
v -0.0117170876 0.0247882083 0.0107314587
v -0.0111570954 0.0251143593 0.00970832072
v -0.0107604479 0.0256548543 0.0107231745
v -0.0130653307 0.0250820369 0.0107649015
v -0.0124441786 0.0247475505 0.00981682725
v -0.0117684435 0.0247462168 0.00977591239
v -0.0115548773 0.0242893044 0.0105910897
v -0.0106760049 0.0247776248 0.0105292639
v -0.0125072878 0.0242793746 0.0107233208
v -0.0114941951 0.0242483374 0.0111499876
v -0.0106721949 0.0246825852 0.0110375155
v -0.011172547 0.0241938513 0.0130375773
v -0.0124464156 0.0242479369 0.0112936152
v -0.012869563 0.0246602334 0.0135039818
v -0.0132902311 0.024702318 0.0114429463
v -0.0133880088 0.0247599147 0.0108055258
v -0.0131120728 0.0250628516 0.00990999397
v -0.0111036468 0.0268192291 0.0107332952
v -0.0117769241 0.0271755382 0.00978448335
v -0.0124339079 0.0271526426 0.0107596219
v -0.0124824066 0.0271999408 0.00987349451
v -0.011535625 0.0276225433 0.0106463684
v -0.010664654 0.0271328446 0.0105562424
v -0.0111577008 0.0268607959 0.00974901207
v -0.0106241871 0.0271823537 0.0110911028
v -0.0124934977 0.0276283454 0.0107527087
v -0.0130844256 0.0268540755 0.00989767909
v -0.0134340478 0.0262795445 0.0107821319
v -0.013366675 0.0271542575 0.0108353961
v -0.0124237416 0.0276378766 0.0113740461
v -0.01324677 0.0272000786 0.0114892051
v -0.0114699481 0.0276393853 0.0112241684
v -0.0103034712 0.02713494 0.012956596
v -0.0120049473 0.0275832415 0.0134193478
v -0.0132663893 0.0263261106 0.0136858504
v -0.0104805734 0.0273774024 0.0166246239
v -0.0115003753 0.0261590425 0.0170417447
v 0.00823502243 0.0201847758 0.0119470796
v 0.00851635821 0.0196307246 0.0114505189
v 0.00897889119 0.0201737378 0.0112437773
v 0.00878537539 0.0206922162 0.0117091276
v 0.00823502243 0.0201847758 0.0119470796
v 0.00878537539 0.0206922162 0.0117091276
v 0.00873881485 0.0210261103 0.0121438736
v 0.00793419499 0.019720139 0.0127632022
v 0.00841165148 0.021959519 0.013660335
v 0.00801845174 0.0194924772 0.01230672
v 0.00851635821 0.0196307246 0.0114505189
v 0.00760183297 0.0206151418 0.0141537879
v 0.00716262683 0.0231149234 0.0156918
v 0.00640064385 0.02164446 0.0158761479
v 0.00833222084 0.019530084 0.0151507957
v 0.00696938718 0.0205551293 0.0170257613
v 0.00875444617 0.0186126772 0.0136479503
v 0.00825459789 0.0187815446 0.012846062
v 0.0083071785 0.0190505236 0.0118581438
v 0.0085765589 0.018501021 0.0121797295
v 0.00836580619 0.0192916729 0.012115472
v 0.00899294019 0.0203139819 0.0115793003
v 0.00897889119 0.0201737378 0.0112437773
v 0.00905705802 0.0184026361 0.0127893556
v 0.00906244479 0.0181420557 0.0125277014
v 0.00906244479 0.0181420557 0.0125277014
v 0.00975635555 0.0180658363 0.0126436185
v 0.00905705802 0.0184026361 0.0127893556
v 0.00962752476 0.0182522368 0.0134186875
v 0.00884502474 0.0183531754 0.0132089108
v 0.00875444617 0.0186126772 0.0136479503
v 0.0085765589 0.018501021 0.0121797295
v 0.00825459789 0.0187815446 0.012846062
v -0.0099003762 0.0254272483 0.0127704106
v -0.0106721949 0.0246825852 0.0110375155
v -0.011172547 0.0241938513 0.0130375773
v -0.00997519959 0.0241077747 0.0159335248
v -0.00885434821 0.0253136549 0.0154076237
v 0.00558125367 0.0335651487 0.0186258368
v 0.00549258711 0.0338223949 0.0187797714
v -0.00513691781 0.033803571 0.0187667981
v -0.00522170309 0.0335485078 0.0186226573
v 0.00566681894 0.0331735574 0.0185668971
v -0.00530407997 0.0331652872 0.0185684673
v 0.00570526486 0.0327867419 0.0186583754
v -0.00534165837 0.0327891447 0.0186567195
v 0.00566634769 0.0324501283 0.0189703945
v -0.00530430768 0.0324546844 0.0189628173
v 0.00491263717 0.0335386992 0.0207589287
v -0.00457613217 0.0340768658 0.0203509163
v 0.00493621733 0.0340698622 0.0203651711
v -0.00455090497 0.0335269012 0.0207603481
v 0.00508532859 0.0328579098 0.0206297301
v -0.00472888956 0.0328388698 0.0206200723
v 0.00503869541 0.0341945812 0.0199785195
v 0.00493621733 0.0340698622 0.0203651711
v -0.00457613217 0.0340768658 0.0203509163
v -0.00468216045 0.034197133 0.0199569222
v 0.0052186572 0.0341853537 0.0194486044
v -0.00486426102 0.0341814905 0.0194245446
v 0.00539315445 0.0340242609 0.019007992
v -0.00503963325 0.0340124927 0.0189855862
v 0.00549258711 0.0338223949 0.0187797714
v -0.00513691781 0.033803571 0.0187667981
v 0.00552651286 0.0322855078 0.0195257384
v 0.00566634769 0.0324501283 0.0189703945
v -0.00530430768 0.0324546844 0.0189628173
v -0.00516928174 0.0322876051 0.0195050687
v 0.00532672135 0.0323974751 0.020107815
v -0.00497216452 0.0323891677 0.0200854391
v -0.00472888956 0.0328388698 0.0206200723
v 0.00508532859 0.0328579098 0.0206297301
v 0.000253899081 0.00667893374 -0.000666625507
v -0.000805827382 0.00485372311 0.000181555748
v -0.000431863067 0.00783065055 6.05154019E-05
v -0.000165227655 0.00319092744 -0.000901215069
v 8.28528355E-05 0.00162775035 -0.00328258262
v 0.000361270882 0.00426594261 -0.00400484307
v -0.00202334649 0.00827685371 0.000508244033
v -0.000431863067 0.00783065055 6.05154019E-05
v -0.000805827382 0.00485372311 0.000181555748
v -0.00212536333 0.00585071556 0.000603804598
v -0.00563597912 0.00814936869 0.000510487531
v -0.00574490428 0.00576736918 0.000619845348
v -0.00733682839 0.00470475666 3.48997091E-05
v -0.00688812695 0.00768409716 0.000107192987
v -0.00817500334 0.0064935158 -0.000628836162
v -0.00820090249 0.00352962012 -0.000991234789
v -0.00577251287 0.0053866934 0.000650746806
v -0.00696848379 0.00455161091 0.000393679133
v -0.00733682839 0.00470475666 3.48997091E-05
v -0.00574490428 0.00576736918 0.000619845348
v -0.00940426998 0.00453474978 -0.00321163889
v -0.00872226711 0.000736947055 -0.00563234091
v -0.00964810606 0.00335380062 -0.0056306147
v -0.00895137805 0.00192290777 -0.00320410472
v -0.00817500334 0.0064935158 -0.000628836162
v -0.00820090249 0.00352962012 -0.000991234789
v -0.00845749862 -0.000722451194 -0.00316893333
v -0.00783195253 -0.000622048392 -0.00110247137
v -0.00754540646 0.00217130664 -0.000155713555
v -0.00733682839 0.00470475666 3.48997091E-05
v -0.00895137805 0.00192290777 -0.00320410472
v -0.00845749862 -0.000722451194 -0.00316893333
v -0.00857164338 -0.000674309733 -0.00511553045
v -0.00872226711 0.000736947055 -0.00563234091
v -0.000165227655 0.00319092744 -0.000901215069
v -0.000553973892 0.00220748899 -8.55779654E-05
v -0.000805827382 0.00485372311 0.000181555748
v -0.000752278545 -0.000702242833 -0.000980081502
v -0.00113933685 -0.000489182479 -0.000249838835
v -0.000447492581 -0.00079349993 -0.00290950527
v 8.28528355E-05 0.00162775035 -0.00328258262
v -0.000342266547 -0.000689234701 -0.00515925651
v -9.29236376E-06 0.000729584659 -0.00560742617
v -0.00563597912 0.00814936869 0.000510487531
v -0.00202334649 0.00827685371 0.000508244033
v -0.00212536333 0.00585071556 0.000603804598
v -0.00574490428 0.00576736918 0.000619845348
v -0.0068561337 -0.00119094364 -0.00401612045
v -0.00857164338 -0.000674309733 -0.00511553045
v -0.00845749862 -0.000722451194 -0.00316893333
v -0.00448425161 -0.00112159248 -0.00411154516
v -0.00438559987 -0.000657253258 -0.00518047577
v -0.000342266547 -0.000689234701 -0.00515925651
v -0.00177279348 -0.00112796307 -0.00395829417
v 0.000361270882 0.00426594261 -0.00400484307
v 0.000413405884 0.0035319184 -0.00580487959
v -9.29236376E-06 0.000729584659 -0.00560742617
v 8.28528355E-05 0.00162775035 -0.00328258262
v -0.00191135763 -0.00113336556 -0.00113187789
v -0.000447492581 -0.00079349993 -0.00290950527
v -0.00177279348 -0.00112796307 -0.00395829417
v -0.000752278545 -0.000702242833 -0.000980081502
v -0.00113933685 -0.000489182479 -0.000249838835
v -0.00269896025 -0.00111423968 -0.000583150366
v -0.00250550034 -0.000927090645 -8.61740118E-05
v -0.0040555466 -0.00093912601 -2.00891482E-05
v -0.00250826823 -0.00071785925 0.000155403613
v -0.00250550034 -0.000927090645 -8.61740118E-05
v -0.00409058668 -0.0010676384 -0.000175900452
v -0.00107155798 0.00459554419 0.000470375991
v -0.000805827382 0.00485372311 0.000181555748
v -0.000553973892 0.00220748899 -8.55779654E-05
v -0.000728371146 0.00207981095 0.000360503182
v -0.00409058668 -0.0010676384 -0.000175900452
v -0.00250550034 -0.000927090645 -8.61740118E-05
v -0.00269896025 -0.00111423968 -0.000583150366
v -0.00433984725 -0.0012764025 -0.001084466
v -0.00191135763 -0.00113336556 -0.00113187789
v -0.00177279348 -0.00112796307 -0.00395829417
v -0.00448425161 -0.00112159248 -0.00411154516
v -0.0068561337 -0.00119094364 -0.00401612045
v -0.00572548481 -0.00117304805 -0.000631804462
v -0.00546806306 -0.00101610657 -0.000132358065
v -0.0070761987 -0.000695300114 -0.000298733707
v -0.00653335312 -0.00124147884 -0.00114418985
v -0.00845749862 -0.000722451194 -0.00316893333
v -0.00783195253 -0.000622048392 -0.00110247137
v 0.00988665316 0.0197811499 0.0156398285
v 0.00833222084 0.019530084 0.0151507957
v 0.00696938718 0.0205551293 0.0170257613
v 0.00825516135 0.02096669 0.0179021358
v -0.00720933778 0.0252837446 0.0170927867
v -0.00734050479 0.0268947147 0.0176915936
v -0.00913515314 0.0270156804 0.0157944057
v -0.00885434821 0.0253136549 0.0154076237
v -0.0115003753 0.0261590425 0.0170417447
v -0.0112743853 0.024584813 0.0167326909
v -0.012869563 0.0246602334 0.0135039818
v -0.0132663893 0.0263261106 0.0136858504
v -0.0112743853 0.024584813 0.0167326909
v -0.00997519959 0.0241077747 0.0159335248
v -0.011172547 0.0241938513 0.0130375773
v -0.012869563 0.0246602334 0.0135039818
v -0.00885434821 0.0253136549 0.0154076237
v -0.00913515314 0.0270156804 0.0157944057
v -0.0103034712 0.02713494 0.012956596
v -0.0099003762 0.0254272483 0.0127704106
v -0.0101506878 0.0263893977 0.0110037848
v -0.0106241871 0.0271823537 0.0110911028
v -0.0101651885 0.0254798457 0.0109841665
v -0.0106721949 0.0246825852 0.0110375155
v -0.0106760049 0.0247776248 0.0105292639
v -0.0102318786 0.0263994075 0.0105117382
v -0.010664654 0.0271328446 0.0105562424
v -0.0111577008 0.0268607959 0.00974901207
v -0.0102431942 0.0255015697 0.0104923928
v -0.0108211609 0.0263162926 0.00970591046
v -0.0111036468 0.0268192291 0.0107332952
v -0.0107604479 0.0256548543 0.0107231745
v -0.0108057763 0.0256519858 0.00971320923
v -0.0111570954 0.0251143593 0.00970832072
v -0.00913515314 0.0270156804 0.0157944057
v -0.0104805734 0.0273774024 0.0166246239
v -0.0120049473 0.0275832415 0.0134193478
v -0.0103034712 0.02713494 0.012956596
v -0.00718373293 0.00237194542 0.000412082649
v -0.00666469196 -9.58728779E-05 0.000267934782
v -0.0070761987 -0.000695300114 -0.000298733707
v -0.00754540646 0.00217130664 -0.000155713555
v -0.000728371146 0.00207981095 0.000360503182
v -0.000553973892 0.00220748899 -8.55779654E-05
v -0.00113933685 -0.000489182479 -0.000249838835
v -0.00146040437 -2.36368178E-05 0.000317344646
v -0.00290883542 -0.000739693642 0.00110226625
v -0.00300387619 -0.000554499624 0.001005125
v -0.00222116825 0.000101437567 0.000987968408
v -0.00193448539 -0.000170464511 0.00116225239
v -0.00272242422 -0.00107092375 0.00108319754
v -0.00169791223 -0.000279650674 0.00111895078
v -0.000866447692 0.00200645928 0.000987544074
v -0.00104964012 0.00197762973 0.00114961143
v -0.00133658282 0.00217650877 0.000982408528
v -0.00250826823 -0.00071785925 0.000155403613
v -0.00146040437 -2.36368178E-05 0.000317344646
v -0.00113933685 -0.000489182479 -0.000249838835
v -0.00250550034 -0.000927090645 -8.61740118E-05
v -0.0057314774 0.00533363828 0.00114009145
v -0.00661492115 0.00435373047 0.00115825178
v -0.00672533363 0.00442224974 0.000913937052
v -0.0057415436 0.00512131909 0.00119935744
v -0.00635342579 0.0041247271 0.00107854605
v -0.00557453511 0.00477579841 0.000983147649
v -0.00627734885 0.00199058047 0.000984022627
v -0.00678722141 0.0021989441 0.00115705968
v -0.00570724951 -0.000681433652 0.000283675181
v -0.00546806306 -0.00101610657 -0.000132358065
v -0.0070761987 -0.000695300114 -0.000298733707
v -0.00666469196 -9.58728779E-05 0.000267934782
v -0.00692390418 0.00223435881 0.000971703499
v -0.00678722141 0.0021989441 0.00115705968
v -0.00634564366 2.25114818E-05 0.00111358159
v -0.00645783171 -7.51256957E-05 0.000930590613
v -0.00577251287 0.0053866934 0.000650746806
v -0.00574490428 0.00576736918 0.000619845348
v -0.00212536333 0.00585071556 0.000603804598
v -0.00215990422 0.00531488191 0.00069574354
v -0.00215990422 0.00531488191 0.00069574354
v -0.00212536333 0.00585071556 0.000603804598
v -0.000805827382 0.00485372311 0.000181555748
v -0.00107155798 0.00459554419 0.000470375991
v -0.00208027824 0.00502988091 0.00119164935
v -0.00139165157 0.00409725634 0.00101712462
v -0.0023807406 0.00481109833 0.00100130797
v -0.00122544996 0.00429048529 0.00117170333
v -0.00217210525 0.00523856375 0.00118052005
v -0.00111669779 0.00439039711 0.00107790472
v -0.00104964012 0.00197762973 0.00114961143
v -0.00133658282 0.00217650877 0.000982408528
v -0.0040555466 -0.00093912601 -2.00891482E-05
v -0.00409058668 -0.0010676384 -0.000175900452
v -0.00546806306 -0.00101610657 -0.000132358065
v -0.00570724951 -0.000681433652 0.000283675181
v -0.00696848379 0.00455161091 0.000393679133
v -0.00718373293 0.00237194542 0.000412082649
v -0.00754540646 0.00217130664 -0.000155713555
v -0.00733682839 0.00470475666 3.48997091E-05
v -0.00678722141 0.0021989441 0.00115705968
v -0.00627734885 0.00199058047 0.000984022627
v -0.00594253745 0.000158529278 0.00106752396
v -0.00634564366 2.25114818E-05 0.00111358159
v -0.00504791969 -0.000985860825 0.00116779807
v -0.00509255286 -0.000477547641 0.00101025577
v -0.00526104681 -0.00115227222 0.00103514188
v -0.00645783171 -7.51256957E-05 0.000930590613
v -0.00398527831 -0.00123680593 0.00105865474
v -0.00393009791 -0.00089794636 0.00110601902
v -0.00394340511 -0.00067974563 0.00101950881
v 0.00514141889 0.0318223648 0.0233634356
v 0.005249565 0.0337584987 0.0224016067
v 0.00554484967 0.032046169 0.022222098
v 0.00498665916 0.0333250612 0.0235811807
v 0.00461835507 0.0331083126 0.0241147745
v 0.00473280996 0.0316913314 0.0239058156
v 0.00473280996 0.0316913314 0.0239058156
v 0.00417888863 0.0329629704 0.0245216396
v 0.00461835507 0.0331083126 0.0241147745
v 0.00424297107 0.0316608362 0.0243027452
v 0.00339437719 0.0315106921 0.0245222021
v 0.0033464646 0.0329195149 0.0247958563
v 0.00576713542 0.0321728997 0.0213667285
v 0.00554484967 0.032046169 0.022222098
v 0.005249565 0.0337584987 0.0224016067
v 0.0054114121 0.0340187959 0.021421399
v 0.00559138181 0.034170527 0.0204791259
v 0.00598013448 0.0322415084 0.0205932297
v 0.00625344692 0.0322175696 0.0196597166
v 0.00590045005 0.034174338 0.0193851609
v 0.00625926256 0.0338648371 0.0182016268
v 0.00655658357 0.0320243202 0.0186813697
v 0.0068094749 0.0315135531 0.0177657716
v 0.0066525708 0.0330580622 0.0169836655
v 0.00717756152 0.0305837672 0.0144740408
v 0.00715801353 0.0295918118 0.015902333
v -0.0070557273 0.0241456665 0.0107699847
v -0.0070881173 0.0272685252 0.00987419859
v -0.00709887268 0.0273714345 0.0103379097
v -0.00705897575 0.0244831983 0.0114404494
v -0.00706117833 0.0252749361 0.0122982981
v -0.00709792366 0.0276041646 0.011020205
v -0.00710628973 0.0279567968 0.011771149
v -0.00707401987 0.0263408031 0.0131880296
v -0.00681384327 0.0305837654 0.0144740436
v -0.00679428317 0.0295918081 0.0159023385
v -0.00303278328 0.0315195359 0.0245322231
v -0.00386826508 0.0316041261 0.0242642518
v -0.00379563915 0.0330290273 0.024507992
v -0.00298004854 0.0329665616 0.0247898884
v -0.00210346933 0.0314976349 0.0246709157
v -0.00208127266 0.0329385363 0.0249429177
v 0.000181854964 0.0329314694 0.0249644946
v 0.000181661846 0.0314603113 0.0247029401
v 0.00246719108 0.0314976349 0.0246709157
v 0.0024449944 0.0328753069 0.024942914
v 0.0033464646 0.0329195149 0.0247958563
v 0.00339437719 0.0315106921 0.0245222021
v 0.0074194544 0.0241456702 0.0107699819
v 0.00746259373 0.0273714345 0.0103379106
v 0.00745184813 0.0272685159 0.00987420324
v 0.00742268842 0.0244831946 0.0114404541
v 0.00742489193 0.0252749287 0.0122983046
v 0.00746166334 0.0276041459 0.0110202115
v 0.00747001451 0.0279567931 0.0117711518
v 0.00743773207 0.0263407957 0.0131880362
v 0.00717756152 0.0305837672 0.0144740408
v 0.00715801353 0.0295918118 0.015902333
v -0.00539243687 0.0321642011 0.0213990752
v -0.00488935318 0.0337556154 0.0224011298
v -0.00517807947 0.0320439786 0.0222332161
v -0.00504769059 0.0340187959 0.021421399
v -0.00522765983 0.034170527 0.0204791259
v -0.00559447147 0.032217931 0.0206211656
v -0.00588966813 0.0322177373 0.0196601152
v -0.00552702183 0.0341798738 0.0193817653
v -0.00590421772 0.0338602029 0.0182062779
v -0.00619286299 0.0320243202 0.0186813697
v -0.00644575339 0.0315135568 0.0177657716
v -0.00628885021 0.0330580622 0.0169836655
v -0.00681384327 0.0305837654 0.0144740436
v -0.00679428317 0.0295918081 0.0159023385
v -0.00437650317 0.0316692479 0.0238702856
v -0.00424980884 0.0331981741 0.0241114739
v -0.00379563915 0.0330290273 0.024507992
v -0.00386826508 0.0316041261 0.0242642518
v -0.00475570653 0.0317887217 0.0233688094
v -0.00517807947 0.0320439786 0.0222332161
v -0.00488935318 0.0337556154 0.0224011298
v -0.00460532308 0.0333499871 0.0235818736
v -0.00424980884 0.0331981741 0.0241114739
v -0.00437650317 0.0316692479 0.0238702856
v 0.00740040746 0.0238888059 0.00844212156
v 0.00739869149 0.0269479882 0.00802694168
v 0.00739075523 0.0242455788 0.00802721642
v 0.0074496828 0.0270337723 0.00843908731
v 0.00745184813 0.0272685159 0.00987420324
v 0.0074194544 0.0241456702 0.0107699819
v -0.00644575339 0.0315135568 0.0177657716
v -0.00554522499 0.0314668864 0.0177936554
v -0.00589403603 0.0295804255 0.0159551837
v -0.00679428317 0.0295918081 0.0159023385
v 0.0068094749 0.0315135531 0.0177657716
v 0.00715801353 0.0295918118 0.015902333
v 0.00625223015 0.0295840725 0.0159506556
v 0.00590894697 0.0314668864 0.0177936554
v -0.00548876729 0.0033605909 0.0125601478
v -0.0051910663 0.00389514444 0.0124068735
v -0.00520847319 0.00337302685 0.0126174921
v -0.00549681066 0.00388207915 0.0123440381
v -0.00576023338 0.00381609425 0.012188484
v -0.00572997099 0.00329932198 0.0124178054
v -0.00454286905 0.00312312599 0.0122410823
v -0.00469781365 0.00324390875 0.0124435518
v -0.00463315006 0.00375525467 0.0122182984
v -0.00446206657 0.00362380967 0.0119966008
v -0.00439874781 0.00347506045 0.0117294593
v -0.0044864607 0.00298697455 0.011998279
v -0.00454763277 0.00285411836 0.0117470119
v -0.00446552131 0.00332911965 0.0114514278
v -0.00463895546 0.00321012968 0.011209867
v -0.00470551848 0.00274591916 0.0115289157
v -0.00588719826 0.00292506698 0.0117099239
v -0.00572793232 0.00279968721 0.0114994384
v -0.00575958705 0.00327029708 0.0111791613
v -0.00593382353 0.00340804574 0.0114114303
v -0.00599943148 0.00356121524 0.011686177
v -0.00594741106 0.00306484685 0.0119594308
v -0.00588892819 0.00319517124 0.0122064799
v -0.00593467243 0.00370318885 0.0119571965
v -0.00576023338 0.00381609425 0.012188484
v -0.00572997099 0.00329932198 0.0124178054
v -0.00493225316 0.00333067402 0.0125738233
v -0.00463315006 0.00375525467 0.0122182984
v -0.00469781365 0.00324390875 0.0124435518
v -0.00488966471 0.00384928216 0.0123600075
v -0.0051910663 0.00389514444 0.0124068735
v -0.00520847319 0.00337302685 0.0126174921
v -0.00493924832 0.0026837443 0.0113856215
v -0.00470551848 0.00274591916 0.0115289157
v -0.00463895546 0.00321012968 0.011209867
v -0.00489561912 0.00314226141 0.0110521438
v -0.0051954696 0.00312919123 0.0109901
v -0.00521257846 0.00267137052 0.0113286329
v -0.00548926694 0.0027125692 0.0113694547
v -0.00549846375 0.00317460531 0.0110355783
v -0.00575958705 0.00327029708 0.0111791613
v -0.00572793232 0.00279968721 0.0114994384
v -0.00718373293 0.00237194542 0.000412082649
v -0.00692390418 0.00223435881 0.000971703499
v -0.00645783171 -7.51256957E-05 0.000930590613
v -0.00666469196 -9.58728779E-05 0.000267934782
v -0.00570724951 -0.000681433652 0.000283675181
v -0.00666469196 -9.58728779E-05 0.000267934782
v -0.00645783171 -7.51256957E-05 0.000930590613
v -0.00526104681 -0.00115227222 0.00103514188
v -0.0040555466 -0.00093912601 -2.00891482E-05
v -0.00398527831 -0.00123680593 0.00105865474
v -0.00577251287 0.0053866934 0.000650746806
v -0.0057314774 0.00533363828 0.00114009145
v -0.00672533363 0.00442224974 0.000913937052
v -0.00696848379 0.00455161091 0.000393679133
v -0.000728371146 0.00207981095 0.000360503182
v -0.00146040437 -2.36368178E-05 0.000317344646
v -0.00169791223 -0.000279650674 0.00111895078
v -0.000866447692 0.00200645928 0.000987544074
v -0.00250826823 -0.00071785925 0.000155403613
v -0.00272242422 -0.00107092375 0.00108319754
v -0.00169791223 -0.000279650674 0.00111895078
v -0.00146040437 -2.36368178E-05 0.000317344646
v -0.00215990422 0.00531488191 0.00069574354
v -0.00107155798 0.00459554419 0.000470375991
v -0.00111669779 0.00439039711 0.00107790472
v -0.00217210525 0.00523856375 0.00118052005
v -0.00577251287 0.0053866934 0.000650746806
v -0.00215990422 0.00531488191 0.00069574354
v -0.00217210525 0.00523856375 0.00118052005
v -0.0057314774 0.00533363828 0.00114009145
v -0.0040555466 -0.00093912601 -2.00891482E-05
v -0.00398527831 -0.00123680593 0.00105865474
v -0.00272242422 -0.00107092375 0.00108319754
v -0.00250826823 -0.00071785925 0.000155403613
v -0.00696848379 0.00455161091 0.000393679133
v -0.00672533363 0.00442224974 0.000913937052
v -0.00692390418 0.00223435881 0.000971703499
v -0.00718373293 0.00237194542 0.000412082649
v -0.00107155798 0.00459554419 0.000470375991
v -0.000728371146 0.00207981095 0.000360503182
v -0.000866447692 0.00200645928 0.000987544074
v -0.00111669779 0.00439039711 0.00107790472
v -0.0057314774 0.00533363828 0.00114009145
v -0.00217210525 0.00523856375 0.00118052005
v -0.00208027824 0.00502988091 0.00119164935
v -0.0057415436 0.00512131909 0.00119935744
v -0.0023807406 0.00481109833 0.00100130797
v -0.00557453511 0.00477579841 0.000983147649
v -0.00393009791 -0.00089794636 0.00110601902
v -0.00394340511 -0.00067974563 0.00101950881
v -0.00300387619 -0.000554499624 0.001005125
v -0.00290883542 -0.000739693642 0.00110226625
v -0.00398527831 -0.00123680593 0.00105865474
v -0.00272242422 -0.00107092375 0.00108319754
v -0.00672533363 0.00442224974 0.000913937052
v -0.00661492115 0.00435373047 0.00115825178
v -0.00678722141 0.0021989441 0.00115705968
v -0.00692390418 0.00223435881 0.000971703499
v -0.00111669779 0.00439039711 0.00107790472
v -0.000866447692 0.00200645928 0.000987544074
v -0.00104964012 0.00197762973 0.00114961143
v -0.00122544996 0.00429048529 0.00117170333
v -0.0133880088 0.0247599147 0.0108055258
v -0.0138289426 0.025494989 0.0109041175
v -0.0132902311 0.024702318 0.0114429463
v -0.0131120728 0.0250628516 0.00990999397
v -0.0137645788 0.0254905764 0.0115320683
v -0.012869563 0.0246602334 0.0135039818
v -0.0132663893 0.0263261106 0.0136858504
v -0.0137522621 0.026398778 0.0115568824
v -0.01324677 0.0272000786 0.0114892051
v -0.013366675 0.0271542575 0.0108353961
v -0.0134596704 0.0256435554 0.00993642583
v -0.0130653307 0.0250820369 0.0107649015
v -0.0134340478 0.0262795445 0.0107821319
v -0.0138240885 0.0264055058 0.0108774072
v -0.0134603661 0.0262955036 0.00995704345
v -0.0130844256 0.0268540755 0.00989767909
v -0.00519519811 0.0030605935 0.0119289635
v -0.0046966169 0.00293520442 0.0117596937
v -0.0048142313 0.00285440916 0.0115954448
v -0.00498917792 0.0028080605 0.0114878342
v -0.00465161307 0.00303414813 0.0119484542
v -0.00519383186 0.00279890047 0.011445458
v -0.00469449395 0.00313495146 0.0121295946
v -0.00540056452 0.00282969 0.0114769079
v -0.00481060008 0.00322408183 0.012280006
v -0.00557845598 0.00289461599 0.0115751335
v -0.00498527056 0.00328802108 0.0123765748
v -0.00569658494 0.00298787584 0.0117330886
v -0.00519073242 0.00331916334 0.0124087259
v -0.00574081903 0.00309158326 0.0119195292
v -0.00539921504 0.00330991251 0.0123658795
v -0.00569702126 0.00318787573 0.0121032186
v -0.0055786618 0.00326467981 0.0122600384
v -0.00543382391 0.0209531207 0.00950779673
v -0.00549729355 0.0206791405 0.0111215971
v -0.00606099609 0.0184926502 -0.0059629702
v -0 0.0165389385 -0.00188285112
v 0.000834070437 0.011044221 0.00149824144
v 9.22679874E-07 0.0121101141 0.0041698548
v 4.07814969E-06 0.0165389385 -0.00472435215
v 0.000569511612 0.0038660334 -0.00610102899
v 0.000728335348 0.00862278882 -0.000516295433
v -0.00842232909 0.0112446165 0.00363327493
v -0.00842232909 0.00790682342 0.00475225691
v -0.00842232909 0.0107698347 0.00258016586
v -0.00842232909 0.00740161166 0.00167315954
v -0.00842232909 0.00586517807 0.0024469709
v -0.00842232909 0.00669909455 0.00193429471
v -0.00528225629 0.017170703 0.0103349965
v -0.00551007036 0.0168306995 0.0101401992
v -0.00584268337 0.0165770762 0.011561105
v -0.00831256341 0.0171436593 0.0103726098
v -0.00715275016 0.0206720512 0.0111406967
v -0.00832631346 0.0165663194 0.0115968846
v -0.00818457082 0.017410228 0.0129276179
v -0.00832631346 0.0149521511 0.0115520908
v -0.00832631346 0.0151211619 0.0130224843
v 0.00828752201 0.00705407839 0.00180949678
v 0.0082698781 0.00526305195 0.00310172071
v 0.0083039999 0.00842912402 0.00147767784
v 0.00824919716 0.00243366719 0.00676290505
v 0.00828122348 0.00448826794 0.00793450791
v 0.00831675623 0.00811715331 0.00526742917
v 0.00832310505 0.00982623361 0.00167263031
v 0.00833632611 0.0106775714 0.00214674952
v -0.00451464625 0.0209551789 0.0095077958
v -0.00511287805 0.0185010806 -0.0059629702
v -0.00457244646 0.0206819698 0.0111256195
v 1.19209287E-09 0.0141467666 0.0101067182
v -0.000389411434 0.0153816454 0.010598111
v -0 0.0165389385 0.00865922309
v 0.00826891977 0.00323393336 0.00885123946
v 0.00832897611 0.00544870133 0.0127901742
v 0.00832897611 0.00610076403 0.0118032238
v 0.00824828912 0.00218773354 0.00728136394
v 0.00825058389 0.00225210655 0.00760872336
v 0.00828122348 0.00448826794 0.00793450791
v 0.00824919716 0.00243366719 0.00676290505
v -0.00443989271 0.0238529127 0.0095077958
v -0.00416833023 0.0242354944 0.0095077958
v -0.00426099775 0.0243630204 0.0119575495
v -0.000389411434 0.0165389385 0.00994049571
v -0 0.0165389385 0.00865922309
v -0.000389411434 0.0153816454 0.010598111
v -0 0.0165389385 -0.00188285112
v 9.22679874E-07 0.0121101141 0.0041698548
v 1.19209287E-09 0.0113151642 0.00959753711
v 1.19209287E-09 0.0141467666 0.0101067182
v -0 0.00982535817 0.00737010455
v 0.000728335348 0.00862278882 -0.000516295433
v 0.000834070437 0.011044221 0.00149824144
v -0 0.0165389385 -0.00188285112
v 0.00785563048 0.0115581052 0.00406290032
v 0.00821810309 0.0116525004 0.00383635983
v 0.00778800948 0.00847591832 0.00533535006
v 0.000736484537 0.0103160096 0.00161438459
v -0.00701137865 0.0115355011 0.00204739091
v -0.00705483882 0.0098643871 0.0014346838
v -0.00584268337 0.0165770762 0.011561105
v -0.00601545302 0.0168306995 0.0101400083
v -0.00621362077 0.0171586648 0.0103343176
v -0.00584268337 0.0165770762 0.011561105
v -0.00551007036 0.0168306995 0.0101401992
v -0.00601545302 0.0168306995 0.0101400083
v 0.00831675623 0.00811715331 0.00526742917
v 0.00821810309 0.0116525004 0.00383635983
v 0.00835671462 0.0117445057 0.00360149844
v 0.00778800948 0.00847591832 0.00533535006
v 0.00821810309 0.0116525004 0.00383635983
v 0.00831675623 0.00811715331 0.00526742917
v 0.00705484021 0.00867250934 0.00538455695
v 0.00785563048 0.0115581052 0.00406290032
v 0.00705484021 0.0117126629 0.00412630569
v -0.00706311921 0.0143137071 0.0109495493
v -0.0073455642 0.0149317738 0.0118694017
v -0.00736774644 0.0144576877 0.0116963983
v -0.00619837036 0.0149032921 0.0116416002
v -0.0073455642 0.0149317738 0.0118694017
v -0.00706311921 0.0143137071 0.0109495493
v 0.0074496828 0.0270337723 0.00843908731
v 0.00705122994 0.0273364056 0.00825603306
v 0.00701526972 0.0269510858 0.00799854286
v 0.00656224834 0.0238913465 0.00844466314
v 0.00652113231 0.0280584898 0.010095573
v 0.00653786585 0.0241530444 0.010779948
v 0.00427602278 0.000757994654 0.00251873489
v 0.00421690196 0.000503220537 0.00314190611
v 0.00421449216 0.000679631194 0.00217405078
v 0.00301281386 -0.00451361155 0.00359149929
v 0.00398719357 -0.00499329064 0.0037200402
v 0.0033732939 -0.00600913493 0.00283997296
v 0.00373402121 0.000757994654 0.00251873489
v 0.00379487383 0.000679240213 0.00217493041
v 0.0037931418 0.000503220537 0.00314190611
v 0.00508842943 0.00193259714 0.00631758198
v 0.00393515266 0.00129909988 0.00672721723
v 0.0048295497 0.00184705248 0.00666891225
v 0.00393515266 0.00129909988 0.00672721723
v 0.0034794223 0.00129386422 0.00660142396
v 0.00292161456 0.00193259714 0.00631758198
v 0.0031804943 0.00184705248 0.00666891318
v 0.00393515266 0.00129909988 0.00672721723
v 0.00292161456 0.00193259714 0.00631758198
v 0.00315900077 0.00138363359 0.00750643946
v 0.0048295497 0.00184705248 0.00666891225
v 0.00485104322 0.00138363359 0.00750643946
v 0.0048295497 0.00184705248 0.00666891225
v 0.00393515266 0.00129909988 0.00672721723
v 0.0031804943 0.00184705248 0.00666891318
v 0.00669188285 0.0163832325 0.00671912404
v -0.000512194645 0.0166730061 0.00665803999
v -0.000610384915 0.0169433635 0.00665894011
v -0.00624557026 0.0340412594 0.00928254612
v -0.00616382482 0.0290162656 0.0113131655
v -0.00646038027 0.0339793228 0.00785900187
v -0.00616938807 0.0334828831 -0.0014536524
v -0.00616940018 0.0345675759 0.000620222068
v -0.00626960723 0.0345255733 0.00075520511
v -0.00384947774 0.034413442 0.00869699661
v -0.00418407423 0.0342416577 0.0085509466
v -0.00367974862 0.034251824 0.00822839607
v -0.00886470266 0.0261493027 0.0052215266
v -0.00980009325 0.0263634361 0.00283193099
v -0.00905286521 0.0263311099 0.00500812521
v 0.0051791016 0.0238496698 0.0106636463
v 0.00675109774 0.0290700961 0.0106769167
v 0.00669743167 0.0239036772 0.0105953179
v 0.00666774716 0.0161341634 0.00610091444
v -0.000512126659 0.0169498399 0.00620467169
v -0.000509432517 0.0164113324 0.0060767103
v -0.00890652835 0.030718416 0.00572598074
v -0.00886470266 0.0261493027 0.0052215266
v -0.00884397514 0.030475663 0.00557007175
v -0.00332260365 0.0171146821 -0.006136782
v -0.0041965316 0.0170398299 0.00637037726
v -0.00332481135 0.016941864 0.00591678498
v -0.00373001816 0.0171146821 -0.006136782
v -0.0041965316 0.0170398299 0.00637037726
v -0.00332260365 0.0171146821 -0.006136782
v -0.00631109718 0.0182545036 -0.00611957302
v -0.00634220103 0.0183236264 0.00635686982
v -0.00487917056 0.0170473102 0.00637997128
v -0.0041965316 0.0170398299 0.00637037726
v -0.00373001816 0.0171146821 -0.006136782
v -0.00487917056 0.0170473102 0.00637997128
v 0.0051791016 0.0238496698 0.0106636463
v 0.00669743167 0.0239036772 0.0105953179
v 0.00670691254 0.0230218302 0.00748987915
v 0.00670691254 0.0230218302 0.00748987915
v -0.00149003498 0.0232491158 0.00770122977
v 0.0051791016 0.0238496698 0.0106636463
v 0.00668163924 0.0287259277 0.00793693494
v 0.00460277079 0.0318102315 0.0078660436
v 0.00426436728 0.0316567495 0.00814956147
v -0.0038298117 0.0334768482 -0.00145478244
v -0.00373001816 0.034554854 0.00273658754
v -0.0038298117 0.0345631801 0.000619058614
v -0.00297810556 0.03421304 0.00712174643
v -0.00337840547 0.0342056751 0.0075403857
v -0.00334591512 0.0340656042 0.00737188337
v 0.00513011497 0.0340294279 0.00785804726
v 0.00668163924 0.0287259277 0.00793693494
v 0.00673418259 0.0287518166 0.0082993554
v -0.00418407423 0.0342416577 0.0085509466
v -0.00384947774 0.034413442 0.00869699661
v -0.00396858808 0.0344248638 0.0091718575
v 0.00670691254 0.0230218302 0.00748987915
v 0.00673418259 0.0287518166 0.0082993554
v 0.00668163924 0.0287259277 0.00793693494
v -0.011598899 0.00854284223 -0.0040487838
v -0.0111852977 0.00818126928 -0.00367151969
v -0.0111858388 0.00849174708 -0.00407514302
v -0.0108948611 0.00817529205 -0.00223235367
v -0.011193878 0.00816957001 -0.00170398236
v -0.0108928699 0.00863013696 -0.00143820758
v -0.0108961957 0.0111049768 -0.00391098252
v -0.0111708855 0.0115767689 -0.00366567355
v -0.011169388 0.0112651223 -0.00407352205
v -0.0108960168 0.0115549322 -0.00312645664
v -0.0111708855 0.0115767689 -0.00366567355
v -0.0108961957 0.0111049768 -0.00391098252
v -0.0108937258 0.0115546128 -0.00223769667
v -0.0111745233 0.0118429326 -0.00268841977
v -0.0108907241 0.0111086033 -0.00143128156
v -0.0111799259 0.0115810912 -0.00169743539
v -0.0108888913 0.0103374459 -0.000969355111
v -0.0111847585 0.0108597036 -0.000974478724
v -0.0108945705 0.0103326226 -0.00432486786
v -0.0111828754 0.00989524089 -0.00464244094
v -0.0108936001 0.00944927428 -0.00432043802
v -0.0108961957 0.0111049768 -0.00391098252
v -0.0111730024 0.010867347 -0.00437569385
v -0.011169388 0.0112651223 -0.00407352205
v -0.000357108103 0.00716304779 0.00523913372
v -0.00101837155 0.00136553287 0.00446249219
v -0.00103052857 0.0016203355 0.00526953675
v -0.00669190055 0.00716350041 0.00523487804
v -0.00648322934 0.00161533826 0.00527203316
v -0.00651709782 0.00142255297 0.00446177972
v -0.00334702013 0.0165205896 -0.00492620701
v -0.00333330384 0.0121058654 -0.00401113275
v -0.00298719038 0.0119223092 -0.00466665952
v 0.00350902788 0.0199674871 -0.00498152012
v 0.00324265938 0.0246690437 -0.00614091614
v 0.00334265945 0.0199737158 -0.00511320354
v -0.00261005526 0.031053884 0.00764611829
v -0.00330625754 0.0295235645 0.00759276515
v -0.00330403331 0.0310256686 0.00755628804
v 0.00782133453 0.0311148465 0.000286879542
v 0.00782133546 0.0311148465 0.0050743795
v 0.00781729631 0.0221195258 0.00353588094
v 0.00427252706 0.0310325418 0.00755298603
v 0.00427188491 0.0295559168 0.00772510516
v 0.00333768129 0.031073641 0.00764526846
v 0.00402786955 0.0165197272 -0.00492129056
v 0.00350902788 0.0199674871 -0.00498152012
v 0.00334265945 0.0199737158 -0.00511320354
v 0.0054226825 0.031083677 0.00202900637
v 0.00427374942 0.0307641085 0.00221603876
v 0.0034986292 0.031091284 0.00181728601
v 0.00446529966 0.0159590915 0.00133730168
v 0.00427252706 0.0168103985 0.00397978537
v 0.00427252706 0.0187488366 0.00480916956
v 0.00782133546 0.0306310561 -0.00333544496
v 0.00781729631 0.0221195258 0.00353588094
v 0.00782133546 0.0293337721 -0.00378131145
v 0.00448492402 0.0122258663 -0.00467354059
v 0.00402786955 0.0165197272 -0.00492129056
v 0.00424698228 0.0119231837 -0.00465689413
v 0.00858789217 0.0200488996 -0.00469849352
v 0.00858789217 0.0213150457 -0.00203803764
v 0.00858789217 0.0224342104 -0.00326546421
v 0.00858789217 0.0293435846 -0.00342871412
v 0.00858789217 0.029333761 -0.00378119224
v 0.00858099014 0.0199854411 -0.00492656464
v 0.00429707346 0.0300387405 0.00634637102
v 0.00427252706 0.0306142922 0.00578791508
v 0.00528091472 0.0306995474 0.00570179941
v 0.00429707346 0.0300387405 0.00634637102
v 0.00427252706 0.030069543 0.00638164254
v 0.00427252706 0.0306142922 0.00578791508
v -0.0070859585 0.0270337742 0.00843908731
v -0.00703501096 0.0269479826 0.00802696683
v -0.00665154681 0.0269510876 0.00799854007
v 0.0074496828 0.0270337723 0.00843908731
v 0.00701526972 0.0269510858 0.00799854286
v 0.00739869149 0.0269479882 0.00802694168
v -0.0070859585 0.0270337742 0.00843908731
v -0.00665154681 0.0269510876 0.00799854007
v -0.00668748701 0.027336413 0.00825602189
v -0.00908959098 0.0204464737 0.00440535555
v -0.00953041762 0.0213265158 0.00332465651
v -0.00969254691 0.0217316225 0.00350533961
v -0.00892298482 0.0203502811 0.00447367178
v -0.00908959098 0.0204464737 0.00440535555
v -0.0103017567 0.0234948751 0.00412719464
v -0.00831534155 0.00451782672 0.00841921568
v -0.0083243344 0.00313052651 0.00869521871
v -0.00832897425 0.00225108629 0.00760837551
v -0.00879698712 0.00724247191 0.00648644799
v -0.00836122688 0.00742752757 0.0101535963
v -0.00876161829 0.00695379963 0.00556461187
v -0.00870725885 0.0068267677 0.00483806105
v -0.00834439509 0.00218668464 0.00728100631
v -0.00834439509 0.00218668464 0.00728100631
v -0.00831534155 0.00451782672 0.00841921568
v -0.00832897425 0.00225108629 0.00760837551
v -0.0083243344 0.00313052651 0.00869521871
v -0.00836122688 0.00742752757 0.0101535963
v -0.00832897425 0.00544870133 0.0127901742
v -0.00705659389 0.00498581631 0.0129886195
v -0.00629635807 0.0035407017 0.0118045639
v -0.0070559606 0.00271062367 0.0086120218
v -0.00443562493 0.00335673802 0.0114218304
v -0.0045956946 0.00314908498 0.0111897485
v -0.00461593037 0.00323281274 0.0111705782
v -0.00440804102 0.00327832694 0.0114509007
v -0.00433572894 0.00343651767 0.0117517589
v -0.00436622836 0.00350857736 0.0117111038
v -0.0044323504 0.00366273406 0.0119889611
v -0.00440461282 0.00359649165 0.0120410221
v -0.00458988873 0.00373738748 0.0122808861
v -0.00461037131 0.00379869924 0.0122193666
v -0.00595980138 0.00344128115 0.0113792559
v -0.00577901956 0.0032975052 0.0111381747
v -0.00580400834 0.00321910367 0.0111549282
v -0.00599184725 0.00336953625 0.0114050219
v -0.00606261101 0.00353554729 0.0117015
v -0.00602785684 0.00360060204 0.011664629
v -0.00596053107 0.00374746323 0.0119463084
v -0.00599266775 0.0036876821 0.0119946478
v -0.00580457179 0.00380738243 0.0122453235
v -0.00577946659 0.0038636683 0.0121868439
v -0.00550816534 0.00319725508 0.010989368
v -0.00580400834 0.00321910367 0.0111549282
v -0.00577901956 0.0032975052 0.0111381747
v -0.00552272052 0.00311371312 0.0110009238
v -0.00519624213 0.00306283473 0.0109526133
v -0.00519381044 0.00314930431 0.0109423846
v -0.00488252845 0.00316241267 0.0110067744
v -0.00554950442 0.00297561171 0.0109438039
v -0.00586013077 0.0030910729 0.0111191794
v -0.00608100649 0.00328484061 0.0114271324
v -0.00599184725 0.00336953625 0.0114050219
v -0.00519882189 0.00292817596 0.0108927032
v -0.00485777482 0.00293849455 0.0109575866
v -0.00487283105 0.00307593821 0.0110196043
v -0.0045956946 0.00314908498 0.0111897485
v -0.00461593037 0.00323281274 0.0111705782
v -0.00455929013 0.00302087306 0.0111439722
v -0.00433628913 0.00318962568 0.0114573929
v -0.00440804102 0.00327832694 0.0114509007
v -0.00487666856 0.00389599311 0.0123662753
v -0.00458988873 0.00373738748 0.0122808861
v -0.00461037131 0.00379869924 0.0122193666
v -0.00486674765 0.00383832445 0.0124335503
v -0.0051916074 0.0038882494 0.0124832867
v -0.00518929726 0.00394372921 0.0124144861
v -0.00550630921 0.00393102178 0.0123487897
v -0.00482972711 0.00382818701 0.0125690168
v -0.00552088488 0.00387608516 0.0124143716
v -0.00580457179 0.00380738243 0.0122453235
v -0.00577946659 0.0038636683 0.0121868439
v -0.00556353573 0.00386304851 0.0125485342
v -0.00519118784 0.00388361933 0.012622566
v -0.00452237949 0.00371645438 0.0124038458
v -0.00476160739 0.00391146634 0.0126625439
v -0.00517237419 0.00397738907 0.0127239628
v -0.0044176816 0.00378350727 0.0124782724
v -0.00560520496 0.00394301862 0.0126424171
v -0.00418536877 0.0036317585 0.012191264
v -0.0043123709 0.00356815336 0.0121430056
v -0.00440461282 0.00359649165 0.0120410221
v -0.00433572894 0.00343651767 0.0117517589
v -0.00423768023 0.00339022628 0.0118172662
v -0.00410676841 0.00343962177 0.0118299508
v -0.00422397861 0.00319048879 0.0114227626
v -0.00433628913 0.00318962568 0.0114573929
v -0.00455929013 0.00302087306 0.0111439722
v -0.00447764853 0.00297295558 0.0110656358
v -0.00480843289 0.00287563796 0.0108545087
v -0.00485777482 0.00293849455 0.0109575866
v -0.00519882189 0.00292817596 0.0108927032
v -0.00518693682 0.00286612031 0.0107828183
v -0.00558376545 0.00291200634 0.0108440109
v -0.00554950442 0.00297561171 0.0109438039
v -0.00586013077 0.0030910729 0.0111191794
v -0.00593812345 0.00304152956 0.0110469358
v -0.006189215 0.00328292372 0.0114004444
v -0.00608100649 0.00328484061 0.0114271324
v -0.00617354596 0.00349537376 0.0117839836
v -0.00629635807 0.0035407017 0.0118045639
v -0.00621887203 0.00371938222 0.0121593159
v -0.00609916681 0.00366112217 0.0121060461
v -0.00606261101 0.00353554729 0.0117015
v -0.00599266775 0.0036876821 0.0119946478
v -0.00588633772 0.0037832784 0.0123690031
v -0.00598055357 0.00384485233 0.0124451276
v -0.00234145392 0.00718125328 0.00660527591
v -0.0054665911 0.00718125328 0.00644648401
v -0.00551587576 0.00718125328 0.00662267767
v -0.00238875137 0.00718125328 0.00642908178
v -0.000930581067 0.00718125328 0.00621677842
v -0.000343222608 0.00718125328 0.00658968091
v -0.00832897425 0.0118569275 0.0106723811
v -0.00996302627 0.0111250328 0.0106686158
v -0.00832897425 0.0110942265 0.0103444075
v -0.00998780504 0.0119375559 0.0110348416
v -0.0100286147 0.0143792983 0.0116050122
v -0.00832897611 0.0142208571 0.0109566972
v -0.00888197869 0.0120381117 0.0115560908
v -0.00889552291 0.0144928405 0.0121387076
v -0.00887369365 0.0111621087 0.0111980792
v -0.00987186376 0.00983496848 0.00923156273
v -0.0088600656 0.00952224713 0.00982932094
v 0.000395134673 0.00642684661 -0.000632591255
v -0.000284906622 0.00798137207 8.98623475E-05
v -0.00016768217 0.00772355311 0.000155820846
v 0.000260525936 0.00668551447 -0.000671544054
v 0.000235342974 0.00524237379 -0.00227577216
v 0.000370935188 0.00497771986 -0.00227602944
v -0.000344749686 0.00718125328 0.00578725664
v -0.000350275019 0.00718125328 0.00388639444
v -0.000450868596 0.00718125328 0.00376634579
v -0.000445511338 0.00718125328 0.00561106065
v -0.000930581067 0.00718125328 0.00621677842
v -0.000343222608 0.00718125328 0.00658968091
v -0.00669375155 0.00718125328 0.00574994693
v -0.00669206353 0.00718125328 0.00662448257
v -0.00631684065 0.00718125328 0.00622920366
v -0.00660134666 0.00718125328 0.0055737528
v -0.00660403725 0.00718125328 0.00329459668
v -0.00669652689 0.00718125328 0.00340386387
v -0.00669697998 0.00718125328 0.00232621422
v -0.00669652689 0.00718125328 0.00340386387
v -0.00660403725 0.00718125328 0.00329459668
v -0.00660447683 0.00718125328 0.00238366122
v -0.00631473027 0.00718125328 0.00211513042
v -0.00669703959 0.00718125328 0.00183482643
v -0.00549860206 0.00718125328 0.00183569908
v -0.00237046485 0.00718125328 0.00199738494
v -0.00232719537 0.00718125328 0.00183562038
v -0.00544538023 0.00718125328 0.00199746131
v -0.00631473027 0.00718125328 0.00211513042
v -0.00669703959 0.00718125328 0.00183482643
v -0.000354228017 0.00718125328 0.00232607359
v -0.000450868596 0.00718125328 0.00376634579
v -0.000350275019 0.00718125328 0.00388639444
v -0.000454701163 0.00718125328 0.00238352059
v -0.000933642383 0.00718125328 0.00211499678
v -0.000354228017 0.00718125328 0.00183466903
v -0.00433628913 0.00318962568 0.0114573929
v -0.00440804102 0.00327832694 0.0114509007
v -0.00433572894 0.00343651767 0.0117517589
v -0.00423768023 0.00339022628 0.0118172662
v -0.00608100649 0.00328484061 0.0114271324
v -0.00617354596 0.00349537376 0.0117839836
v -0.00606261101 0.00353554729 0.0117015
v -0.00599184725 0.00336953625 0.0114050219
v -0.00569003588 0.00796382129 0.000549435616
v -0.00692868931 0.00776407961 9.53245108E-05
v -0.0070105847 0.00750426017 0.000163576595
v -0.00564704882 0.00822463725 0.000474474422
v -0.00408875709 0.0083027333 0.000474474422
v -0.00408278918 0.00804095529 0.000549435616
v -0.00828051101 0.00624683825 -0.000601572974
v -0.00816786755 0.00650852686 -0.000649695401
v -0.00886552595 0.00501333456 -0.00224604597
v -0.00897672679 0.00534735434 -0.00206025364
v -0.00828051101 0.00624683825 -0.000601572974
v -0.0070105847 0.00750426017 0.000163576595
v -0.00692868931 0.00776407961 9.53245108E-05
v -0.00816786755 0.00650852686 -0.000649695401
v -0.0019508421 0.00810325332 0.000549435616
v -0.00408875709 0.0083027333 0.000474474422
v -0.00408278918 0.00804095529 0.000549435616
v -0.00201770058 0.00836307276 0.000474474422
v -0.000284906622 0.00798137207 8.98623475E-05
v -0.00016768217 0.00772355311 0.000155820846
v 0.000398846867 0.00399722578 -0.00405741436
v 0.000235342974 0.00524237379 -0.00227577216
v 0.000370935188 0.00497771986 -0.00227602944
v 0.000262081623 0.00427529309 -0.00401156163
v 0.000284601439 0.003614316 -0.0053577302
v 0.000422424055 0.00332534313 -0.00543903559
v 0.00011485815 0.00100609299 -0.0057848189
v 4.72676729E-05 0.000557103136 -0.00576022873
v -5.87701797E-05 0.00088881969 -0.00570643647
v -2.53307808E-05 0.00126245967 -0.0057130456
v 4.26924234E-05 0.00171921728 -0.00573306298
v 0.000182449818 0.00145508291 -0.00580940954
v 0.000250040292 0.00190407271 -0.00583400019
v 0.000110714434 0.00217597489 -0.00575307617
v 0.000178736445 0.00263272761 -0.00577309355
v 0.000317630765 0.00235306728 -0.00585859036
v 0.000385222433 0.00280206208 -0.005883181
v 0.00024675965 0.00308948499 -0.0057931114
v 0.000284601439 0.003614316 -0.0053577302
v 0.000422424055 0.00332534313 -0.00543903559
v -0.00653460482 0.000567855837 -0.00576022873
v -0.00433848379 0.000848054886 -0.00569303241
v -0.00434004655 0.00057751179 -0.00576022873
v -0.00645804638 0.000828962307 -0.00569303241
v -0.00863631442 0.000871291151 -0.00569958892
v -0.00872952677 0.000550255761 -0.00576022873
v -0.00214620936 0.000571279495 -0.00576022873
v -5.87701797E-05 0.00088881969 -0.00570643647
v 4.72676729E-05 0.000557103136 -0.00576022873
v -0.00221651909 0.000834932318 -0.00569303241
v -0.00433848379 0.000848054886 -0.00569303241
v -0.00434004655 0.00057751179 -0.00576022873
v -0.00551587576 0.00718125328 0.00662267767
v -0.0054665911 0.00718125328 0.00644648401
v -0.00631684065 0.00718125328 0.00622920366
v -0.00669206353 0.00718125328 0.00662448257
v 0.0031120663 0.0178288911 0.0144902728
v 0.00705585722 0.01523853 0.0140870474
v 0.00339855067 0.0152683966 0.0142761087
v 0.00667482009 0.0176856332 0.013943064
v 0.00263364427 0.0211981609 0.0147154545
v 0.00542908581 0.0208485723 0.0139501141
v 0.00405768026 0.025252087 0.0141306445
v 0.00586247537 0.0247324053 0.0127852727
v 0.00719514349 0.020399129 0.0128670735
v 0.00542908581 0.0208485723 0.0139501141
v -0.00451464625 0.0209551789 0.0095077958
v -0.00543382391 0.0209531207 0.00950779673
v -0.00606099609 0.0184926502 -0.0059629702
v -0.00511287805 0.0185010806 -0.0059629702
v -0.0034340464 0.0238610879 0.00950474013
v -0.00443989271 0.0238529127 0.0095077958
v -0.00543382391 0.0209531207 0.00950779673
v -0.00451464625 0.0209551789 0.0095077958
v -0.00511287805 0.0185010806 -0.0059629702
v -0.00606099609 0.0184926502 -0.0059629702
v -0.00621362077 0.0171586648 -0.0059629702
v -0.00529381726 0.0171705484 -0.0059629702
v -0.00550102675 0.0168362129 -0.0059629702
v -0.00600640988 0.0168362129 -0.0059629702
v 9.22679874E-07 0.0121101141 0.0041698548
v 0.000834070437 0.011044221 0.00149824144
v -0.00709849689 0.00979932304 0.000765702687
v -0.00713901734 0.0117557328 0.00392390229
v -0.00840616226 0.00760341855 -0.000532426813
v -0.0084546376 0.00796364527 -0.00053476094
v -0.00709849689 0.00979932304 0.000765702687
v -0.00706652133 0.00914560072 0.000599265099
v -0.00707382429 0.00719659543 0.000623793574
v -0.00831183884 0.0061645126 -0.000495352724
v -0.00840616226 0.00760341855 -0.000532426813
v -0.00955000613 0.00611648057 -0.0021490287
v -0.0084546376 0.00796364527 -0.00053476094
v -0.0094547458 0.00583668472 -0.00216954458
v -0.00942783058 0.00456280215 -0.0020128726
v -0.00831183884 0.0061645126 -0.000495352724
v -0.00808341242 0.00625409838 -0.000572619436
v -0.00897672679 0.00534735434 -0.00206025364
v -0.00358639471 0.00225108629 0.00760837551
v -0.0070559606 0.00271062367 0.0086120218
v -0.00363905192 0.00271062367 0.0086120218
v -0.00705483882 0.00225108629 0.00760837551
v -0.00705483882 0.00218668464 0.00728100631
v 5.41329382E-06 0.00218668464 0.00728100631
v 0.00386035978 0.00225108629 0.00760837551
v -0.00832897425 0.00225108629 0.00760837551
v -0.00834439509 0.00218668464 0.00728100631
v -0.0083243344 0.00313052651 0.00869521871
v -0.00705659389 0.00498581631 0.0129886195
v -0.00832897425 0.00544870133 0.0127901742
v -0.00808341242 0.00625409838 -0.000572619436
v -0.00831183884 0.0061645126 -0.000495352724
v -0.00707382429 0.00719659543 0.000623793574
v -0.00563390367 0.00737086497 0.000527610769
v -0.00961277261 0.00387116894 -0.00394738419
v -0.00963599887 0.00317245466 -0.00529959425
v -0.00984021835 0.00277530192 -0.00610102899
v -0.00977848284 0.00358627783 -0.00408383599
v -0.00888264365 0.000306749338 -0.00653551333
v -0.0102111101 0.00374624715 -0.00653551333
v -0.0100695156 0.00364087569 -0.00607953314
v -0.00998176076 0.00314583769 -0.00610102899
v -0.00984021835 0.00277530192 -0.00610102899
v -0.00888264365 0.000306749338 -0.00610102899
v -0.00953618716 0.00265845773 -0.00575149758
v -0.00872952677 0.000550255761 -0.00576022873
v -0.00963599887 0.00317245466 -0.00529959425
v -0.00773627264 0.0182503704 0.00204969407
v -0.00754943816 0.0182503704 0.00074946403
v -0.00735977991 0.0182503704 0.00216822862
v -0.00804589968 0.0182503704 0.000524797419
v -0.00897478126 0.0182503704 -0.00183317659
v -0.00839843228 0.0182503704 -0.00141449447
v -0.00957709551 0.0182503704 -0.00395105127
v -0.0102132894 0.0182503704 -0.00460769888
v -0.00443989271 0.0238529127 0.0095077958
v -0.00426099775 0.0243630204 0.0119575495
v -0.00549729355 0.0206791405 0.0111215971
v -0.00543382391 0.0209531207 0.00950779673
v -0.00715275016 0.0206720512 0.0111406967
v -0.00831256341 0.0171436593 0.0103726098
v -0.00621362077 0.0171586648 0.0103343176
v -0.00549729355 0.0206791405 0.0111215971
v -0.0109993983 0.00445141783 -0.00368058425
v -0.0106418822 0.00236833561 -0.00535994768
v -0.0109993983 0.00287396903 -0.00515994756
v -0.0106418822 0.00413678167 -0.00370146497
v -0.0106418822 0.00599972252 -0.00209063524
v -0.0112250708 0.00641235337 -0.0021752452
v -0.0109341787 0.00821055193 -0.00064050674
v -0.0106418822 0.00805165246 -0.000575113285
v -0.0106418822 0.00987092964 0.000950989721
v -0.0109993983 0.0102197574 0.000831303594
v -0.0104105277 0.00413678167 -0.00370146497
v -0.0104105277 0.00236833561 -0.00560867554
v -0.0106418822 0.00236833561 -0.00535994768
v -0.0106418822 0.00413678167 -0.00370146497
v -0.00592736807 0.0243630204 0.0119575495
v -0.00715275016 0.0206720512 0.0111406967
v -0.00549729355 0.0206791405 0.0111215971
v -0.00426099775 0.0243630204 0.0119575495
v -0.00832631346 0.0165663194 0.0115968846
v -0.00832631346 0.0149521511 0.0115520908
v -0.00619837036 0.0149361296 0.0114149209
v -0.00584268337 0.0165770762 0.011561105
v 0.00832631532 0.0149521511 0.0115520908
v 0.00832631532 0.0165663194 0.0115968846
v -0.00818457082 0.017410228 0.0129276179
v -0.00705585582 0.01523853 0.0140870474
v -0.00832631346 0.0151211619 0.0130224843
v -0.00667481869 0.0176856332 0.0139694605
v -0.00709373923 0.0206969567 0.012861724
v -0.00542908395 0.0208485723 0.0139501141
v -8.93783581E-05 0.0063023041 0.00133534905
v 6.37149788E-05 0.0069440743 0.00145617954
v -0.00721622352 0.0069212364 0.00151068205
v -0.00696558459 0.00630524848 0.00133544207
v -0.000354228017 0.00718125328 0.00183466903
v -0.00669703959 0.00718125328 0.00183482643
v -0.00644123042 0.00718985079 0.00631640526
v -0.00669703959 0.00718125328 0.00183482643
v -0.00696553942 0.00529888598 0.00236263755
v -0.00669055106 0.0022450923 0.00617810944
v -0.0109993983 0.0163389388 -0.00233633514
v -0.0109993983 0.00445141783 -0.00368058425
v -0.0109993983 0.00287396903 -0.00515994756
v -0.0109993983 0.0163389388 -0.00446338393
v -0.0109993983 0.0102197574 0.000831303594
v -0.0109341787 0.00821055193 -0.00064050674
v -0.0109993983 0.0163390748 0.00178460591
v -0.0109993983 0.0113357613 0.00253262999
v -0.0108235162 0.0163404085 0.00574340206
v -0.0108236214 0.012611174 0.00544321025
v -0.0106418822 0.00987092964 0.000950989721
v -0.0106418822 0.0110359071 0.00259356503
v -0.00135264755 0.00755967107 0.000503702147
v -0.00563390367 0.00737086497 0.000527610769
v -0.00707382429 0.00719659543 0.000623793574
v 7.52747073E-05 0.00741789304 0.000608110393
v 0.000162515644 0.00983349793 0.000797104789
v -0.00706652133 0.00914560072 0.000599265099
v -0.00709849689 0.00979932304 0.000765702687
v 0.000834070437 0.011044221 0.00149824144
v 0.000701612211 0.00809420086 -0.000464696874
v 0.000728335348 0.00862278882 -0.000516295433
v -0.0034340464 0.0238610879 0.00950474013
v -0.00416833023 0.0242354944 0.0095077958
v -0.00443989271 0.0238529127 0.0095077958
v -0.00371143222 0.0243630204 0.0095077958
v -0.00320503465 0.0242404249 0.00974142738
v -0.00606099609 0.0184926502 -0.0059629702
v -0.00549729355 0.0206791405 0.0111215971
v -0.00621362077 0.0171586648 0.0103343176
v -0.00621362077 0.0171586648 -0.0059629702
v -0.00600640988 0.0168362129 -0.0059629702
v -0.00601545302 0.0168306995 0.0101400083
v -0.00311206584 0.0178288911 0.0144902728
v -0.00339854951 0.0152683966 0.0142761087
v -0.00705585582 0.01523853 0.0140870474
v -0.00667481869 0.0176856332 0.0139694605
v -0.0026336431 0.0211981609 0.0147154545
v -0.00542908395 0.0208485723 0.0139501141
v 0.00586247537 0.0247324053 0.0127852727
v 0.00592736946 0.0243630204 0.0119575495
v 0.00715275202 0.0206720512 0.0111406967
v 0.00719514349 0.020399129 0.0128670735
v -0.00831256341 0.0171436593 0.0103726098
v -0.00832631346 0.0165663194 0.0115968846
v -0.00584268337 0.0165770762 0.011561105
v -0.00621362077 0.0171586648 0.0103343176
v -0.00528225629 0.017170703 0.0103349965
v 0.00832631532 0.0165663194 0.0115968846
v 0.00827056542 0.0172386169 0.0105620194
v 0.00667482009 0.0176856332 0.013943064
v 0.00832631532 0.0151211619 0.0130224843
v 0.00705585722 0.01523853 0.0140870474
v 0.00815802533 0.0173611064 0.0129310582
v 0.00542908581 0.0208485723 0.0139501141
v 0.00719514349 0.020399129 0.0128670735
v -0.00856802706 0.0163389388 0.010318541
v -0.00821051095 0.0165389385 0.0104195951
v -0.00821051095 0.0154139893 0.0110278055
v -0.00856802706 0.0154025769 0.0108172651
v -0.00856802706 0.0143058104 0.0102862502
v -0.00821051095 0.0141418427 0.0104195951
v 0.00832897611 0.0110942265 0.0103269452
v 0.00778800948 0.0110807484 0.00991352461
v 0.00778800948 0.00954619888 0.00753289554
v 0.00834119692 0.00920558628 0.00757124647
v 1.19209287E-09 0.0113151642 0.00959753711
v 0.00705484021 0.00968046859 0.00743344752
v 0.00705484021 0.011199777 0.0097358115
v -0 0.00982535817 0.00737010455
v 0.00705484021 0.00867250934 0.00538455695
v -0 0.00888503995 0.00546416733
v -0.000377331977 0.000709090207 -0.00653551333
v -4.21416735E-05 0.00395406224 -0.00653551333
v -0.00030097604 0.00419778563 -0.00607706793
v -0.000480337127 0.000944304455 -0.00607706793
v -0.00773627264 0.0182503704 0.00884239655
v -0.00749978982 0.0182503704 0.00861573685
v -0.00749978982 0.0167647786 0.00861573685
v -0.00773627264 0.0165389385 0.00884239655
v -0.00773627264 0.0182503704 0.00884239655
v -0.00749978982 0.0182503704 0.00640515657
v -0.00749978982 0.0182503704 0.00861573685
v -0.00773627264 0.0182503704 0.00642502634
v -0.00773627264 0.0182503704 0.00389663689
v -0.00749978982 0.0182503704 0.00391467102
v -0.00735977991 0.0182503704 0.00216822862
v -0.00773627264 0.0182503704 0.00204969407
v -0.00749978982 0.0182503704 0.00861573685
v -0.00749978982 0.0167647786 0.00640515657
v -0.00749978982 0.0167647786 0.00861573685
v -0.00749978982 0.0182503704 0.00640515657
v -0.00749978982 0.0182503704 0.00391467102
v -0.00748961186 0.0167647786 0.00189545623
v -0.00735977991 0.0182503704 0.00216822862
v 1.19209287E-09 0.0113151642 0.00959753711
v 0.00705484021 0.011199777 0.0097358115
v 0.00705484068 0.0141153429 0.0102863163
v 1.19209287E-09 0.0141467666 0.0101067182
v -0.00773627264 0.0182503704 0.00884239655
v -0.00773627264 0.0165389385 0.00884239655
v -0.00773627264 0.0165389385 0.00642502634
v -0.00773627264 0.0182503704 0.00642502634
v -0.00773627264 0.0182503704 0.00389663689
v -0.00789108779 0.0165389385 0.00221071718
v -0.00773627264 0.0182503704 0.00204969407
v 0.00705484021 0.011199777 0.0097358115
v 0.00778800948 0.00954619888 0.00753289554
v 0.00778800948 0.0110807484 0.00991352461
v 0.00705484021 0.00968046859 0.00743344752
v 0.00778800948 0.00847591832 0.00533535006
v 0.00705484021 0.00867250934 0.00538455695
v 0.00834119692 0.00920558628 0.00757124647
v 0.00831675623 0.00811715331 0.00526742917
v -0.0104105277 0.00413678167 -0.00370146497
v -0.0100762462 0.00599972252 -0.00209063524
v -0.00955000613 0.00611648057 -0.0021490287
v -0.00998863392 0.00487133022 -0.00405529235
v -0.0100695156 0.00364087569 -0.00607953314
v -0.0104105277 0.00236833561 -0.00560867554
v -0.00897478126 0.0182503704 -0.00183317659
v -0.0102132894 0.0166796055 -0.00505207758
v -0.0102132894 0.0182503704 -0.00460769888
v -0.00897478126 0.0165389385 -0.00183317659
v -0.00789108779 0.0165389385 0.00221071718
v -0.00804589968 0.0182503704 0.000524797419
v -0.00773627264 0.0182503704 0.00204969407
v -0.0102132894 0.0182503704 -0.00460769888
v -0.00997680612 0.0182503704 -0.00610102899
v -0.00985711347 0.0182503704 -0.00573010184
v -0.00957709551 0.0182503704 -0.00395105127
v -0.00957709551 0.0182503704 -0.00395105127
v -0.00985711347 0.0167647786 -0.00573010184
v -0.00957709551 0.0167647786 -0.00395105127
v -0.00985711347 0.0182503704 -0.00573010184
v -0.00997680612 0.0182503704 -0.00610102899
v -0.00997680612 0.0166899972 -0.00610102899
v -0.00839843228 0.0182503704 -0.00141449447
v -0.00957709551 0.0182503704 -0.00395105127
v -0.00957709551 0.0167647786 -0.00395105127
v -0.00839843228 0.0167647786 -0.00141449447
v -0.00748961186 0.0167647786 0.00189545623
v -0.00754943816 0.0182503704 0.00074946403
v -0.00735977991 0.0182503704 0.00216822862
v -0.0104105277 0.00413678167 -0.00370146497
v -0.0106418822 0.00413678167 -0.00370146497
v -0.0106418822 0.00599972252 -0.00209063524
v -0.0100762462 0.00599972252 -0.00209063524
v -0.00842232909 0.00586517807 0.0024469709
v -0.00721622352 0.00563583849 0.00258040894
v -0.00721622352 0.0069212364 0.00151068205
v -0.00842232909 0.00669909455 0.00193429471
v -0.00842232909 0.00740161166 0.00167315954
v -0.00705483882 0.00739104254 0.00133336545
v -0.00705483882 0.00841550343 0.00111352443
v -0.00842232909 0.0084256595 0.00147206301
v -0.00705483882 0.0098643871 0.0014346838
v -0.00842232909 0.00978768338 0.00171429629
v 0.00813734159 0.00598528376 0.0131053664
v 0.00813790504 0.00615677098 0.013300335
v 0.0081452094 0.00605568895 0.0132241389
v 0.00823709276 0.00616559014 0.0133883143
v 0.00832897611 0.00624732487 0.0134854149
v 0.00832897611 0.00590012083 0.013163995
v 0.0081452094 0.00591495726 0.0130106565
v 0.00832897611 0.0058381604 0.0129378885
v 0.0081452094 0.0059067104 0.0128797442
v 0.00814053416 0.00600721827 0.0127282925
v 0.00832897611 0.00590835093 0.0127498172
v 0.00832897611 0.00639184006 0.0118336845
v 0.00815717038 0.00653683161 0.0118403416
v 0.00815903209 0.00709365821 0.0109307263
v 0.00832897611 0.00701117981 0.0108493157
v 0.00832897611 0.00746784685 0.0102047063
v 0.00813126657 0.00741929747 0.0103450799
v 0.00342736603 0.00533800572 0.0134945223
v 0.00342736603 0.00603668438 0.0142906616
v 0.00705484021 0.00611026259 0.0141822025
v 0.00705484021 0.00548041333 0.0134975882
v 0.00832897611 0.0061223316 0.0136502553
v 0.00832897611 0.00566540705 0.0131666344
v 0.00832897611 0.00544870133 0.0127901742
v 0.00705484021 0.00611026259 0.0141822025
v 0.00832897611 0.0068887542 0.0137858605
v 0.00832897611 0.0061223316 0.0136502553
v 0.00705484021 0.00705304602 0.0145341204
v 0.00342736603 0.00603668438 0.0142906616
v 0.00342736603 0.00704039074 0.0146549912
v 0.00342736603 0.00778556336 0.0146936439
v 0.00705484021 0.00777625525 0.01456712
v 0.00832897611 0.00751511566 0.0136790583
v -0.00823709276 0.00598372426 0.0132105798
v -0.00832897425 0.00624732487 0.0134854149
v -0.00832897425 0.00590012083 0.013163995
v -0.00823709276 0.00616559014 0.0133883143
v -0.00813930947 0.00615432952 0.0132989008
v -0.00814520847 0.00605568895 0.0132241379
v -0.00814520847 0.00623213733 0.0133721549
v -0.00814147666 0.00633091899 0.0134069361
v -0.00823709276 0.00637061801 0.0134882517
v -0.00814520847 0.00644900789 0.0134625472
v -0.00813600793 0.00660167448 0.0134795662
v -0.00832897425 0.00681751221 0.0135777639
v -0.00823709276 0.00668561924 0.0135506885
v -0.00814520847 0.00678364746 0.013503097
v -0.00814520847 0.00695075514 0.0134550976
v -0.00823709276 0.00695334887 0.0135044884
v -0.00832897425 0.00706731528 0.013414206
v -0.00342799886 0.0053313924 0.0135033466
v -0.00705483882 0.00611026259 0.0141822025
v -0.00342736486 0.00603668438 0.0142906616
v -0.00705533242 0.00541903963 0.0134787317
v -0.00705659389 0.00498581631 0.0129886195
v -0.00342961773 0.00498581631 0.0129886195
v -0.00832897425 0.00566540705 0.0131666344
v -0.00832897425 0.0061223316 0.0136502553
v -0.00832897425 0.00544870133 0.0127901742
v 0.00705483975 0.00704205036 0.00147967809
v -0.00721622352 0.0069212364 0.00151068205
v 6.37149788E-05 0.0069440743 0.00145617954
v -0.00705483882 0.00739104254 0.00133336545
v -0.00705483882 0.00841550343 0.00111352443
v 0.00715247961 0.00830223318 0.0010136842
v -0.00705483882 0.0098643871 0.0014346838
v 0.00721660769 0.00969383679 0.000975499104
v 0.000736484537 0.0103160096 0.00161438459
v 0.00832310505 0.00982623361 0.00167263031
v 0.0083039999 0.00842912402 0.00147767784
v 0.00828752201 0.00705407839 0.00180949678
v 0.00705484021 0.00521273352 0.00305555342
v 0.0082698781 0.00526305195 0.00310172071
v -0.00832897425 0.00706731528 0.013414206
v -0.00823709276 0.00695334887 0.0135044884
v -0.00814520847 0.00695075514 0.0134550976
v -0.00813027564 0.00703360327 0.0133138774
v -0.00814520847 0.00715372525 0.0131107541
v -0.00832897425 0.00717265811 0.013186004
v -0.00842232909 0.0112446165 0.00363327493
v -0.00842232909 0.0107698347 0.00258016586
v -0.00701137865 0.0115355011 0.00204739091
v -0.00705483882 0.0113463039 0.00360984309
v 9.22679874E-07 0.0121101141 0.0041698548
v -0.00713901734 0.0117557328 0.00392390229
v 0.00713789742 0.0121328682 0.00343609811
v 0.000102876424 0.0115621639 0.0028803586
v 0.00714799203 0.0117355175 0.00238288869
v -0.00842232909 0.0107698347 0.00258016586
v -0.00842232909 0.00978768338 0.00171429629
v -0.00705483882 0.0098643871 0.0014346838
v -0.00701137865 0.0115355011 0.00204739091
v -0.00371948699 0.0165389385 0.0102282828
v -0.00773627264 0.0165389385 0.0104195951
v -0.00749978982 0.0167647786 0.0101094767
v -0.00373812788 0.0167647786 0.00992828794
v -0 0.0203591492 0.0153259272
v 0.00185831066 0.0202839393 0.0151247066
v 0.00222728006 0.0175892953 0.0153825609
v -0 0.0175210014 0.0155439088
v -0.00185830949 0.0202839393 0.0151247066
v 0.00252439245 0.0154194301 0.0155902002
v -0.00222727889 0.0175892953 0.0153825609
v -0 0.0153961014 0.0156579595
v -0.00252439245 0.0154194301 0.0155902002
v 0.00363250775 0.00292056543 0.00901947264
v 0.00342736603 0.00533800572 0.0134945223
v 0.00705484021 0.00548041333 0.0134975882
v 0.00705484021 0.00298728468 0.00885176845
v 0.00386035978 0.00225108629 0.00760837551
v 0.00832897611 0.00544870133 0.0127901742
v 0.00826891977 0.00323393336 0.00885123946
v 0.00705484021 0.00225108629 0.00760837551
v 0.00825058389 0.00225210655 0.00760872336
v 0.00824828912 0.00218773354 0.00728136394
v 0.00705483975 0.00218668464 0.00728100631
v 0.00261736265 0.00767612923 0.0159356762
v 0.00342736603 0.00778556336 0.0146936439
v 0.00342736603 0.00704039074 0.0146549912
v 0.00261736265 0.00676939217 0.0158278756
v 0.00261736265 0.00553092966 0.0152365463
v 0.00342736603 0.00603668438 0.0142906616
v 0.00261736265 0.00470763678 0.0141908312
v 0.00342736603 0.00533800572 0.0134945223
v -0.00261736149 0.00767612923 0.0159356762
v -0.00342736486 0.00704039074 0.0146549912
v -0.00342736486 0.00778556336 0.0146936439
v -0.00261736149 0.00676939217 0.0158278756
v -0.00261736149 0.00553092966 0.0152365463
v -0.00342736486 0.00603668438 0.0142906616
v -0.00261736149 0.00470763678 0.0141908312
v -0.00342799886 0.0053313924 0.0135033466
v -0.00342961773 0.00498581631 0.0129886195
v -0.00261736149 0.00217697141 0.00980485324
v -0.00358639471 0.00225108629 0.00760837551
v -0.00363905192 0.00271062367 0.0086120218
v 0.00386035978 0.00225108629 0.00760837551
v 0.00261736265 0.00217697141 0.00980485324
v 0.00261736265 0.00470763678 0.0141908312
v -0.00261736149 0.00470763678 0.0141908312
v 5.41329382E-06 0.00218668464 0.00728100631
v 0.00705484021 0.00225108629 0.00760837551
v 0.00705483975 0.00218668464 0.00728100631
v -0.00669703959 0.00718125328 0.00183482643
v -0.00696558459 0.00630524848 0.00133544207
v -0.00696553942 0.00529888598 0.00236263755
v -0.00721622352 0.0069212364 0.00151068205
v -0.00721622352 0.00563583849 0.00258040894
v -0.0097694993 0.013173053 0.00718581304
v -0.0108236214 0.012611174 0.00544321025
v -0.0108235162 0.0163404085 0.00574340206
v -0.00976886693 0.0163403265 0.00729328254
v -0.00946829095 0.0137450742 0.00876935665
v -0.00946818572 0.0163391363 0.00883481745
v -0.00908277277 0.0140265338 0.00952969305
v -0.00908277277 0.0163389388 0.00958046876
v -0.00856802706 0.0154025769 0.0108172651
v -0.00856802706 0.0143058104 0.0102862502
v -0.00856802706 0.0163389388 0.010318541
v -0.00842232909 0.00673482381 0.00436504371
v -0.00842232909 0.00728957402 0.00423388928
v -0.00927565806 0.0074774716 0.00470752222
v -0.00870725885 0.0068267677 0.00483806105
v 4.07814969E-06 0.0165389385 -0.00472435215
v -0.000379714969 0.0167647786 -0.00429533236
v -0.000379714969 0.0167647786 -0.00573010184
v 3.26251975E-05 0.0166899972 -0.00610102899
v -0.00985711347 0.0167647786 -0.00573010184
v -0.00997680612 0.0166899972 -0.00610102899
v 3.26251975E-05 0.0166371055 -0.00653551333
v -0.00997680612 0.0166371055 -0.00653551333
v -0.00773627264 0.0165389385 0.00642502634
v -0.00941523723 0.0165389385 0.00726519665
v -0.0104666473 0.0165389385 0.00575355161
v -0.00773627264 0.0165389385 0.00884239655
v -0.00911131594 0.0165389385 0.00884239655
v -0.00872525666 0.0165389385 0.00963099673
v -0.00821051095 0.0165389385 0.0104195951
v -0.00773627264 0.0165389385 0.0104195951
v -0.00749978982 0.0167647786 0.0101094767
v -0.00749978982 0.0167647786 0.00861573685
v -0.00976886693 0.0163403265 0.00729328254
v -0.0108235162 0.0163404085 0.00574340206
v -0.0104666473 0.0165389385 0.00575355161
v -0.00941523723 0.0165389385 0.00726519665
v -0.00946818572 0.0163391363 0.00883481745
v -0.00911131594 0.0165389385 0.00884239655
v -0.00908277277 0.0163389388 0.00958046876
v -0.00872525666 0.0165389385 0.00963099673
v -0.00821051095 0.0165389385 0.0104195951
v -0.00856802706 0.0163389388 0.010318541
v 0.000701612211 0.00809420086 -0.000464696874
v 7.52747073E-05 0.00741789304 0.000608110393
v 0.000162515644 0.00983349793 0.000797104789
v 0.000663776358 0.00616872776 -0.000490009785
v 0.000590844138 0.00295586092 -0.00610102899
v 0.000569511612 0.0038660334 -0.00610102899
v 0.000728335348 0.00862278882 -0.000516295433
v -0.00876161829 0.00695379963 0.00556461187
v -0.00870725885 0.0068267677 0.00483806105
v -0.00927565806 0.0074774716 0.00470752222
v -0.00943435635 0.00755435927 0.00524621457
v -0.00842232909 0.0084256595 0.00147206301
v -0.00842232909 0.00728957402 0.00423388928
v -0.00842232909 0.00673482381 0.00436504371
v -0.00842232909 0.00978768338 0.00171429629
v 0.00719514349 0.020399129 0.0128670735
v 0.00715275202 0.0206720512 0.0111406967
v 0.00827056542 0.0172386169 0.0105620194
v 0.00832631532 0.0165663194 0.0115968846
v 0.00815802533 0.0173611064 0.0129310582
v 0.00832631532 0.0149521511 0.0115520908
v 0.00832631532 0.0151211619 0.0130224843
v -0.0109993983 0.0163389388 -0.00446338393
v -0.0109993983 0.00287396903 -0.00515994756
v -0.0106418822 0.00236833561 -0.00535994768
v -0.0106418822 0.0165389385 -0.00460769888
v 0.00032809854 0.00640209671 -0.000625476823
v -0.00135264755 0.00755967107 0.000503702147
v 7.52747073E-05 0.00741789304 0.000608110393
v 0.000663776358 0.00616872776 -0.000490009785
v 0.000590844138 0.00295586092 -0.00610102899
v 0.000422424055 0.00332534313 -0.00543903559
v -0.00829288736 0.00902035926 0.00714623556
v -0.00832678098 0.00994198583 0.00869993865
v -0.00987186376 0.00983496848 0.00923156273
v -0.00975897536 0.0087336963 0.00762457121
v -0.00831564143 0.00824523624 0.00573507277
v -0.00891465135 0.00836745463 0.00827960484
v -0.0088600656 0.00952224713 0.00982932094
v -0.00879698712 0.00724247191 0.00648644799
v -0.00951051712 0.00776059367 0.00595795736
v -0.00876161829 0.00695379963 0.00556461187
v -0.00943435635 0.00755435927 0.00524621457
v -0.0083756512 0.00804539211 0.00539566483
v -0.00927565806 0.0074774716 0.00470752222
v -0.00842232909 0.00797693245 0.00517706387
v -0.0097694993 0.013173053 0.00718581304
v -0.0104679912 0.0124280807 0.00542322639
v -0.0108236214 0.012611174 0.00544321025
v -0.00942330342 0.0129836481 0.00715607405
v -0.00946829095 0.0137450742 0.00876935665
v -0.00911266077 0.0135599775 0.00883191079
v -0.00908277277 0.0140265338 0.00952969305
v -0.00872525666 0.0138507383 0.00963099673
v -0.00821051095 0.0141418427 0.0104195951
v -0.00856802706 0.0143058104 0.0102862502
v 0.00705484021 0.011199777 0.0097358115
v 0.00778800994 0.0141418427 0.0104195951
v 0.00705484068 0.0141153429 0.0102863163
v 0.00778800948 0.0110807484 0.00991352461
v 0.00832897611 0.0110942265 0.0103269452
v 0.00832897704 0.0142208571 0.0108170006
v -0.00511287805 0.0185010806 -0.0059629702
v -0.00528225629 0.017170703 0.0103349965
v -0.00457244646 0.0206819698 0.0111256195
v -0.00529381726 0.0171705484 -0.0059629702
v -0.00550102675 0.0168362129 -0.0059629702
v -0.00551007036 0.0168306995 0.0101401992
v -0.0109993983 0.0113357613 0.00253262999
v -0.0108236214 0.012611174 0.00544321025
v -0.0104679912 0.0124280807 0.00542322639
v -0.0106418822 0.0110359071 0.00259356503
v 1.19209287E-09 0.0141467666 0.0101067182
v -0.00383523921 0.0140906023 0.0102345916
v -0.00371948699 0.0153914476 0.0109187644
v -0.000389411434 0.0153816454 0.010598111
v -0.000389411434 0.0165389385 0.00994049571
v -0.00371948699 0.0165389385 0.0102282828
v -0.00261736149 0.00553092966 0.0152365463
v 0.00261736265 0.00676939217 0.0158278756
v 0.00261736265 0.00553092966 0.0152365463
v -0.00261736149 0.00676939217 0.0158278756
v -0.00261736149 0.00767612923 0.0159356762
v 0.00261736265 0.00767612923 0.0159356762
v -0.00252439245 0.0151602244 0.0155902002
v 0.00252439245 0.0151602244 0.0155902002
v 0.00261736265 0.00767612923 0.0159356762
v -0.00261736149 0.00767612923 0.0159356762
v 0.00261736265 0.00217697141 0.00980485324
v 0.00261736265 0.00470763678 0.0141908312
v 0.00342736603 0.00533800572 0.0134945223
v 0.00363250775 0.00292056543 0.00901947264
v 0.00386035978 0.00225108629 0.00760837551
v -0.00261736149 0.00470763678 0.0141908312
v -0.00261736149 0.00553092966 0.0152365463
v 0.00261736265 0.00553092966 0.0152365463
v 0.00261736265 0.00470763678 0.0141908312
v -0.000299173582 0.0167647786 0.0084422566
v -0.00749978982 0.0167647786 0.00861573685
v -0.00749978982 0.0167647786 0.00640515657
v -0.000659215439 0.0167647786 0.009655728
v -0.00749978982 0.0167647786 0.0101094767
v -0.00373812788 0.0167647786 0.00992828794
v -0.000389411434 0.0165389385 0.00994049571
v -0 0.0165389385 0.00865922309
v -0.00371948699 0.0165389385 0.0102282828
v 0.000187888145 0.000308499322 -0.00653551333
v -0.00888264365 0.000306749338 -0.00653551333
v -0.00888264365 0.000306749338 -0.00610102899
v 0.000187888145 0.000308499322 -0.00610102899
v 4.72676729E-05 0.000557103136 -0.00576022873
v -0.00872952677 0.000550255761 -0.00576022873
v -0.000377331977 0.000709090207 -0.00653551333
v -0.000480337127 0.000944304455 -0.00607706793
v -0.00831562001 0.000942654617 -0.00607706793
v -0.00840834156 0.000707402185 -0.00653551333
v -0.00842232909 0.0107698347 0.00258016586
v -0.00842232909 0.00790682342 0.00475225691
v -0.00842232909 0.00728957402 0.00423388928
v -0.00842232909 0.00978768338 0.00171429629
v -0.00840834156 0.000707402185 -0.00653551333
v -0.00831562001 0.000942654617 -0.00607706793
v -0.0093182968 0.00424135197 -0.00607706793
v -0.00958456006 0.00400016317 -0.00653551333
v 0.00831675623 0.00664995424 0.0095808031
v 0.00832897611 0.00700212922 0.0104042124
v 0.00832897611 0.00746784685 0.0102047063
v 0.00832897611 0.00610076403 0.0118032238
v 0.00826891977 0.00323393336 0.00885123946
v 0.00828122348 0.00448826794 0.00793450791
v 0.00831675623 0.00811715331 0.00526742917
v 0.00834119692 0.00920558628 0.00757124647
v 0.00832310505 0.00982623361 0.00167263031
v 0.0083039999 0.00842912402 0.00147767784
v 0.0082698781 0.00526305195 0.00310172071
v -0.0109993983 0.0163390748 0.00178460591
v -0.0104666473 0.0165389385 0.00575355161
v -0.0108235162 0.0163404085 0.00574340206
v -0.0106418822 0.0165389385 0.00188772194
v -0.0109993983 0.0163389388 -0.00233633514
v -0.0106418822 0.0165389385 -0.0022638368
v -0.0106418822 0.0165389385 -0.00460769888
v -0.0109993983 0.0163389388 -0.00446338393
v -0.0112250708 0.00641235337 -0.0021752452
v -0.0109993983 0.00445141783 -0.00368058425
v -0.0109993983 0.0163389388 -0.00233633514
v -0.0109341787 0.00821055193 -0.00064050674
v 5.41329382E-06 0.00218668464 0.00728100631
v 0.00705483975 0.00218668464 0.00728100631
v 0.00705484021 0.00243253703 0.00676239841
v 0.000101807113 0.00243253703 0.00676239841
v -0.00721622445 0.00243253703 0.00676239841
v -0.00705483882 0.00218668464 0.00728100631
v -0.00773627264 0.0141418427 0.0104195951
v -0.00821051095 0.0141418427 0.0104195951
v -0.00821051095 0.0154139893 0.0110278055
v -0.00383523921 0.0140906023 0.0102345916
v -0.00371948699 0.0153914476 0.0109187644
v -0.00371948699 0.0165389385 0.0102282828
v -0.00773627264 0.0165389385 0.0104195951
v -0.00821051095 0.0165389385 0.0104195951
v -0.0102132894 0.0166796055 -0.00505207758
v -0.0106418822 0.0165389385 -0.00460769888
v -0.0106418822 0.00236833561 -0.00535994768
v -0.0104105277 0.00236833561 -0.00560867554
v -0.0100695156 0.00364087569 -0.00607953314
v -0.00997680612 0.0166899972 -0.00610102899
v 0.00833632611 0.0106775714 0.00214674952
v 0.00834577437 0.0111757042 0.0028100966
v 0.00714799203 0.0117355175 0.00238288869
v 0.00704497984 0.0109701818 0.00175527332
v 0.00832310505 0.00982623361 0.00167263031
v 0.00721660769 0.00969383679 0.000975499104
v 0.000736484537 0.0103160096 0.00161438459
v 0.000102876424 0.0115621639 0.0028803586
v -0.00842232909 0.00243253703 0.00676239841
v -0.00721622352 0.00563583849 0.00258040894
v -0.00842232909 0.00586517807 0.0024469709
v -0.00721622445 0.00243253703 0.00676239841
v -0.00834439509 0.00218668464 0.00728100631
v -0.00705483882 0.00218668464 0.00728100631
v -0.000359016645 0.00211498723 0.00614035456
v -0.00669055106 0.0022450923 0.00617810944
v -0.00721622445 0.00243253703 0.00676239841
v 0.000101807113 0.00243253703 0.00676239841
v -0.00842232909 0.00243253703 0.00676239841
v -0.00842232909 0.00673482381 0.00436504371
v -0.00870725885 0.0068267677 0.00483806105
v -0.00834439509 0.00218668464 0.00728100631
v -0.00669055106 0.0022450923 0.00617810944
v -0.00696553942 0.00529888598 0.00236263755
v -0.00721622352 0.00563583849 0.00258040894
v -0.00721622445 0.00243253703 0.00676239841
v -0.000597991922 0.00718985079 0.00628160359
v -0.00644123042 0.00718985079 0.00631640526
v -0.00669055106 0.0022450923 0.00617810944
v -0.000359016645 0.00211498723 0.00614035456
v -0.000354228017 0.00718125328 0.00183466903
v -0.000597991922 0.00718985079 0.00628160359
v -0.000359016645 0.00211498723 0.00614035456
v -8.83114335E-05 0.00487478962 0.00283898343
v -8.93783581E-05 0.0063023041 0.00133534905
v 0.000101807113 0.00243253703 0.00676239841
v 6.37149788E-05 0.0069440743 0.00145617954
v 9.64677311E-05 0.00518130511 0.00307428837
v -0.00842232909 0.00243253703 0.00676239841
v -0.00842232909 0.00586517807 0.0024469709
v -0.00842232909 0.00740161166 0.00167315954
v -0.00842232909 0.0084256595 0.00147206301
v -0.00842232909 0.00673482381 0.00436504371
v 0.00705484021 0.00521273352 0.00305555342
v 0.00705484021 0.00243253703 0.00676239841
v 0.00824919716 0.00243366719 0.00676290505
v 0.0082698781 0.00526305195 0.00310172071
v 9.64677311E-05 0.00518130511 0.00307428837
v 0.000101807113 0.00243253703 0.00676239841
v 0.00705484021 0.00243253703 0.00676239841
v 0.00705484021 0.00521273352 0.00305555342
v 9.64677311E-05 0.00518130511 0.00307428837
v 0.00705484021 0.00521273352 0.00305555342
v 0.00705483975 0.00704205036 0.00147967809
v 6.37149788E-05 0.0069440743 0.00145617954
v -0.0102132894 0.0182503704 -0.00460769888
v -0.0102132894 0.0166796055 -0.00505207758
v -0.00997680612 0.0166899972 -0.00610102899
v -0.00997680612 0.0182503704 -0.00610102899
v -0.00897478126 0.0165389385 -0.00183317659
v -0.0106418822 0.0165389385 -0.00460769888
v -0.0102132894 0.0166796055 -0.00505207758
v -0.0106418822 0.0165389385 -0.0022638368
v -0.0106418822 0.0165389385 0.00188772194
v -0.00789108779 0.0165389385 0.00221071718
v -0.0104666473 0.0165389385 0.00575355161
v -0.00773627264 0.0165389385 0.00642502634
v -0.00997680612 0.0166371055 -0.00653551333
v -0.00997680612 0.0166899972 -0.00610102899
v -0.0100695156 0.00364087569 -0.00607953314
v -0.0102111101 0.00374624715 -0.00653551333
v 0.00705483975 0.00218668464 0.00728100631
v 0.00824828912 0.00218773354 0.00728136394
v 0.00824919716 0.00243366719 0.00676290505
v 0.00705484021 0.00243253703 0.00676239841
v -0.00831914414 0.01252109 0.0131554222
v -0.00705483882 0.00777625525 0.01456712
v -0.00811587553 0.00775615219 0.0135046504
v -0.00705585582 0.0148676056 0.0140870474
v -0.00832729042 0.0146636581 0.0130412458
v -0.00342536671 0.0149035733 0.0142171355
v -0.00342736486 0.00778556336 0.0146936439
v 0.00194063538 0.0254775882 0.0145068429
v 0.00405768026 0.025252087 0.0141306445
v 0.00542908581 0.0208485723 0.0139501141
v 0.00263364427 0.0211981609 0.0147154545
v -0 0.0256540868 0.0149366064
v -0 0.0214353241 0.0151653429
v -0.00194063422 0.0254775882 0.0145068429
v -0.0026336431 0.0211981609 0.0147154545
v -0.00542908395 0.0208485723 0.0139501141
v -0.00405767886 0.025252087 0.0141306445
v -0.00586247444 0.0247324053 0.0127852727
v -0.00405767886 0.025252087 0.0141306445
v -0.00542908395 0.0208485723 0.0139501141
v -0.00709373923 0.0206969567 0.012861724
v -0.00586247444 0.0247324053 0.0127852727
v -0.00709373923 0.0206969567 0.012861724
v -0.00715275016 0.0206720512 0.0111406967
v -0.00592736807 0.0243630204 0.0119575495
v -0.00832631346 0.0165663194 0.0115968846
v -0.00715275016 0.0206720512 0.0111406967
v -0.00709373923 0.0206969567 0.012861724
v -0.00818457082 0.017410228 0.0129276179
v -0.00194063422 0.0254775882 0.0145068429
v -0.00405767886 0.025252087 0.0141306445
v -0.00426099775 0.0243630204 0.0119575495
v -0.00371143222 0.0243630204 0.0119575495
v -0.00316186785 0.0243630204 0.0119575495
v -0 0.0256540868 0.0149366064
v 0.00194063538 0.0254775882 0.0145068429
v 0.00405768026 0.025252087 0.0141306445
v -0.00371143222 0.0243630204 0.0095077958
v -0.00426099775 0.0243630204 0.0119575495
v -0.00416833023 0.0242354944 0.0095077958
v -0.00371143222 0.0243630204 0.0119575495
v -0.00316186785 0.0243630204 0.0119575495
v -0.00320503465 0.0242404249 0.00974142738
v -0.00586247444 0.0247324053 0.0127852727
v -0.00592736807 0.0243630204 0.0119575495
v -0.00426099775 0.0243630204 0.0119575495
v -0.00405767886 0.025252087 0.0141306445
v -0.00316186785 0.0243630204 0.0119575495
v -0.00457244646 0.0206819698 0.0111256195
v 0.00715275202 0.0206720512 0.0111406967
v 0.00592736946 0.0243630204 0.0119575495
v -0.00043119429 0.0163260791 -0.00653551333
v -0.000570318662 0.0160783306 -0.00607728725
v -0.00030097604 0.00419778563 -0.00607706793
v -4.21416735E-05 0.00395406224 -0.00653551333
v -0.00937710982 0.0163260791 -0.00653551333
v -0.00958456006 0.00400016317 -0.00653551333
v -0.0093182968 0.00424135197 -0.00607706793
v -0.00923513155 0.0160783306 -0.00607728725
v -0.00043119429 0.0163260791 -0.00653551333
v -0.00937710982 0.0163260791 -0.00653551333
v -0.00923513155 0.0160783306 -0.00607728725
v -0.000570318662 0.0160783306 -0.00607728725
v -0.00957709551 0.0167647786 -0.00395105127
v -0.00985711347 0.0167647786 -0.00573010184
v -0.000379714969 0.0167647786 -0.00573010184
v -0.000379714969 0.0167647786 -0.00429533236
v 0.00832864083 0.0124935005 0.0131576275
v 0.00832631532 0.0146636581 0.0130224843
v 0.0083277151 0.0145918271 0.0126859397
v 0.00832880381 0.0122215217 0.012422421
v 0.00832897704 0.0142208571 0.0108170006
v 0.00832897611 0.0110942265 0.0103269452
v 0.00834119692 0.00920558628 0.00757124647
v 0.00832897611 0.00857531559 0.0109100025
v -0.00457244646 0.0206819698 0.0111256195
v -0.0034340464 0.0238610879 0.00950474013
v -0.00451464625 0.0209551789 0.0095077958
v -0.00320503465 0.0242404249 0.00974142738
v -0.00316186785 0.0243630204 0.0119575495
v -0.00252439245 0.0151602244 0.0155902002
v -0.00261736149 0.00767612923 0.0159356762
v -0.00342736486 0.00778556336 0.0146936439
v -0.00342536671 0.0149035733 0.0142171355
v 0.00252439245 0.0151602244 0.0155902002
v 0.00342536741 0.0149035733 0.0142171355
v 0.00342736603 0.00778556336 0.0146936439
v 0.00261736265 0.00767612923 0.0159356762
v 0.00342536741 0.0149035733 0.0142171355
v 0.00705484021 0.00777625525 0.01456712
v 0.00342736603 0.00778556336 0.0146936439
v 0.00705585722 0.0148676056 0.0140870474
v 0.00832897611 0.00751511566 0.0136790583
v 0.00832864083 0.0124935005 0.0131576275
v 0.00832631532 0.0146636581 0.0130224843
v -0 0.0165389385 -0.00188285112
v -0.000379714969 0.0167647786 -0.00429533236
v 4.07814969E-06 0.0165389385 -0.00472435215
v -0.000299173582 0.0167647786 -0.00190282345
v -0.00957709551 0.0167647786 -0.00395105127
v -0.00839843228 0.0167647786 -0.00141449447
v -0.00748961186 0.0167647786 0.00189545623
v -0.00749978982 0.0167647786 0.00640515657
v -0.000299173582 0.0167647786 0.0084422566
v -0 0.0165389385 0.00865922309
v 0.00592736946 0.0243630204 0.0119575495
v 0.00586247537 0.0247324053 0.0127852727
v 0.00405768026 0.025252087 0.0141306445
v -0.00316186785 0.0243630204 0.0119575495
v 0.00832897611 0.00857531559 0.0109100025
v 0.00832864083 0.0124935005 0.0131576275
v 0.00832880381 0.0122215217 0.012422421
v 0.00832897611 0.00751511566 0.0136790583
v 0.00832897611 0.00706731528 0.013414206
v 0.00832897611 0.0068887542 0.0137858605
v 0.00832897611 0.00681751221 0.0135777639
v 0.00832897611 0.00624732487 0.0134854149
v 0.00832897611 0.0061223316 0.0136502553
v 0.00832897611 0.00590012083 0.013163995
v 0.00832897611 0.00566540705 0.0131666344
v 0.00832897611 0.00544870133 0.0127901742
v 0.00832897611 0.0058381604 0.0129378885
v 0.00832897611 0.00590835093 0.0127498172
v 0.00832897611 0.00610076403 0.0118032238
v 0.00832897611 0.00639184006 0.0118336845
v 0.00832897611 0.00701117981 0.0108493157
v 0.00832897611 0.00700212922 0.0104042124
v 0.00832897611 0.00746784685 0.0102047063
v 0.00831675623 0.00664995424 0.0095808031
v 0.00834119692 0.00920558628 0.00757124647
v -0.00822754391 0.0137522863 0.00959697459
v -0.00773627264 0.0141418427 0.0104195951
v -0.00832897611 0.0142208571 0.0109566972
v -0.00774943316 0.0131265689 0.00765386317
v -0.00809958484 0.0130380914 0.00773767103
v -0.00792325009 0.012346575 0.00576436613
v -0.00779180508 0.0117760468 0.00403421652
v -0.00774943316 0.0131265689 0.00765386317
v -0.00821051095 0.0141418427 0.0104195951
v -0.00773627264 0.0141418427 0.0104195951
v -0.00872525666 0.0138507383 0.00963099673
v -0.00911266077 0.0135599775 0.00883191079
v -0.00942330342 0.0129836481 0.00715607405
v -0.0104679912 0.0124280807 0.00542322639
v -0.00779180508 0.0117760468 0.00403421652
v -0.0106418822 0.0110359071 0.00259356503
v -0.0106418822 0.00987092964 0.000950989721
v -0.00773627264 0.0101980781 0.000892753596
v -0.00709849689 0.00979932304 0.000765702687
v -0.00713901734 0.0117557328 0.00392390229
v 3.26251975E-05 0.0166371055 -0.00653551333
v 0.000566464674 0.00399605744 -0.00653551333
v 0.000569511612 0.0038660334 -0.00610102899
v 3.26251975E-05 0.0166899972 -0.00610102899
v 4.07814969E-06 0.0165389385 -0.00472435215
v 0.000590844138 0.00295586092 -0.00610102899
v 0.000569511612 0.0038660334 -0.00610102899
v 0.000566464674 0.00399605744 -0.00653551333
v 0.000187888145 0.000308499322 -0.00653551333
v 0.000187888145 0.000308499322 -0.00610102899
v 0.000385222433 0.00280206208 -0.005883181
v 4.72676729E-05 0.000557103136 -0.00576022873
v 0.000422424055 0.00332534313 -0.00543903559
v -0 0.00982535817 0.00737010455
v -0 0.0165389385 0.00865922309
v 9.22679874E-07 0.0121101141 0.0041698548
v -0 0.00888503995 0.00546416733
v 0.00713789742 0.0121328682 0.00343609811
v 0.00705484021 0.0117126629 0.00412630569
v 9.22679874E-07 0.0121101141 0.0041698548
v 0.00821810309 0.0116525004 0.00383635983
v 0.00785563048 0.0115581052 0.00406290032
v 0.00835671462 0.0117445057 0.00360149844
v 0.00834577437 0.0111757042 0.0028100966
v 0.00714799203 0.0117355175 0.00238288869
v -0 0.00888503995 0.00546416733
v 9.22679874E-07 0.0121101141 0.0041698548
v 0.00705484021 0.0117126629 0.00412630569
v 0.00705484021 0.00867250934 0.00538455695
v -0.00457244646 0.0206819698 0.0111256195
v -0.00528225629 0.017170703 0.0103349965
v 0.00827056542 0.0172386169 0.0105620194
v 0.00715275202 0.0206720512 0.0111406967
v -0.00550102675 0.0168362129 -0.0059629702
v -0.00600640988 0.0168362129 -0.0059629702
v -0.00601545302 0.0168306995 0.0101400083
v -0.00551007036 0.0168306995 0.0101401992
v 0.00834577437 0.0111757042 0.0028100966
v 0.00831675623 0.00811715331 0.00526742917
v 0.00835671462 0.0117445057 0.00360149844
v 0.00833632611 0.0106775714 0.00214674952
v 0.000102876424 0.0115621639 0.0028803586
v -0.00705483882 0.0113463039 0.00360984309
v -0.00701137865 0.0115355011 0.00204739091
v 0.000736484537 0.0103160096 0.00161438459
v 0.00851311348 0.00626978604 0.0123617537
v 0.0081452094 0.0059067104 0.0128797442
v 0.00851255003 0.00608827826 0.0127475606
v 0.00813126657 0.00741929747 0.0103450799
v 0.00848790072 0.00710128993 0.0108756907
v 0.00835275184 0.00746150455 0.0104136392
v -0.00835274905 0.00832193345 0.0109677836
v -0.00814520847 0.0084632989 0.0109856352
v -0.00848789886 0.00803423394 0.011347631
v -0.00851311162 0.00715924008 0.012907844
v -0.00814520847 0.00695075514 0.0134550976
v -0.0085125491 0.00696912734 0.0132312356
v -0.00851085689 0.00608623959 0.0128729828
v -0.0085125491 0.00608827826 0.0127475606
v -0.00850860123 0.00619421946 0.013070683
v -0.00850860123 0.00634114491 0.0131986458
v -0.00851311162 0.00626978604 0.0123617537
v -0.00850860123 0.00652523013 0.0132726096
v -0.00851311162 0.00715924008 0.012907844
v -0.00851085689 0.00681861863 0.0132879149
v -0.0085125491 0.00696912734 0.0132312356
v -0.00848789886 0.00710128993 0.0108756907
v -0.00848789886 0.00803423394 0.011347631
v -0.00835274905 0.00832193345 0.0109677836
v -0.00835275184 0.00746150455 0.0104136392
v -0.00232719537 0.00718125328 0.00183562038
v -0.00237046485 0.00718125328 0.00199738494
v -0.000933642383 0.00718125328 0.00211499678
v -0.000354228017 0.00718125328 0.00183466903
v -0.00889085792 0.000971894246 -0.00575847831
v -0.00863631442 0.000871291151 -0.00569958892
v -0.00872952677 0.000550255761 -0.00576022873
v -0.00873947795 0.00122561934 -0.00568566564
v -0.00890254695 0.00165747164 -0.00567829842
v -0.00905219093 0.0013935375 -0.00575673347
v -0.00921352394 0.00181517599 -0.00575498817
v -0.00906561594 0.00208932394 -0.00567093119
v -0.00922868494 0.00252118101 -0.00566356396
v -0.00937485695 0.00223681913 -0.00575324288
v -0.00953618716 0.00265845773 -0.00575149758
v -0.009391753 0.00295303809 -0.00565619674
v -0.00949329138 0.00346971978 -0.00521535613
v -0.00963599887 0.00317245466 -0.00529959425
v -0.00961277261 0.00387116894 -0.00394738419
v -0.00947176665 0.00415606471 -0.00390756829
v -0.00949329138 0.00346971978 -0.00521535613
v -0.00963599887 0.00317245466 -0.00529959425
v -0.00961277261 0.00387116894 -0.00394738419
v -0.00897672679 0.00534735434 -0.00206025364
v -0.00886552595 0.00501333456 -0.00224604597
v -0.00947176665 0.00415606471 -0.00390756829
v -0.00842232909 0.00790682342 0.00475225691
v -0.00842232909 0.00797693245 0.00517706387
v -0.00927565806 0.0074774716 0.00470752222
v -0.00842232909 0.00728957402 0.00423388928
v 0.00823709276 0.00616559014 0.0133883143
v 0.0081452094 0.00623213733 0.0133721549
v 0.00813790504 0.00615677098 0.013300335
v 0.00813935231 0.00633429503 0.0134057067
v 0.00823709276 0.00637061801 0.0134882545
v 0.00832897611 0.00624732487 0.0134854149
v 0.0081452094 0.00644900789 0.0134625481
v 0.00813598465 0.00660271384 0.0134746609
v 0.00832897611 0.00681751221 0.0135777639
v 0.00823709276 0.00668561924 0.0135506885
v 0.0081452094 0.00678364746 0.013503097
v 0.0081452094 0.00695075514 0.0134550966
v 0.00814154278 0.00702439528 0.013314724
v 0.00832897611 0.00706731528 0.013414206
v -0.00823709276 0.00598372426 0.0132105798
v -0.00814111251 0.00598393194 0.0131100863
v -0.00814520847 0.00605568895 0.0132241379
v -0.00823709276 0.00588097563 0.0130443498
v -0.00832897425 0.00590012083 0.013163995
v -0.00814520847 0.00591495726 0.0130106555
v -0.00814520847 0.0059067104 0.0128797442
v -0.00832897425 0.0058381604 0.0129378885
v -0.00814520847 0.00744143967 0.0103147151
v -0.00836122688 0.00742752757 0.0101535963
v -0.00261736149 0.00217697141 0.00980485324
v -0.00363905192 0.00271062367 0.0086120218
v -0.00342961773 0.00498581631 0.0129886195
v -0.00261736149 0.00470763678 0.0141908312
v -0.00252439245 0.0151602244 0.0155902002
v -0.00342536671 0.0149035733 0.0142171355
v -0.00281760446 0.0148800127 0.0138870925
v -0.00198786962 0.0151430843 0.0152517008
v -0.00961277261 0.00387116894 -0.00394738419
v -0.00942783058 0.00456280215 -0.0020128726
v -0.00897672679 0.00534735434 -0.00206025364
v -0.00977848284 0.00358627783 -0.00408383599
v -0.00992992148 0.00455006817 -0.0040695644
v -0.0094547458 0.00583668472 -0.00216954458
v -0.00984021835 0.00277530192 -0.00610102899
v -0.00955000613 0.00611648057 -0.0021490287
v -0.00998176076 0.00314583769 -0.00610102899
v -0.00998863392 0.00487133022 -0.00405529235
v -0.0100695156 0.00364087569 -0.00607953314
v 0.00814154278 0.0084329173 0.0109757157
v 0.00832897611 0.00857531559 0.0109100025
v 0.00832897611 0.00746784685 0.0102047063
v 0.00813126657 0.00741929747 0.0103450799
v 0.00814154278 0.00702439528 0.013314724
v 0.00832897611 0.00706731528 0.013414206
v 0.00832897611 0.00857531559 0.0109100025
v 0.00814154278 0.0084329173 0.0109757157
v -0.00832897425 0.00717265811 0.013186004
v -0.00814520847 0.00715372525 0.0131107541
v -0.00814520847 0.0084632989 0.0109856352
v -0.00832897425 0.00876039453 0.011047883
v -0.00836122688 0.00742752757 0.0101535963
v -0.00832897425 0.00876039453 0.011047883
v -0.00814520847 0.0084632989 0.0109856352
v -0.00814520847 0.00744143967 0.0103147151
v 0.00850860216 0.00619421946 0.013070683
v 0.0081452094 0.00591495726 0.0130106565
v 0.0081452094 0.00605568895 0.0132241389
v 0.00851085782 0.00608623959 0.0128729828
v 0.0081452094 0.0059067104 0.0128797442
v 0.00851255003 0.00608827826 0.0127475606
v 0.00851311348 0.00715924008 0.012907844
v 0.00851255003 0.00696912734 0.0132312356
v 0.0081452094 0.00695075514 0.0134550966
v 0.00814154278 0.0084329173 0.0109757157
v 0.00848789979 0.00803423394 0.011347631
v 0.00835275184 0.00832193345 0.0109677836
v 0.00851085782 0.00681861863 0.0132879149
v 0.0081452094 0.00695075514 0.0134550966
v 0.00851255003 0.00696912734 0.0132312356
v 0.0081452094 0.00678364746 0.013503097
v 0.00850860216 0.00652523013 0.0132726096
v 0.0081452094 0.00644900789 0.0134625481
v 0.0081452094 0.00623213733 0.0133721549
v 0.00850860216 0.00634114491 0.0131986458
v 0.00850860216 0.00619421946 0.013070683
v 0.0081452094 0.00605568895 0.0132241389
v 0.00848790072 0.00710128993 0.0108756907
v 0.00835275184 0.00832193345 0.0109677836
v 0.00835275184 0.00746150455 0.0104136392
v 0.00848789979 0.00803423394 0.011347631
v 0.00851311348 0.00715924008 0.012907844
v 0.00851311348 0.00626978604 0.0123617537
v 0.00850860216 0.00652523013 0.0132726096
v 0.00851085782 0.00681861863 0.0132879149
v 0.00851255003 0.00696912734 0.0132312356
v 0.00850860216 0.00634114491 0.0131986458
v 0.00851255003 0.00608827826 0.0127475606
v 0.00850860216 0.00619421946 0.013070683
v 0.00851085782 0.00608623959 0.0128729828
v -0.00850860123 0.00619421946 0.013070683
v -0.00814520847 0.00605568895 0.0132241379
v -0.00814520847 0.00591495726 0.0130106555
v -0.00851085689 0.00608623959 0.0128729828
v -0.00814520847 0.0059067104 0.0128797442
v -0.0085125491 0.00608827826 0.0127475606
v -0.00835275184 0.00746150455 0.0104136392
v -0.00848789886 0.00710128993 0.0108756907
v -0.00814520847 0.00744143967 0.0103147151
v -0.00851311162 0.00626978604 0.0123617537
v -0.00814520847 0.0059067104 0.0128797442
v -0.0085125491 0.00608827826 0.0127475606
v -0.00851085689 0.00681861863 0.0132879149
v -0.0085125491 0.00696912734 0.0132312356
v -0.00814520847 0.00695075514 0.0134550976
v -0.00814520847 0.00678364746 0.013503097
v -0.00850860123 0.00652523013 0.0132726096
v -0.00814520847 0.00644900789 0.0134625472
v -0.00814520847 0.00623213733 0.0133721549
v -0.00850860123 0.00634114491 0.0131986458
v -0.00850860123 0.00619421946 0.013070683
v -0.00814520847 0.00605568895 0.0132241379
v -0.00835274905 0.00832193345 0.0109677836
v -0.00835275184 0.00746150455 0.0104136392
v -0.00814520847 0.00744143967 0.0103147151
v -0.00814520847 0.0084632989 0.0109856352
v -0.00842232909 0.0112446165 0.00363327493
v -0.00705483882 0.0113463039 0.00360984309
v -0.00713901734 0.0117557328 0.00392390229
v -0.00779180508 0.0117760468 0.00403421652
v -0.00842232909 0.0112446165 0.00363327493
v -0.00779180508 0.0117760468 0.00403421652
v -0.00842232909 0.00797693245 0.00517706387
v -0.00842232909 0.00790682342 0.00475225691
v -0.00383523921 0.0140906023 0.0102345916
v -0.00374400127 0.0143172927 0.0109681506
v -0.00706311921 0.0143137071 0.0109495493
v -0.00773627264 0.0141418427 0.0104195951
v -0.00832897611 0.0142208571 0.0109566972
v -0.00736774644 0.0144576877 0.0116963983
v -0.00735444995 0.0145025896 0.0119214579
v -0.0100286147 0.0143792983 0.0116050122
v -0.00889552291 0.0144928405 0.0121387076
v -0.0073442217 0.0145725105 0.0122527219
v -0.00832729042 0.0146636581 0.0130412458
v -0.00703825103 0.0147618698 0.0132742589
v -0.00832897425 0.0110942265 0.0103444075
v -0.00996302627 0.0111250328 0.0106686158
v -0.00987186376 0.00983496848 0.00923156273
v -0.00832678098 0.00994198583 0.00869993865
v -0.00339854951 0.0152683966 0.0142761087
v -0.00252439245 0.0154194301 0.0155902002
v -0.00198786962 0.0153546762 0.0152517008
v -0.00272819516 0.0151852556 0.0138966935
v -0.00252439245 0.0154194301 0.0155902002
v -0 0.0153546762 0.0152517008
v -0.00198786962 0.0153546762 0.0152517008
v -0 0.0153961014 0.0156579595
v 0.00198787078 0.0153546762 0.0152517008
v 0.00252439245 0.0154194301 0.0155902002
v -0.00342536671 0.0149035733 0.0142171355
v -0.00655140867 0.0148327565 0.0136419646
v -0.00281760446 0.0148800127 0.0138870925
v -0.00705585582 0.0148676056 0.0140870474
v -0.00832729042 0.0146636581 0.0130412458
v -0.00703825103 0.0147618698 0.0132742589
v -0.00252439245 0.0151602244 0.0155902002
v -0.00198786962 0.0151430843 0.0152517008
v 0.00198787078 0.0151430843 0.0152517008
v 0.00252439245 0.0151602244 0.0155902002
v 0.00703825243 0.0147618698 0.0132742589
v 0.0065283617 0.0151534695 0.0136424871
v 0.00702385791 0.0151057905 0.0132611673
v 0.00655140914 0.0148327565 0.0136419646
v 0.00272819633 0.0151852556 0.0138966935
v 0.00281760632 0.0148800127 0.0138870925
v 1.19209287E-09 0.0141467666 0.0101067182
v -0.00374400127 0.0143172927 0.0109681506
v -0.00383523921 0.0140906023 0.0102345916
v -0 0.0143019408 0.0108885067
v 0.00595261483 0.0143243214 0.0110045951
v 0.00705484068 0.0141153429 0.0102863163
v 0.00832631532 0.0151211619 0.0130224843
v 0.00832631532 0.0149521511 0.0115520908
v 0.00734556606 0.0149317738 0.0118694017
v 0.00702385791 0.0151057905 0.0132611673
v 0.00705585722 0.01523853 0.0140870474
v 0.0065283617 0.0151534695 0.0136424871
v 0.00339855067 0.0152683966 0.0142761087
v 0.00272819633 0.0151852556 0.0138966935
v 0.00198787078 0.0153546762 0.0152517008
v 0.00252439245 0.0154194301 0.0155902002
v 0.00252439245 0.0151602244 0.0155902002
v 0.00198787078 0.0151430843 0.0152517008
v 0.00281760632 0.0148800127 0.0138870925
v 0.00342536741 0.0149035733 0.0142171355
v -0.00339854951 0.0152683966 0.0142761087
v -0.00272819516 0.0151852556 0.0138966935
v -0.00652836077 0.0151534695 0.0136424871
v -0.00705585582 0.01523853 0.0140870474
v -0.00832631346 0.0151211619 0.0130224843
v -0.00702385651 0.0151057905 0.0132611673
v -0.0073455642 0.0149317738 0.0118694017
v -0.00832631346 0.0149521511 0.0115520908
v -0.00619837036 0.0149032921 0.0116416002
v -0.00619837036 0.0149361296 0.0114149209
v 0.00734556606 0.0149317738 0.0118694017
v 0.00832631532 0.0149521511 0.0115520908
v 0.00342536741 0.0149035733 0.0142171355
v 0.00281760632 0.0148800127 0.0138870925
v 0.00655140914 0.0148327565 0.0136419646
v 0.00705585722 0.0148676056 0.0140870474
v 0.00703825243 0.0147618698 0.0132742589
v 0.00832631532 0.0146636581 0.0130224843
v 0.00832631532 0.0146636581 0.0130224843
v 0.00703825243 0.0147618698 0.0132742589
v 0.00728588225 0.0146741197 0.0128190871
v 0.0083277151 0.0145918271 0.0126859397
v 0.0073677483 0.0144576877 0.0116963983
v 0.00832897704 0.0142208571 0.0108170006
v 0.00706312107 0.0143137071 0.0109495493
v 0.00778800994 0.0141418427 0.0104195951
v 0.00705484068 0.0141153429 0.0102863163
v 0.00595261483 0.0143243214 0.0110045951
v 0.00706312107 0.0143137071 0.0109495493
v 0.0073677483 0.0144576877 0.0116963983
v 0.00734556606 0.0149317738 0.0118694017
v 0.00679603964 0.0149048232 0.0116538405
v 0.00703825243 0.0147618698 0.0132742589
v 0.00702385791 0.0151057905 0.0132611673
v 0.00727576017 0.0150483865 0.012802043
v 0.00728588225 0.0146741197 0.0128190871
v 0.0073677483 0.0144576877 0.0116963983
v 0.00734556606 0.0149317738 0.0118694017
v -0.00281760446 0.0148800127 0.0138870925
v -0.00272819516 0.0151852556 0.0138966935
v -0.00198786962 0.0153546762 0.0152517008
v -0.00198786962 0.0151430843 0.0152517008
v -0.00703825103 0.0147618698 0.0132742589
v -0.00702385651 0.0151057905 0.0132611673
v -0.00652836077 0.0151534695 0.0136424871
v -0.00655140867 0.0148327565 0.0136419646
v -0.00272819516 0.0151852556 0.0138966935
v -0.00281760446 0.0148800127 0.0138870925
v 0.00198787078 0.0151430843 0.0152517008
v 0.00198787078 0.0153546762 0.0152517008
v 0.00272819633 0.0151852556 0.0138966935
v 0.00281760632 0.0148800127 0.0138870925
v -0.00736774644 0.0144576877 0.0116963983
v -0.0073455642 0.0149317738 0.0118694017
v -0.00702385651 0.0151057905 0.0132611673
v -0.00703825103 0.0147618698 0.0132742589
v 0.00595261483 0.0143243214 0.0110045951
v 0.00706312107 0.0143137071 0.0109495493
v 0.00679603964 0.0149048232 0.0116538405
v 0.0059189247 0.0149025628 0.0116357487
v -0 0.0151430843 0.0152517008
v -0 0.0153546762 0.0152517008
v 0.00198787078 0.0153546762 0.0152517008
v 0.00198787078 0.0151430843 0.0152517008
v -0 0.0151430843 0.0152517008
v -0.00198786962 0.0151430843 0.0152517008
v -0.00198786962 0.0153546762 0.0152517008
v -0 0.0153546762 0.0152517008
v -0.00706311921 0.0143137071 0.0109495493
v -0 0.0143019408 0.0108885067
v 0.000384007697 0.014941263 0.0116407843
v -0.00619837036 0.0149032921 0.0116416002
v -0 0.0143019408 0.0108885067
v 0.00595261483 0.0143243214 0.0110045951
v 0.0059189247 0.0149025628 0.0116357487
v 0.000384007697 0.014941263 0.0116407843
v 0.00835275184 0.00832193345 0.0109677836
v 0.00814154278 0.0084329173 0.0109757157
v 0.00813126657 0.00741929747 0.0103450799
v 0.00835275184 0.00746150455 0.0104136392
v -0.00613570912 0.0284014679 0.0112172579
v -0.0061177751 0.0287648235 0.0119661139
v -0.00674025062 0.0287463367 0.0118812574
v -0.00673489179 0.0283945836 0.0111648031
v -0.00673213089 0.0281644538 0.0105081769
v -0.00614870526 0.0281706192 0.0105284546
v -0.00615741592 0.0280584954 0.0100955721
v -0.00672392827 0.0280552674 0.0100864936
v 0.00659536384 0.0269009806 0.0080986172
v 0.00701526972 0.0269510858 0.00799854286
v 0.00705122994 0.0273364056 0.00825603306
v 0.00653945329 0.0273071155 0.00828654785
v 0.00706628291 0.0276332367 0.0085331006
v 0.00654592132 0.0276387464 0.00854588952
v 0.00567594869 0.0343281515 0.0170212761
v 0.00619518617 0.0343193449 0.0169758573
v 0.00576929376 0.0355069377 0.0182524417
v 0.00534072611 0.0355416872 0.0183002688
v 0.00494090049 0.0359726623 0.0194827132
v 0.00542217121 0.0359584354 0.0194354169
v 0.0051125288 0.0359486528 0.0205434076
v 0.00459141564 0.0359496623 0.0205533504
v 0.00434405496 0.035739705 0.0214460101
v 0.00485162716 0.0357793905 0.0214487091
v 0.00465866923 0.0353763178 0.022361882
v 0.00415915018 0.0353209637 0.0222972743
v 0.00399323041 0.0346873477 0.0232444648
v 0.00451430213 0.0345839746 0.0234084073
v 0.00424926635 0.0342317969 0.0238756314
v 0.00370619353 0.0343305357 0.0235599205
v 0.00278214691 0.0339262299 0.0239287224
v 0.00340438844 0.0341059044 0.0237234421
v 0.00377403549 0.033938732 0.0242668521
v 0.00308351684 0.0338153616 0.0244800374
v 0.00206084852 0.0338748656 0.0240511689
v 0.00226446148 0.0337017104 0.0246075746
v 0.000181831114 0.0337310582 0.0246179793
v 0.000181168318 0.0338089727 0.0240386724
v -0.00169712654 0.0338748656 0.0240511671
v -0.00190166826 0.0336940028 0.024610769
v -0.00273162127 0.0337791257 0.0244948771
v -0.00241842493 0.0339262299 0.0239287224
v -0.00343333464 0.0338987075 0.0242692344
v -0.00303039071 0.0340539701 0.0236739386
v 0.00370619353 0.0343305357 0.0235599205
v 0.00424926635 0.0342317969 0.0238756314
v 0.00377403549 0.033938732 0.0242668521
v 0.00340438844 0.0341059044 0.0237234421
v -0.00298004854 0.0329665616 0.0247898884
v -0.00379563915 0.0330290273 0.024507992
v -0.00343333464 0.0338987075 0.0242692344
v -0.00273162127 0.0337791257 0.0244948771
v -0.00208127266 0.0329385363 0.0249429177
v -0.00190166826 0.0336940028 0.024610769
v 0.000181831114 0.0337310582 0.0246179793
v 0.000181854964 0.0329314694 0.0249644946
v 0.0024449944 0.0328753069 0.024942914
v 0.00226446148 0.0337017104 0.0246075746
v 0.00308351684 0.0338153616 0.0244800374
v 0.0033464646 0.0329195149 0.0247958563
v -0.00424980884 0.0331981741 0.0241114739
v -0.00385634182 0.0342424735 0.023893198
v -0.00343333464 0.0338987075 0.0242692344
v -0.00379563915 0.0330290273 0.024507992
v -0.00702705467 0.0242455862 0.00802722946
v -0.00622762414 0.0242434442 0.00802626554
v -0.00623162603 0.0269009769 0.00809862465
v -0.00665154681 0.0269510876 0.00799854007
v -0.00703501096 0.0269479826 0.00802696683
v -0.00617571594 0.0273071099 0.00828655809
v -0.00618219981 0.0276387464 0.00854588952
v -0.00670256373 0.027633233 0.00853310339
v -0.00668748701 0.027336413 0.00825602189
v -0.00623162603 0.0269009769 0.00809862465
v -0.00665154681 0.0269510876 0.00799854007
v -0.00334391696 0.0343321972 0.0235622972
v -0.00303039071 0.0340539701 0.0236739386
v -0.00343333464 0.0338987075 0.0242692344
v -0.00385634182 0.0342424735 0.023893198
v -0.005312216 0.034328144 0.0170212816
v -0.00540557131 0.0355069377 0.0182524417
v -0.00584075181 0.0343159139 0.0169823542
v -0.0049770046 0.0355416872 0.0183002688
v -0.00458759069 0.0359799489 0.0194851793
v -0.00505844923 0.0359584354 0.0194354169
v -0.00474901404 0.035949938 0.020539036
v -0.00422768714 0.0359496549 0.0205533449
v -0.00398033392 0.035739705 0.0214460101
v -0.00448790891 0.035779383 0.0214487091
v -0.00429494726 0.0353763178 0.022361882
v -0.00379541633 0.0353209525 0.022297265
v -0.00362271187 0.034683831 0.0232395213
v -0.00413351506 0.0346032716 0.0234132167
v -0.00385634182 0.0342424735 0.023893198
v -0.00334391696 0.0343321972 0.0235622972
v 0.00739075523 0.0242455788 0.00802721642
v 0.00739869149 0.0269479882 0.00802694168
v 0.00701526972 0.0269510858 0.00799854286
v 0.00659134611 0.0242434442 0.00802626461
v 0.00659536384 0.0269009806 0.0080986172
v 0.00461835507 0.0331083126 0.0241147745
v 0.00377403549 0.033938732 0.0242668521
v 0.00424926635 0.0342317969 0.0238756314
v 0.00417888863 0.0329629704 0.0245216396
v 0.0033464646 0.0329195149 0.0247958563
v 0.00308351684 0.0338153616 0.0244800374
v 0.00498665916 0.0333250612 0.0235811807
v 0.00465866923 0.0353763178 0.022361882
v 0.005249565 0.0337584987 0.0224016067
v 0.00451430213 0.0345839746 0.0234084073
v 0.00424926635 0.0342317969 0.0238756314
v 0.00461835507 0.0331083126 0.0241147745
v 0.00652113231 0.0280584898 0.010095573
v 0.00708765117 0.0280552674 0.0100864908
v 0.00709584774 0.0281644575 0.010508175
v 0.00651242724 0.0281706192 0.0105284546
v 0.00649773097 0.0283996519 0.0112179574
v 0.00709860958 0.0283945892 0.0111648021
v 0.00710397121 0.0287463367 0.0118812574
v 0.00648150314 0.0287648309 0.0119661102
v 0.00745184813 0.0272685159 0.00987420324
v 0.00746259373 0.0273714345 0.0103379106
v 0.00709584774 0.0281644575 0.010508175
v 0.00708765117 0.0280552674 0.0100864908
v 0.0074496828 0.0270337723 0.00843908731
v 0.00708275847 0.0277869739 0.00885136146
v 0.00706628291 0.0276332367 0.0085331006
v 0.00705122994 0.0273364056 0.00825603306
v 0.00652389741 0.0277860072 0.00885765068
v 0.00708765117 0.0280552674 0.0100864908
v 0.00652113231 0.0280584898 0.010095573
v 0.00708275847 0.0277869739 0.00885136146
v 0.00706628291 0.0276332367 0.0085331006
v 0.00654592132 0.0276387464 0.00854588952
v -0.00616935128 0.0277936812 0.00885471795
v -0.00615741592 0.0280584954 0.0100955721
v -0.00672392827 0.0280552674 0.0100864936
v -0.00670749182 0.027796315 0.00884793513
v -0.00670256373 0.027633233 0.00853310339
v -0.00618219981 0.0276387464 0.00854588952
v -0.00460532308 0.0333499871 0.0235818736
v -0.00385634182 0.0342424735 0.023893198
v -0.00424980884 0.0331981741 0.0241114739
v -0.00413351506 0.0346032716 0.0234132167
v -0.00429494726 0.0353763178 0.022361882
v -0.00488935318 0.0337556154 0.0224011298
v 0.00559104234 0.0080979038 -0.00475596171
v 0.00706535345 0.00913955923 -0.00230940338
v 0.00592442835 0.00933072809 -0.00241400464
v 0.00704866648 0.00788558926 -0.00434334017
v 0.00551291974 0.00697379559 -0.00644018408
v 0.00675837277 0.00643888442 -0.00571511965
v 0.00543727726 0.00227846135 -0.00585528603
v 0.00649735518 0.00436212076 -0.00518192025
v 0.00587346312 0.00479873875 -0.00590021815
v 0.00601912057 0.002137637 -0.00536811119
v 0.00569141237 -0.000309209805 -0.00555433007
v 0.00523413764 -0.000275244704 -0.00594510324
v 0.00564818131 -0.00292263506 -0.00548290461
v 0.00525327632 -0.00293474668 -0.0058640358
v 0.00475420244 0.00238667475 -0.00615455862
v 0.00587346312 0.00479873875 -0.00590021815
v 0.00494570471 0.00517074345 -0.00625565276
v 0.00543727726 0.00227846135 -0.00585528603
v 0.00523413764 -0.000275244704 -0.00594510324
v 0.00461206771 -0.000231966973 -0.00623551104
v 0.00525327632 -0.00293474668 -0.0058640358
v 0.00468951976 -0.00291883457 -0.00619260548
v 0.00339797605 -0.000231966973 -0.00623551104
v 0.00325584156 0.00238667475 -0.00615455862
v 0.00675837277 0.00643888442 -0.00571511965
v 0.00551291974 0.00697379559 -0.00644018408
v 0.00494570471 0.00517074345 -0.00625565276
v 0.00587346312 0.00479873875 -0.00590021815
v 0.00617321022 0.0101694008 -0.000846495619
v 0.00592442835 0.00933072809 -0.00241400464
v 0.00706535345 0.00913955923 -0.00230940338
v 0.00711066229 0.0100965258 -0.000601353648
v 0.00626915554 0.0108634615 0.000384111394
v 0.00698017655 0.0108552715 0.000498538022
v 0.00644573197 0.0115107102 0.00141706469
v 0.00681386469 0.0115020555 0.00149619102
v 0.00641107233 0.0119507313 0.00224718079
v 0.00635654619 0.0120303314 0.00252412306
v 0.00519375317 -0.00529428013 -0.00565814227
v 0.00525327632 -0.00293474668 -0.0058640358
v 0.00468951976 -0.00291883457 -0.00619260548
v 0.00466403691 -0.00533425808 -0.00594187481
v 0.00334600685 -0.00533425808 -0.00594187481
v 0.003320524 -0.00291883457 -0.00619260548
v 0.00337697379 -0.00735446904 -0.00525515806
v 0.0046330695 -0.00735446904 -0.00525515806
v 0.00509959226 -0.00722002471 -0.00508998148
v 0.00450944435 -0.00864986889 -0.00410370575
v 0.00506236823 -0.00846131332 -0.00390657643
v 0.00350059988 -0.00864986889 -0.00410370575
v 0.00291045173 -0.00722002471 -0.00508998148
v 0.00294767483 -0.00846131332 -0.00390657643
v 0.0051300507 -0.00909281243 -0.00194848771
v 0.00533526903 -0.00828901771 -0.00374123803
v 0.00506236823 -0.00846131332 -0.00390657643
v 0.00532814534 -0.0088483952 -0.00180439942
v 0.00523533765 -0.00892277248 -0.00101555826
v 0.0050248527 -0.00915831514 -0.00117279286
v 0.00536985788 -0.00817296933 -0.000382838247
v 0.00539746881 -0.00828426331 -0.00155682804
v 0.00531269284 -0.00764862029 0.000201284885
v 0.00542824622 -0.00781661458 -0.00329910498
v 0.00540668238 -0.00711331842 -0.00488288607
v 0.00552821439 -0.00697477814 -0.0042461846
v 0.00536387693 -0.00753941061 -0.00014867782
v 0.00547238952 -0.0056267879 0.00122376438
v 0.00504484959 -0.00721358275 -0.000676298107
v 0.00473302184 -0.00754777435 -0.00191745756
v 0.00465926854 -0.00706439978 -0.000834522245
v 0.00541611528 -0.00554857263 0.000874960388
v 0.00563527225 -0.00372400763 0.00236769672
v 0.00515530352 -0.00545184594 0.000418941956
v 0.00556266494 -0.00356961251 0.00192400452
v 0.00507209031 -0.00333270547 0.00118747237
v 0.00252868584 0.00502920849 0.00221631769
v 0.00329100015 0.00454457058 0.00203526486
v 0.00326793781 0.00458221417 0.00084580417
v 0.00230581989 0.00536694052 0.00122648233
v 0.00175434106 0.00615891675 0.000687508553
v 0.00465926854 -0.00706439978 -0.000834522245
v 0.00504484959 -0.00721358275 -0.000676298107
v 0.00515530352 -0.00545184594 0.000418941956
v 0.00457923533 -0.00540650822 0.000105071063
v 0.00507209031 -0.00333270547 0.00118747237
v 0.00462988485 -0.00317001343 0.000885949121
v 0.00526471715 -0.00127737515 0.00222378247
v 0.00523978006 -0.0002455473 0.00256773224
v 0.00465836329 -0.000389060966 0.00210765842
v 0.00462857215 -0.00127325056 0.00173078536
v 0.00462988485 -0.00317001343 0.000885949121
v 0.00507209031 -0.00333270547 0.00118747237
v 0.00652862666 0.00927324966 0.00102067948
v 0.00657889945 0.0102155758 0.00146003242
v 0.00704322429 0.0105048697 0.00118484022
v 0.00707056141 0.0094447732 0.000548672688
v 0.00619574636 0.00816018321 0.00113839388
v 0.00695126178 0.00815096404 0.000759105664
v 0.00583148841 0.00680948002 0.00169008726
v 0.00629443349 0.00659162505 0.00122802018
v 0.00314845797 -0.0059693479 -0.00361952535
v 0.00484819524 -0.00687290635 -0.00352024776
v 0.00316184876 -0.00687290635 -0.00352024776
v 0.00484511862 -0.0059836721 -0.0036062072
v 0.00328007876 -0.00374351977 -0.00288863899
v 0.00472996524 -0.00374351977 -0.00288863899
v 0.004542029 0.000748739229 0.00248286012
v 0.00427602278 0.000757994654 0.00251873489
v 0.00421449216 0.000679631194 0.00217405078
v 0.0045307409 0.000306420319 0.00208271015
v 0.00421690196 0.000503220537 0.00314190611
v 0.0037931418 0.000503220537 0.00314190611
v 0.00379487383 0.000679240213 0.00217493041
v 0.00346801523 0.000748739229 0.00248286012
v 0.00347930309 0.000306420319 0.00208271015
v 0.00373402121 0.000757994654 0.00251873489
v 0.003489319 0.00351434224 0.00300531625
v 0.00384913431 0.00331274024 0.00301503646
v 0.00416090945 0.00331274024 0.00301503646
v 0.00452072453 0.00351434224 0.00300531625
v 0.00352232158 -0.00923531502 -0.000385117513
v 0.00456117745 -0.00940689072 -0.00129273417
v 0.00344886654 -0.00940689072 -0.00129273417
v 0.00449038669 -0.0092345234 -0.000385224819
v 0.00349452137 -0.00892973877 0.000305743219
v 0.00480329618 -0.00910898671 -0.000423026067
v 0.0050248527 -0.00915831514 -0.00117279286
v 0.00486526778 -0.00885601062 2.7284621E-05
v 0.00523533765 -0.00892277248 -0.00101555826
v 0.00451552216 -0.00892973877 0.000305743219
v 0.0034692192 -0.00830969773 0.00111082557
v 0.00500126602 -0.00816614088 0.000776476867
v 0.0045408248 -0.00830969773 0.00111082557
v 0.00517754909 0.000177512164 0.00565649476
v 0.00482461788 0.000146079066 0.00599808572
v 0.00453074556 0.00129444594 0.00660141464
v 0.00508842943 0.00193259714 0.00631758198
v 0.00393515266 0.00129909988 0.00672721723
v 0.00495344447 -0.00453752046 0.00362510909
v 0.00462559611 -0.00451995386 0.00399840809
v 0.00482579693 -0.00157188892 0.00530148018
v 0.00517822802 -0.00157213688 0.00493633747
v 0.00563039305 -0.00157035829 0.00434155436
v 0.00543718319 -0.0040074205 0.00329784397
v 0.0045880354 0.000996398856 0.00267519476
v 0.00427602278 0.000757994654 0.00251873489
v 0.004542029 0.000748739229 0.00248286012
v 0.00428704731 0.00107944966 0.00276458263
v 0.00463801948 0.00212790002 0.00309840683
v 0.00433482742 0.00216619973 0.00306141842
v 0.00463675009 -0.00600913493 0.00283997296
v 0.00495344447 -0.00453752046 0.00362510909
v 0.00543718319 -0.0040074205 0.00329784397
v 0.00528317923 -0.00586517807 0.00223227497
v 0.00460553449 -0.00773207657 0.00160077086
v 0.0050464985 -0.00770359021 0.00120826962
v 0.00547238952 -0.0056267879 0.00122376438
v 0.00563527225 -0.00372400763 0.00236769672
v 0.00531269284 -0.00764862029 0.000201284885
v 0.00536985788 -0.00817296933 -0.000382838247
v 0.00500126602 -0.00816614088 0.000776476867
v 0.00523533765 -0.00892277248 -0.00101555826
v 0.00486526778 -0.00885601062 2.7284621E-05
v 0.0050464985 -0.00770359021 0.00120826962
v 0.00500126602 -0.00816614088 0.000776476867
v 0.0045408248 -0.00830969773 0.00111082557
v 0.00460553449 -0.00773207657 0.00160077086
v 0.00340450928 -0.00773207657 0.00160077086
v 0.0034692192 -0.00830969773 0.00111082557
v 0.0033732939 -0.00600913493 0.00283997296
v 0.00463675009 -0.00600913493 0.00283997296
v 0.00398719357 -0.00499329064 0.0037200402
v 0.00495344447 -0.00453752046 0.00362510909
v 0.00450351229 -0.00413122633 0.00430453289
v 0.00436727749 -0.00390056125 0.00371489278
v 0.00446140161 -0.00141714572 0.00481790071
v 0.00460193167 -0.00159811496 0.00526964199
v 0.00449197739 -0.00435583107 0.00423793308
v 0.00470872922 -0.0016184377 0.00535943033
v 0.00400502188 -0.00442389958 0.00416347012
v 0.00436727749 -0.00390056125 0.00371489278
v 0.00450351229 -0.00413122633 0.00430453289
v 0.00400344469 -0.00415332289 0.00358084193
v 0.00350322714 -0.00413296232 0.00430634478
v 0.0036427665 -0.00390056125 0.00371489278
v 0.00460193167 -0.00159811496 0.00526964199
v 0.00446140161 -0.00141714572 0.00481790071
v 0.00448272657 0.000284018519 0.00558797363
v 0.00458850712 0.000156712529 0.0059729456
v 0.00470872922 -0.0016184377 0.00535943033
v 0.00435880525 0.00117545598 0.00634047482
v 0.00470477995 0.000106515879 0.00609140517
v 0.00440369872 0.00101883407 0.00656400668
v 0.00444565387 0.00105798244 0.00659477478
v 0.00517822802 -0.00157213688 0.00493633747
v 0.00482579693 -0.00157188892 0.00530148018
v 0.00482461788 0.000146079066 0.00599808572
v 0.00517754909 0.000177512164 0.00565649476
v 0.00563039305 -0.00157035829 0.00434155436
v 0.00569579983 0.000268354401 0.00505724177
v 0.00508842943 0.00193259714 0.00631758198
v 0.00558603974 0.00208196626 0.00585979456
v 0.00579235656 0.000389227847 0.00451411726
v 0.00584771717 0.00206385134 0.00510875229
v 0.00579764368 -0.00149568077 0.00350687257
v 0.00563527225 -0.00372400763 0.00236769672
v 0.00543718319 -0.0040074205 0.00329784397
v 0.00470872922 -0.0016184377 0.00535943033
v 0.00455778278 -0.00438903319 0.00414499035
v 0.00449197739 -0.00435583107 0.00423793308
v 0.00474658795 -0.00161160948 0.00535947317
v 0.00470477995 0.000106515879 0.00609140517
v 0.00476609822 0.000118775366 0.00606441731
v 0.00444565387 0.00105798244 0.00659477478
v 0.00445535965 0.00111608021 0.00660948269
v 0.00482461788 0.000146079066 0.00599808572
v 0.00453074556 0.00129444594 0.00660141464
v 0.00474658795 -0.00161160948 0.00535947317
v 0.00462559611 -0.00451995386 0.00399840809
v 0.00455778278 -0.00438903319 0.00414499035
v 0.00482579693 -0.00157188892 0.00530148018
v 0.00476609822 0.000118775366 0.00606441731
v 0.00482461788 0.000146079066 0.00599808572
v 0.00400194619 -0.00465174206 0.00410001725
v 0.00450351229 -0.00413122633 0.00430453289
v 0.00449197739 -0.00435583107 0.00423793308
v 0.00400502188 -0.00442389958 0.00416347012
v 0.00351805612 -0.00435580732 0.0042379424
v 0.00350322714 -0.00413296232 0.00430634478
v 0.00355449063 0.0010872602 0.00807391759
v 0.00445555337 0.0010872602 0.00807391759
v 0.00485104322 0.00138363359 0.00750643946
v 0.00315900077 0.00138363359 0.00750643946
v 0.00384913431 0.00331274024 0.00301503646
v 0.00375357922 0.0019696427 0.00380827417
v 0.00381861906 0.00304767117 0.00375003321
v 0.00365950982 0.002164979 0.00306315185
v 0.00380563247 0.000805373187 0.00336690666
v 0.00372299668 0.00107944966 0.00276458263
v 0.0037931418 0.000503220537 0.00314190611
v 0.00373402121 0.000757994654 0.00251873489
v 0.003489319 0.00351434224 0.00300531625
v 0.00337202428 0.00212790002 0.00309840683
v 0.00365950982 0.002164979 0.00306315185
v 0.00384913431 0.00331274024 0.00301503646
v 0.00287999329 -0.00909281243 -0.00194848771
v 0.00294767483 -0.00846131332 -0.00390657643
v 0.00267477497 -0.00828901771 -0.00374123803
v 0.00268189842 -0.0088483952 -0.00180439942
v 0.00277470634 -0.00892277248 -0.00101555826
v 0.0029851913 -0.00915831514 -0.00117279286
v 0.00264018588 -0.00817296933 -0.000382838247
v 0.00262600766 -0.00818539597 -0.00128759141
v 0.0026918489 -0.00764450058 0.000194847584
v 0.00258179777 -0.00781661458 -0.00329910498
v 0.00260336162 -0.00711331842 -0.00488288607
v 0.00248183007 -0.00697477814 -0.0042461846
v 0.00292047672 -0.00776136387 -0.00185429573
v 0.0026461673 -0.00753941061 -0.00014867782
v 0.00253765448 -0.0056267879 0.00122376438
v 0.00295292959 -0.00722038746 -0.000669579487
v 0.00259392848 -0.00554857263 0.000874960388
v 0.00237477175 -0.00372400763 0.00236769672
v 0.00285474048 -0.00545184594 0.000418941956
v 0.00244737975 -0.00356961251 0.00192400452
v 0.00293795345 -0.00333270547 0.00118747237
v 0.00294767483 -0.00846131332 -0.00390657643
v 0.00291045173 -0.00722002471 -0.00508998148
v 0.00260336162 -0.00711331842 -0.00488288607
v 0.00267477497 -0.00828901771 -0.00374123803
v 0.00248183007 -0.00697477814 -0.0042461846
v 0.0024852932 -0.00529729342 -0.00537278876
v 0.00242929463 -0.0055811787 -0.00448107952
v 0.00236186269 -0.00292263506 -0.00548290461
v 0.00233869557 -0.00320882304 -0.00426172465
v 0.00314845797 -0.0059693479 -0.00361952535
v 0.00316184876 -0.00687290635 -0.00352024776
v 0.00258179777 -0.00781661458 -0.00329910498
v 0.00320963073 -0.00740942452 -0.002881906
v 0.00280641858 -0.00529332133 -0.0056513953
v 0.00291045173 -0.00722002471 -0.00508998148
v 0.00337697379 -0.00735446904 -0.00525515806
v 0.00334600685 -0.00533425808 -0.00594187481
v 0.003320524 -0.00291883457 -0.00619260548
v 0.00276655308 -0.00293505192 -0.00587153202
v 0.00291045173 -0.00722002471 -0.00508998148
v 0.0024852932 -0.00529729342 -0.00537278876
v 0.00260336162 -0.00711331842 -0.00488288607
v 0.00280641858 -0.00529332133 -0.0056513953
v 0.00276655308 -0.00293505192 -0.00587153202
v 0.00236186269 -0.00292263506 -0.00548290461
v 0.00384913431 0.00331274024 0.00301503646
v 0.00381861906 0.00304767117 0.00375003321
v 0.0041914247 0.00304767117 0.00375003321
v 0.00416090945 0.00331274024 0.00301503646
v 0.00428704731 0.00107944966 0.00276458263
v 0.00421690196 0.000503220537 0.00314190611
v 0.00427602278 0.000757994654 0.00251873489
v 0.00420441153 0.000805373187 0.00336690666
v 0.00433482742 0.00216619973 0.00306141842
v 0.00425768597 0.00200848095 0.00381920557
v 0.00416090945 0.00331274024 0.00301503646
v 0.0041914247 0.00304767117 0.00375003321
v 0.00236186269 -0.00292263506 -0.00548290461
v 0.00276655308 -0.00293505192 -0.00587153202
v 0.00277590635 -0.000275244704 -0.00594510324
v 0.00231863139 -0.000309209805 -0.00555433007
v 0.00257276651 0.00227846135 -0.00585528603
v 0.00199092389 0.002137637 -0.00536811119
v 0.00151268835 0.00436212076 -0.00518192025
v 0.00213658088 0.00479874108 -0.00590021815
v 0.0045307409 0.000306420319 0.00208271015
v 0.00421449216 0.000679631194 0.00217405078
v 0.00379487383 0.000679240213 0.00217493041
v 0.00347930309 0.000306420319 0.00208271015
v 0.00462988485 -0.00317001343 0.000885949121
v 0.00338147162 -0.00127325056 0.00173078536
v 0.00338015915 -0.00317001343 0.000885949121
v 0.00462857215 -0.00127325056 0.00173078536
v 0.00465836329 -0.000389060966 0.00210765842
v 0.00335196895 -0.000383934967 0.00210703141
v 0.0045307409 0.000306420319 0.00208271015
v 0.00347930309 0.000306420319 0.00208271015
v 0.00314477668 -0.00885601062 2.7284621E-05
v 0.0029851913 -0.00915831514 -0.00117279286
v 0.00277470634 -0.00892277248 -0.00101555826
v 0.00320674758 -0.00910898671 -0.000423026067
v 0.00344886654 -0.00940689072 -0.00129273417
v 0.00352232158 -0.00923531502 -0.000385117513
v 0.00349452137 -0.00892973877 0.000305743219
v 0.00300877797 -0.00816614088 0.000776476867
v 0.0034692192 -0.00830969773 0.00111082557
v 0.00322453957 -0.00121046545 -0.00228711125
v 0.00472996524 -0.00374351977 -0.00288863899
v 0.00328007876 -0.00374351977 -0.00288863899
v 0.00478550419 -0.00121046545 -0.00228711125
v 0.00315708807 0.000517897599 -0.00191439153
v 0.0048529557 0.000517897599 -0.00191439153
v 0.00308080856 0.00256216526 -0.00138587947
v 0.00492923567 0.00256216526 -0.00138587947
v 0.00342200859 0.000996398856 0.00267519476
v 0.00346801523 0.000748739229 0.00248286012
v 0.00373402121 0.000757994654 0.00251873489
v 0.00372299668 0.00107944966 0.00276458263
v 0.00337202428 0.00212790002 0.00309840683
v 0.00365950982 0.002164979 0.00306315185
v 0.00320963073 -0.00740942452 -0.002881906
v 0.00480041327 -0.00740942452 -0.002881906
v 0.00473302184 -0.00754777435 -0.00191745756
v 0.00327702216 -0.00754777435 -0.00191745756
v 0.00465926854 -0.00706439978 -0.000834522245
v 0.00335077522 -0.00706439978 -0.000834522245
v 0.00296354527 -0.00770359021 0.00120826717
v 0.00340450928 -0.00773207657 0.00160077086
v 0.0034692192 -0.00830969773 0.00111082557
v 0.00300877797 -0.00816614088 0.000776476867
v 0.000943680992 0.0100677488 -0.000583724934
v 0.00105878233 0.00815096404 0.000759105664
v 0.0010559595 0.0081133889 0.000221259586
v 0.000939482416 0.0094447732 0.000548672688
v 0.000966819527 0.0105048697 0.00118484022
v 0.00102986814 0.0108552696 0.000498538022
v 0.00109997985 0.0110382531 0.00177660934
v 0.00119849923 0.0115027996 0.00149646751
v 0.0013668203 0.0102128023 0.00153275253
v 0.001653502 0.0120303314 0.00252412306
v 0.00148781773 0.0114548514 0.00267337309
v 0.00316184876 -0.00687290635 -0.00352024776
v 0.00484819524 -0.00687290635 -0.00352024776
v 0.00480041327 -0.00740942452 -0.002881906
v 0.00320963073 -0.00740942452 -0.002881906
v 0.00216629147 0.00211329921 0.00467297062
v 0.00216232659 0.00206385134 0.00510875229
v 0.00221768743 0.000389227847 0.00451411726
v 0.00232713227 0.000423283578 0.00383963808
v 0.00337202428 0.00212790002 0.00309840683
v 0.00342200859 0.000996398856 0.00267519476
v 0.00221240032 -0.00149568077 0.00350687257
v 0.00229449617 -0.00142698758 0.0030146311
v 0.00244737975 -0.00356961251 0.00192400452
v 0.00237477175 -0.00372400763 0.00236769672
v 0.000950207701 0.00798634533 -0.00175414316
v 0.000944690662 0.00913955923 -0.00230940338
v 0.000943680992 0.0100677488 -0.000583724934
v 0.0010559595 0.0081133889 0.000221259586
v 0.00139467954 0.00570940459 -0.000825805648
v 0.00138181204 0.00518074026 -0.00187110901
v 0.000938742131 0.00741323689 -0.00361340283
v 0.00143890851 0.00440264679 -0.00285286666
v 0.00104973908 0.00621925574 -0.00499348389
v 0.00314962212 0.00389000401 -0.000451743603
v 0.00308080856 0.00256216526 -0.00138587947
v 0.00178492896 0.00306793675 -0.00320716621
v 0.00326793781 0.00458221417 0.00084580417
v 0.00175434106 0.00615891675 0.000687508553
v 0.00176722638 0.00652934052 0.00133316987
v 0.00230581989 0.00536694052 0.00122648233
v 0.00105878233 0.00815096404 0.000759105664
v 0.00252868584 0.00502920849 0.00221631769
v 0.00221335655 0.006822214 0.00167527667
v 0.00279446831 0.00581765641 0.0025583934
v 0.00276906369 0.00494807214 0.00347109069
v 0.00247173896 0.0046340297 0.00325984228
v 0.00260367384 0.00393489841 0.0047748778
v 0.00228515384 0.00357996929 0.00432936894
v 0.003489319 0.00351434224 0.00300531625
v 0.00333780888 0.00410800707 0.00258641248
v 0.000939482416 0.0094447732 0.000548672688
v 0.00174405926 0.00815760344 0.00130865572
v 0.0013773751 0.00925644394 0.0013182878
v 0.000966819527 0.0105048697 0.00118484022
v 0.0013668203 0.0102128023 0.00153275253
v 0.00340811256 -0.00159811496 0.00526964199
v 0.00352731766 0.000284018519 0.00558797363
v 0.00354864239 -0.00141714572 0.00481790071
v 0.00342153665 0.000156712529 0.0059729456
v 0.00330131454 -0.0016184377 0.00535943033
v 0.00330526405 0.000106515879 0.00609140517
v 0.0036534667 0.00117701525 0.00634123432
v 0.00360870827 0.00102043152 0.00656470051
v 0.00280229445 -0.00157065864 0.00490548601
v 0.00318542589 0.000146079066 0.00599808572
v 0.00318424683 -0.00157188892 0.00530148018
v 0.0027899039 0.00017692089 0.00561472401
v 0.00237965095 -0.00157035829 0.00434155436
v 0.00232851505 0.000258226384 0.00508160098
v 0.00292161456 0.00193259714 0.00631758198
v 0.00242400402 0.00208196626 0.00585979456
v 0.00221768743 0.000389227847 0.00451411726
v 0.00216232659 0.00206385134 0.00510875229
v 0.00221240032 -0.00149568077 0.00350687257
v 0.00237477175 -0.00372400763 0.00236769672
v 0.00257286057 -0.00400741585 0.00329784397
v 0.00326345605 -0.00161160948 0.00535947317
v 0.00345226098 -0.00438903319 0.00414499268
v 0.00338444696 -0.00451995386 0.00399841042
v 0.00318424683 -0.00157188892 0.00530148018
v 0.00324394577 0.0001187706 0.00606441824
v 0.00318542589 0.000146079066 0.00599808572
v 0.00330526405 0.000106515879 0.00609140517
v 0.00326345605 -0.00161160948 0.00535947317
v 0.00324394577 0.0001187706 0.00606441824
v 0.00330131454 -0.0016184377 0.00535943033
v 0.00345226098 -0.00438903319 0.00414499268
v 0.00351805612 -0.00435580732 0.0042379424
v 0.00356615777 0.0010595608 0.00659550074
v 0.00360870827 0.00102043152 0.00656470051
v 0.00342153665 0.000156712529 0.0059729456
v 0.00343080866 -0.00540650822 0.000105071063
v 0.00338015915 -0.00317001343 0.000885949121
v 0.00293795345 -0.00333270547 0.00118747237
v 0.00285474048 -0.00545184594 0.000418941956
v 0.00335077522 -0.00706439978 -0.000834522245
v 0.00295292959 -0.00722038746 -0.000669579487
v 0.00338015915 -0.00317001343 0.000885949121
v 0.00338147162 -0.00127325056 0.00173078536
v 0.00274532661 -0.00127737515 0.00222378247
v 0.00293795345 -0.00333270547 0.00118747237
v 0.00213658088 0.00479874108 -0.00590021815
v 0.00104973908 0.00621925574 -0.00499348389
v 0.00151268835 0.00436212076 -0.00518192025
v 0.00125167123 0.00643888442 -0.00571511965
v 0.000961377576 0.00788558926 -0.00434334017
v 0.000938742131 0.00741323689 -0.00361340283
v 0.000950207701 0.00798634533 -0.00175414316
v 0.000944690662 0.00913955923 -0.00230940338
v 0.00346801523 0.000748739229 0.00248286012
v 0.00342200859 0.000996398856 0.00267519476
v 0.00232713227 0.000423283578 0.00383963808
v 0.00277026417 -0.0002455473 0.00256773224
v 0.00347930309 0.000306420319 0.00208271015
v 0.00335196895 -0.000383934967 0.00210703141
v 0.00229449617 -0.00142698758 0.0030146311
v 0.00274532661 -0.00127737515 0.00222378247
v 0.00293795345 -0.00333270547 0.00118747237
v 0.00244737975 -0.00356961251 0.00192400452
v 0.00711066229 0.0100965258 -0.000601353648
v 0.00695408462 0.0081133889 0.000221259586
v 0.00707056141 0.0094447732 0.000548672688
v 0.00704322429 0.0105048697 0.00118484022
v 0.00698017655 0.0108552715 0.000498538022
v 0.00691006333 0.0110382531 0.00177660934
v 0.00657889945 0.0102155758 0.00146003242
v 0.00681386469 0.0115020555 0.00149619102
v 0.00650272332 0.0115355635 0.00256937742
v 0.00635654619 0.0120303314 0.00252412306
v 0.00552475033 -0.00529729342 -0.00537278876
v 0.00564818131 -0.00292263506 -0.00548290461
v 0.00525327632 -0.00293474668 -0.0058640358
v 0.00519375317 -0.00529428013 -0.00565814227
v 0.00509959226 -0.00722002471 -0.00508998148
v 0.00540668238 -0.00711331842 -0.00488288607
v 0.00506236823 -0.00846131332 -0.00390657643
v 0.00533526903 -0.00828901771 -0.00374123803
v 0.00540668238 -0.00711331842 -0.00488288607
v 0.00509959226 -0.00722002471 -0.00508998148
v 0.00552821439 -0.00697477814 -0.0042461846
v 0.00552475033 -0.00529729342 -0.00537278876
v 0.00558074936 -0.0055811787 -0.00448107952
v 0.00564818131 -0.00292263506 -0.00548290461
v 0.00567134796 -0.00320882304 -0.00426172465
v 0.00484511862 -0.0059836721 -0.0036062072
v 0.00484819524 -0.00687290635 -0.00352024776
v 0.00542824622 -0.00781661458 -0.00329910498
v 0.00480041327 -0.00740942452 -0.002881906
v 0.00587346312 0.00479873875 -0.00590021815
v 0.00649735518 0.00436212076 -0.00518192025
v 0.00696030492 0.00621925574 -0.00499348389
v 0.00675837277 0.00643888442 -0.00571511965
v 0.00704866648 0.00788558926 -0.00434334017
v 0.00707130181 0.00741323689 -0.00361340283
v 0.00706535345 0.00913955923 -0.00230940338
v 0.003320524 -0.00291883457 -0.00619260548
v 0.00468951976 -0.00291883457 -0.00619260548
v 0.00461206771 -0.000231966973 -0.00623551104
v 0.00339797605 -0.000231966973 -0.00623551104
v 0.00276655308 -0.00293505192 -0.00587153202
v 0.00277590635 -0.000275244704 -0.00594510324
v 0.00325584156 0.00238667475 -0.00615455862
v 0.00257276651 0.00227846135 -0.00585528603
v 0.00213658088 0.00479874108 -0.00590021815
v 0.00306433975 0.00517074345 -0.00625565276
v 0.00494570471 0.00517074345 -0.00625565276
v 0.00475420244 0.00238667475 -0.00615455862
v 0.00257286057 -0.00400741585 0.00329784397
v 0.00253765448 -0.0056267879 0.00122376438
v 0.00237477175 -0.00372400763 0.00236769672
v 0.00273257913 -0.0058711716 0.00224341382
v 0.0033732939 -0.00600913493 0.00283997296
v 0.00301281386 -0.00451361155 0.00359149929
v 0.00340450928 -0.00773207657 0.00160077086
v 0.00296354527 -0.00770359021 0.00120826717
v 0.0026918489 -0.00764450058 0.000194847584
v 0.00264018588 -0.00817296933 -0.000382838247
v 0.00300877797 -0.00816614088 0.000776476867
v 0.00277470634 -0.00892277248 -0.00101555826
v 0.00314477668 -0.00885601062 2.7284621E-05
v 0.00568291126 0.000423283578 0.00383963576
v 0.00463801948 0.00212790002 0.00309840683
v 0.0045880354 0.000996398856 0.00267519476
v 0.00584265217 0.00211729528 0.00464780815
v 0.00579235656 0.000389227847 0.00451411726
v 0.00584771717 0.00206385134 0.00510875229
v 0.00579764368 -0.00149568077 0.00350687257
v 0.0057127336 -0.00142017833 0.00300163263
v 0.00556266494 -0.00356961251 0.00192400452
v 0.00563527225 -0.00372400763 0.00236769672
v 0.00228515384 0.00357996929 0.00432936894
v 0.00260367384 0.00393489841 0.0047748778
v 0.00216232659 0.00206385134 0.00510875229
v 0.00216629147 0.00211329921 0.00467297062
v 0.00463801948 0.00212790002 0.00309840683
v 0.00584265217 0.00211729528 0.00464780815
v 0.00572489062 0.00357996929 0.00432936894
v 0.00452072453 0.00351434224 0.00300531625
v 0.00335077522 -0.00706439978 -0.000834522245
v 0.00465926854 -0.00706439978 -0.000834522245
v 0.00457923533 -0.00540650822 0.000105071063
v 0.00343080866 -0.00540650822 0.000105071063
v 0.00338015915 -0.00317001343 0.000885949121
v 0.00462988485 -0.00317001343 0.000885949121
v 0.003489319 0.00351434224 0.00300531625
v 0.00452072453 0.00351434224 0.00300531625
v 0.00468078023 0.00411538128 0.002584195
v 0.00333780888 0.00410800707 0.00258641248
v 0.00333780888 0.00410800707 0.00258641248
v 0.00468078023 0.00411538128 0.002584195
v 0.00471904408 0.00454457058 0.00203526486
v 0.00329100015 0.00454457058 0.00203526486
v 0.00320963073 -0.00740942452 -0.002881906
v 0.00292047672 -0.00776136387 -0.00185429573
v 0.00258179777 -0.00781661458 -0.00329910498
v 0.00327702216 -0.00754777435 -0.00191745756
v 0.00295292959 -0.00722038746 -0.000669579487
v 0.00335077522 -0.00706439978 -0.000834522245
v 0.00496360566 0.00278790947 0.0063401591
v 0.00558603974 0.00208196626 0.00585979456
v 0.00508842943 0.00193259714 0.00631758198
v 0.00512377126 0.00316672795 0.00583563093
v 0.00584771717 0.00206385134 0.00510875229
v 0.00541475415 0.00393490307 0.0047748778
v 0.00481730606 0.00229358184 0.00668315403
v 0.00496360566 0.00278790947 0.0063401591
v 0.00508842943 0.00193259714 0.00631758198
v 0.0048295497 0.00184705248 0.00666891225
v 0.00487402128 0.00161523814 0.00753374817
v 0.00485104322 0.00138363359 0.00750643946
v 0.00467276853 0.00139566895 0.00788406096
v 0.00445555337 0.0010872602 0.00807391759
v 0.00452072453 0.00351434224 0.00300531625
v 0.00416090945 0.00331274024 0.00301503646
v 0.00433482742 0.00216619973 0.00306141842
v 0.00463801948 0.00212790002 0.00309840683
v 0.00572489062 0.00357996929 0.00432936894
v 0.00584265217 0.00211729528 0.00464780815
v 0.00584771717 0.00206385134 0.00510875229
v 0.00541475415 0.00393490307 0.0047748778
v 0.00507209031 -0.00333270547 0.00118747237
v 0.00556266494 -0.00356961251 0.00192400452
v 0.0057127336 -0.00142017833 0.00300163263
v 0.00526471715 -0.00127737515 0.00222378247
v 0.00523978006 -0.0002455473 0.00256773224
v 0.00568291126 0.000423283578 0.00383963576
v 0.004542029 0.000748739229 0.00248286012
v 0.0045880354 0.000996398856 0.00267519476
v 0.0045307409 0.000306420319 0.00208271015
v 0.00465836329 -0.000389060966 0.00210765842
v 0.00452072453 0.00351434224 0.00300531625
v 0.0055383048 0.0046340297 0.00325984228
v 0.00468078023 0.00411538128 0.002584195
v 0.00572489062 0.00357996929 0.00432936894
v 0.00541475415 0.00393490307 0.0047748778
v 0.00524098007 0.00494807214 0.00347109069
v 0.00548135815 0.00502920849 0.00221631769
v 0.0052516791 0.00581627106 0.00258679385
v 0.00583148841 0.00680948002 0.00169008726
v 0.00629443349 0.00659162505 0.00122802018
v 0.00570422411 0.00536694052 0.00122648233
v 0.00622851308 0.00611842144 0.000721645367
v 0.00695408462 0.0081133889 0.000221259586
v 0.00695126178 0.00815096404 0.000759105664
v 0.00707056141 0.0094447732 0.000548672688
v 0.00661536446 0.00570940459 -0.000825805648
v 0.00474210596 0.00458221417 0.00084580417
v 0.00486042211 0.00389000401 -0.000451743603
v 0.00705983629 0.00798634533 -0.00175414316
v 0.00662823208 0.00518074259 -0.00187110901
v 0.00706535345 0.00913955923 -0.00230940338
v 0.00711066229 0.0100965258 -0.000601353648
v 0.00707130181 0.00741323689 -0.00361340283
v 0.0065742759 0.00443648314 -0.00281858677
v 0.00696030492 0.00621925574 -0.00499348389
v 0.00492923567 0.00256216526 -0.00138587947
v 0.00622511515 0.00306793675 -0.00320716621
v 0.00333780888 0.00410800707 0.00258641248
v 0.00329100015 0.00454457058 0.00203526486
v 0.00252868584 0.00502920849 0.00221631769
v 0.00247173896 0.0046340297 0.00325984228
v 0.00329100015 0.00454457058 0.00203526486
v 0.00471904408 0.00454457058 0.00203526486
v 0.00474210596 0.00458221417 0.00084580417
v 0.00326793781 0.00458221417 0.00084580417
v 0.00486042211 0.00389000401 -0.000451743603
v 0.00314962212 0.00389000401 -0.000451743603
v 0.00274532661 -0.00127737515 0.00222378247
v 0.00338147162 -0.00127325056 0.00173078536
v 0.00335196895 -0.000383934967 0.00210703141
v 0.00277026417 -0.0002455473 0.00256773224
v 0.00398719357 -0.00499329064 0.0037200402
v 0.00400283467 -0.00484397402 0.00389420032
v 0.00462559611 -0.00451995386 0.00399840809
v 0.00495344447 -0.00453752046 0.00362510909
v 0.00333727594 0.00139566895 0.00788406096
v 0.00467276853 0.00139566895 0.00788406096
v 0.00445555337 0.0010872602 0.00807391759
v 0.00355449063 0.0010872602 0.00807391759
v 0.00401056278 0.00118121621 0.00664394489
v 0.00360870827 0.00102043152 0.00656470051
v 0.00356615777 0.0010595608 0.00659550074
v 0.00401446689 0.00117483141 0.00661947951
v 0.00444565387 0.00105798244 0.00659477478
v 0.0036534667 0.00117701525 0.00634123432
v 0.00440369872 0.00101883407 0.00656400668
v 0.00401141355 0.00126575469 0.00642278884
v 0.00435880525 0.00117545598 0.00634047482
v 0.00401056278 0.00118121621 0.00664394489
v 0.00445535965 0.00111608021 0.00660948269
v 0.00444565387 0.00105798244 0.00659477478
v 0.00400546519 0.00121337886 0.00668441644
v 0.00356615777 0.0010595608 0.00659550074
v 0.00453074556 0.00129444594 0.00660141464
v 0.0035489928 0.00113011838 0.00661000609
v 0.00393515266 0.00129909988 0.00672721723
v 0.0034794223 0.00129386422 0.00660142396
v 0.00400194619 -0.00465174206 0.00410001725
v 0.00345226098 -0.00438903319 0.00414499268
v 0.00351805612 -0.00435580732 0.0042379424
v 0.00400268566 -0.00470073195 0.00403709896
v 0.00449197739 -0.00435583107 0.00423793308
v 0.00455778278 -0.00438903319 0.00414499035
v 0.00400268566 -0.00470073195 0.00403709896
v 0.00338444696 -0.00451995386 0.00399841042
v 0.00345226098 -0.00438903319 0.00414499268
v 0.00400283467 -0.00484397402 0.00389420032
v 0.00455778278 -0.00438903319 0.00414499035
v 0.00462559611 -0.00451995386 0.00399840809
v 0.0031927377 0.00229358184 0.00668315403
v 0.00481730606 0.00229358184 0.00668315403
v 0.00487402128 0.00161523814 0.00753374817
v 0.00313602271 0.00161523814 0.00753374817
v 0.00467276853 0.00139566895 0.00788406096
v 0.00333727594 0.00139566895 0.00788406096
v 0.00125167123 0.00643888442 -0.00571511965
v 0.00213658088 0.00479874108 -0.00590021815
v 0.00306433975 0.00517074345 -0.00625565276
v 0.00244389521 0.0068882918 -0.00635137782
v 0.00551291974 0.00697379559 -0.00644018408
v 0.00494570471 0.00517074345 -0.00625565276
v 0.000961377576 0.00788558926 -0.00434334017
v 0.00125167123 0.00643888442 -0.00571511965
v 0.00244389521 0.0068882918 -0.00635137782
v 0.00240208977 0.00791857671 -0.00462754956
v 0.00338671566 -0.0093845129 -0.00208468433
v 0.00294767483 -0.00846131332 -0.00390657643
v 0.00287999329 -0.00909281243 -0.00194848771
v 0.00350059988 -0.00864986889 -0.00410370575
v 0.00450944435 -0.00864986889 -0.00410370575
v 0.00462332834 -0.0093845129 -0.00208468433
v 0.00344886654 -0.00940689072 -0.00129273417
v 0.00506236823 -0.00846131332 -0.00390657643
v 0.00456117745 -0.00940689072 -0.00129273417
v 0.0051300507 -0.00909281243 -0.00194848771
v 0.0050248527 -0.00915831514 -0.00117279286
v 0.00105878233 0.00815096404 0.000759105664
v 0.00174405926 0.00815760344 0.00130865572
v 0.00221335655 0.006822214 0.00167527667
v 0.00176722638 0.00652934052 0.00133316987
v 0.0027899039 0.00017692089 0.00561472401
v 0.00292161456 0.00193259714 0.00631758198
v 0.0034794223 0.00129386422 0.00660142396
v 0.00318542589 0.000146079066 0.00599808572
v 0.00301281386 -0.00451361155 0.00359149929
v 0.00318424683 -0.00157188892 0.00530148018
v 0.00338444696 -0.00451995386 0.00399841042
v 0.00280229445 -0.00157065864 0.00490548601
v 0.00237965095 -0.00157035829 0.00434155436
v 0.00257286057 -0.00400741585 0.00329784397
v 0.00350322714 -0.00413296232 0.00430634478
v 0.00354864239 -0.00141714572 0.00481790071
v 0.0036427665 -0.00390056125 0.00371489278
v 0.00340811256 -0.00159811496 0.00526964199
v 0.00351805612 -0.00435580732 0.0042379424
v 0.00330131454 -0.0016184377 0.00535943033
v 0.00356615777 0.0010595608 0.00659550074
v 0.00330526405 0.000106515879 0.00609140517
v 0.00324394577 0.0001187706 0.00606441824
v 0.0035489928 0.00113011838 0.00661000609
v 0.00318542589 0.000146079066 0.00599808572
v 0.0034794223 0.00129386422 0.00660142396
v 0.001653502 0.0120303314 0.00252412306
v 0.00635654619 0.0120303314 0.00252412306
v 0.00650272332 0.0115355635 0.00256937742
v 0.00148781773 0.0114548514 0.00267337309
v 0.00302458345 0.00278790947 0.0063401591
v 0.00496360566 0.00278790947 0.0063401591
v 0.00481730606 0.00229358184 0.00668315403
v 0.0031927377 0.00229358184 0.00668315403
v 0.00302458345 0.00278790947 0.0063401591
v 0.00292161456 0.00193259714 0.00631758198
v 0.00242400402 0.00208196626 0.00585979456
v 0.00283003738 0.00316672795 0.00583563093
v 0.00216232659 0.00206385134 0.00510875229
v 0.00260367384 0.00393489841 0.0047748778
v 0.0031927377 0.00229358184 0.00668315403
v 0.00292161456 0.00193259714 0.00631758198
v 0.00302458345 0.00278790947 0.0063401591
v 0.0031804943 0.00184705248 0.00666891318
v 0.00313602271 0.00161523814 0.00753374817
v 0.00315900077 0.00138363359 0.00750643946
v 0.00333727594 0.00139566895 0.00788406096
v 0.00355449063 0.0010872602 0.00807391759
v 0.00301281386 -0.00451361155 0.00359149929
v 0.00338444696 -0.00451995386 0.00399841042
v 0.00400283467 -0.00484397402 0.00389420032
v 0.00398719357 -0.00499329064 0.0037200402
v 0.00472996524 -0.00374351977 -0.00288863899
v 0.00567134796 -0.00320882304 -0.00426172465
v 0.00558074936 -0.0055811787 -0.00448107952
v 0.00484511862 -0.0059836721 -0.0036062072
v 0.00478550419 -0.00121046545 -0.00228711125
v 0.00567134796 -0.00320882304 -0.00426172465
v 0.00472996524 -0.00374351977 -0.00288863899
v 0.00577370683 -0.000653328898 -0.00383854611
v 0.0048529557 0.000517897599 -0.00191439153
v 0.00594359543 0.00131202221 -0.00352987996
v 0.00492923567 0.00256216526 -0.00138587947
v 0.00622511515 0.00306793675 -0.00320716621
v 0.0065742759 0.00443648314 -0.00281858677
v 0.00696030492 0.00621925574 -0.00499348389
v 0.00649735518 0.00436212076 -0.00518192025
v 0.0020664488 0.00131202221 -0.00352987996
v 0.00151268835 0.00436212076 -0.00518192025
v 0.00178492896 0.00306793675 -0.00320716621
v 0.00199092389 0.002137637 -0.00536811119
v 0.00223633763 -0.000653328898 -0.00383854611
v 0.00231863139 -0.000309209805 -0.00555433007
v 0.00233869557 -0.00320882304 -0.00426172465
v 0.00236186269 -0.00292263506 -0.00548290461
v 0.00178492896 0.00306793675 -0.00320716621
v 0.00151268835 0.00436212076 -0.00518192025
v 0.00104973908 0.00621925574 -0.00499348389
v 0.00143890851 0.00440264679 -0.00285286666
v 0.00308080856 0.00256216526 -0.00138587947
v 0.0020664488 0.00131202221 -0.00352987996
v 0.00315708807 0.000517897599 -0.00191439153
v 0.00223633763 -0.000653328898 -0.00383854611
v 0.00322453957 -0.00121046545 -0.00228711125
v 0.00233869557 -0.00320882304 -0.00426172465
v 0.00328007876 -0.00374351977 -0.00288863899
v 0.00567134796 -0.00320882304 -0.00426172465
v 0.00569141237 -0.000309209805 -0.00555433007
v 0.00564818131 -0.00292263506 -0.00548290461
v 0.00577370683 -0.000653328898 -0.00383854611
v 0.00601912057 0.002137637 -0.00536811119
v 0.00594359543 0.00131202221 -0.00352987996
v 0.00649735518 0.00436212076 -0.00518192025
v 0.00622511515 0.00306793675 -0.00320716621
v 0.00337202428 0.00212790002 0.00309840683
v 0.003489319 0.00351434224 0.00300531625
v 0.00228515384 0.00357996929 0.00432936894
v 0.00216629147 0.00211329921 0.00467297062
v 0.00328007876 -0.00374351977 -0.00288863899
v 0.00314845797 -0.0059693479 -0.00361952535
v 0.00242929463 -0.0055811787 -0.00448107952
v 0.00233869557 -0.00320882304 -0.00426172465
v 0.00468078023 0.00411538128 0.002584195
v 0.0055383048 0.0046340297 0.00325984228
v 0.00548135815 0.00502920849 0.00221631769
v 0.00471904408 0.00454457058 0.00203526486
v 0.00474210596 0.00458221417 0.00084580417
v 0.00570422411 0.00536694052 0.00122648233
v 0.00622851308 0.00611842144 0.000721645367
v 0.00480041327 -0.00740942452 -0.002881906
v 0.00542824622 -0.00781661458 -0.00329910498
v 0.00539746881 -0.00828426331 -0.00155682804
v 0.00473302184 -0.00754777435 -0.00191745756
v 0.0029851913 -0.00915831514 -0.00117279286
v 0.00344886654 -0.00940689072 -0.00129273417
v 0.00338671566 -0.0093845129 -0.00208468433
v 0.00287999329 -0.00909281243 -0.00194848771
v 0.00662846863 0.0160688013 0.00224910723
v 0.00666774716 0.0161341634 0.00610091444
v -0.000509432517 0.0164113324 0.0060767103
v 0.000380972604 0.0163269714 0.0022466206
v 0.000580528984 0.010368404 -0.00659441203
v 0.00662814965 0.0100925015 -0.00660465471
v 0.00830718502 0.0165147204 0.0109572234
v 0.00803088304 0.0166326426 0.0102190608
v 0.00802409183 0.0146102589 0.0101899942
v 0.00822916813 0.0146974968 0.0109879905
v 0.00824832451 0.0148773426 0.0112536401
v 0.00824872218 0.0163337849 0.0112896841
v 0.00830718502 0.0165147204 0.0109572234
v 1.61778917E-05 0.0164404493 0.0112995924
v -0.000447850209 0.0168874785 0.0110489726
v 0.00824872218 0.0163337849 0.0112896841
v 5.90443597E-06 0.0151105588 0.0112806512
v 0.00824832451 0.0148773426 0.0112536401
v 0.00822916813 0.0146974968 0.0109879905
v -0.000447850209 0.0146068661 0.0110260341
v 0.00830718502 0.0165147204 0.0109572234
v -0.000447850209 0.0168874785 0.0110489726
v -0.000512194645 0.0168911908 0.010332386
v 0.00803088304 0.0166326426 0.0102190608
v 0.00662814965 0.0100925015 -0.00660465471
v 0.000580528984 0.010368404 -0.00659441203
v 0.00037911773 0.0065295957 -0.00660465471
v 0.0066281613 0.00684125628 -0.00660465471
v -0.00466897245 0.0340962335 0.00825881306
v -0.00462039234 0.0230820738 0.00740385382
v -0.00480455486 0.0230658017 0.00765796052
v -0.00477868784 0.0340502225 0.00825148448
v -0.000447850209 0.0168874785 0.0110489726
v -0.000447850209 0.0146068661 0.0110260341
v -0.000512194645 0.0144023132 0.0102694994
v -0.000512194645 0.0168911908 0.010332386
v -0.00373124587 0.0293039363 -0.00565031264
v -0.00627048733 0.0292848721 -0.00564290257
v -0.00626978138 0.0275637042 -0.00613384461
v -0.0037318347 0.0276114903 -0.00614160765
v -0.0110273855 0.0209179223 0.00325617543
v -0.011263323 0.0212790668 0.0032636309
v -0.0111730453 0.0212921444 0.00346237654
v -0.0111502241 0.0209800769 0.00309097767
v -0.011078489 0.0207725205 0.00276512606
v -0.010931449 0.0206476692 0.0028458715
v -0.0111461971 0.0213463083 0.00304365158
v -0.01141751 0.0216373447 0.00318302633
v -0.0112578394 0.0216113999 0.00298983091
v -0.0110601634 0.0211256575 0.0029218744
v -0.0110036898 0.0209691189 0.00268300041
v -0.0110371327 0.0206611454 0.0023844433
v -0.0109773064 0.020890357 0.00239971629
v -0.0110018635 0.0209470838 0.00212658173
v -0.01106482 0.0207329392 0.00200971123
v -0.0111920573 0.0210509971 0.00173280714
v -0.0110918405 0.0211783312 0.00191916467
v -0.0112038488 0.0214667525 0.00185722823
v -0.0110842083 0.0210049767 0.00153926841
v -0.0109272618 0.0206085369 0.00189853192
v -0.0113406302 0.0214448683 0.00163770199
v -0.0112729808 0.0215017572 0.00143379206
v -0.0114216395 0.0218755472 0.0016761088
v -0.0114631671 0.0217410605 0.00184342382
v -0.0112916492 0.0216875114 0.00200052257
v -0.0115418667 0.0219224207 0.00220432272
v -0.0115228649 0.0221169721 0.00213245396
v -0.0115661761 0.0222148094 0.00261960737
v -0.011575615 0.0220076349 0.00258652214
v -0.0115397023 0.0219276585 0.00293676136
v -0.0115229366 0.0221070647 0.00305266841
v -0.00373001816 0.034554854 0.00273658754
v -0.00372912642 0.0345046781 0.00456230622
v -0.00626963144 0.0345069505 0.00476842886
v -0.00626961933 0.0345582515 0.00284017087
v -0.00626960723 0.0345255733 0.00075520511
v -0.0038298117 0.0345631801 0.000619058614
v -0.00616940018 0.0345675759 0.000620222068
v -0.0038298117 0.0334768482 -0.00145478244
v -0.00616938807 0.0334828831 -0.0014536524
v -0.00616937503 0.0324719958 -0.003386433
v -0.0038298117 0.032464508 -0.00338737248
v -0.00297810556 0.03421304 0.00712174643
v -0.00334591512 0.0340656042 0.00737188337
v -0.00330370665 0.031225957 0.00783292484
v -0.00262374757 0.031477306 0.00726257171
v -0.00249481085 0.0341824517 0.00688875886
v -0.00190101855 0.0342053249 0.00659625977
v -0.00156847946 0.031676501 0.00654295785
v -0.00120424025 0.0341463611 0.00638554338
v 0.0001772213 0.0340827256 0.00629710918
v 0.000816447719 0.0317756012 0.00648221839
v 0.00134652853 0.0341691375 0.00642687082
v 0.00235828385 0.0342368968 0.00675740605
v 0.00275587966 0.0317356773 0.00701831933
v 0.00310665253 0.0341642164 0.00727441907
v -0.00330370665 0.031225957 0.00783292484
v -0.00329339388 0.0345006846 0.00456242543
v -0.00329935667 0.0345153473 0.0027382588
v -0.00334591512 0.0340656042 0.00737188337
v 0.00375916762 0.0342416577 0.00776071055
v 0.00449210452 0.0342416577 0.00817540009
v 0.00442891708 0.0342416577 0.00867150724
v 0.00368077634 0.0342495665 0.00806617457
v 0.00304792752 0.0341868997 0.00754073123
v 0.00310665253 0.0341642164 0.00727441907
v -0.0119581698 0.0214003269 0.0004852438
v -0.0117203211 0.0207150485 -0.000547811971
v -0.0113642067 0.0207488481 -0.000329670904
v -0.0115510868 0.0213160533 0.000659232144
v -0.0117655946 0.0218499154 0.00212291954
v -0.0121839214 0.0219819825 0.00202264055
v 0.00822916813 0.0146974968 0.0109879905
v 0.00802409183 0.0146102589 0.0101899942
v -0.000512194645 0.0144023132 0.0102694994
v -0.000447850209 0.0146068661 0.0110260341
v -0.00203725323 0.0370148458 0.0140607823
v -0.00202199211 0.0366495885 0.0144438809
v -0.0030966294 0.0359602422 0.0138100181
v -0.00290648453 0.0362580158 0.0136120105
v -0.0108857295 0.0205131974 0.00236087549
v -0.011078489 0.0207725205 0.00276512606
v -0.010931449 0.0206476692 0.0028458715
v -0.0110371327 0.0206611454 0.0023844433
v -0.01106482 0.0207329392 0.00200971123
v -0.0109272618 0.0206085369 0.00189853192
v 0.00444844132 0.0339061134 0.00817242358
v 0.00426436728 0.0316567495 0.00814956147
v 0.00460277079 0.0318102315 0.0078660436
v 0.0045288736 0.0339797884 0.00793973636
v -0.00337840547 0.0342056751 0.0075403857
v -0.00357067934 0.0342274532 0.00753990375
v -0.00368771073 0.0341132171 0.00748023018
v -0.00334591512 0.0340656042 0.00737188337
v -0.00367974862 0.034251824 0.00822839607
v -0.00386288273 0.0341895521 0.00814906601
v -0.00418407423 0.0342416577 0.0085509466
v -0.00357067934 0.0342274532 0.00753990375
v -0.00451243855 0.0342416577 0.00832281541
v -0.00396131724 0.0340980813 0.00802897569
v -0.00368771073 0.0341132171 0.00748023018
v -0.00466897245 0.0340962335 0.00825881306
v -0.00329935667 0.0345153473 0.0027382588
v -0.00329339388 0.0345006846 0.00456242543
v -0.00372912642 0.0345046781 0.00456230622
v -0.00373001816 0.034554854 0.00273658754
v -0.00330181001 0.0333423652 -0.00138007163
v -0.0038298117 0.0334768482 -0.00145478244
v -0.0038298117 0.032464508 -0.00338737248
v -0.00330772996 0.0322755426 -0.00316246273
v -0.0113813682 0.0198202264 0.00136787177
v -0.0110838721 0.0200377442 2.68506992E-05
v -0.0113246245 0.019703459 -6.76965719E-05
v -0.0111230249 0.0202396009 0.00134258741
v -0.0112999799 0.0207122751 0.00294253812
v -0.0115712835 0.0202993564 0.00305228238
v -0.0114631671 0.0217410605 0.00184342382
v -0.0113492729 0.021827383 0.00226448523
v -0.0112916492 0.0216875114 0.00200052257
v -0.0115418667 0.0219224207 0.00220432272
v -0.011575615 0.0220076349 0.00258652214
v -0.0113747856 0.0218852777 0.00254903082
v -0.0113486908 0.0218219012 0.00280519482
v -0.0115397023 0.0219276585 0.00293676136
v -0.01141751 0.0216373447 0.00318302633
v -0.0112578394 0.0216113999 0.00298983091
v -0.0115018291 0.0212526266 0.00431703078
v -0.0114730233 0.0207817405 0.00268867007
v -0.0112999799 0.0207122751 0.00294253812
v -0.0115264626 0.0209491868 0.00293406961
v -0.0116157336 0.0211588517 0.00304932101
v -0.0117355436 0.0217690039 0.00520012854
v -0.011925091 0.0221966021 0.00535684079
v -0.0117272353 0.0214239974 0.00299550057
v -0.0118178912 0.0216345787 0.00281086448
v -0.0120062511 0.0224157926 0.00486860285
v -0.0119203068 0.0222678017 0.00365818501
v -0.0118377041 0.0216990281 0.00256695016
v -0.0118185943 0.0216400102 0.00227015256
v -0.0117655946 0.0218499154 0.00212291954
v -0.0111230249 0.0202396009 0.00134258741
v -0.0112999799 0.0207122751 0.00294253812
v -0.0114730233 0.0207817405 0.00268867007
v -0.0114458054 0.020703312 0.00240538106
v -0.0111230249 0.0202396009 0.00134258741
v -0.0114458054 0.020703312 0.00240538106
v -0.0114711281 0.0207597315 0.00213224883
v -0.0110838721 0.0200377442 2.68506992E-05
v -0.011195519 0.020267453 -0.000509843812
v -0.0115611907 0.0209909454 0.00192483421
v -0.011673281 0.0212793369 0.00186289789
v -0.0113642067 0.0207488481 -0.000329670904
v -0.0115510868 0.0213160533 0.000659232144
v -0.0117515177 0.0214939732 0.00199812418
v -0.0118185943 0.0216400102 0.00227015256
v -0.0117655946 0.0218499154 0.00212291954
v 0.00263364427 0.0211981609 0.0147154545
v 0.0031120663 0.0178288911 0.0144902728
v 0.00222728006 0.0175892953 0.0153825609
v 0.00185831066 0.0202839393 0.0151247066
v -0 0.0214353241 0.0151653429
v -0 0.0203591492 0.0153259272
v -0.0026336431 0.0211981609 0.0147154545
v -0.00185830949 0.0202839393 0.0151247066
v -0.00222727889 0.0175892953 0.0153825609
v -0.00311206584 0.0178288911 0.0144902728
v 0.0031120663 0.0178288911 0.0144902728
v 0.00339855067 0.0152683966 0.0142761087
v 0.00252439245 0.0154194301 0.0155902002
v 0.00222728006 0.0175892953 0.0153825609
v -0.0065529868 0.0183105599 0.00637051556
v -0.0068026064 0.0183470771 0.00633499259
v -0.0068536792 0.0338001065 0.00780439144
v -0.00666806195 0.0339013897 0.00785816927
v -0.00646038027 0.0339793228 0.00785900187
v -0.00626964914 0.0232054871 0.0068467306
v -0.00297698262 0.0342376679 0.00765899895
v -0.00252682669 0.0343933254 0.00746779656
v -0.00330725196 0.0344159603 0.00808282476
v -0.00248336676 0.0342108235 0.00725308526
v -0.00195389148 0.0342126526 0.00690063694
v -0.00197450514 0.0344173647 0.00708337035
v -0.00112194533 0.0344300121 0.00679411739
v -0.00121668691 0.0342170671 0.00663130172
v 0.000139353273 0.0343960524 0.0066020214
v 0.000136053553 0.0341779105 0.00645795325
v 0.00132950663 0.0342186019 0.00660988316
v 0.00138095254 0.0344013125 0.0067357826
v 0.00231272448 0.0342386104 0.00702824118
v 0.00223179325 0.0344032571 0.00709955301
v 0.00290471897 0.0345181711 0.00753758289
v 0.00304792752 0.0341868997 0.00754073123
v 0.00353583926 0.0344073921 0.0080929324
v 0.00368077634 0.0342495665 0.00806617457
v -0.00297698262 0.0342376679 0.00765899895
v -0.00330725196 0.0344159603 0.00808282476
v -0.00384947774 0.034413442 0.00869699661
v -0.00367974862 0.034251824 0.00822839607
v -0.00487998594 0.0171116162 0.01006018
v -0.00487917056 0.0170473102 0.00637997128
v -0.00634220103 0.0183236264 0.00635686982
v -0.00624755351 0.018194586 0.0100527322
v -0.0109773064 0.020890357 0.00239971629
v -0.0110018635 0.0209470838 0.00212658173
v -0.0114711281 0.0207597315 0.00213224883
v -0.0114458054 0.020703312 0.00240538106
v -0.0114730233 0.0207817405 0.00268867007
v -0.0110036898 0.0209691189 0.00268300041
v -0.0110601634 0.0211256575 0.0029218744
v -0.0115264626 0.0209491868 0.00293406961
v -0.00890658796 0.0310277622 0.00479836436
v -0.00887126196 0.0310252644 0.00366057386
v -0.00891153328 0.0312377606 0.00377944927
v -0.00886935461 0.0307781994 0.00461130124
v -0.00884397514 0.030475663 0.00557007175
v -0.00890652835 0.030718416 0.00572598074
v -0.0082556745 0.0312207025 0.00632576318
v -0.00825000275 0.0315683037 0.00516336178
v -0.00359874009 0.0351978019 0.013053962
v -0.00392895564 0.0347808599 0.0132884299
v -0.00478840107 0.0339714773 0.0118832123
v -0.00428721169 0.0343691558 0.0116782617
v -0.00466897245 0.0340962335 0.00825881306
v -0.00451243855 0.0342416577 0.00832281541
v -0.0112916492 0.0216875114 0.00200052257
v -0.0117515177 0.0214939732 0.00199812418
v -0.011673281 0.0212793369 0.00186289789
v -0.0112038488 0.0214667525 0.00185722823
v -0.00890703686 0.02025887 -0.00193347444
v -0.00908911228 0.020364577 -0.0019398164
v -0.00908959098 0.0204464737 0.00440535555
v -0.00892298482 0.0203502811 0.00447367178
v -0.00886470266 0.0261493027 0.0052215266
v -0.00885751471 0.0261554308 -0.00204274175
v -0.0098530408 0.026337564 -0.00173669332
v -0.00985303614 0.0263377614 0.000506887445
v -0.00980009325 0.0263634361 0.00283193099
v -0.00889914017 0.0313988701 0.00261605252
v -0.00891153328 0.0312377606 0.00377944927
v -0.00887126196 0.0310252644 0.00366057386
v -0.00887563918 0.0311337225 0.00258929492
v -0.00888451841 0.0309477877 0.00148532144
v -0.00889920909 0.0312113129 0.00141820428
v -0.00890529342 0.0305965673 0.000281784538
v -0.00887754653 0.0303464793 0.000443220139
v -0.008871736 0.0295418091 -0.000405735947
v -0.00891175959 0.0297393575 -0.000622715917
v -0.00827691797 0.0302230772 -0.00098842138
v -0.00828140974 0.0310274791 7.99155241E-05
v -0.000447850209 0.0168874785 0.0110489726
v 1.61778917E-05 0.0164404493 0.0112995924
v 5.90443597E-06 0.0151105588 0.0112806512
v -0.000447850209 0.0146068661 0.0110260341
v 0.000380972604 0.0163269714 0.0022466206
v -0.000509432517 0.0164113324 0.0060767103
v -0.000512194645 0.0134976646 0.00624502171
v 0.00037911773 0.0125291133 0.00411391258
v 0.00037911773 0.0065295957 -0.00660465471
v 0.000580528984 0.010368404 -0.00659441203
v -0.00886470266 0.0261493027 0.0052215266
v -0.00981084537 0.0260983557 -0.00179724209
v -0.00885751471 0.0261554308 -0.00204274175
v -0.00981426891 0.0261054393 0.00235881796
v -0.00981084537 0.0261074528 0.00458031148
v -0.00666806195 0.0339013897 0.00785816927
v -0.00626963144 0.0345069505 0.00476842886
v -0.00646038027 0.0339793228 0.00785900187
v -0.00655992236 0.0344150588 0.00474551646
v -0.00686926208 0.0342696868 0.00474094367
v -0.00686641783 0.0340795256 0.00626767846
v -0.0068536792 0.0338001065 0.00780439144
v -0.00887754653 0.0303464793 0.000443220139
v -0.00985173695 0.0294356123 -0.00028203486
v -0.008871736 0.0295418091 -0.000405735947
v -0.00984787196 0.0302140489 0.000536375039
v -0.00985300262 0.0307916943 0.00153439993
v -0.00888451841 0.0309477877 0.00148532144
v -0.00887563918 0.0311337225 0.00258929492
v -0.00984035712 0.0309728421 0.00259100902
v -0.00972660724 0.030889133 0.00361799472
v -0.00887126196 0.0310252644 0.00366057386
v -0.0103059029 0.0235103704 0.00339252455
v -0.0101548005 0.0228499528 0.00203659758
v -0.0103062177 0.0234939102 0.000132267465
v -0.0101906182 0.0229191445 0.00254284381
v -0.0101254964 0.0227580182 0.00298936828
v -0.0103017567 0.0234948751 0.00412719464
v -0.00992906559 0.0222903769 0.00337092392
v -0.00969254691 0.0217316225 0.00350533961
v -0.00908959098 0.0204464737 0.00440535555
v -0.000512194645 0.0166730061 0.00665803999
v -0.000512194645 0.0168911908 0.010332386
v -0.000512194645 0.0144023132 0.0102694994
v -0.000512194645 0.0134976646 0.00624502171
v -0.000509432517 0.0164113324 0.0060767103
v -0.011368148 0.0217457246 0.00337059493
v -0.0111730453 0.0212921444 0.00346237654
v -0.011263323 0.0212790668 0.0032636309
v -0.01141751 0.0216373447 0.00318302633
v -0.0115397023 0.0219276585 0.00293676136
v -0.0115229366 0.0221070647 0.00305266841
v -0.00311206584 0.0178288911 0.0144902728
v -0.00222727889 0.0175892953 0.0153825609
v -0.00252439245 0.0154194301 0.0155902002
v -0.00339854951 0.0152683966 0.0142761087
v -0.00472087506 0.0340502225 0.00923796184
v -0.00477868784 0.0340502225 0.00825148448
v -0.00480455486 0.0230658017 0.00765796052
v -0.0049511469 0.0290085934 0.0113415355
v 9.98187024E-05 0.0371772647 0.0143901603
v -0.00202199211 0.0366495885 0.0144438809
v -0.00203725323 0.0370148458 0.0140607823
v 0.000157450428 0.0367861018 0.0147448825
v 0.00198312406 0.0367139392 0.0145948809
v 0.00187744491 0.037106555 0.0141942771
v -0.00890658796 0.0310277622 0.00479836436
v -0.00891153328 0.0312377606 0.00377944927
v -0.00825293548 0.0318110548 0.0040493249
v -0.00825000275 0.0315683037 0.00516336178
v -0.00885224529 0.023153292 -0.00190123555
v -0.00885751471 0.0261554308 -0.00204274175
v -0.00981084537 0.0260983557 -0.00179724209
v -0.0103017567 0.0234575346 -0.00176379678
v -0.00886935461 0.0307781994 0.00461130124
v -0.00972660724 0.030889133 0.00361799472
v -0.00887126196 0.0310252644 0.00366057386
v -0.00906356331 0.0304847416 0.00531170378
v -0.00884397514 0.030475663 0.00557007175
v 0.00669188285 0.0163832325 0.00671912404
v 0.00803088304 0.0166326426 0.0102190608
v -0.000512194645 0.0168911908 0.010332386
v -0.000512194645 0.0166730061 0.00665803999
v -0.00953041762 0.0213265158 0.00332465651
v -0.00908959098 0.0204464737 0.00440535555
v -0.0094319582 0.0210517347 0.00291900639
v -0.00908911228 0.020364577 -0.0019398164
v -0.00939749926 0.0209389161 0.00241832249
v -0.00946037471 0.0210854784 0.00194638013
v -0.00969543681 0.0219110586 -0.00185180665
v -0.00966096576 0.0215914696 0.00152066699
v -0.00988762081 0.0221852176 0.00136548758
v -0.0103062177 0.0234939102 0.000132267465
v -0.0103017567 0.0234575346 -0.00176379678
v -0.00368771073 0.0341132171 0.00748023018
v -0.00626963144 0.0345069505 0.00476842886
v -0.00372912642 0.0345046781 0.00456230622
v -0.00646038027 0.0339793228 0.00785900187
v -0.00477868784 0.0340502225 0.00825148448
v -0.00466897245 0.0340962335 0.00825881306
v -0.00396131724 0.0340980813 0.00802897569
v 0.00421786541 0.0344827659 0.0119882906
v 0.00402053865 0.0344236679 0.0117428834
v 0.00441910513 0.0345950201 0.00993416552
v 0.00448522437 0.0342416614 0.0102516627
v -0.00487911794 0.0230710041 0.0111683924
v -0.0049511469 0.0290085934 0.0113415355
v -0.00480455486 0.0230658017 0.00765796052
v -0.00487917056 0.0170473102 0.00637997128
v -0.00487998594 0.0171116162 0.01006018
v -0.0112916492 0.0216875114 0.00200052257
v -0.0118185943 0.0216400102 0.00227015256
v -0.0117515177 0.0214939732 0.00199812418
v -0.0113492729 0.021827383 0.00226448523
v -0.0113747856 0.0218852777 0.00254903082
v -0.0118377041 0.0216990281 0.00256695016
v -0.0118178912 0.0216345787 0.00281086448
v -0.0113486908 0.0218219012 0.00280519482
v -0.0110918405 0.0211783312 0.00191916467
v -0.0114711281 0.0207597315 0.00213224883
v -0.0110018635 0.0209470838 0.00212658173
v -0.0115611907 0.0209909454 0.00192483421
v -0.011673281 0.0212793369 0.00186289789
v -0.0112038488 0.0214667525 0.00185722823
v -0.00339055061 0.0352177583 0.0128805973
v -0.00359874009 0.0351978019 0.013053962
v -0.00428721169 0.0343691558 0.0116782617
v -0.00403384445 0.0343973413 0.0117374593
v -0.00451243855 0.0342416577 0.00832281541
v -0.00418407423 0.0342416577 0.0085509466
v -0.0114782332 0.0200936012 -0.000704913109
v -0.011195519 0.020267453 -0.000509843812
v -0.0113642067 0.0207488481 -0.000329670904
v -0.0117203211 0.0207150485 -0.000547811971
v -0.0120035242 0.0204907469 -0.000326828944
v -0.0118013956 0.0200232342 -0.000506963697
v -0.0110601634 0.0211256575 0.0029218744
v -0.0115264626 0.0209491868 0.00293406961
v -0.0116157336 0.0211588517 0.00304932101
v -0.0111461971 0.0213463083 0.00304365158
v -0.0112578394 0.0216113999 0.00298983091
v -0.0117272353 0.0214239974 0.00299550057
v -0.0118178912 0.0216345787 0.00281086448
v -0.0113486908 0.0218219012 0.00280519482
v -0.00884397514 0.030475663 0.00557007175
v -0.00886470266 0.0261493027 0.0052215266
v -0.00905286521 0.0263311099 0.00500812521
v -0.00906356331 0.0304847416 0.00531170378
v 0.00177181 0.0371025726 0.0139006693
v 0.00288390624 0.0364383459 0.0133745652
v 0.00308872457 0.0364967659 0.0135745164
v 0.00187744491 0.037106555 0.0141942771
v 0.000100319383 0.0371793061 0.0141041251
v 9.98187024E-05 0.0371772647 0.0143901603
v -0.00203725323 0.0370148458 0.0140607823
v -0.00192763924 0.0370098427 0.0137728807
v -0.00290648453 0.0362580158 0.0136120105
v -0.00273078191 0.0362726822 0.0133309755
v -0.00359874009 0.0351978019 0.013053962
v -0.00339055061 0.0352177583 0.0128805973
v 0.00446913065 0.0344870426 0.0121390019
v 0.0048165 0.0342416577 0.0107459333
v 0.00508432277 0.0340916514 0.010824291
v 0.00524688466 0.0338559188 0.0110717863
v 0.00485135522 0.034100201 0.012366591
v 0.00668163924 0.0287259277 0.00793693494
v -0.000512126659 0.0169498399 0.00620467169
v 0.00666774716 0.0161341634 0.00610091444
v -0.00332481135 0.016941864 0.00591678498
v -0.00330370665 0.031225957 0.00783292484
v 0.00426436728 0.0316567495 0.00814956147
v -0.00877827406 0.0273135696 -0.00168902637
v -0.0098530408 0.026337564 -0.00173669332
v -0.00885751471 0.0261554308 -0.00204274175
v -0.00985391811 0.0272806231 -0.00146135804
v -0.00873056613 0.0286140051 -0.00123708241
v -0.00985376071 0.0284757949 -0.00094590662
v -0.00985173695 0.0294356123 -0.00028203486
v -0.008871736 0.0295418091 -0.000405735947
v -0.0119581698 0.0214003269 0.0004852438
v -0.0121839214 0.0219819825 0.00202264055
v -0.0124511644 0.0215744339 0.00212765206
v -0.0122488281 0.0210352577 0.00066360709
v -0.0120035242 0.0204907469 -0.000326828944
v -0.0117203211 0.0207150485 -0.000547811971
v -0.0122751305 0.020948207 0.00246509537
v -0.0126180407 0.0219869949 0.00366256223
v -0.0118013956 0.0200232342 -0.000506963697
v -0.0126457643 0.0221581701 0.0048712492
v -0.0117233275 0.0197799932 3.01074979E-05
v -0.0125392098 0.021949064 0.00535976421
v -0.0118207596 0.0199587904 0.00134696485
v -0.0123750633 0.0215114169 0.00520334253
v -0.0119960355 0.0204324201 0.00294754491
v -0.0121995704 0.0209718384 0.00432140101
v -0.00892298482 0.0203502811 0.00447367178
v -0.0103017567 0.0234948751 0.00412719464
v -0.00981084537 0.0261074528 0.00458031148
v -0.00886470266 0.0261493027 0.0052215266
v -0.00665697921 0.0292789098 -0.00550908316
v -0.00687167514 0.0293265283 -0.00535592297
v -0.0068596052 0.0276733767 -0.00590103352
v -0.00659762835 0.0274266619 -0.00605233433
v -0.00626978138 0.0275637042 -0.00613384461
v -0.00627048733 0.0292848721 -0.00564290257
v -0.0114782332 0.0200936012 -0.000704913109
v -0.0113246245 0.019703459 -6.76965719E-05
v -0.0110838721 0.0200377442 2.68506992E-05
v -0.011195519 0.020267453 -0.000509843812
v -0.0114782332 0.0200936012 -0.000704913109
v -0.0118013956 0.0200232342 -0.000506963697
v -0.0117233275 0.0197799932 3.01074979E-05
v -0.0113246245 0.019703459 -6.76965719E-05
v -0.0113813682 0.0198202264 0.00136787177
v -0.0113246245 0.019703459 -6.76965719E-05
v -0.0118207596 0.0199587904 0.00134696485
v -0.0119960355 0.0204324201 0.00294754491
v -0.0115712835 0.0202993564 0.00305228238
v -0.0117373466 0.020914115 0.00450164778
v -0.0112999799 0.0207122751 0.00294253812
v -0.0115712835 0.0202993564 0.00305228238
v -0.0115018291 0.0212526266 0.00431703078
v -0.0117355436 0.0217690039 0.00520012854
v -0.0120154405 0.021550769 0.00542563433
v -0.0124074575 0.0223878697 0.00365350232
v -0.0124511644 0.0215744339 0.00212765206
v -0.0121839214 0.0219819825 0.00202264055
v -0.0126180407 0.0219869949 0.00366256223
v -0.0126457643 0.0221581701 0.0048712492
v -0.0124060055 0.0224928558 0.00496973284
v -0.0122532435 0.0221275818 0.00556054804
v -0.0125392098 0.021949064 0.00535976421
v -0.0124060055 0.0224928558 0.00496973284
v -0.00664381729 0.0312947631 -0.00414054608
v -0.00616937503 0.0324719958 -0.003386433
v -0.00662816735 0.0322614871 -0.00304840319
v -0.00627033459 0.0310156848 -0.00452040415
v -0.00640169857 0.0305362605 -0.00482419226
v -0.00627048733 0.0292848721 -0.00564290257
v -0.00665697921 0.0292789098 -0.00550908316
v -0.00687167514 0.0293265283 -0.00535592297
v -0.00677416287 0.0304016937 -0.0047750161
v -0.00688728783 0.0314844139 -0.00377443549
v 0.00669188285 0.0163832325 0.00671912404
v 0.00802409183 0.0146102589 0.0101899942
v 0.00803088304 0.0166326426 0.0102190608
v 0.00670691254 0.0139401313 0.00637119496
v 0.00666774716 0.0161341634 0.00610091444
v -0.00664381729 0.0312947631 -0.00414054608
v -0.00662816735 0.0322614871 -0.00304840319
v -0.00687515223 0.0323109627 -0.00277528516
v -0.00688728783 0.0314844139 -0.00377443549
v -0.00149003498 0.0232491158 0.00770122977
v -0.00462039234 0.0230820738 0.00740385382
v -0.00481301546 0.0246586874 0.011617667
v -0.00401083939 0.0251830444 0.013015761
v -0.0030815457 0.0254094992 0.0137672126
v -0.00164385082 0.0255802236 0.0144554256
v 0.000136268136 0.0256274045 0.0146450279
v 0.00194849365 0.0255784355 0.0144482441
v 0.00344237313 0.0253948998 0.0137115484
v 0.00431248546 0.0251669548 0.0129685877
v 0.00484507205 0.0248246156 0.0120729255
v 0.00506138057 0.0243023504 0.0111567797
v 0.0051791016 0.0238496698 0.0106636463
v -0.0117373466 0.020914115 0.00450164778
v -0.0123750633 0.0215114169 0.00520334253
v -0.0120154405 0.021550769 0.00542563433
v -0.0121995704 0.0209718384 0.00432140101
v -0.0119960355 0.0204324201 0.00294754491
v -0.0115712835 0.0202993564 0.00305228238
v 0.00421786541 0.0344827659 0.0119882906
v 0.00448522437 0.0342416614 0.0102516627
v 0.0048165 0.0342416577 0.0107459333
v 0.00446913065 0.0344870426 0.0121390019
v 0.00361958961 0.0352595374 0.0128491409
v 0.00391373923 0.0351494774 0.0129939411
v -0.0041965316 0.0170398299 0.00637037726
v -0.000610384915 0.0169433635 0.00665894011
v -0.000512126659 0.0169498399 0.00620467169
v -0.00332481135 0.016941864 0.00591678498
v -0.00487911794 0.0230710041 0.0111683924
v -0.00616382482 0.0290162656 0.0113131655
v -0.0049511469 0.0290085934 0.0113415355
v -0.00626969198 0.0231523104 0.0111454325
v -0.00624755351 0.018194586 0.0100527322
v -0.00487998594 0.0171116162 0.01006018
v -0.00149003498 0.0232491158 0.00770122977
v -0.0041965316 0.0170398299 0.00637037726
v -0.00462039234 0.0230820738 0.00740385382
v -0.000610384915 0.0169433635 0.00665894011
v -0.0122532435 0.0221275818 0.00556054804
v -0.011925091 0.0221966021 0.00535684079
v -0.0117355436 0.0217690039 0.00520012854
v -0.0120154405 0.021550769 0.00542563433
v -0.0123750633 0.0215114169 0.00520334253
v -0.0125392098 0.021949064 0.00535976421
v -0.00890739635 0.020021772 -0.00222222321
v -0.00831000041 0.019562304 -0.00286946539
v -0.00825318601 0.0262884665 -0.00285399193
v -0.0089117717 0.0259895548 -0.00222574477
v -0.00885224529 0.023153292 -0.00190123555
v -0.00891043432 0.0216765143 -0.00194536208
v -0.00890703686 0.02025887 -0.00193347444
v 0.00670691254 0.012906394 0.0040687439
v -0.000512194645 0.0134976646 0.00624502171
v 0.00670691254 0.0139401313 0.00637119496
v 0.00037911773 0.0125291133 0.00411391258
v 0.00037911773 0.0065295957 -0.00660465471
v 0.0066281613 0.00684125628 -0.00660465471
v 0.00662846863 0.0160688013 0.00224910723
v 0.00670691254 0.0139401313 0.00637119496
v 0.00666774716 0.0161341634 0.00610091444
v 0.00670691254 0.012906394 0.0040687439
v 0.0066281613 0.00684125628 -0.00660465471
v 0.00662814965 0.0100925015 -0.00660465471
v -0.000610384915 0.0169433635 0.00665894011
v -0.000512194645 0.0166730061 0.00665803999
v -0.000509432517 0.0164113324 0.0060767103
v -0.000512126659 0.0169498399 0.00620467169
v 0.00448522437 0.0342416614 0.0102516627
v 0.00442891708 0.0342416577 0.00867150724
v 0.0048165 0.0342416577 0.0107459333
v 0.00505709834 0.0341857634 0.00802957732
v 0.00497448072 0.0342280194 0.0107330857
v 0.00513011497 0.0340294279 0.00785804726
v 0.00532142073 0.033985462 0.0107493699
v 0.00508432277 0.0340916514 0.010824291
v -0.0122532435 0.0221275818 0.00556054804
v -0.0124060055 0.0224928558 0.00496973284
v -0.0120062511 0.0224157926 0.00486860285
v -0.011925091 0.0221966021 0.00535684079
v 0.00513011497 0.0340294279 0.00785804726
v 0.0045288736 0.0339797884 0.00793973636
v 0.00460277079 0.0318102315 0.0078660436
v 0.00668163924 0.0287259277 0.00793693494
v -0.0124074575 0.0223878697 0.00365350232
v -0.0121839214 0.0219819825 0.00202264055
v -0.0117655946 0.0218499154 0.00212291954
v -0.0119203068 0.0222678017 0.00365818501
v -0.0120062511 0.0224157926 0.00486860285
v -0.0124060055 0.0224928558 0.00496973284
v -0.006618571 0.0182380006 -0.00599171408
v -0.0068596052 0.0276733767 -0.00590103352
v -0.006870321 0.0183317363 -0.00584483379
v -0.00659762835 0.0274266619 -0.00605233433
v -0.00626978138 0.0275637042 -0.00613384461
v -0.00631109718 0.0182545036 -0.00611957302
v -0.006618571 0.0182380006 -0.00599171408
v -0.006870321 0.0183317363 -0.00584483379
v -0.0068026064 0.0183470771 0.00633499259
v -0.0065529868 0.0183105599 0.00637051556
v -0.00634220103 0.0183236264 0.00635686982
v -0.00631109718 0.0182545036 -0.00611957302
v -0.00330772996 0.0322755426 -0.00316246273
v -0.0033134222 0.0309693329 -0.00455103163
v -0.00332481135 0.016941864 0.00591678498
v -0.00330181001 0.0333423652 -0.00138007163
v -0.00330370665 0.031225957 0.00783292484
v -0.00329935667 0.0345153473 0.0027382588
v -0.00331979035 0.0293527637 -0.00561929913
v -0.00332481135 0.016941864 0.00591678498
v -0.0033134222 0.0309693329 -0.00455103163
v -0.00332260365 0.0171146821 -0.006136782
v -0.00332268234 0.0275359154 -0.0061547826
v -0.00626969198 0.0231523104 0.0111454325
v -0.00626964914 0.0232054871 0.0068467306
v -0.00646038027 0.0339793228 0.00785900187
v -0.00616382482 0.0290162656 0.0113131655
v -0.00334591512 0.0340656042 0.00737188337
v -0.00368771073 0.0341132171 0.00748023018
v -0.00372912642 0.0345046781 0.00456230622
v -0.00329339388 0.0345006846 0.00456242543
v -0.00297810556 0.03421304 0.00712174643
v -0.00367974862 0.034251824 0.00822839607
v -0.00337840547 0.0342056751 0.0075403857
v -0.00297698262 0.0342376679 0.00765899895
v -0.00248336676 0.0342108235 0.00725308526
v -0.00249481085 0.0341824517 0.00688875886
v -0.00190101855 0.0342053249 0.00659625977
v -0.00195389148 0.0342126526 0.00690063694
v -0.00121668691 0.0342170671 0.00663130172
v -0.00120424025 0.0341463611 0.00638554338
v 0.0001772213 0.0340827256 0.00629710918
v 0.000136053553 0.0341779105 0.00645795325
v 0.00132950663 0.0342186019 0.00660988316
v 0.00134652853 0.0341691375 0.00642687082
v 0.00235828385 0.0342368968 0.00675740605
v 0.00231272448 0.0342386104 0.00702824118
v 0.00304792752 0.0341868997 0.00754073123
v 0.00310665253 0.0341642164 0.00727441907
v 0.00275587966 0.0317356773 0.00701831933
v 0.000816447719 0.0317756012 0.00648221839
v -0.00156847946 0.031676501 0.00654295785
v -0.00262374757 0.031477306 0.00726257171
v 0.00670691254 0.0230218302 0.00748987915
v 0.00669188285 0.0163832325 0.00671912404
v -0.000610384915 0.0169433635 0.00665894011
v -0.00149003498 0.0232491158 0.00770122977
v 0.00449210452 0.0342416577 0.00817540009
v 0.00444844132 0.0339061134 0.00817242358
v 0.0045288736 0.0339797884 0.00793973636
v 0.00453075394 0.0342407003 0.00799116865
v 0.00426436728 0.0316567495 0.00814956147
v -0.00262374757 0.031477306 0.00726257171
v -0.00330370665 0.031225957 0.00783292484
v 0.00275587966 0.0317356773 0.00701831933
v 0.00505709834 0.0341857634 0.00802957732
v 0.00453075394 0.0342407003 0.00799116865
v 0.0045288736 0.0339797884 0.00793973636
v 0.00513011497 0.0340294279 0.00785804726
v -0.0103062177 0.0234939102 0.000132267465
v -0.0103017567 0.0234575346 -0.00176379678
v -0.00981084537 0.0260983557 -0.00179724209
v -0.00981426891 0.0261054393 0.00235881796
v -0.00472087506 0.0340502225 0.00923796184
v -0.0049511469 0.0290085934 0.0113415355
v -0.00616382482 0.0290162656 0.0113131655
v -0.00624557026 0.0340412594 0.00928254612
v -0.00890739635 0.020021772 -0.00222222321
v -0.00891125388 0.0200911444 0.00472220173
v -0.00826986041 0.0196008589 0.00489185331
v -0.00831000041 0.019562304 -0.00286946539
v -0.00462039234 0.0230820738 0.00740385382
v -0.0041965316 0.0170398299 0.00637037726
v -0.00487917056 0.0170473102 0.00637997128
v -0.00480455486 0.0230658017 0.00765796052
v -0.00891125388 0.0200911444 0.00472220173
v -0.00892298482 0.0203502811 0.00447367178
v -0.00886470266 0.0261493027 0.0052215266
v -0.00890652835 0.030718416 0.00572598074
v -0.00889914017 0.0313988701 0.00261605252
v -0.00825293548 0.0318110548 0.0040493249
v -0.00891153328 0.0312377606 0.00377944927
v -0.00827673171 0.0319216773 0.00275353901
v -0.00825323351 0.0317081101 0.00140215876
v -0.00889920909 0.0312113129 0.00141820428
v -0.00890529342 0.0305965673 0.000281784538
v -0.00828140974 0.0310274791 7.99155241E-05
v -0.0103062177 0.0234939102 0.000132267465
v -0.0101548005 0.0228499528 0.00203659758
v -0.01005249 0.0226086341 0.00158638472
v -0.00988762081 0.0221852176 0.00136548758
v -0.00332260365 0.0171146821 -0.006136782
v -0.00332268234 0.0275359154 -0.0061547826
v -0.0037318347 0.0276114903 -0.00614160765
v -0.00373001816 0.0171146821 -0.006136782
v -0.0089117717 0.0259895548 -0.00222574477
v -0.00885751471 0.0261554308 -0.00204274175
v -0.00885224529 0.023153292 -0.00190123555
v -0.00891254656 0.0274358504 -0.00192717544
v -0.00825318601 0.0262884665 -0.00285399193
v -0.00877827406 0.0273135696 -0.00168902637
v -0.00827949774 0.0277890861 -0.00253373384
v -0.00891254656 0.0284175221 -0.00151785847
v -0.00873056613 0.0286140051 -0.00123708241
v -0.00828059204 0.0287781451 -0.0020651482
v -0.00890761614 0.0290490128 -0.00122591492
v -0.008871736 0.0295418091 -0.000405735947
v -0.00827620458 0.0294580124 -0.00165469886
v -0.00891175959 0.0297393575 -0.000622715917
v -0.00827691797 0.0302230772 -0.00098842138
v -0.00373001816 0.0171146821 -0.006136782
v -0.0037318347 0.0276114903 -0.00614160765
v -0.00626978138 0.0275637042 -0.00613384461
v -0.00631109718 0.0182545036 -0.00611957302
v -0.00890739635 0.020021772 -0.00222222321
v -0.00890703686 0.02025887 -0.00193347444
v -0.00892298482 0.0203502811 0.00447367178
v -0.00891125388 0.0200911444 0.00472220173
v -0.0103059029 0.0235103704 0.00339252455
v -0.0103062177 0.0234939102 0.000132267465
v -0.00981426891 0.0261054393 0.00235881796
v -0.00981084537 0.0261074528 0.00458031148
v -0.0103017567 0.0234948751 0.00412719464
v 0.00508432277 0.0340916514 0.010824291
v 0.00532142073 0.033985462 0.0107493699
v 0.00675109774 0.0290700961 0.0106769167
v 0.0051791016 0.0238496698 0.0106636463
v -0.00472087506 0.0340502225 0.00923796184
v -0.00624557026 0.0340412594 0.00928254612
v -0.00646038027 0.0339793228 0.00785900187
v -0.00477868784 0.0340502225 0.00825148448
v 0.00375916762 0.0342416577 0.00776071055
v 0.00444844132 0.0339061134 0.00817242358
v 0.00449210452 0.0342416577 0.00817540009
v 0.00426436728 0.0316567495 0.00814956147
v 0.00275587966 0.0317356773 0.00701831933
v 0.00310665253 0.0341642164 0.00727441907
v -0.00331979035 0.0293527637 -0.00561929913
v -0.00373124587 0.0293039363 -0.00565031264
v -0.0037318347 0.0276114903 -0.00614160765
v -0.00332268234 0.0275359154 -0.0061547826
v 0.00669743167 0.0239036772 0.0105953179
v 0.00675109774 0.0290700961 0.0106769167
v 0.00673418259 0.0287518166 0.0082993554
v 0.00670691254 0.0230218302 0.00748987915
v 0.00670691254 0.0139401313 0.00637119496
v -0.000512194645 0.0134976646 0.00624502171
v -0.000512194645 0.0144023132 0.0102694994
v 0.00802409183 0.0146102589 0.0101899942
v -0.0065529868 0.0183105599 0.00637051556
v -0.00626964914 0.0232054871 0.0068467306
v -0.00634220103 0.0183236264 0.00635686982
v -0.00758383004 0.0226654653 0.00724282721
v -0.00758383004 0.018847229 0.00687846635
v -0.0075838659 0.0226251855 0.0105531467
v -0.00626969198 0.0231523104 0.0111454325
v -0.00624755351 0.018194586 0.0100527322
v -0.00758378953 0.0187585782 0.00969877187
v -0.00758378953 0.0187585782 0.00969877187
v -0.00624755351 0.018194586 0.0100527322
v -0.00634220103 0.0183236264 0.00635686982
v -0.00758383004 0.018847229 0.00687846635
v -0.0075838659 0.0226251855 0.0105531467
v -0.00758378953 0.0187585782 0.00969877187
v -0.00758383004 0.018847229 0.00687846635
v -0.00758383004 0.0226654653 0.00724282721
v -0.0075838659 0.0226251855 0.0105531467
v -0.00758383004 0.0226654653 0.00724282721
v -0.00626964914 0.0232054871 0.0068467306
v -0.00626969198 0.0231523104 0.0111454325
v 0.00453075394 0.0342407003 0.00799116865
v 0.00505709834 0.0341857634 0.00802957732
v 0.00449210452 0.0342416577 0.00817540009
v 0.00442891708 0.0342416577 0.00867150724
v 0.00187744491 0.037106555 0.0141942771
v 0.00308872457 0.0364967659 0.0135745164
v 0.00330986665 0.0361565165 0.0139882024
v 0.00198312406 0.0367139392 0.0145948809
v 0.00391373923 0.0351494774 0.0129939411
v 0.00446913065 0.0344870426 0.0121390019
v 0.00485135522 0.034100201 0.012366591
v 0.00419028383 0.0347816497 0.0133082317
v 0.00308872457 0.0364967659 0.0135745164
v 0.00330986665 0.0361565165 0.0139882024
v -0.00891125388 0.0200911444 0.00472220173
v -0.00890652835 0.030718416 0.00572598074
v -0.0082556745 0.0312207025 0.00632576318
v -0.00826986041 0.0196008589 0.00489185331
v -0.00373233669 0.0310187042 -0.00452555902
v -0.0038298117 0.032464508 -0.00338737248
v -0.00616937503 0.0324719958 -0.003386433
v -0.00627033459 0.0310156848 -0.00452040415
v -0.00627048733 0.0292848721 -0.00564290257
v -0.00373124587 0.0293039363 -0.00565031264
v -0.0033134222 0.0309693329 -0.00455103163
v -0.00330772996 0.0322755426 -0.00316246273
v -0.0038298117 0.032464508 -0.00338737248
v -0.00373233669 0.0310187042 -0.00452555902
v -0.00373124587 0.0293039363 -0.00565031264
v -0.00331979035 0.0293527637 -0.00561929913
v -0.00891043432 0.0216765143 -0.00194536208
v -0.00908911228 0.020364577 -0.0019398164
v -0.00890703686 0.02025887 -0.00193347444
v -0.00969543681 0.0219110586 -0.00185180665
v -0.0103017567 0.0234575346 -0.00176379678
v -0.00885224529 0.023153292 -0.00190123555
v 0.00532142073 0.033985462 0.0107493699
v 0.00513011497 0.0340294279 0.00785804726
v 0.00673418259 0.0287518166 0.0082993554
v 0.00675109774 0.0290700961 0.0106769167
v 0.00670691254 0.0230218302 0.00748987915
v 0.00668163924 0.0287259277 0.00793693494
v 0.00666774716 0.0161341634 0.00610091444
v 0.00669188285 0.0163832325 0.00671912404
v -0.00290648453 0.0362580158 0.0136120105
v -0.0030966294 0.0359602422 0.0138100181
v -0.00392895564 0.0347808599 0.0132884299
v -0.00359874009 0.0351978019 0.013053962
v 0.00288390624 0.0364383459 0.0133745652
v 0.00361958961 0.0352595374 0.0128491409
v 0.00391373923 0.0351494774 0.0129939411
v 0.00308872457 0.0364967659 0.0135745164
v 0.00361958961 0.0352595374 0.0128491409
v 0.00352973701 0.0344262347 0.0125289094
v 0.00402053865 0.0344236679 0.0117428834
v 0.00421786541 0.0344827659 0.0119882906
v 0.00448522437 0.0342416614 0.0102516627
v 0.00441910513 0.0345950201 0.00993416552
v 0.00429599639 0.0345972553 0.0087072812
v 0.00442891708 0.0342416577 0.00867150724
v -0.00339055061 0.0352177583 0.0128805973
v -0.00403384445 0.0343973413 0.0117374593
v -0.00382791995 0.0344176441 0.0114898421
v -0.00326878531 0.0344216712 0.0125379711
v -0.00403384445 0.0343973413 0.0117374593
v -0.00418407423 0.0342416577 0.0085509466
v -0.00396858808 0.0344248638 0.0091718575
v -0.00382791995 0.0344176441 0.0114898421
v 0.00177181 0.0371025726 0.0139006693
v 0.00227956637 0.0344251469 0.0133814905
v 0.00288390624 0.0364383459 0.0133745652
v 0.000100319383 0.0371793061 0.0141041251
v 0.000102865692 0.0344217382 0.0138069736
v -0.00256255385 0.034417171 0.0130983219
v -0.00192763924 0.0370098427 0.0137728807
v -0.00273078191 0.0362726822 0.0133309755
v 0.00368077634 0.0342495665 0.00806617457
v 0.00442891708 0.0342416577 0.00867150724
v 0.00429599639 0.0345972553 0.0087072812
v 0.00353583926 0.0344073921 0.0080929324
v 0.00288390624 0.0364383459 0.0133745652
v 0.00227956637 0.0344251469 0.0133814905
v 0.00352973701 0.0344262347 0.0125289094
v 0.00361958961 0.0352595374 0.0128491409
v -0.00273078191 0.0362726822 0.0133309755
v -0.00339055061 0.0352177583 0.0128805973
v -0.00326878531 0.0344216712 0.0125379711
v -0.00256255385 0.034417171 0.0130983219
v 0.00400502235 0.0018933859 0.00132176396
v 0.00424342975 0.00184038072 0.00163398264
v 0.00415008841 0.0020293321 0.00227466109
v 0.00400502235 0.00211382285 0.00218882086
v 0.00385995558 0.0020293321 0.00227466109
v 0.00376661448 0.00184038072 0.00163398264
v 0.00400502235 0.000833005004 0.00207239622
v 0.00424342975 0.000872143777 0.00211747154
v 0.00424342975 0.00145581155 0.00163364166
v 0.00400502235 0.0014012804 0.00154142617
v 0.00424342975 0.00184038072 0.00163398264
v 0.00400502235 0.0018933859 0.00132176396
v 0.00376661448 0.00184038072 0.00163398264
v 0.00376661448 0.00145581155 0.00163364166
v 0.00376661448 0.000872143777 0.00211747154
v 0.00400502235 0.00211382285 0.00218882086
v 0.00415008841 0.0020293321 0.00227466109
v 0.00416136114 0.0027706041 0.00272666221
v 0.00400502235 0.00278772251 0.0027463818
v 0.00416136114 0.00339972391 0.00335978018
v 0.00400502235 0.00336089986 0.00331506249
v 0.00384868309 0.00339972391 0.00335978018
v 0.00384868309 0.0027706041 0.00272666221
v 0.00385995558 0.0020293321 0.00227466109
v 0.00400502235 0.00334106339 0.00394397229
v 0.00416136114 0.00339972391 0.00335978018
v 0.00424342975 0.00339822192 0.00394645659
v 0.00400502235 0.00336089986 0.00331506249
v 0.00384868309 0.00339972391 0.00335978018
v 0.00376661448 0.00339822192 0.00394645659
v 0.00376661448 0.00339822192 0.00394645659
v 0.00384868309 0.0027706041 0.00272666221
v 0.00384868309 0.00339972391 0.00335978018
v 0.00376661448 0.00252391724 0.00393328676
v 0.00385995558 0.0020293321 0.00227466109
v 0.00376661448 0.00204860582 0.00392323732
v 0.00376661448 0.00184038072 0.00163398264
v 0.00376661448 0.000886973401 0.00346950046
v 0.00376661448 0.00145581155 0.00163364166
v 0.00376661448 0.000742982898 0.0033680629
v 0.00376661448 0.000872143777 0.00211747154
v 0.00376661448 0.000618504535 0.00326087466
v 0.00376661448 0.000618504535 0.00326087466
v 0.00376661448 0.000305074704 0.00288581848
v 0.00376661448 0.000499204674 0.00258655054
v 0.00376661448 0.000872143777 0.00211747154
v -0.011169388 0.0112651223 -0.00407352205
v -0.0111708855 0.0115767689 -0.00366567355
v -0.0116036963 0.0112412786 -0.00405778177
v -0.0116020013 0.0117365737 -0.00319730025
v -0.0111837219 0.0112657351 -0.00128223421
v -0.0111799259 0.0115810912 -0.00169743539
v -0.0108907241 0.0111086033 -0.00143128156
v -0.0116058439 0.0112396376 -0.00135437481
v -0.0116027212 0.0117382193 -0.00221354002
v -0.0111763999 0.0117823407 -0.00218387111
v -0.0108937258 0.0115546128 -0.00223769667
v -0.0111745233 0.0118429326 -0.00268841977
v -0.0116020013 0.0117365737 -0.00319730025
v -0.0111732762 0.0117771029 -0.00319197401
v -0.0111708855 0.0115767689 -0.00366567355
v -0.0108960168 0.0115549322 -0.00312645664
v -0.0117069362 0.0248443913 0.0111335386
v -0.0107604479 0.0256548543 0.0107231745
v -0.0107871359 0.0256701019 0.0111711193
v -0.0117170876 0.0247882083 0.0107314587
v -0.0129999658 0.0251224842 0.0110772671
v -0.0130653307 0.0250820369 0.0107649015
v -0.0111156721 0.0267807618 0.0111562777
v -0.0111036468 0.0268192291 0.0107332952
v -0.0124339079 0.0271526426 0.0107596219
v -0.0124008823 0.0271001589 0.0110956067
v -0.0134340478 0.0262795445 0.0107821319
v -0.0133698201 0.0262624305 0.011056589
v -0.0107871359 0.0256701019 0.0111711193
v -0.0107604479 0.0256548543 0.0107231745
v -0.0111036468 0.0268192291 0.0107332952
v -0.0111156721 0.0267807618 0.0111562777
v -0.0133698201 0.0262624305 0.011056589
v -0.0134340478 0.0262795445 0.0107821319
v -0.0130653307 0.0250820369 0.0107649015
v -0.0129999658 0.0251224842 0.0110772671
v -0.0111858388 0.00849174708 -0.00407514302
v -0.0111872479 0.00890277885 -0.00438397145
v -0.011598899 0.00854284223 -0.0040487838
v -0.0115958713 0.00940646604 -0.00454489933
v -0.0111884857 0.00938524026 -0.0045822165
v -0.0108936001 0.00944927428 -0.00432043802
v -0.0111828754 0.00989524089 -0.00464244094
v -0.0116009684 0.0103906104 -0.004548328
v -0.011608894 0.00804486219 -0.00319112046
v -0.0111852977 0.00818126928 -0.00367151969
v -0.011598899 0.00854284223 -0.0040487838
v -0.0111847045 0.00798187219 -0.00320911151
v -0.0108948201 0.00818518642 -0.00314992666
v -0.0111860484 0.00791148841 -0.00269585359
v -0.0108948611 0.00817529205 -0.00223235367
v -0.0116109587 0.00804497208 -0.00220910553
v -0.011187274 0.00797231682 -0.00218191626
v -0.011193878 0.00816957001 -0.00170398236
v -0.0116056632 0.00853853673 -0.00136150117
v -0.0111998441 0.00848042686 -0.00129091262
v -0.0108928699 0.00863013696 -0.00143820758
v -0.0108939959 0.00865594856 -0.0039054607
v -0.0111852977 0.00818126928 -0.00367151969
v -0.0108948201 0.00818518642 -0.00314992666
v -0.0111858388 0.00849174708 -0.00407514302
v -0.0111872479 0.00890277885 -0.00438397145
v -0.0108936001 0.00944927428 -0.00432043802
v -0.0116069149 0.010390277 -0.000862953661
v -0.0111930491 0.00987704284 -0.00071154593
v -0.0116043305 0.00939455442 -0.000865442737
v -0.0111857625 0.0103940871 -0.000777831068
v -0.0108888913 0.0103374459 -0.000969355111
v -0.0111847585 0.0108597036 -0.000974478724
v -0.0116058439 0.0112396376 -0.00135437481
v -0.0111837219 0.0112657351 -0.00128223421
v -0.0108907241 0.0111086033 -0.00143128156
v -0.0108898925 0.0094112372 -0.000974740949
v -0.0111930491 0.00987704284 -0.00071154593
v -0.0108888913 0.0103374459 -0.000969355111
v -0.0111997435 0.00935982727 -0.000778286427
v -0.0116043305 0.00939455442 -0.000865442737
v -0.0112003181 0.00888834428 -0.000978605705
v -0.0108928699 0.00863013696 -0.00143820758
v -0.0116056632 0.00853853673 -0.00136150117
v -0.0111998441 0.00848042686 -0.00129091262
v -0.0116036963 0.0112412786 -0.00405778177
v -0.0111730024 0.010867347 -0.00437569385
v -0.011169388 0.0112651223 -0.00407352205
v -0.0116009684 0.0103906104 -0.004548328
v -0.0111773778 0.0104023907 -0.00457379548
v -0.0111828754 0.00989524089 -0.00464244094
v -0.0108945705 0.0103326226 -0.00432486786
v 0.00598925771 0.0233531278 0.0119076325
v -0.00388012873 0.0233531278 0.0119076325
v -0.00359000685 0.0236084554 0.0119072385
v 0.00569919869 0.0236084294 0.011903937
v -0.00300269597 0.0237121582 0.0119028315
v 0.00511182426 0.0237121582 0.0119028315
v 0.00515079126 0.0238533877 0.011755472
v 0.00587053178 0.0237263013 0.0117608625
v 0.0062461812 0.0233531278 0.0117639601
v 0.00597057445 0.0187248699 0.0107140793
v 0.00622463226 0.0187192 0.0105716009
v -0.00376140466 0.0237263013 0.0111320447
v -0.00376140233 0.0237263013 0.0117608625
v -0.00413705222 0.0233531278 0.0117639601
v -0.00413705222 0.0233531278 0.0111364247
v 0.00515078474 0.0238533877 0.0111276647
v -0.00304166321 0.0238533877 0.0117554618
v -0.00304165599 0.0238533877 0.0111276647
v 0.00515079126 0.0238533877 0.011755472
v 0.00587053178 0.0237263013 0.0117608625
v 0.00587053271 0.0237263013 0.0111320447
v 0.0062461812 0.0233531278 0.0117639601
v 0.00624618027 0.0233531278 0.0111364247
v -0.00412907591 0.0228095166 0.0081922533
v -0.00376140466 0.0237263013 0.0111320447
v -0.00413705222 0.0233531278 0.0111364247
v -0.00375387422 0.0231826734 0.00818776339
v -0.00304165599 0.0238533877 0.0111276647
v -0.00303510902 0.023309743 0.00818327442
v -0.00303511252 0.023309743 0.00804445706
v -0.00375387305 0.0231826752 0.00805000495
v -0.00412907591 0.0228095166 0.00805760827
v 0.00569157954 0.0230612457 0.0074719321
v -0.00358236185 0.0230612177 0.00746854767
v -0.00387246604 0.0228058901 0.0074723349
v 0.00598174985 0.0228058901 0.0074723349
v -0.00385012734 0.0181389377 0.00673109759
v 0.00596065167 0.0181387179 0.00673188455
v -0.00360645773 0.0171825662 0.00661015278
v 0.00571558578 0.0171825662 0.00661015278
v -0.00268865097 0.0167781245 0.00668875547
v 0.00479777902 0.0167781245 0.00668875454
v 0.00488658762 0.0166413132 0.00679539423
v 0.00595191587 0.0171825066 0.00675327657
v 0.00621329434 0.0181332231 0.0068721422
v -0.00385387172 0.0177685264 0.00994785968
v -0.00385400769 0.0177685861 0.0104500409
v -0.00278622261 0.0173058696 0.0101977289
v -0.00278622261 0.0173058696 0.0098503828
v 0.00623820396 0.0228095166 0.0081922533
v 0.00624618027 0.0233531278 0.0111364247
v 0.00587053271 0.0237263013 0.0111320447
v 0.0058630025 0.0231826734 0.00818776339
v 0.00515078474 0.0238533877 0.0111276647
v 0.00514423708 0.023309743 0.00818327442
v 0.00514422776 0.023309743 0.00804446917
v 0.0058630011 0.0231826752 0.00805000495
v 0.00623820396 0.0228095166 0.00805760827
v 0.00480668293 0.0174426846 0.0103754634
v -0.00269755488 0.0174426846 0.0103754634
v -0.00361745222 0.0177685264 0.010593161
v 0.00572658051 0.0177685264 0.010593161
v -0.00386285409 0.0187246483 0.0107148681
v 0.00597057445 0.0187248699 0.0107140793
v -0.00388012873 0.0233531278 0.0119076325
v 0.00598925771 0.0233531278 0.0119076325
v 0.00622463226 0.0187192 0.0105716009
v 0.00596299628 0.0177685134 0.0104507031
v -0.00303510902 0.023309743 0.00818327442
v -0.00303511252 0.023309743 0.00804445706
v 0.00514422776 0.023309743 0.00804446917
v 0.00514423708 0.023309743 0.00818327442
v 0.00515078474 0.0238533877 0.0111276647
v -0.00304165599 0.0238533877 0.0111276647
v 0.00488658762 0.0166413132 0.00711358292
v -0.00278622261 0.0173058696 0.0098503828
v 0.0048953509 0.0173058696 0.0098503828
v -0.00277745957 0.0166413132 0.00711358292
v -0.00277745957 0.0166413132 0.00679539423
v 0.00488658762 0.0166413132 0.00679539423
v -0.00304165599 0.0238533877 0.0111276647
v -0.00304166321 0.0238533877 0.0117554618
v -0.00376140233 0.0237263013 0.0117608625
v -0.00376140466 0.0237263013 0.0111320447
v 0.00510522258 0.023168521 0.00790925231
v -0.00299609406 0.023168521 0.00790925231
v -0.00358236185 0.0230612177 0.00746854767
v 0.00569157954 0.0230612457 0.0074719321
v 0.0058630011 0.0231826752 0.00805000495
v 0.00514422776 0.023309743 0.00804446917
v 0.00623820396 0.0228095166 0.00805760827
v 0.00598174985 0.0228058901 0.0074723349
v 0.005963 0.0177685264 0.00994785968
v 0.0048953509 0.0173058696 0.0101977289
v 0.00596299628 0.0177685134 0.0104507031
v 0.0048953509 0.0173058696 0.0098503828
v 0.00488658762 0.0166413132 0.00711358292
v 0.00595205184 0.0171825662 0.00704780314
v 0.00595191587 0.0171825066 0.00675327657
v 0.00488658762 0.0166413132 0.00679539423
v -0.00277745957 0.0166413132 0.00711358292
v -0.00277745957 0.0166413132 0.00679539423
v -0.00384292821 0.0171825793 0.00675261021
v -0.00384292356 0.0171825662 0.00704780314
v -0.00385387172 0.0177685264 0.00994785968
v -0.00278622261 0.0173058696 0.0098503828
v -0.00278622261 0.0173058696 0.0101977289
v 0.0048953509 0.0173058696 0.0101977289
v 0.0048953509 0.0173058696 0.0098503828
v 0.00624618027 0.0233531278 0.0111364247
v 0.00622463226 0.0187192 0.0100453366
v 0.00622463226 0.0187192 0.0105716009
v 0.0062461812 0.0233531278 0.0117639601
v 0.00598174985 0.0228058901 0.0074723349
v 0.00596065167 0.0181387179 0.00673188455
v 0.00621329434 0.0181332231 0.0068721422
v 0.00623820396 0.0228095166 0.00805760827
v -0.00375387305 0.0231826752 0.00805000495
v -0.00412907591 0.0228095166 0.00805760827
v -0.00387246604 0.0228058901 0.0074723349
v -0.00358236185 0.0230612177 0.00746854767
v -0.00303511252 0.023309743 0.00804445706
v -0.00299609406 0.023168521 0.00790925231
v -0.00412907591 0.0228095166 0.00805760827
v -0.00410416583 0.0181332231 0.0068721422
v -0.00385012734 0.0181389377 0.00673109759
v -0.00387246604 0.0228058901 0.0074723349
v -0.00384292821 0.0171825793 0.00675261021
v -0.00277745957 0.0166413132 0.00679539423
v -0.00268865097 0.0167781245 0.00668875547
v -0.00360645773 0.0171825662 0.00661015278
v -0.00410416583 0.0181332231 0.0068721422
v -0.00385012734 0.0181389377 0.00673109759
v -0.00361745222 0.0177685264 0.010593161
v -0.00269755488 0.0174426846 0.0103754634
v -0.00278622261 0.0173058696 0.0101977289
v -0.00385400769 0.0177685861 0.0104500409
v -0.00376140233 0.0237263013 0.0117608625
v -0.00304166321 0.0238533877 0.0117554618
v -0.00300269597 0.0237121582 0.0119028315
v -0.00359000685 0.0236084554 0.0119072385
v -0.00413705222 0.0233531278 0.0117639601
v -0.00388012873 0.0233531278 0.0119076325
v -0.00411550375 0.0187192 0.0105716009
v -0.00386285409 0.0187246483 0.0107148681
v 0.00596299628 0.0177685134 0.0104507031
v 0.0048953509 0.0173058696 0.0101977289
v 0.00480668293 0.0174426846 0.0103754634
v 0.00572658051 0.0177685264 0.010593161
v 0.00514422776 0.023309743 0.00804446917
v -0.00303511252 0.023309743 0.00804445706
v -0.00299609406 0.023168521 0.00790925231
v 0.00510522258 0.023168521 0.00790925231
v -0.00277745957 0.0166413132 0.00679539423
v 0.00488658762 0.0166413132 0.00679539423
v 0.00479777902 0.0167781245 0.00668875454
v -0.00268865097 0.0167781245 0.00668875547
v 0.00511182426 0.0237121582 0.0119028315
v -0.00300269597 0.0237121582 0.0119028315
v -0.00304166321 0.0238533877 0.0117554618
v 0.00515079126 0.0238533877 0.011755472
v -0.00269755488 0.0174426846 0.0103754634
v 0.00480668293 0.0174426846 0.0103754634
v 0.0048953509 0.0173058696 0.0101977289
v -0.00278622261 0.0173058696 0.0101977289
v -0.00014410018 0.0135842729 0.00695414748
v -0.00014410018 0.0132964849 0.00597305782
v 0.00679109897 0.0132964849 0.00597305782
v 0.00679109897 0.0135842729 0.00695414748
v -0.00014410018 0.0141535997 0.00839022361
v 0.00679109897 0.0141535997 0.00839022361
v -0.00014410018 0.0141448444 0.00904861558
v 0.00679109897 0.0141448444 0.00904861558
v -0.00014410018 0.0085568903 0.00532428734
v 0.00679109851 0.0085568903 0.00532428734
v 0.00679109851 0.0107030626 0.0045352173
v -0.00014410018 0.0107030626 0.0045352173
v -0.00014410018 0.00868837349 0.00561667886
v 0.00679109851 0.0085568903 0.00532428734
v -0.00014410018 0.0085568903 0.00532428734
v 0.00679109851 0.00877359137 0.00577189075
v -0.00014410018 0.00937931798 0.00687512849
v 0.00679109851 0.00937931798 0.00687512849
v -0.00014410018 0.01035666 0.00870725699
v 0.00679109851 0.01035666 0.00870725699
v -0.00014410018 0.0110974591 0.00984923355
v 0.00679109851 0.0110974591 0.00984923355
v -0.00014410018 0.0107030626 0.0045352173
v 0.00679109851 0.0107030626 0.0045352173
v 0.00679109851 0.0119541548 0.0040624761
v -0.00014410018 0.0119541548 0.0040624761
v -0.00014410018 0.0141153429 0.0102863153
v 0.00679109897 0.0141153429 0.0102863153
v 0.00679109851 0.0110974591 0.00984923355
v -0.00014410018 0.0110974591 0.00984923355
v -0.00014410018 0.0141153429 0.0102863153
v -0.00014410018 0.0141448444 0.00904861558
v 0.00679109897 0.0141448444 0.00904861558
v 0.00679109897 0.0141153429 0.0102863153
v -0.00014410018 0.0119541548 0.0040624761
v 0.00679109851 0.0119541548 0.0040624761
v 0.00679109897 0.0124406479 0.00515449513
v -0.00014410018 0.0124406479 0.00515449513
v -0.00014410018 0.0132964849 0.00597305782
v -0.00014410018 0.0124406479 0.00515449513
v 0.00679109897 0.0124406479 0.00515449513
v 0.00679109897 0.0132964849 0.00597305782
v -0.00633146288 0.00718537811 0.00207509985
v -0.00662424555 0.00453741802 0.0025570034
v -0.00623842468 0.00470139505 0.0017438936
v -0.00670437794 0.00717719039 0.0027079056
v -0.00669190055 0.00716350041 0.00523487804
v -0.00651709782 0.00142255297 0.00446177972
v -0.00649934774 0.0012715864 0.00277843466
v -0.00646472536 0.00162894721 0.00207977532
v -0.00617736578 0.00410250667 0.00117140287
v -0.00615921943 0.0022034978 0.00118277071
v -0.00609556679 0.00420646649 0.00149889709
v -0.00646472536 0.00162894721 0.00207977532
v -0.00609556679 0.00420646649 0.00149889709
v -0.00623842468 0.00470139505 0.0017438936
v -0.00662424555 0.00453741802 0.0025570034
v -0.00615921943 0.0022034978 0.00118277071
v -0.00541989086 7.70902625E-05 0.00117114536
v -0.00649934774 0.0012715864 0.00277843466
v -0.00537551846 -0.00036585331 0.00218915939
v -0.00540148374 -0.000405116065 0.00320689916
v -0.00542037468 -0.000329527858 0.00447116606
v -0.00651709782 0.00142255297 0.00446177972
v -0.00102568627 0.00470873807 0.00175560475
v -0.00133169175 0.00422140583 0.00151137344
v -0.00114254467 0.00148277753 0.00193174835
v -0.000482975243 0.0045316387 0.00255689141
v -0.000923701504 0.00718548289 0.0020756817
v -0.00106049888 0.00122841354 0.00256729824
v -0.000354431861 0.00717692124 0.00270781037
v -0.0010313153 0.00125577452 0.00344330771
v -0.000357108103 0.00716304779 0.00523913372
v -0.00101837155 0.00136553287 0.00446249219
v -0.00433729868 0.000795330969 -0.00578152388
v -0.000342266547 -0.000689234701 -0.00515925651
v -9.29236376E-06 0.000729584659 -0.00560742617
v -0.00438559987 -0.000657253258 -0.00518047577
v -0.00857164338 -0.000674309733 -0.00511553045
v -0.00872226711 0.000736947055 -0.00563234091
v -0.00241336809 0.0044893669 0.00149564026
v -0.00239326479 0.00456918962 0.00138649938
v -0.00133169175 0.00422140583 0.00151137344
v -0.00102568627 0.00470873807 0.00175560475
v -0.00236615888 0.0071933982 0.00191565033
v -0.000923701504 0.00718548289 0.0020756817
v -0.00386043894 0.00201363093 0.00633780239
v -0.00538857095 0.000721898046 0.00596279604
v -0.00598556269 0.00209530815 0.00617732992
v -0.00400113827 0.000708050735 0.00605619187
v -0.00258010393 0.000709595683 0.00596504658
v -0.00168684474 0.00206027972 0.00611540675
v -0.00399958249 -0.000295901293 0.00540099153
v -0.00544030406 -2.66599654E-05 0.0052875448
v -0.00242779497 -1.91164017E-05 0.00531465048
v -0.00239326479 0.00456918962 0.00138649938
v -0.00239000306 0.00470337598 0.00114572048
v -0.00138840079 0.0040365411 0.00113655569
v -0.00133169175 0.00422140583 0.00151137344
v -0.00648322934 0.00161533826 0.00527203316
v -0.00544030406 -2.66599654E-05 0.0052875448
v -0.00542037468 -0.000329527858 0.00447116606
v -0.00651709782 0.00142255297 0.00446177972
v -0.00648322934 0.00161533826 0.00527203316
v -0.00598556269 0.00209530815 0.00617732992
v -0.00538857095 0.000721898046 0.00596279604
v -0.00544030406 -2.66599654E-05 0.0052875448
v -0.00370093691 0.00717395311 0.0065376889
v -0.00598556269 0.00209530815 0.00617732992
v -0.00617281441 0.00717457756 0.00631026272
v -0.00386043894 0.00201363093 0.00633780239
v -0.00168684474 0.00206027972 0.00611540675
v -0.00105479837 0.00717447978 0.00625118241
v -0.00544004189 0.00455608824 0.00139415741
v -0.00609556679 0.00420646649 0.00149889709
v -0.00617736578 0.00410250667 0.00117140287
v -0.0055447924 0.00470378855 0.00113359687
v -0.00239000306 0.00470337598 0.00114572048
v -0.00239326479 0.00456918962 0.00138649938
v -0.00539028877 0.0045146225 0.00156651495
v -0.00241336809 0.0044893669 0.00149564026
v -0.00399958249 -0.000295901293 0.00540099153
v -0.00242779497 -1.91164017E-05 0.00531465048
v -0.00250369776 -0.000340280531 0.00446464773
v -0.00399273168 -0.000614361721 0.00447151391
v -0.00542037468 -0.000329527858 0.00447116606
v -0.00544030406 -2.66599654E-05 0.0052875448
v -0.00106049888 0.00122841354 0.00256729824
v -0.00234196172 9.94825314E-05 0.00114273548
v -0.00246011838 -0.000348711008 0.00219159597
v -0.00114254467 0.00148277753 0.00193174835
v -0.00145362131 0.00194390293 0.00118054391
v -0.00138840079 0.0040365411 0.00113655569
v -0.00133169175 0.00422140583 0.00151137344
v -0.0010313153 0.00125577452 0.00344330771
v -0.00106049888 0.00122841354 0.00256729824
v -0.00246011838 -0.000348711008 0.00219159597
v -0.00251985295 -0.000410437584 0.00316166878
v -0.00250369776 -0.000340280531 0.00446464773
v -0.00101837155 0.00136553287 0.00446249219
v -0.00103052857 0.0016203355 0.00526953675
v -0.00242779497 -1.91164017E-05 0.00531465048
v -0.00103052857 0.0016203355 0.00526953675
v -0.00242779497 -1.91164017E-05 0.00531465048
v -0.00258010393 0.000709595683 0.00596504658
v -0.00168684474 0.00206027972 0.00611540675
v -0.00539028877 0.0045146225 0.00156651495
v -0.00609556679 0.00420646649 0.00149889709
v -0.00544004189 0.00455608824 0.00139415741
v -0.00623842468 0.00470139505 0.0017438936
v -0.00545146223 0.00719284033 0.00191915513
v -0.00633146288 0.00718537811 0.00207509985
v -0.00241336809 0.0044893669 0.00149564026
v -0.00236615888 0.0071933982 0.00191565033
v -0.00669190055 0.00716350041 0.00523487804
v -0.00617281441 0.00717457756 0.00631026272
v -0.00598556269 0.00209530815 0.00617732992
v -0.00648322934 0.00161533826 0.00527203316
v -0.000357108103 0.00716304779 0.00523913372
v -0.00103052857 0.0016203355 0.00526953675
v -0.00168684474 0.00206027972 0.00611540675
v -0.00105479837 0.00717447978 0.00625118241
v -0.00385400769 0.0177685861 0.0104500409
v -0.00411550375 0.0187192 0.0105716009
v -0.00386285409 0.0187246483 0.0107148681
v -0.00361745222 0.0177685264 0.010593161
v -0.00413705222 0.0233531278 0.0111364247
v -0.00413705222 0.0233531278 0.0117639601
v -0.00411550375 0.0187192 0.0105716009
v -0.00411550375 0.0187192 0.0100453366
v -0.00384292356 0.0171825662 0.00704780314
v -0.00411550375 0.0187192 0.0100453366
v -0.00385387172 0.0177685264 0.00994785968
v -0.00410416583 0.0181332231 0.00714529725
v -0.00413705222 0.0233531278 0.0111364247
v -0.00412907591 0.0228095166 0.0081922533
v -0.00412907591 0.0228095166 0.00805760827
v -0.00410416583 0.0181332231 0.0068721422
v -0.00384292821 0.0171825793 0.00675261021
v 0.00595205184 0.0171825662 0.00704780314
v 0.00621329434 0.0181332231 0.0068721422
v 0.00595191587 0.0171825066 0.00675327657
v 0.00621329434 0.0181332231 0.00714529725
v 0.00623820396 0.0228095166 0.00805760827
v 0.00623820396 0.0228095166 0.0081922533
v 0.00624618027 0.0233531278 0.0111364247
v 0.00622463226 0.0187192 0.0100453366
v 0.005963 0.0177685264 0.00994785968
v 0.00858789217 0.0293435846 -0.00342871412
v 0.00858789217 0.0306310561 -0.00333544496
v 0.00858789217 0.029333761 -0.00378119224
v 0.00858789217 0.0304954611 -0.00306700938
v 0.00858789217 0.0306986086 -0.00263170479
v 0.00858789217 0.0293474495 -0.00271904701
v 0.00858789217 0.023005886 -0.00225524418
v 0.00858789217 0.0224342104 -0.00326546421
v 0.00858789217 0.0213150457 -0.00203803764
v 0.00858789217 0.0228420068 -0.00162464613
v 0.00854120683 0.0168487877 0.000896480051
v 0.00858789217 0.0200488996 -0.00469849352
v 0.00857533421 0.0131321764 -0.00438075792
v 0.00858789217 0.0304954611 -0.00306700938
v 0.00858789217 0.030960232 -0.0027091573
v 0.00858789217 0.0306310561 -0.00333544496
v 0.00858789217 0.0306986086 -0.00263170479
v 0.00858789217 0.0310776792 -0.00178397179
v 0.00858789217 0.0308540259 -0.00178879732
v 0.00858789217 0.0293700565 -0.00196310761
v 0.00858789217 0.0293474495 -0.00271904701
v 0.00858789217 0.0308782328 0.000328512193
v 0.00858789217 0.0311008561 0.000327558519
v 0.00858789217 0.0308716502 0.00182632438
v 0.00858789217 0.0310844462 0.00182632438
v 0.00858789217 0.0279486179 0.00165083876
v 0.00857081916 0.0278981104 0.00516849989
v 0.00857862365 0.0308577158 0.00529802311
v 0.00858789217 0.0279486179 0.00165083876
v 0.00854032952 0.0224040858 0.00464244373
v 0.00857081916 0.0278981104 0.00516849989
v 0.00858789217 0.025267059 0.00133568281
v 0.00851186365 0.0197457075 0.00377776613
v 0.00858789217 0.0245774947 0.000949592562
v 0.00854120683 0.0168487877 0.000896480051
v 0.00858789217 0.0237909891 -7.40265823E-05
v 0.00858789217 0.0213150457 -0.00203803764
v 0.00858789217 0.0228420068 -0.00162464613
v 0.00858789217 0.0293700565 -0.00196310761
v 0.00858789217 0.0224342104 -0.00326546421
v 0.00858789217 0.023005886 -0.00225524418
v 0.00858789217 0.0293474495 -0.00271904701
v 0.00858789217 0.0200488996 -0.00469849352
v 0.00858789217 0.0293435846 -0.00342871412
v 0.00858789217 0.030960232 -0.0027091573
v 0.00782133546 0.0306310561 -0.00333544496
v 0.00858789217 0.0306310561 -0.00333544496
v 0.00782133546 0.030958252 -0.00270176632
v 0.00858789217 0.0310776792 -0.00178397179
v 0.00782133453 0.0311148465 0.000286879542
v 0.00858789217 0.0311008561 0.000327558519
v 0.00858789217 0.0310844462 0.00182632438
v 0.00858638715 0.0311148465 0.00291751372
v 0.00644348562 0.0246589016 -0.00443900796
v 0.00782133546 0.0246589016 -0.00443900796
v 0.00782133359 0.0246589016 -0.00426314119
v 0.00644348422 0.0246589016 -0.00426314119
v -0.00330502144 0.030726999 0.00230543618
v -0.00330450526 0.0311089009 0.00182007789
v -0.00265547982 0.030761335 0.00221912377
v -0.00330425496 0.0310587995 0.0049420665
v -0.00265547982 0.0310941767 0.00487595331
v 0.00781729631 0.0221195258 0.00353588094
v 0.00782133453 0.0215804242 -0.00299063441
v 0.00782133359 0.0246589016 -0.00426314119
v 0.00782133453 0.0202698726 -0.000207743637
v 0.00782133546 0.0306310561 -0.00333544496
v 0.00782133546 0.030958252 -0.00270176632
v 0.00782133453 0.0311148465 0.000286879542
v 0.00644300878 0.0310765449 -0.00225305068
v 0.00644348562 0.0309804771 -0.00271666748
v 0.00644348562 0.0306310561 -0.00333544496
v 0.00644348562 0.0221418496 0.00367159839
v 0.00644348562 0.0311148465 0.000178618429
v 0.00644348562 0.0311148465 0.00529309269
v 0.00644348422 0.0215800349 -0.00299115409
v 0.00644866936 0.0202644877 -0.000213098523
v 0.00644348562 0.0221418496 0.00367159839
v 0.00644348422 0.0246589016 -0.00426314119
v 0.00333768548 0.0310930144 0.00485361554
v 0.00334250275 0.0314382203 0.00485230191
v 0.00334250275 0.0316629894 0.00491949543
v 0.00334250275 0.0318865664 0.00511783361
v 0.00334369345 0.0320924334 0.00551045407
v 0.00336040836 0.0321250074 0.00601804024
v 0.00335868774 0.0319240503 0.00646143639
v 0.00333768129 0.031073641 0.00764526846
v 0.00334698916 0.0315151289 0.00711783534
v 0.00427252706 0.0310325418 0.00755298603
v 0.00427252706 0.031020781 0.00623877393
v 0.00427188491 0.0295559168 0.00772510516
v 0.00426236959 0.0315135196 0.00712043047
v 0.00427252706 0.0319300108 0.00645357603
v 0.0042725266 0.0321286991 0.00599467009
v 0.00427299971 0.0320769884 0.00551392557
v 0.00427252706 0.031888064 0.00511960732
v 0.00427087769 0.0317002609 0.00494244788
v 0.00427252706 0.0314815901 0.00485773571
v 0.00427252706 0.030781053 0.00523302052
v 0.00427252706 0.0310929008 0.00485370867
v 0.00427252706 0.0306142922 0.00578791508
v 0.00427252706 0.030069543 0.00638164254
v 0.00427252706 0.030781053 0.00523302052
v 0.00427374942 0.0307641085 0.00221603876
v 0.00427252706 0.0306142922 0.00578791508
v 0.00427252706 0.0310929008 0.00485370867
v 0.00430058455 0.0296711009 0.00648982031
v 0.00429707346 0.0300387405 0.00634637102
v 0.00528091472 0.0306995474 0.00570179941
v 0.00569997914 0.0309515987 0.00573817128
v 0.00644348562 0.0293201469 -0.00374773727
v 0.00644348562 0.0246589016 -0.00443900796
v 0.00644348422 0.0246589016 -0.00426314119
v 0.00644348562 0.0221418496 0.00367159839
v 0.00644348562 0.0306310561 -0.00333544496
v -0.00265547982 0.0314815938 0.00485773571
v -0.00265547982 0.0316993855 0.00494384766
v -0.00330330594 0.0316955335 0.00498374458
v -0.0033036517 0.031467583 0.00490886439
v -0.00265547982 0.0310941767 0.00487595331
v -0.00330425496 0.0310587995 0.0049420665
v -0.00265547982 0.0315103158 0.00711268885
v -0.00261005526 0.031053884 0.00764611829
v -0.00330403331 0.0310256686 0.00755628804
v -0.00330337277 0.0314993076 0.00714415079
v -0.00265547982 0.0319300108 0.00645357603
v -0.00330282794 0.031913165 0.00647643534
v -0.00265547982 0.0321286991 0.00599467149
v -0.00330256345 0.0321226195 0.00603616331
v -0.00265547982 0.0320713595 0.00543709984
v -0.0033026766 0.0320846774 0.0054807663
v -0.00265547982 0.031888064 0.00511960965
v -0.00330301514 0.0318776965 0.00519088237
v -0.00265547982 0.0316993855 0.00494384766
v -0.00330330594 0.0316955335 0.00498374458
v 0.00644348422 0.0215800349 -0.00299115409
v 0.00644348422 0.0246589016 -0.00426314119
v 0.00782133359 0.0246589016 -0.00426314119
v 0.00782133453 0.0215804242 -0.00299063441
v 0.00644866936 0.0202644877 -0.000213098523
v 0.00644348422 0.0215800349 -0.00299115409
v 0.00782133453 0.0215804242 -0.00299063441
v 0.00782133453 0.0202698726 -0.000207743637
v 0.00427188491 0.0295559168 0.00772510516
v -0.00331041915 0.0267282892 0.00744835241
v -0.00330625754 0.0295235645 0.00759276515
v 0.00427252706 0.026727289 0.00762326829
v -0.00331774936 0.0217747986 0.00762814842
v 0.00427252706 0.021797847 0.00681941118
v 0.00350518571 0.0311054345 -0.000729112595
v 0.0034986292 0.031091284 0.00181728601
v 0.00334265945 0.0311148465 0.00182632438
v 0.00334265945 0.0328847617 0.000240793219
v 0.00334265945 0.0332264006 -0.000295929902
v 0.00334265712 0.0332521424 -0.000851674064
v 0.00334265945 0.0326090977 -0.00141622068
v 0.00334265945 0.0317731909 -0.0018290329
v 0.00350887538 0.0310762431 -0.00225244509
v 0.00334265945 0.0313731059 -0.00225962629
v 0.00350902788 0.0309833903 -0.0027179122
v 0.00334265945 0.0319444649 -0.00281754253
v 0.00644348562 0.0311148465 0.00529309269
v 0.00644348562 0.0221418496 0.00367159839
v 0.00781729631 0.0221195258 0.00353588094
v 0.00782133546 0.0311148465 0.0050743795
v 0.00427252706 0.0168103985 0.00397978537
v 0.00425776839 0.0120431231 -0.00398946041
v -0.00333330384 0.0121058654 -0.00401113275
v -0.00332549331 0.0168109015 0.00397982122
v 0.00427252706 0.0164344758 0.00555137405
v -0.00332588656 0.0164349787 0.00555140944
v 0.00427252706 0.0165000763 0.00588236796
v -0.00332575431 0.0165009517 0.00588302594
v 0.00427374942 0.0307641085 0.00221603876
v 0.00427252706 0.0310929008 0.00485370867
v 0.00334250275 0.030761335 0.00221912377
v 0.00333768548 0.0310930144 0.00485361554
v 0.00427252706 0.0165000763 0.00588236796
v 0.00427252706 0.0187488366 0.00480916956
v 0.00427252706 0.0168103985 0.00397978537
v 0.00427252706 0.0164344758 0.00555137405
v 0.00425776839 0.0120431231 -0.00398946041
v 0.00424698228 0.0119231837 -0.00465689413
v -0.00298719038 0.0119223092 -0.00466665952
v -0.00333330384 0.0121058654 -0.00401113275
v 0.00644348562 0.0309804771 -0.00271666748
v 0.00350887538 0.0310762431 -0.00225244509
v 0.00350902788 0.0309833903 -0.0027179122
v 0.00644300878 0.0310765449 -0.00225305068
v 0.00350518571 0.0311054345 -0.000729112595
v 0.00644348562 0.0311148465 0.000178618429
v 0.0034986292 0.031091284 0.00181728601
v 0.0054226825 0.031083677 0.00202900637
v 0.00569997914 0.0309515987 0.00573817128
v 0.00644348562 0.0311148465 0.00529309269
v 0.00426667463 0.0167625081 0.00613682158
v 0.00427252706 0.0187488366 0.00480916956
v 0.00427252706 0.0165000763 0.00588236796
v 0.00427252706 0.019284457 0.00648148265
v 0.00441270042 0.0219688918 0.00599668361
v 0.00427252706 0.021797847 0.00681941118
v 0.00334250275 0.030761335 0.00221912377
v 0.00334265945 0.0311148465 0.00182632438
v 0.0034986292 0.031091284 0.00181728601
v 0.00427374942 0.0307641085 0.00221603876
v 0.00644348562 0.0306310561 -0.00333544496
v 0.00644348562 0.0309804771 -0.00271666748
v 0.00350902788 0.0309833903 -0.0027179122
v 0.00339939469 0.0306916777 -0.00345514528
v 0.00324265938 0.0246690437 -0.00614091614
v 0.00350902788 0.0199674871 -0.00498152012
v 0.00350902788 0.0293337721 -0.00378131145
v 0.00322835683 0.0269971061 -0.00605646847
v 0.00324265938 0.0292584002 -0.00546591496
v 0.00448070047 0.0122785633 -0.00411624648
v 0.00427253218 0.0122044152 -0.00405865442
v 0.00446529966 0.0159590915 0.00133730168
v 0.00448492402 0.0122258663 -0.00467354059
v 0.00644348562 0.0221418496 0.00367159839
v 0.00644866936 0.0202644877 -0.000213098523
v 0.00782133453 0.0202698726 -0.000207743637
v 0.00781729631 0.0221195258 0.00353588094
v 0.00858789217 0.0310844462 0.00529109687
v 0.00782133453 0.0311148465 0.000286879542
v 0.00858638715 0.0311148465 0.00291751372
v 0.00782133546 0.0311148465 0.0050743795
v 0.00569997914 0.0309515987 0.00573817128
v 0.00644348562 0.0311148465 0.00529309269
v 0.00427253218 0.0122044152 -0.00405865442
v 0.00427252706 0.0168103985 0.00397978537
v 0.00446529966 0.0159590915 0.00133730168
v 0.00425776839 0.0120431231 -0.00398946041
v 0.00424698228 0.0119231837 -0.00465689413
v 0.00448492402 0.0122258663 -0.00467354059
v 0.00857862365 0.0308577158 0.00529802311
v 0.00858789217 0.0310844462 0.00182632438
v 0.00858789217 0.0308716502 0.00182632438
v 0.00858638715 0.0311148465 0.00291751372
v 0.00858789217 0.0310844462 0.00529109687
v 0.00782133546 0.0293337721 -0.00378131145
v 0.00781729631 0.0221195258 0.00353588094
v 0.00782133359 0.0246589016 -0.00426314119
v 0.00782133546 0.0246589016 -0.00443900796
v 0.00427252706 0.021797847 0.00681941118
v -0.00332131376 0.0194246713 0.00688360678
v -0.00331774936 0.0217747986 0.00762814842
v 0.00427252706 0.019284457 0.00648148265
v -0.00332532637 0.016773276 0.00611323817
v 0.00426667463 0.0167625081 0.00613682158
v -0.00332575431 0.0165009517 0.00588302594
v 0.00427252706 0.0165000763 0.00588236796
v 0.00339939469 0.0306916777 -0.00345514528
v 0.00350902788 0.0309833903 -0.0027179122
v 0.00334265945 0.0319444649 -0.00281754253
v 0.00334265945 0.0318632536 -0.00346073858
v 0.00571454456 0.02790053 0.00559939118
v 0.00577769522 0.0221794974 0.00499712443
v 0.00464049168 0.0220155958 0.00575648993
v 0.0044335369 0.0271643195 0.00638624653
v 0.00324265938 0.0306871161 -0.00464025745
v 0.00324265938 0.0292584002 -0.00546591496
v 0.00350902788 0.0293337721 -0.00378131145
v 0.00339939469 0.0306916777 -0.00345514528
v 0.00334265945 0.0318632536 -0.00346073858
v 0.00438656332 0.0271155834 0.00652208552
v 0.00427252706 0.0294507407 0.00652719103
v 0.0044335369 0.0271643195 0.00638624653
v 0.00427252706 0.0295404065 0.0066686892
v 0.00430058455 0.0296711009 0.00648982031
v 0.00430058455 0.0296711009 0.00648982031
v 0.00427252706 0.0295404065 0.0066686892
v 0.00427252706 0.030069543 0.00638164254
v 0.00429707346 0.0300387405 0.00634637102
v 0.00576798711 0.0164558757 0.00106433395
v 0.00470262673 0.0160668101 0.0012764358
v 0.00461107492 0.0189983584 0.00450403197
v 0.00582202664 0.0194551274 0.0040230751
v 0.00427252706 0.0310929008 0.00485370867
v 0.00334250275 0.0314382203 0.00485230191
v 0.00333768548 0.0310930144 0.00485361554
v 0.00427252706 0.0314815901 0.00485773571
v 0.00334250275 0.0316629894 0.00491949543
v 0.00427087769 0.0317002609 0.00494244788
v 0.00334250275 0.0318865664 0.00511783361
v 0.00427252706 0.031888064 0.00511960732
v 0.00333768129 0.031073641 0.00764526846
v 0.00427188491 0.0295559168 0.00772510516
v -0.00330625754 0.0295235645 0.00759276515
v -0.00261005526 0.031053884 0.00764611829
v 0.00569997961 0.0125521086 -0.00432801479
v 0.00470262673 0.0160668101 0.0012764358
v 0.00576798711 0.0164558757 0.00106433395
v 0.00474834442 0.0123338001 -0.00416998146
v 0.00446529966 0.0159590915 0.00133730168
v 0.00448070047 0.0122785633 -0.00411624648
v 0.00448492402 0.0122258663 -0.00467354059
v 0.00474275555 0.012289552 -0.00467652082
v 0.00569996284 0.0125280665 -0.00468771206
v 0.00577769522 0.0221794974 0.00499712443
v 0.00582202664 0.0194551274 0.0040230751
v 0.00461107492 0.0189983584 0.00450403197
v 0.00464049168 0.0220155958 0.00575648993
v 0.00569997914 0.0307084024 0.00572870113
v 0.00571454456 0.02790053 0.00559939118
v 0.0044335369 0.0271643195 0.00638624653
v 0.00427252706 0.0294507407 0.00652719103
v 0.00430058455 0.0296711009 0.00648982031
v 0.00569997914 0.0309515987 0.00573817128
v 0.00441270042 0.0219688918 0.00599668361
v 0.00438656332 0.0271155834 0.00652208552
v 0.0044335369 0.0271643195 0.00638624653
v 0.00464049168 0.0220155958 0.00575648993
v 0.00427252706 0.0187488366 0.00480916956
v 0.00461107492 0.0189983584 0.00450403197
v 0.0054226825 0.031083677 0.00202900637
v 0.00427252706 0.0306142922 0.00578791508
v 0.00427374942 0.0307641085 0.00221603876
v 0.00528091472 0.0306995474 0.00570179941
v 0.00569997914 0.0309515987 0.00573817128
v 0.00470262673 0.0160668101 0.0012764358
v 0.00446529966 0.0159590915 0.00133730168
v 0.00427252706 0.0187488366 0.00480916956
v 0.00461107492 0.0189983584 0.00450403197
v 0.00427252706 0.0295404065 0.0066686892
v 0.00427252706 0.031020781 0.00623877393
v 0.00427252706 0.030069543 0.00638164254
v 0.00427188491 0.0295559168 0.00772510516
v 0.00427252706 0.0295404065 0.0066686892
v 0.00427252706 0.026727289 0.00762326829
v 0.00427188491 0.0295559168 0.00772510516
v 0.00438656332 0.0271155834 0.00652208552
v 0.00427252706 0.021797847 0.00681941118
v 0.00441270042 0.0219688918 0.00599668361
v 0.00427252706 0.031888064 0.00511960732
v 0.00334369345 0.0320924334 0.00551045407
v 0.00334250275 0.0318865664 0.00511783361
v 0.00427299971 0.0320769884 0.00551392557
v 0.00336040836 0.0321250074 0.00601804024
v 0.0042725266 0.0321286991 0.00599467009
v 0.00335868774 0.0319240503 0.00646143639
v 0.00427252706 0.0319300108 0.00645357603
v 0.00334698916 0.0315151289 0.00711783534
v 0.00426236959 0.0315135196 0.00712043047
v 0.00333768129 0.031073641 0.00764526846
v 0.00427252706 0.0310325418 0.00755298603
v 0.00857533421 0.0131321764 -0.00438075792
v 0.00858789217 0.0200488996 -0.00469849352
v 0.00858099014 0.0199854411 -0.00492656464
v 0.00858789869 0.0130667584 -0.00471118698
v -0.00265547982 0.0314815938 0.00485773571
v -0.00265547982 0.0310941767 0.00487595331
v -0.00265547982 0.0316993855 0.00494384766
v -0.00265547982 0.031888064 0.00511960965
v -0.00265547982 0.0320713595 0.00543709984
v -0.00265547982 0.0321286991 0.00599467149
v -0.00265547982 0.0319300108 0.00645357603
v -0.00261005526 0.031053884 0.00764611829
v -0.00265547982 0.0315103158 0.00711268885
v -0.00411550375 0.0187192 0.0100453366
v -0.00411550375 0.0187192 0.0105716009
v -0.00385400769 0.0177685861 0.0104500409
v -0.00385387172 0.0177685264 0.00994785968
v 0.00622463226 0.0187192 0.0100453366
v 0.005963 0.0177685264 0.00994785968
v 0.00596299628 0.0177685134 0.0104507031
v 0.00622463226 0.0187192 0.0105716009
v -0.00234196172 9.94825314E-05 0.00114273548
v -0.00222116825 0.000101437567 0.000987968408
v -0.00300387619 -0.000554499624 0.001005125
v -0.00393652776 -0.000674242969 0.00119769573
v -0.00394340511 -0.00067974563 0.00101950881
v -0.00541989086 7.70902625E-05 0.00117114536
v -0.00509255286 -0.000477547641 0.00101025577
v -0.00594253745 0.000158529278 0.00106752396
v -0.00627734885 0.00199058047 0.000984022627
v -0.00615921943 0.0022034978 0.00118277071
v -0.0070881173 0.0272685252 0.00987419859
v -0.00673213089 0.0281644538 0.0105081769
v -0.00709887268 0.0273714345 0.0103379097
v -0.00672392827 0.0280552674 0.0100864936
v -0.0070859585 0.0270337742 0.00843908731
v -0.00670749182 0.027796315 0.00884793513
v -0.00670256373 0.027633233 0.00853310339
v -0.00668748701 0.027336413 0.00825602189
v -0.00709792366 0.0276041646 0.011020205
v -0.00709887268 0.0273714345 0.0103379097
v -0.00673213089 0.0281644538 0.0105081769
v -0.00673489179 0.0283945836 0.0111648031
v -0.00674025062 0.0287463367 0.0118812574
v -0.00710628973 0.0279567968 0.011771149
v -0.00642046658 0.0313934647 0.0144752925
v -0.00681384327 0.0305837654 0.0144740436
v -0.00504769059 0.0340187959 0.021421399
v -0.00429494726 0.0353763178 0.022361882
v -0.00488935318 0.0337556154 0.0224011298
v -0.00448790891 0.035779383 0.0214487091
v -0.00474901404 0.035949938 0.020539036
v -0.00522765983 0.034170527 0.0204791259
v -0.00552702183 0.0341798738 0.0193817653
v -0.00505844923 0.0359584354 0.0194354169
v -0.00540557131 0.0355069377 0.0182524417
v -0.00590421772 0.0338602029 0.0182062779
v -0.00628885021 0.0330580622 0.0169836655
v -0.00584075181 0.0343159139 0.0169823542
v -0.00642046658 0.0313934647 0.0144752925
v -0.00681384327 0.0305837654 0.0144740436
v 0.0054114121 0.0340187959 0.021421399
v 0.005249565 0.0337584987 0.0224016067
v 0.00465866923 0.0353763178 0.022361882
v 0.00485162716 0.0357793905 0.0214487091
v 0.0051125288 0.0359486528 0.0205434076
v 0.00559138181 0.034170527 0.0204791259
v 0.00590045005 0.034174338 0.0193851609
v 0.00542217121 0.0359584354 0.0194354169
v 0.00576929376 0.0355069377 0.0182524417
v 0.00625926256 0.0338648371 0.0182016268
v 0.0066525708 0.0330580622 0.0169836655
v 0.00619518617 0.0343193449 0.0169758573
v 0.00678417413 0.0313934684 0.0144752832
v 0.00717756152 0.0305837672 0.0144740408
v 0.00746166334 0.0276041459 0.0110202115
v 0.00709584774 0.0281644575 0.010508175
v 0.00746259373 0.0273714345 0.0103379106
v 0.00709860958 0.0283945892 0.0111648021
v 0.00710397121 0.0287463367 0.0118812574
v 0.00747001451 0.0279567931 0.0117711518
v 0.00678417413 0.0313934684 0.0144752832
v 0.00717756152 0.0305837672 0.0144740408
v -0.0061177751 0.0287648235 0.0119661139
v -0.00584085332 0.0314037986 0.0145424912
v -0.00642046658 0.0313934647 0.0144752925
v -0.00674025062 0.0287463367 0.0118812574
v 0.00567594869 0.0343281515 0.0170212761
v 0.00620870385 0.0314071178 0.0145394849
v 0.00678417413 0.0313934684 0.0144752832
v 0.00619518617 0.0343193449 0.0169758573
v -0.005312216 0.034328144 0.0170212816
v -0.00584075181 0.0343159139 0.0169823542
v -0.00642046658 0.0313934647 0.0144752925
v -0.00584085332 0.0314037986 0.0145424912
v 0.00648150314 0.0287648309 0.0119661102
v 0.00710397121 0.0287463367 0.0118812574
v 0.00678417413 0.0313934684 0.0144752832
v 0.00620870385 0.0314071178 0.0145394849
v 0.00314962212 0.00389000401 -0.000451743603
v 0.00486042211 0.00389000401 -0.000451743603
v 0.00492923567 0.00256216526 -0.00138587947
v 0.00308080856 0.00256216526 -0.00138587947
v 0.00733278133 0.0138428397 0.0099658072
v 0.00679109897 0.0141153429 0.0102863153
v 0.00679109897 0.0141448444 0.00904861558
v 0.00733249774 0.0138648264 0.00904341787
v 0.00679109897 0.0141535997 0.00839022361
v 0.00733239437 0.0138728237 0.00844190549
v 0.00679109897 0.0135842729 0.00695414748
v 0.00733952876 0.0133192055 0.00704534259
v 0.00679109897 0.0132964849 0.00597305782
v 0.00734301237 0.0130488724 0.00612367876
v 0.00735899666 0.0118085099 0.00441687088
v 0.00679109851 0.0119541548 0.0040624761
v 0.00679109851 0.0107030626 0.0045352173
v 0.00737207476 0.0107937455 0.00480034808
v 0.00679109851 0.0085568903 0.00532428734
v 0.00739689264 0.00886796974 0.00543375965
v 0.00737403845 0.0106413886 0.00853949506
v 0.00679109851 0.0110974591 0.00984923355
v 0.00736563373 0.0112936115 0.00954500679
v 0.00679109851 0.01035666 0.00870725699
v 0.00738655915 0.00966982823 0.00671805115
v 0.00679109851 0.00937931798 0.00687512849
v 0.00739400834 0.00909178704 0.0057018348
v 0.00679109851 0.00877359137 0.00577189075
v 0.00739689264 0.00886796974 0.00543375965
v 0.00679109851 0.0085568903 0.00532428734
v 0.00735388743 0.0122050233 0.00531651964
v 0.00679109897 0.0124406479 0.00515449513
v 0.00679109851 0.0119541548 0.0040624761
v 0.00735899666 0.0118085099 0.00441687088
v 0.00734301237 0.0130488724 0.00612367876
v 0.00679109897 0.0132964849 0.00597305782
v 0.00679109897 0.0124406479 0.00515449513
v 0.00735388743 0.0122050233 0.00531651964
v 0.00736563373 0.0112936115 0.00954500679
v 0.00679109851 0.0110974591 0.00984923355
v 0.00679109897 0.0141153429 0.0102863153
v 0.00733278133 0.0138428397 0.0099658072
v 0.00739689264 0.00886796974 0.00543375965
v 0.00735183526 0.0123642636 0.0067917225
v 0.00737207476 0.0107937455 0.00480034808
v 0.00739400834 0.00909178704 0.0057018348
v 0.00738655915 0.00966982823 0.00671805115
v 0.00737403845 0.0106413886 0.00853949506
v 0.00737403845 0.0106413886 0.00853949506
v 0.00736563373 0.0112936115 0.00954500679
v 0.00733278133 0.0138428397 0.0099658072
v 0.00735183526 0.0123642636 0.0067917225
v 0.00733249774 0.0138648264 0.00904341787
v 0.00733239437 0.0138728237 0.00844190549
v 0.00733952876 0.0133192055 0.00704534259
v 0.00734301237 0.0130488724 0.00612367876
v 0.00735388743 0.0122050233 0.00531651964
v 0.00735899666 0.0118085099 0.00441687088
v 0.00737207476 0.0107937455 0.00480034808
v -0.000570318662 0.0160783306 -0.00607728725
v -0.00923513155 0.0160783306 -0.00607728725
v -0.0093182968 0.00424135197 -0.00607706793
v -0.00030097604 0.00419778563 -0.00607706793
v -0.000480337127 0.000944304455 -0.00607706793
v -0.00030097604 0.00419778563 -0.00607706793
v -0.0093182968 0.00424135197 -0.00607706793
v -0.00831562001 0.000942654617 -0.00607706793
v 0.00324265938 0.0306871161 -0.00464025745
v 0.00334265945 0.0318632536 -0.00346073858
v -0.00330397836 0.031831596 -0.00342026469
v -0.00330591202 0.030603854 -0.00450009573
v 0.00334265945 0.0326090977 -0.00141622068
v 0.00334265712 0.0332521424 -0.000851674064
v -0.00330160372 0.0332523324 -0.000851626392
v -0.00330262305 0.0326045044 -0.00141873595
v 0.00334265945 0.0317731909 -0.0018290329
v -0.0033039141 0.031763766 -0.00183422328
v 0.00334265945 0.0313731059 -0.00225962629
v -0.003304963 0.0310859047 -0.00225590472
v 0.00334265945 0.0319444649 -0.00281754253
v -0.00330373761 0.0319534056 -0.00284573319
v -0.00265547982 0.030761335 0.00221912377
v -0.00330450526 0.0311089009 0.00182007789
v 0.00334265945 0.0311148465 0.00182632438
v 0.00334250275 0.030761335 0.00221912377
v -0.00298719038 0.0119223092 -0.00466665952
v 0.00424698228 0.0119231837 -0.00465689413
v 0.00402786955 0.0165197272 -0.00492129056
v -0.00334702013 0.0165205896 -0.00492620701
v 0.00334265945 0.0318632536 -0.00346073858
v 0.00334265945 0.0319444649 -0.00281754253
v -0.00330373761 0.0319534056 -0.00284573319
v -0.00330397836 0.031831596 -0.00342026469
v 0.00334265945 0.0199737158 -0.00511320354
v 0.00324265938 0.0246690437 -0.00614091614
v -0.00333055248 0.0246691611 -0.00598035101
v -0.00333953253 0.0199739002 -0.00511315558
v 0.00334265945 0.0328847617 0.000240793219
v 0.00334265945 0.0311148465 0.00182632438
v -0.00330450526 0.0311089009 0.00182007789
v -0.00330203399 0.0328851342 0.000240745532
v 0.00334265945 0.0332264006 -0.000295929902
v 0.00334265945 0.0328847617 0.000240793219
v -0.00330203399 0.0328851342 0.000240745532
v -0.00330158346 0.0332266577 -0.000295884616
v 0.00334265712 0.0332521424 -0.000851674064
v -0.00330160372 0.0332523324 -0.000851626392
v 0.00402786955 0.0165197272 -0.00492129056
v 0.00334265945 0.0199737158 -0.00511320354
v -0.00333953253 0.0199739002 -0.00511315558
v -0.00334702013 0.0165205896 -0.00492620701
v 0.00334250275 0.030761335 0.00221912377
v 0.00333768548 0.0310930144 0.00485361554
v -0.00265547982 0.0310941767 0.00487595331
v -0.00265547982 0.030761335 0.00221912377
v 0.00324265938 0.0292584002 -0.00546591496
v 0.00324265938 0.0306871161 -0.00464025745
v -0.00330591202 0.030603854 -0.00450009573
v -0.00330809108 0.0291918889 -0.0053149676
v 0.00322835683 0.0269971061 -0.00605646847
v -0.00331145758 0.0269637313 -0.00590087147
v 0.00324265938 0.0246690437 -0.00614091614
v -0.00333055248 0.0246691611 -0.00598035101
v -0.00261005526 0.031053884 0.00764611829
v -0.00265547982 0.0310941767 0.00487595331
v 0.00333768548 0.0310930144 0.00485361554
v 0.00333768129 0.031073641 0.00764526846
v 0.00858789217 0.029333761 -0.00378119224
v 0.00782133546 0.0246589016 -0.00443900796
v 0.00858099014 0.0199854411 -0.00492656464
v 0.00782133546 0.0293337721 -0.00378131145
v 0.00782133546 0.0306310561 -0.00333544496
v 0.00858789217 0.0306310561 -0.00333544496
v 0.00644348562 0.0293201469 -0.00374773727
v 0.00644348562 0.0306310561 -0.00333544496
v 0.00339939469 0.0306916777 -0.00345514528
v 0.00350902788 0.0293337721 -0.00378131145
v 0.00644348562 0.0246589016 -0.00443900796
v 0.00350902788 0.0199674871 -0.00498152012
v 0.00350902788 0.0199674871 -0.00498152012
v 0.00858099014 0.0199854411 -0.00492656464
v 0.00782133546 0.0246589016 -0.00443900796
v 0.00644348562 0.0246589016 -0.00443900796
v 0.00448492402 0.0122258663 -0.00467354059
v 0.00474275555 0.012289552 -0.00467652082
v 0.00402786955 0.0165197272 -0.00492129056
v 0.00569996284 0.0125280665 -0.00468771206
v 0.00350902788 0.0199674871 -0.00498152012
v 0.00350902788 0.0199674871 -0.00498152012
v 0.00569996284 0.0125280665 -0.00468771206
v 0.00858789869 0.0130667584 -0.00471118698
v 0.00858099014 0.0199854411 -0.00492656464
v 0.00576798711 0.0164558757 0.00106433395
v 0.00582202664 0.0194551274 0.0040230751
v 0.00851186365 0.0197457075 0.00377776613
v 0.00854120683 0.0168487877 0.000896480051
v 0.00577769522 0.0221794974 0.00499712443
v 0.00571454456 0.02790053 0.00559939118
v 0.00857081916 0.0278981104 0.00516849989
v 0.00854032952 0.0224040858 0.00464244373
v 0.00582202664 0.0194551274 0.0040230751
v 0.00851186365 0.0197457075 0.00377776613
v 0.00857533421 0.0131321764 -0.00438075792
v 0.00858789869 0.0130667584 -0.00471118698
v 0.00569996284 0.0125280665 -0.00468771206
v 0.00569997961 0.0125521086 -0.00432801479
v 0.00854120683 0.0168487877 0.000896480051
v 0.00576798711 0.0164558757 0.00106433395
v 0.00569997914 0.0307084024 0.00572870113
v 0.00569997914 0.0309515987 0.00573817128
v 0.00858789217 0.0310844462 0.00529109687
v 0.00857862365 0.0308577158 0.00529802311
v 0.00571454456 0.02790053 0.00559939118
v 0.00569997914 0.0307084024 0.00572870113
v 0.00857862365 0.0308577158 0.00529802311
v 0.00857081916 0.0278981104 0.00516849989
v -0.00687515223 0.0323109627 -0.00277528516
v -0.00827620458 0.0294580124 -0.00165469886
v -0.00688728783 0.0314844139 -0.00377443549
v -0.00827691797 0.0302230772 -0.00098842138
v -0.00687290402 0.0332541019 -0.00112734316
v -0.00828140974 0.0310274791 7.99155241E-05
v -0.00686760759 0.0340017229 0.000838231994
v -0.00825323351 0.0317081101 0.00140215876
v -0.0068363687 0.0343334079 0.00293879514
v -0.00827673171 0.0319216773 0.00275353901
v -0.006870321 0.0183317363 -0.00584483379
v -0.0068596052 0.0276733767 -0.00590103352
v -0.00825318601 0.0262884665 -0.00285399193
v -0.00831000041 0.019562304 -0.00286946539
v -0.0068536792 0.0338001065 0.00780439144
v -0.0082556745 0.0312207025 0.00632576318
v -0.00825000275 0.0315683037 0.00516336178
v -0.00686641783 0.0340795256 0.00626767846
v -0.00825293548 0.0318110548 0.0040493249
v -0.00686926208 0.0342696868 0.00474094367
v -0.00827673171 0.0319216773 0.00275353901
v -0.0068363687 0.0343334079 0.00293879514
v -0.00688728783 0.0314844139 -0.00377443549
v -0.00827620458 0.0294580124 -0.00165469886
v -0.00828059204 0.0287781451 -0.0020651482
v -0.00677416287 0.0304016937 -0.0047750161
v -0.00827949774 0.0277890861 -0.00253373384
v -0.00687167514 0.0293265283 -0.00535592297
v -0.0068536792 0.0338001065 0.00780439144
v -0.0068026064 0.0183470771 0.00633499259
v -0.00826986041 0.0196008589 0.00489185331
v -0.0082556745 0.0312207025 0.00632576318
v -0.0068596052 0.0276733767 -0.00590103352
v -0.00687167514 0.0293265283 -0.00535592297
v -0.00827949774 0.0277890861 -0.00253373384
v -0.00825318601 0.0262884665 -0.00285399193
v -0.006870321 0.0183317363 -0.00584483379
v -0.00831000041 0.019562304 -0.00286946539
v -0.00826986041 0.0196008589 0.00489185331
v -0.0068026064 0.0183470771 0.00633499259
v -0.00985303614 0.0263377614 0.000506887445
v -0.00984787196 0.0302140489 0.000536375039
v -0.00985300262 0.0307916943 0.00153439993
v -0.00985173695 0.0294356123 -0.00028203486
v -0.00985376071 0.0284757949 -0.00094590662
v -0.00985391811 0.0272806231 -0.00146135804
v -0.0098530408 0.026337564 -0.00173669332
v -0.00972660724 0.030889133 0.00361799472
v -0.00906356331 0.0304847416 0.00531170378
v -0.00905286521 0.0263311099 0.00500812521
v -0.00980009325 0.0263634361 0.00283193099
v -0.00985303614 0.0263377614 0.000506887445
v -0.00985300262 0.0307916943 0.00153439993
v -0.00984035712 0.0309728421 0.00259100902
v -0.00992906559 0.0222903769 0.00337092392
v -0.0111730453 0.0212921444 0.00346237654
v -0.011368148 0.0217457246 0.00337059493
v -0.00969254691 0.0217316225 0.00350533961
v -0.00953041762 0.0213265158 0.00332465651
v -0.0110273855 0.0209179223 0.00325617543
v -0.00992906559 0.0222903769 0.00337092392
v -0.011368148 0.0217457246 0.00337059493
v -0.0115229366 0.0221070647 0.00305266841
v -0.0101254964 0.0227580182 0.00298936828
v -0.00953041762 0.0213265158 0.00332465651
v -0.010931449 0.0206476692 0.0028458715
v -0.0110273855 0.0209179223 0.00325617543
v -0.0094319582 0.0210517347 0.00291900639
v -0.00939749926 0.0209389161 0.00241832249
v -0.0108857295 0.0205131974 0.00236087549
v -0.0109272618 0.0206085369 0.00189853192
v -0.00946037471 0.0210854784 0.00194638013
v -0.0101906182 0.0229191445 0.00254284381
v -0.0101254964 0.0227580182 0.00298936828
v -0.0115229366 0.0221070647 0.00305266841
v -0.0115661761 0.0222148094 0.00261960737
v -0.0115228649 0.0221169721 0.00213245396
v -0.0101548005 0.0228499528 0.00203659758
v -0.01005249 0.0226086341 0.00158638472
v -0.0114216395 0.0218755472 0.0016761088
v -0.01005249 0.0226086341 0.00158638472
v -0.0114216395 0.0218755472 0.0016761088
v -0.0112729808 0.0215017572 0.00143379206
v -0.00988762081 0.0221852176 0.00136548758
v -0.00966096576 0.0215914696 0.00152066699
v -0.00988762081 0.0221852176 0.00136548758
v -0.0112729808 0.0215017572 0.00143379206
v -0.0110842083 0.0210049767 0.00153926841
v -0.0109272618 0.0206085369 0.00189853192
v -0.00946037471 0.0210854784 0.00194638013
v 0.00419028383 0.0347816497 0.0133082317
v 0.00484507205 0.0248246156 0.0120729255
v 0.00431248546 0.0251669548 0.0129685877
v 0.00485135522 0.034100201 0.012366591
v 0.00524688466 0.0338559188 0.0110717863
v 0.00506138057 0.0243023504 0.0111567797
v 0.0051791016 0.0238496698 0.0106636463
v 0.00508432277 0.0340916514 0.010824291
v -0.00392895564 0.0347808599 0.0132884299
v -0.00401083939 0.0251830444 0.013015761
v -0.00481301546 0.0246586874 0.011617667
v -0.00478840107 0.0339714773 0.0118832123
v -0.00462039234 0.0230820738 0.00740385382
v -0.00466897245 0.0340962335 0.00825881306
v 0.00198312406 0.0367139392 0.0145948809
v 0.00330986665 0.0361565165 0.0139882024
v 0.00344237313 0.0253948998 0.0137115484
v 0.00194849365 0.0255784355 0.0144482441
v 0.000157450428 0.0367861018 0.0147448825
v 0.000136268136 0.0256274045 0.0146450279
v -0.00164385082 0.0255802236 0.0144554256
v -0.00202199211 0.0366495885 0.0144438809
v -0.00202199211 0.0366495885 0.0144438809
v -0.00164385082 0.0255802236 0.0144554256
v -0.0030815457 0.0254094992 0.0137672126
v -0.0030966294 0.0359602422 0.0138100181
v -0.00401083939 0.0251830444 0.013015761
v -0.00392895564 0.0347808599 0.0132884299
v 0.00330986665 0.0361565165 0.0139882024
v 0.00419028383 0.0347816497 0.0133082317
v 0.00431248546 0.0251669548 0.0129685877
v 0.00344237313 0.0253948998 0.0137115484
v 0.00848072767 0.00920896977 -0.00655786274
v 0.00896971487 0.00818835758 -0.00653914176
v 0.00884461403 0.0087817004 -0.0065476438
v 0.00883934461 0.00759629253 -0.00652296282
v 0.00847530738 0.00717474194 -0.00651469454
v 0.00799183082 0.00701540941 -0.00650754664
v 0.00799185969 0.00937441085 -0.00655660359
v 0.00750251999 0.00920864567 -0.0065579582
v 0.00750805764 0.00717504974 -0.00651507126
v 0.00714438083 0.00759658776 -0.00652357331
v 0.00701403245 0.0081883641 -0.00653961394
v 0.00713907043 0.00878137071 -0.00654796325
v 0.00715380721 0.00929033756 -0.00615328038
v 0.00862831715 0.0100919912 -0.00149697298
v 0.00883838721 0.0072759008 -0.00610962603
v 0.00769113284 0.00690676179 -0.00610075705
v 0.00746293692 0.00981566403 -0.0014797115
v 0.00742262462 0.0129971905 0.00360692502
v 0.00860636588 0.0131682632 0.00360409729
v 0.00746293692 0.00981566403 -0.0014797115
v 0.00769113284 0.00690676179 -0.00610075705
v 0.00684749847 0.0079110954 -0.00612489926
v 0.00667999033 0.0107006878 -0.00173710822
v 0.00671783322 0.013772089 0.0031288336
v 0.00742262462 0.0129971905 0.00360692502
v 0.00836580619 0.0192916729 0.012115472
v 0.00898181647 0.0200731363 0.0113284709
v 0.00899294019 0.0203139819 0.0115793003
v 0.00840504467 0.0191233829 0.0118381642
v 0.00905705802 0.0184026361 0.0127893556
v 0.0090546459 0.0182942152 0.0124615114
v 0.00886129867 0.0171742551 0.0105600674
v 0.00818416197 0.0179779381 0.00997440517
v 0.00992059708 0.0190422274 0.00955116563
v 0.0108636208 0.0193703417 0.0120506678
v 0.0102074426 0.0202031229 0.0114371832
v 0.0105626388 0.018254837 0.0101234652
v 0.00901751593 0.0171330832 0.00628363714
v 0.00972565915 0.0163483098 0.00682248082
v 0.0105626388 0.018254837 0.0101234652
v 0.0100505063 0.0173264556 0.0106218038
v 0.0102895377 0.0184111297 0.012565515
v 0.0108636208 0.0193703417 0.0120506678
v 0.0109894676 0.0195601527 0.0123808216
v 0.0103733987 0.0185338352 0.0129179256
v 0.0103011308 0.0204502866 0.0117169926
v 0.0102074426 0.0202031229 0.0114371832
v 0.0100505063 0.0173264556 0.0106218038
v 0.00886129867 0.0171742551 0.0105600674
v 0.0090546459 0.0182942152 0.0124615114
v 0.0102895377 0.0184111297 0.012565515
v 0.0103733987 0.0185338352 0.0129179256
v 0.00905705802 0.0184026361 0.0127893556
v 0.00818416197 0.0179779381 0.00997440517
v 0.00873420201 0.0189185683 0.00946228951
v 0.00898181647 0.0200731363 0.0113284709
v 0.00840504467 0.0191233829 0.0118381642
v 0.00873420201 0.0189185683 0.00946228951
v 0.0102074426 0.0202031229 0.0114371832
v 0.00898181647 0.0200731363 0.0113284709
v 0.00992059708 0.0190422274 0.00955116563
v 0.0078444751 0.01695491 0.00625746697
v 0.00901751593 0.0171330832 0.00628363714
v 0.00847530738 0.00717474194 -0.00651469454
v 0.00883838721 0.0072759008 -0.00610962603
v 0.00883934461 0.00759629253 -0.00652296282
v 0.00896971487 0.00818835758 -0.00653914176
v 0.00914604124 0.00865345448 -0.00614149775
v 0.00884461403 0.0087817004 -0.0065476438
v 0.00848072767 0.00920896977 -0.00655786274
v 0.00830326974 0.00966112595 -0.00616072398
v 0.00848072767 0.00920896977 -0.00655786274
v 0.00830326974 0.00966112595 -0.00616072398
v 0.00799185969 0.00937441085 -0.00655660359
v 0.00750251999 0.00920864567 -0.0065579582
v 0.00715380721 0.00929033756 -0.00615328038
v 0.00847530738 0.00717474194 -0.00651469454
v 0.00769113284 0.00690676179 -0.00610075705
v 0.00883838721 0.0072759008 -0.00610962603
v 0.00799183082 0.00701540941 -0.00650754664
v 0.00750805764 0.00717504974 -0.00651507126
v 0.00750805764 0.00717504974 -0.00651507126
v 0.00684749847 0.0079110954 -0.00612489926
v 0.00769113284 0.00690676179 -0.00610075705
v 0.00714438083 0.00759658776 -0.00652357331
v 0.00701403245 0.0081883641 -0.00653961394
v 0.00715380721 0.00929033756 -0.00615328038
v 0.00713907043 0.00878137071 -0.00654796325
v 0.00818798784 0.0121621275 -0.0020394444
v 0.00830326974 0.00966112595 -0.00616072398
v 0.00914604124 0.00865345448 -0.00614149775
v 0.0089972876 0.0112757273 -0.00178310391
v 0.00883838721 0.0072759008 -0.00610962603
v 0.00862831715 0.0100919912 -0.00149697298
v 0.00860636588 0.0131682632 0.00360409729
v 0.00905618444 0.0141837094 0.00308872689
v 0.00923915766 0.0153928185 0.00734456861
v 0.00827636849 0.0149730109 0.00261381152
v 0.00972565915 0.0163483098 0.00682248082
v 0.00901751593 0.0171330832 0.00628363714
v 0.00667999033 0.0107006878 -0.00173710822
v 0.00684749847 0.0079110954 -0.00612489926
v 0.00715380721 0.00929033756 -0.00615328038
v 0.00703698397 0.0118648531 -0.00201172824
v 0.00712391129 0.0147367809 0.00264790771
v 0.00671783322 0.013772089 0.0031288336
v 0.0078444751 0.01695491 0.00625746697
v 0.00736656412 0.0160131436 0.00676834816
v 0.00703698397 0.0118648531 -0.00201172824
v 0.00715380721 0.00929033756 -0.00615328038
v 0.00830326974 0.00966112595 -0.00616072398
v 0.00818798784 0.0121621275 -0.0020394444
v 0.00827636849 0.0149730109 0.00261381152
v 0.00712391129 0.0147367809 0.00264790771
v 0.00901751593 0.0171330832 0.00628363714
v 0.0078444751 0.01695491 0.00625746697
v 0.00899294019 0.0203139819 0.0115793003
v 0.00898181647 0.0200731363 0.0113284709
v 0.0102074426 0.0202031229 0.0114371832
v 0.0103011308 0.0204502866 0.0117169926
v 0.00860636588 0.0131682632 0.00360409729
v 0.00742262462 0.0129971905 0.00360692502
v 0.00805590581 0.0152368015 0.00731499167
v 0.00923915766 0.0153928185 0.00734456861
v 0.00886129867 0.0171742551 0.0105600674
v 0.0100505063 0.0173264556 0.0106218038
v 0.00742262462 0.0129971905 0.00360692502
v 0.00671783322 0.013772089 0.0031288336
v 0.00736656412 0.0160131436 0.00676834816
v 0.00805590581 0.0152368015 0.00731499167
v 0.00818416197 0.0179779381 0.00997440517
v 0.00886129867 0.0171742551 0.0105600674
v 0.00873420201 0.0189185683 0.00946228951
v 0.0078444751 0.01695491 0.00625746697
v 0.00972565915 0.0163483098 0.00682248082
v 0.00923915766 0.0153928185 0.00734456861
v 0.0100505063 0.0173264556 0.0106218038
v 0.0105626388 0.018254837 0.0101234652
v -0.0124274986 0.0270972177 0.00630464545
v -0.0133204218 0.0262817107 0.010619591
v -0.0133141018 0.0263727084 0.00630653603
v -0.012396221 0.0270872228 0.0107026072
v -0.0112612294 0.0268310104 0.0063429093
v -0.0111449212 0.0267918315 0.0108191306
v -0.0133141018 0.0263727084 0.00630653603
v -0.0133204218 0.0262817107 0.010619591
v -0.0129791331 0.025180677 0.0106709618
v -0.0130181285 0.0253232997 0.0063721356
v -0.0130181285 0.0253232997 0.0063721356
v -0.0129791331 0.025180677 0.0106709618
v -0.0117155863 0.02489773 0.0107865119
v -0.0117950626 0.025056133 0.00641276361
v -0.0108086681 0.0257073864 0.0108517846
v -0.01092947 0.0258350074 0.00638907636
v -0.01092947 0.0258350074 0.00638907636
v -0.0108086681 0.0257073864 0.0108517846
v -0.0111449212 0.0267918315 0.0108191306
v -0.0112612294 0.0268310104 0.0063429093
v -0.0111156721 0.0267807618 0.0111562777
v -0.012396221 0.0270872228 0.0107026072
v -0.0111449212 0.0267918315 0.0108191306
v -0.0124008823 0.0271001589 0.0110956067
v -0.0133204218 0.0262817107 0.010619591
v -0.0133698201 0.0262624305 0.011056589
v -0.0107871359 0.0256701019 0.0111711193
v -0.0111156721 0.0267807618 0.0111562777
v -0.0111449212 0.0267918315 0.0108191306
v -0.0108086681 0.0257073864 0.0108517846
v -0.0117069362 0.0248443913 0.0111335386
v -0.0107871359 0.0256701019 0.0111711193
v -0.0108086681 0.0257073864 0.0108517846
v -0.0117155863 0.02489773 0.0107865119
v -0.0129999658 0.0251224842 0.0110772671
v -0.0129791331 0.025180677 0.0106709618
v -0.0133698201 0.0262624305 0.011056589
v -0.0129999658 0.0251224842 0.0110772671
v -0.0129791331 0.025180677 0.0106709618
v -0.0133204218 0.0262817107 0.010619591
v -0.0122276284 0.00960862823 -0.00390822627
v -0.0124465292 0.00880125072 -0.00303189992
v -0.0116246315 0.00868814718 -0.00304912799
v -0.0116244908 0.00959152635 -0.00393787632
v -0.0124465292 0.00880125072 -0.00303189992
v -0.0116244722 0.00901932176 -0.00185832498
v -0.0116246315 0.00868814718 -0.00304912799
v -0.012336676 0.00913092587 -0.00185295579
v -0.0133842537 0.00962744653 -0.00193803781
v -0.0135547686 0.00940196496 -0.00301330327
v -0.012336676 0.00913092587 -0.00185295579
v -0.0116247004 0.0102471728 -0.00152538531
v -0.0116244722 0.00901932176 -0.00185832498
v -0.0120629193 0.0102495523 -0.00155569077
v -0.012688458 0.0105190128 -0.00157854077
v -0.0133842537 0.00962744653 -0.00193803781
v -0.0132947946 0.0116100209 -0.00163775205
v -0.0143023347 0.0111892717 -0.00198104861
v -0.0120629193 0.0102495523 -0.00155569077
v -0.0116244387 0.0111365076 -0.00241348031
v -0.0116247004 0.0102471728 -0.00152538531
v -0.0117947794 0.0110567976 -0.00242183916
v -0.0116243167 0.0108108688 -0.00361682172
v -0.0118892258 0.01074614 -0.00360236387
v -0.0123335142 0.0109519763 -0.00357186538
v -0.0121260565 0.0112014478 -0.00243638759
v -0.0118892258 0.01074614 -0.00360236387
v -0.0116244908 0.00959152635 -0.00393787632
v -0.0116243167 0.0108108688 -0.00361682172
v -0.0122276284 0.00960862823 -0.00390822627
v -0.0130725019 0.0100344513 -0.00386742828
v -0.0123335142 0.0109519763 -0.00357186538
v -0.0138424374 0.0113828918 -0.00383018237
v -0.0128026605 0.0118105244 -0.00354795693
v -0.0145550752 0.0110819172 -0.00301284064
v -0.0135547686 0.00940196496 -0.00301330327
v -0.0137938829 0.0144754313 -0.00376928551
v -0.0126576163 0.0145139266 -0.0034875893
v -0.0131787322 0.0199278425 -0.00331382034
v -0.0120847197 0.0199076608 -0.00306265103
v -0.01408807 0.0198317189 -0.0026416278
v -0.0146293612 0.0144481156 -0.00298896548
v -0.0135036465 0.0257620718 0.00147323601
v -0.0133141018 0.0263727084 0.00630653603
v -0.0130181285 0.0253232997 0.0063721356
v -0.0133087607 0.0248917248 0.0018917179
v -0.013739381 0.0236306097 -0.00132369751
v -0.0136132091 0.0231215153 -0.00050726888
v -0.0133087607 0.0248917248 0.0018917179
v -0.0130181285 0.0253232997 0.0063721356
v -0.0117950626 0.025056133 0.00641276361
v -0.0121163847 0.0246545803 0.00197717664
v -0.0136132091 0.0231215153 -0.00050726888
v -0.01092947 0.0258350074 0.00638907636
v -0.0124454135 0.022984067 -0.000271828176
v -0.0112237232 0.0253455006 0.00163103105
v -0.0115056681 0.0234100576 -0.000912661548
v -0.0112237232 0.0253455006 0.00163103105
v -0.01092947 0.0258350074 0.00638907636
v -0.0112612294 0.0268310104 0.0063429093
v -0.0115438225 0.0261532348 0.00125797268
v -0.0115056681 0.0234100576 -0.000912661548
v -0.0117636463 0.0238945857 -0.00165977469
v -0.0115438225 0.0261532348 0.00125797268
v -0.0112612294 0.0268310104 0.0063429093
v -0.0124274986 0.0270972177 0.00630464545
v -0.0126228761 0.0263409317 0.00119039533
v -0.0117636463 0.0238945857 -0.00165977469
v -0.0133141018 0.0263727084 0.00630653603
v -0.0128103895 0.0239902772 -0.00184508797
v -0.0135036465 0.0257620718 0.00147323601
v -0.013739381 0.0236306097 -0.00132369751
v -0.0131787322 0.0199278425 -0.00331382034
v -0.013739381 0.0236306097 -0.00132369751
v -0.01408807 0.0198317189 -0.0026416278
v -0.0128103895 0.0239902772 -0.00184508797
v -0.0120847197 0.0199076608 -0.00306265103
v -0.0117636463 0.0238945857 -0.00165977469
v -0.01408807 0.0198317189 -0.0026416278
v -0.013739381 0.0236306097 -0.00132369751
v -0.0136132091 0.0231215153 -0.00050726888
v -0.0139096305 0.0197077338 -0.00165288919
v -0.0139096305 0.0197077338 -0.00165288919
v -0.0136132091 0.0231215153 -0.00050726888
v -0.0124454135 0.022984067 -0.000271828176
v -0.0127504822 0.0196763109 -0.0013716697
v -0.0115056681 0.0234100576 -0.000912661548
v -0.0118334359 0.0197821558 -0.00212341547
v -0.0118334359 0.0197821558 -0.00212341547
v -0.0115056681 0.0234100576 -0.000912661548
v -0.0117636463 0.0238945857 -0.00165977469
v -0.0120847197 0.0199076608 -0.00306265103
v -0.012365737 0.0145235965 -0.0024498296
v -0.0118334359 0.0197821558 -0.00212341547
v -0.0120847197 0.0199076608 -0.00306265103
v -0.0126576163 0.0145139266 -0.0034875893
v -0.012515883 0.0119259739 -0.00245956169
v -0.0128026605 0.0118105244 -0.00354795693
v -0.0121260565 0.0112014478 -0.00243638759
v -0.0123335142 0.0109519763 -0.00357186538
v -0.0143662067 0.014459867 -0.00196432578
v -0.0139096305 0.0197077338 -0.00165288919
v -0.0127504822 0.0196763109 -0.0013716697
v -0.0132296989 0.0144965835 -0.00165348768
v -0.0143023347 0.0111892717 -0.00198104861
v -0.0118334359 0.0197821558 -0.00212341547
v -0.012365737 0.0145235965 -0.0024498296
v -0.0132947946 0.0116100209 -0.00163775205
v -0.012515883 0.0119259739 -0.00245956169
v -0.012688458 0.0105190128 -0.00157854077
v -0.0121260565 0.0112014478 -0.00243638759
v -0.0120629193 0.0102495523 -0.00155569077
v -0.0117947794 0.0110567976 -0.00242183916
v -0.0146293612 0.0144481156 -0.00298896548
v -0.01408807 0.0198317189 -0.0026416278
v -0.0139096305 0.0197077338 -0.00165288919
v -0.0143662067 0.014459867 -0.00196432578
v -0.0145550752 0.0110819172 -0.00301284064
v -0.0143023347 0.0111892717 -0.00198104861
v -0.0138424374 0.0113828918 -0.00383018237
v -0.0137938829 0.0144754313 -0.00376928551
v -0.0146293612 0.0144481156 -0.00298896548
v -0.0145550752 0.0110819172 -0.00301284064
v -0.0135547686 0.00940196496 -0.00301330327
v -0.0145550752 0.0110819172 -0.00301284064
v -0.0143023347 0.0111892717 -0.00198104861
v -0.0133842537 0.00962744653 -0.00193803781
v -0.0122276284 0.00960862823 -0.00390822627
v -0.0130725019 0.0100344513 -0.00386742828
v -0.0135547686 0.00940196496 -0.00301330327
v -0.0124465292 0.00880125072 -0.00303189992
v -0.00926745869 0.00944592897 0.00526752928
v -0.00797083601 0.010800547 0.00430179108
v -0.00912169181 0.0110159582 0.0047680568
v -0.00828799512 0.00892810524 0.00484328251
v -0.00842232909 0.00797693245 0.00517706387
v -0.00932656787 0.00881684292 0.00547846314
v -0.00944289379 0.0106311822 0.00927517843
v -0.0094424868 0.0111742159 0.0098705031
v -0.00832897425 0.0110942265 0.0103444075
v -0.00832897425 0.010440073 0.00962279737
v -0.0083756512 0.00804539211 0.00539566483
v -0.0093512889 0.00863291044 0.00565440767
v -0.00842232909 0.00797693245 0.00517706387
v -0.00932656787 0.00881684292 0.00547846314
v -0.00907864328 0.0119831627 0.0051783463
v -0.00907619949 0.0116169453 0.00473511219
v -0.00779180508 0.0117760468 0.00403421652
v -0.00785562955 0.0120341945 0.00492818095
v -0.00925729983 0.0134891504 0.00959077477
v -0.00826135371 0.0139084766 0.0100443959
v -0.00832897611 0.0142208571 0.0109566972
v -0.00929183699 0.0135118244 0.0101463813
v -0.00912169181 0.0110159582 0.0047680568
v -0.00797083601 0.010800547 0.00430179108
v -0.00779180508 0.0117760468 0.00403421652
v -0.00907619949 0.0116169453 0.00473511219
v -0.00941489637 0.0118008424 0.0101409601
v -0.00832897425 0.0110942265 0.0103444075
v -0.0094424868 0.0111742159 0.0098705031
v -0.00832897425 0.0118569275 0.0106723811
v -0.00832897611 0.0134473778 0.0108801173
v -0.0093314983 0.0130993389 0.0102985455
v -0.00832897611 0.0142208571 0.0109566972
v -0.00929183699 0.0135118244 0.0101463813
v -0.00831914414 0.01252109 0.0131554222
v -0.00889552291 0.0144928405 0.0121387076
v -0.00832729042 0.0146636581 0.0130412458
v -0.00842258707 0.0121165728 0.0124591086
v -0.00888197869 0.0120381117 0.0115560908
v -0.00887369365 0.0111621087 0.0111980792
v -0.0088600656 0.00952224713 0.00982932094
v -0.00832897425 0.00876039453 0.011047883
v -0.00811587553 0.00775615219 0.0135046504
v -0.00836122688 0.00742752757 0.0101535963
v -0.00879698712 0.00724247191 0.00648644799
v -0.00891465135 0.00836745463 0.00827960484
v -0.0088600656 0.00952224713 0.00982932094
v -0.00832897425 0.00876039453 0.011047883
v -0.00832897425 0.0058381604 0.0129378885
v -0.00832897425 0.00544870133 0.0127901742
v -0.00832897425 0.00590012083 0.013163995
v -0.00832897425 0.00566540705 0.0131666344
v -0.00832897425 0.0061223316 0.0136502553
v -0.00832897425 0.00624732487 0.0134854149
v -0.00832897425 0.0068887542 0.0137858605
v -0.00832897425 0.00681751221 0.0135777639
v -0.00832897425 0.00706731528 0.013414206
v -0.00811587553 0.00775615219 0.0135046504
v -0.00832897425 0.00717265811 0.013186004
v -0.00705659389 0.00498581631 0.0129886195
v -0.00621887203 0.00371938222 0.0121593159
v -0.00629635807 0.0035407017 0.0118045639
v -0.00598055357 0.00384485233 0.0124451276
v -0.00518693682 0.00286612031 0.0107828183
v -0.00363905192 0.00271062367 0.0086120218
v -0.0070559606 0.00271062367 0.0086120218
v -0.00480843289 0.00287563796 0.0108545087
v -0.00447764853 0.00297295558 0.0110656358
v -0.00422397861 0.00319048879 0.0114227626
v -0.0070559606 0.00271062367 0.0086120218
v -0.00558376545 0.00291200634 0.0108440109
v -0.00518693682 0.00286612031 0.0107828183
v -0.00593812345 0.00304152956 0.0110469358
v -0.006189215 0.00328292372 0.0114004444
v -0.00629635807 0.0035407017 0.0118045639
v -0.00705659389 0.00498581631 0.0129886195
v -0.00560520496 0.00394301862 0.0126424171
v -0.00598055357 0.00384485233 0.0124451276
v -0.00517237419 0.00397738907 0.0127239628
v -0.00342961773 0.00498581631 0.0129886195
v -0.00476160739 0.00391146634 0.0126625439
v -0.0044176816 0.00378350727 0.0124782724
v -0.00418536877 0.0036317585 0.012191264
v -0.00418536877 0.0036317585 0.012191264
v -0.00342961773 0.00498581631 0.0129886195
v -0.00410676841 0.00343962177 0.0118299508
v -0.00363905192 0.00271062367 0.0086120218
v -0.00422397861 0.00319048879 0.0114227626
v -0.00043119429 0.0163260791 -0.00653551333
v 3.26251975E-05 0.0166371055 -0.00653551333
v -0.00997680612 0.0166371055 -0.00653551333
v -0.00937710982 0.0163260791 -0.00653551333
v -0.000377331977 0.000709090207 -0.00653551333
v -0.00840834156 0.000707402185 -0.00653551333
v -0.00888264365 0.000306749338 -0.00653551333
v 0.000187888145 0.000308499322 -0.00653551333
v -0.00840834156 0.000707402185 -0.00653551333
v -0.00958456006 0.00400016317 -0.00653551333
v -0.0102111101 0.00374624715 -0.00653551333
v -0.00888264365 0.000306749338 -0.00653551333
v -0.000377331977 0.000709090207 -0.00653551333
v 0.000187888145 0.000308499322 -0.00653551333
v 0.000566464674 0.00399605744 -0.00653551333
v -4.21416735E-05 0.00395406224 -0.00653551333
v -0.00937710982 0.0163260791 -0.00653551333
v -0.00997680612 0.0166371055 -0.00653551333
v -0.0102111101 0.00374624715 -0.00653551333
v -0.00958456006 0.00400016317 -0.00653551333
v -0.00043119429 0.0163260791 -0.00653551333
v -4.21416735E-05 0.00395406224 -0.00653551333
v 0.000566464674 0.00399605744 -0.00653551333
v 3.26251975E-05 0.0166371055 -0.00653551333
v -0.00557453511 0.00477579841 0.000983147649
v -0.0055447924 0.00470378855 0.00113359687
v -0.00617736578 0.00410250667 0.00117140287
v -0.00635342579 0.0041247271 0.00107854605
v -0.00133658282 0.00217650877 0.000982408528
v -0.00222116825 0.000101437567 0.000987968408
v -0.00234196172 9.94825314E-05 0.00114273548
v -0.00145362131 0.00194390293 0.00118054391
v -0.0023807406 0.00481109833 0.00100130797
v -0.00139165157 0.00409725634 0.00101712462
v -0.00138840079 0.0040365411 0.00113655569
v -0.00239000306 0.00470337598 0.00114572048
v -0.00557453511 0.00477579841 0.000983147649
v -0.0023807406 0.00481109833 0.00100130797
v -0.00239000306 0.00470337598 0.00114572048
v -0.0055447924 0.00470378855 0.00113359687
v -0.00139165157 0.00409725634 0.00101712462
v -0.00133658282 0.00217650877 0.000982408528
v -0.00145362131 0.00194390293 0.00118054391
v -0.00138840079 0.0040365411 0.00113655569
v -0.00635342579 0.0041247271 0.00107854605
v -0.00617736578 0.00410250667 0.00117140287
v -0.00615921943 0.0022034978 0.00118277071
v -0.00627734885 0.00199058047 0.000984022627
v 0.00858789217 0.0293700565 -0.00196310761
v 0.00858789217 0.0308782328 0.000328512193
v 0.00858789217 0.0308540259 -0.00178879732
v 0.00858789217 0.0279486179 0.00165083876
v 0.00858789217 0.0308716502 0.00182632438
v 0.00858789217 0.025267059 0.00133568281
v 0.00858789217 0.0237909891 -7.40265823E-05
v 0.00858789217 0.0245774947 0.000949592562
v 0.00858789217 0.023005886 -0.00225524418
v 0.00858789217 0.0228420068 -0.00162464613
v 0.00653566187 0.0778930709 0.000200128547
v 0.00783973839 0.078679271 0.000753030763
v 0.00653566187 0.078679271 0.000753030763
v 0.00783973839 0.0778930709 0.000200128547
v 0.00783973839 0.0769381747 -0.00024971008
v 0.00653566187 0.0769381747 -0.00024971008
v 0.00653566187 0.075050205 0.00681152334
v 0.00653566187 0.076478295 0.00672704075
v 0.00783973839 0.076478295 0.00672704075
v 0.00783973839 0.075050205 0.00681152334
v 0.00783973839 0.0735653937 0.0067805443
v 0.00653566187 0.0735653937 0.0067805443
v 0.00653566187 0.0723645985 0.00669061393
v 0.00783973839 0.0723645985 0.00669061393
v 0.00653566187 0.0797800645 0.00415938348
v 0.00653566187 0.0798747391 0.00337692257
v 0.00783973839 0.0798747391 0.00337692257
v 0.00783973839 0.0797800645 0.00415938348
v 0.00783973839 0.0794817582 0.00490066269
v 0.00653566187 0.0794817582 0.00490066269
v 0.00653566187 0.0789657459 0.00553991552
v 0.00783973839 0.0789657459 0.00553991552
v 0.00653566187 0.0227541924 -0.0017808819
v 0.00783973839 0.0223571416 -0.00119008543
v 0.00783973839 0.0227541924 -0.0017808819
v 0.00653566187 0.0223571416 -0.00119008543
v 0.00653566187 0.0221047364 -0.000582489942
v 0.00783973839 0.0221047364 -0.000582489942
v 0.00783973839 0.0220014732 3.04555888E-05
v 0.00653566187 0.0220014732 3.04555888E-05
v 0.00653566187 0.022149371 0.000954613672
v 0.00783973839 0.022149371 0.000954611285
v 0.00653566187 0.0228234008 0.0022821473
v 0.00783973839 0.0228234008 0.0022821473
v 0.00653566187 0.0789657459 0.00553991552
v 0.00783973839 0.0789657459 0.00553991552
v 0.00783973839 0.0782891214 0.0060667037
v 0.00653566187 0.0782891214 0.0060667037
v 0.00653566187 0.0775089562 0.00647058943
v 0.00783973839 0.0775089562 0.00647058943
v 0.00783973839 0.076478295 0.00672704075
v 0.00653566187 0.076478295 0.00672704075
v 0.00653566187 0.0792008638 0.00130685093
v 0.00653566187 0.078679271 0.000753030763
v 0.00783973839 0.078679271 0.000753030763
v 0.00783973839 0.0792008638 0.00130685093
v 0.00783973839 0.0795402527 0.0019108057
v 0.00653566187 0.0795402527 0.0019108057
v 0.00653566187 0.079779841 0.00261411187
v 0.00783973839 0.079779841 0.00261411187
v 0.00783973839 0.0798747391 0.00337692257
v 0.00653566187 0.0798747391 0.00337692257
v 0.00653566187 0.0731842145 -0.000840144116
v 0.00783973839 0.0731842145 -0.000840144116
v 0.00783973839 0.074696891 -0.000651807757
v 0.00653566187 0.074696891 -0.000651807757
v 0.00653566187 0.0759105012 -0.000494341832
v 0.00783973839 0.0759105012 -0.000494341832
v 0.00783973839 0.0769381747 -0.00024971008
v 0.00653566187 0.0769381747 -0.00024971008
v 0.00653566187 0.0731842145 -0.000840144116
v 0.00653566187 0.0715083703 -0.00101024623
v 0.00783973839 0.0715083703 -0.00101024623
v 0.00783973839 0.0731842145 -0.000840144116
v 0.00653566187 0.0314939693 -0.00289684045
v 0.00783973839 0.0314939693 -0.00289684045
v 0.00783973839 0.0715083703 -0.00101024623
v 0.00653566187 0.0715083703 -0.00101024623
v 0.00653566187 0.0723645985 0.00669061393
v 0.00783973839 0.0723645985 0.00669061393
v 0.00783973839 0.0237464868 0.00302690268
v 0.00653566187 0.0237464849 0.00302690268
v 0.00653566187 0.025982447 -0.00289338827
v 0.00783973839 0.025982447 -0.00289338827
v 0.00783973839 0.0314939693 -0.00289684045
v 0.00653566187 0.0314939693 -0.00289684045
v 0.00653566187 0.023566395 -0.00246333354
v 0.00783973839 0.023566395 -0.00246333354
v 0.00783973839 0.025982447 -0.00289338827
v 0.00653566187 0.025982447 -0.00289338827
v 0.00653566187 0.0227541924 -0.0017808819
v 0.00783973839 0.0227541924 -0.0017808819
v 0.00783973839 0.023566395 -0.00246333354
v 0.00653566187 0.023566395 -0.00246333354
v 0.00653566187 0.0237464849 0.00302690268
v 0.00783973839 0.0237464868 0.00302690268
v 0.00783973839 0.0228234008 0.0022821473
v 0.00653566187 0.0228234008 0.0022821473
v -0.00397463329 -0.000666327483 0.00316890236
v -0.00540148374 -0.000405116065 0.00320689916
v -0.00542037468 -0.000329527858 0.00447116606
v -0.00399273168 -0.000614361721 0.00447151391
v -0.00250369776 -0.000340280531 0.00446464773
v -0.00251985295 -0.000410437584 0.00316166878
v -0.00537551846 -0.00036585331 0.00218915939
v -0.00246011838 -0.000348711008 0.00219159597
v -0.00395217398 -0.000669946661 0.00213794457
v -0.00541989086 7.70902625E-05 0.00117114536
v -0.00234196172 9.94825314E-05 0.00114273548
v -0.00393652776 -0.000674242969 0.00119769573
v -0.0118451454 0.010326962 -0.00428138953
v -0.0118379379 0.00948876794 -0.00428440329
v -0.0115958713 0.00940646604 -0.00454489933
v -0.0116244908 0.00959152635 -0.00393787632
v -0.0116009684 0.0103906104 -0.004548328
v -0.0116243167 0.0108108688 -0.00361682172
v -0.0116036963 0.0112412786 -0.00405778177
v -0.0118472548 0.0110492846 -0.00386069994
v -0.0118276859 0.00948075484 -0.00114005082
v -0.0118320435 0.0103324698 -0.00114410871
v -0.0116069149 0.010390277 -0.000862953661
v -0.0116247004 0.0102471728 -0.00152538531
v -0.0116043305 0.00939455442 -0.000865442737
v -0.0116244722 0.00901932176 -0.00185832498
v -0.0116056632 0.00853853673 -0.00136150117
v -0.0118290829 0.00873708259 -0.00157100917
v -0.0118361544 0.00832024124 -0.00229671225
v -0.0116246315 0.00868814718 -0.00304912799
v -0.0116109587 0.00804497208 -0.00220910553
v -0.0118377209 0.00832257234 -0.00312982313
v -0.011608894 0.00804486219 -0.00319112046
v -0.0118458504 0.0114669753 -0.00313945534
v -0.0118472548 0.0110492846 -0.00386069994
v -0.0116036963 0.0112412786 -0.00405778177
v -0.0116243167 0.0108108688 -0.00361682172
v -0.0116020013 0.0117365737 -0.00319730025
v -0.0116244387 0.0111365076 -0.00241348031
v -0.0116027212 0.0117382193 -0.00221354002
v -0.0118425414 0.0114725847 -0.00230387691
v -0.0118366741 0.0110609652 -0.00157478568
v -0.0116247004 0.0102471728 -0.00152538531
v -0.0116058439 0.0112396376 -0.00135437481
v -0.0118320435 0.0103324698 -0.00114410871
v -0.0116069149 0.010390277 -0.000862953661
v -0.0118345805 0.00874747243 -0.00385970343
v -0.0118377209 0.00832257234 -0.00312982313
v -0.011608894 0.00804486219 -0.00319112046
v -0.0116246315 0.00868814718 -0.00304912799
v -0.011598899 0.00854284223 -0.0040487838
v -0.0116244908 0.00959152635 -0.00393787632
v -0.0115958713 0.00940646604 -0.00454489933
v -0.0118379379 0.00948876794 -0.00428440329
v -0.00658797845 0.034429241 0.00284857512
v -0.00626961933 0.0345582515 0.00284017087
v -0.00626963144 0.0345069505 0.00476842886
v -0.00655992236 0.0344150588 0.00474551646
v -0.00686926208 0.0342696868 0.00474094367
v -0.0068363687 0.0343334079 0.00293879514
v -0.00626960723 0.0345255733 0.00075520511
v -0.00686760759 0.0340017229 0.000838231994
v -0.00667602755 0.034083575 0.000804793788
v -0.00662077637 0.0332868695 -0.00131360523
v -0.00616938807 0.0334828831 -0.0014536524
v -0.00687290402 0.0332541019 -0.00112734316
v -0.00616937503 0.0324719958 -0.003386433
v -0.00687515223 0.0323109627 -0.00277528516
v -0.00662816735 0.0322614871 -0.00304840319
v -0.00907339994 0.00805165246 -0.000575113285
v -0.0100762462 0.00599972252 -0.00209063524
v -0.0106418822 0.00599972252 -0.00209063524
v -0.00955000613 0.00611648057 -0.0021490287
v -0.0106418822 0.00805165246 -0.000575113285
v -0.0084546376 0.00796364527 -0.00053476094
v -0.0106418822 0.00987092964 0.000950989721
v -0.00709849689 0.00979932304 0.000765702687
v -0.00773627264 0.0101980781 0.000892753596
v 0.00400502235 0.000503281597 0.0026157212
v 0.00424342975 0.000872143777 0.00211747154
v 0.00400502235 0.000833005004 0.00207239622
v 0.00424342975 0.000499204674 0.00258655054
v 0.00376661448 0.000872143777 0.00211747154
v 0.00424342975 0.000305074704 0.00288581848
v 0.00376661448 0.000499204674 0.00258655054
v 0.00400502235 0.000321654341 0.00294512976
v 0.00376661448 0.000305074704 0.00288581848
v -0.00926954485 0.0111712832 0.00742627261
v -0.00912169181 0.0110159582 0.0047680568
v -0.00907619949 0.0116169453 0.00473511219
v -0.00926745869 0.00944592897 0.00526752928
v -0.00907864328 0.0119831627 0.0051783463
v -0.00932656787 0.00881684292 0.00547846314
v -0.00925729983 0.0134891504 0.00959077477
v -0.0093512889 0.00863291044 0.00565440767
v -0.00929183699 0.0135118244 0.0101463813
v -0.00944289379 0.0106311822 0.00927517843
v -0.0093314983 0.0130993389 0.0102985455
v -0.0094424868 0.0111742159 0.0098705031
v -0.00941489637 0.0118008424 0.0101409601
v -0.00832897425 0.0061223316 0.0136502553
v -0.00705483882 0.00705304602 0.0145341204
v -0.00705483882 0.00611026259 0.0141822025
v -0.00832897425 0.0068887542 0.0137858605
v -0.00342736486 0.00603668438 0.0142906616
v -0.00811587553 0.00775615219 0.0135046504
v -0.00342736486 0.00704039074 0.0146549912
v -0.00705483882 0.00777625525 0.01456712
v -0.00342736486 0.00778556336 0.0146936439
v 0.000111467838 0.0359254852 0.0124338903
v 0.00201797718 0.0359273143 0.0119233513
v 0.00120955228 0.0359273851 0.0123154316
v 0.00241477718 0.0359193757 0.0115029514
v 0.00281111826 0.0359273367 0.0110740243
v 0.00296101975 0.0359222963 0.0094014192
v 0.00283654872 0.0359187461 0.00888849981
v 0.00251750229 0.0359174423 0.00839452166
v 0.00207831129 0.0359187871 0.00791294593
v 0.00161799788 0.0359222554 0.00747049553
v 0.00101530307 0.0359244347 0.00714509934
v 0.000134699338 0.0359244198 0.00702170236
v -0.000748527062 0.0359259509 0.00714868307
v -0.00135260704 0.0359273888 0.00748078199
v -0.0018232679 0.0359273888 0.00793399103
v -0.0022719705 0.0359273888 0.00841078162
v -0.00259673712 0.0359254703 0.00885709748
v -0.00271268841 0.0359252505 0.00923731271
v -0.00251590833 0.0359273888 0.0110543761
v -0.00213302975 0.0359194279 0.0114964722
v -0.00175343629 0.0359273888 0.0119406106
v -0.000976906973 0.0359273888 0.0123198079
v 0.00276488485 0.0356789604 0.00825881865
v 0.00353583926 0.0344073921 0.0080929324
v 0.00429599639 0.0345972553 0.0087072812
v 0.00313637778 0.0356787667 0.00879896898
v 0.00276488485 0.0356789604 0.00825881865
v 0.00229242211 0.0356626511 0.00774915796
v 0.00290471897 0.0345181711 0.00753758289
v 0.00353583926 0.0344073921 0.0080929324
v 0.00178465364 0.0356607996 0.00726921204
v 0.00290471897 0.0345181711 0.00753758289
v 0.00229242211 0.0356626511 0.00774915796
v 0.00223179325 0.0344032571 0.00709955301
v 0.00138095254 0.0344013125 0.0067357826
v 0.0011341715 0.0356631503 0.00693280902
v 0.000135303737 0.035659235 0.00680029159
v 0.000139353273 0.0343960524 0.0066020214
v -0.00112194533 0.0344300121 0.00679411739
v -0.000867543218 0.0356631614 0.00693208678
v -0.00153217791 0.0356609374 0.00726841437
v -0.00197450514 0.0344173647 0.00708337035
v -0.00252682669 0.0343933254 0.00746779656
v -0.0020497418 0.0356763005 0.00774701359
v -0.00255398033 0.0356854908 0.00826171879
v -0.00330725196 0.0344159603 0.00808282476
v -0.0024432491 0.0356937796 0.0117841018
v -0.00326878531 0.0344216712 0.0125379711
v -0.00382791995 0.0344176441 0.0114898421
v -0.00282865274 0.0357018746 0.011225855
v -0.00396858808 0.0344248638 0.0091718575
v -0.00306138024 0.0356904455 0.00919354148
v -0.0010906005 0.0357083529 0.0126592703
v -0.00256255385 0.034417171 0.0130983219
v -0.00195570337 0.0357085541 0.0122355074
v 0.000102865692 0.0344217382 0.0138069736
v 0.000109447239 0.0357009284 0.0127907582
v 0.00227956637 0.0344251469 0.0133814905
v 0.00131981133 0.0357075334 0.0126553243
v 0.00352973701 0.0344262347 0.0125289094
v 0.00221885205 0.0357082039 0.0122184874
v -0.00195570337 0.0357085541 0.0122355074
v -0.00256255385 0.034417171 0.0130983219
v -0.00326878531 0.0344216712 0.0125379711
v -0.0024432491 0.0356937796 0.0117841018
v -0.00255398033 0.0356854908 0.00826171879
v -0.00384947774 0.034413442 0.00869699661
v -0.00330725196 0.0344159603 0.00808282476
v -0.00293229823 0.035679467 0.00875630323
v -0.00306138024 0.0356904455 0.00919354148
v -0.00396858808 0.0344248638 0.0091718575
v 0.0033298349 0.0357198678 0.0111267632
v 0.00352488342 0.0357871652 0.00972356554
v 0.00441910513 0.0345950201 0.00993416552
v 0.00402053865 0.0344236679 0.0117428834
v 0.00352488342 0.0357871652 0.00972356554
v 0.00313637778 0.0356787667 0.00879896898
v 0.00429599639 0.0345972553 0.0087072812
v 0.00441910513 0.0345950201 0.00993416552
v 0.00270947325 0.0356955491 0.011777956
v 0.0033298349 0.0357198678 0.0111267632
v 0.00402053865 0.0344236679 0.0117428834
v 0.00352973701 0.0344262347 0.0125289094
v 0.00221885205 0.0357082039 0.0122184874
v 0.000135303737 0.035659235 0.00680029159
v 0.0011341715 0.0356631503 0.00693280902
v 0.00101530307 0.0359244347 0.00714509934
v 0.000134699338 0.0359244198 0.00702170236
v -0.000748527062 0.0359259509 0.00714868307
v -0.000867543218 0.0356631614 0.00693208678
v 0.00178465364 0.0356607996 0.00726921204
v 0.00101530307 0.0359244347 0.00714509934
v 0.0011341715 0.0356631503 0.00693280902
v 0.00161799788 0.0359222554 0.00747049553
v 0.00207831129 0.0359187871 0.00791294593
v 0.00229242211 0.0356626511 0.00774915796
v 0.00276488485 0.0356789604 0.00825881865
v 0.00251750229 0.0359174423 0.00839452166
v 0.00283654872 0.0359187461 0.00888849981
v 0.00313637778 0.0356787667 0.00879896898
v -0.00153217791 0.0356609374 0.00726841437
v -0.000867543218 0.0356631614 0.00693208678
v -0.000748527062 0.0359259509 0.00714868307
v -0.00135260704 0.0359273888 0.00748078199
v -0.0018232679 0.0359273888 0.00793399103
v -0.0020497418 0.0356763005 0.00774701359
v -0.00255398033 0.0356854908 0.00826171879
v -0.0022719705 0.0359273888 0.00841078162
v -0.00259673712 0.0359254703 0.00885709748
v -0.00293229823 0.035679467 0.00875630323
v -0.00306138024 0.0356904455 0.00919354148
v -0.00271268841 0.0359252505 0.00923731271
v -0.00282865274 0.0357018746 0.011225855
v -0.00306138024 0.0356904455 0.00919354148
v -0.00271268841 0.0359252505 0.00923731271
v -0.00251590833 0.0359273888 0.0110543761
v -0.0024432491 0.0356937796 0.0117841018
v -0.00213302975 0.0359194279 0.0114964722
v -0.00195570337 0.0357085541 0.0122355074
v -0.00175343629 0.0359273888 0.0119406106
v -0.0010906005 0.0357083529 0.0126592703
v -0.000976906973 0.0359273888 0.0123198079
v 0.000109447239 0.0357009284 0.0127907582
v 0.000111467838 0.0359254852 0.0124338903
v 0.00120955228 0.0359273851 0.0123154316
v 0.00131981133 0.0357075334 0.0126553243
v 0.00201797718 0.0359273143 0.0119233513
v 0.00221885205 0.0357082039 0.0122184874
v 0.00241477718 0.0359193757 0.0115029514
v 0.00270947325 0.0356955491 0.011777956
v 0.00281111826 0.0359273367 0.0110740243
v 0.0033298349 0.0357198678 0.0111267632
v 0.00296101975 0.0359222963 0.0094014192
v 0.00352488342 0.0357871652 0.00972356554
v 0.00352488342 0.0357871652 0.00972356554
v 0.00296101975 0.0359222963 0.0094014192
v 0.00283654872 0.0359187461 0.00888849981
v 0.00313637778 0.0356787667 0.00879896898
v 0.00653566187 0.0220014732 3.04555888E-05
v 0.00653566187 0.0221047364 -0.000582489942
v 0.00653566187 0.0223571416 -0.00119008543
v 0.00653566187 0.0227541924 -0.0017808819
v 0.00653566187 0.022149371 0.000954613672
v 0.00653566187 0.023566395 -0.00246333354
v 0.00653566187 0.0228234008 0.0022821473
v 0.00653566187 0.025982447 -0.00289338827
v 0.00653566187 0.0237464849 0.00302690268
v 0.00653566187 0.0228234008 0.0022821473
v 0.00653566187 0.025982447 -0.00289338827
v 0.00653566187 0.0314939693 -0.00289684045
v 0.00653566187 0.0798747391 0.00337692257
v 0.00653566187 0.0795402527 0.0019108057
v 0.00653566187 0.079779841 0.00261411187
v 0.00653566187 0.0797800645 0.00415938348
v 0.00653566187 0.0792008638 0.00130685093
v 0.00653566187 0.0794817582 0.00490066269
v 0.00653566187 0.078679271 0.000753030763
v 0.00653566187 0.0789657459 0.00553991552
v 0.00653566187 0.0778930709 0.000200128547
v 0.00653566187 0.0782891214 0.0060667037
v 0.00653566187 0.0769381747 -0.00024971008
v 0.00653566187 0.0775089562 0.00647058943
v 0.00653566187 0.0759105012 -0.000494341832
v 0.00653566187 0.076478295 0.00672704075
v 0.00653566187 0.076478295 0.00672704075
v 0.00653566187 0.074696891 -0.000651807757
v 0.00653566187 0.0759105012 -0.000494341832
v 0.00653566187 0.075050205 0.00681152334
v 0.00653566187 0.0731842145 -0.000840144116
v 0.00653566187 0.0735653937 0.0067805443
v 0.00653566187 0.0715083703 -0.00101024623
v 0.00653566187 0.0723645985 0.00669061393
v 0.00653566187 0.0314939693 -0.00289684045
v 0.00653566187 0.0237464849 0.00302690268
v 0.00783973839 0.023566395 -0.00246333354
v 0.00783973839 0.0227541924 -0.0017808819
v 0.00783973839 0.0220014732 3.04555888E-05
v 0.00783973839 0.022149371 0.000954611285
v 0.00783973839 0.025982447 -0.00289338827
v 0.00783973839 0.0228234008 0.0022821473
v 0.00783973839 0.079779841 0.00261411187
v 0.00783973839 0.0797800645 0.00415938348
v 0.00783973839 0.0798747391 0.00337692257
v 0.00783973839 0.0795402527 0.0019108057
v 0.00783973839 0.0794817582 0.00490066269
v 0.00783973839 0.0792008638 0.00130685093
v 0.00783973839 0.0789657459 0.00553991552
v 0.00783973839 0.078679271 0.000753030763
v 0.00783973839 0.0782891214 0.0060667037
v 0.00783973839 0.0778930709 0.000200128547
v 0.00783973839 0.0775089562 0.00647058943
v 0.00783973839 0.0769381747 -0.00024971008
v 0.00783973839 0.076478295 0.00672704075
v 0.00783973839 0.0759105012 -0.000494341832
v 0.00783973839 0.0759105012 -0.000494341832
v 0.00783973839 0.075050205 0.00681152334
v 0.00783973839 0.076478295 0.00672704075
v 0.00783973839 0.074696891 -0.000651807757
v 0.00783973839 0.0735653937 0.0067805443
v 0.00783973839 0.0731842145 -0.000840144116
v 0.00783973839 0.0723645985 0.00669061393
v 0.00783973839 0.0715083703 -0.00101024623
v 0.00783973839 0.0237464868 0.00302690268
v 0.00783973839 0.0314939693 -0.00289684045
v 0.00783973839 0.0227541924 -0.0017808819
v 0.00783973839 0.0223571416 -0.00119008543
v 0.00783973839 0.0221047364 -0.000582489942
v 0.00783973839 0.0220014732 3.04555888E-05
v 0.00783973839 0.0314939693 -0.00289684045
v 0.00783973839 0.025982447 -0.00289338827
v 0.00783973839 0.0228234008 0.0022821473
v 0.00783973839 0.0237464868 0.00302690268
vt 0.386147022 0.85538739
vt 0.385004938 0.849675775
vt 0.382361144 0.856028855
vt 0.386381298 0.876265168
vt 0.386541992 0.871401191
vt 0.383854747 0.875913143
vt 0.380112082 0.898540497
vt 0.382270634 0.892591715
vt 0.376745403 0.895689011
vt 0.383862853 0.8439641
vt 0.380967498 0.838380218
vt 0.379577219 0.845506191
vt 0.386702687 0.866537273
vt 0.386424839 0.860962331
vt 0.383748293 0.866683841
vt 0.384429216 0.886642992
vt 0.385405242 0.88145411
vt 0.381331325 0.8855533
vt 0.651891589 0.862829208
vt 0.651317537 0.858889461
vt 0.651314616 0.86289531
vt 0.652266145 0.866620898
vt 0.653732181 0.870151281
vt 0.645238757 0.863579512
vt 0.649350405 0.858738303
vt 0.645196319 0.854003549
vt 0.664342344 0.882393181
vt 0.660577416 0.880203962
vt 0.664114714 0.883113682
vt 0.651955485 0.85499531
vt 0.651317537 0.858889461
vt 0.651891589 0.862829208
vt 0.261249453 0.521988809
vt 0.23525849 0.510198057
vt 0.22979711 0.535430789
vt 0.0500624776 0.503281593
vt 0.0862549841 0.527916372
vt 0.0621803403 0.492326856
vt 0.857098401 0.0881149024
vt 0.858554423 0.0912292153
vt 0.85931766 0.0903615206
vt 0.856026649 0.0886662379
vt 0.854626477 0.0853481516
vt 0.855865419 0.0852027684
vt 0.855876029 0.0820112377
vt 0.854644835 0.0817168504
vt 0.855970442 0.0783496797
vt 0.857041776 0.0790513977
vt 0.862240851 0.0915620998
vt 0.862748563 0.0899790525
vt 0.860423386 0.089040935
vt 0.85931766 0.0903615206
vt 0.858554423 0.0912292153
vt 0.861889303 0.092597574
vt 0.857098401 0.0881149024
vt 0.858650088 0.0872596428
vt 0.865511358 0.0926213712
vt 0.865417898 0.091584377
vt 0.85765475 0.0849440098
vt 0.855865419 0.0852027684
vt 0.868412375 0.0903154463
vt 0.868921399 0.0911737457
vt 0.855876029 0.0820112377
vt 0.857650995 0.0823902413
vt 0.871585369 0.0885916352
vt 0.870751858 0.0880492255
vt 0.858572841 0.0800048709
vt 0.871976733 0.0851069242
vt 0.872983634 0.0852417946
vt 0.872983456 0.0816316828
vt 0.8719787 0.0819382146
vt 0.870742977 0.079002589
vt 0.871572912 0.0782891288
vt 0.868997276 0.0756915659
vt 0.8684811 0.0767213702
vt 0.86542815 0.0755235851
vt 0.865519047 0.0743291378
vt 0.857041776 0.0790513977
vt 0.859241307 0.0767924488
vt 0.860349536 0.078207396
vt 0.855970442 0.0783496797
vt 0.8584764 0.0757800415
vt 0.861795962 0.0743291378
vt 0.86268276 0.0772125199
vt 0.86528945 0.0772338584
vt 0.862158418 0.0755220056
vt 0.862240851 0.0915620998
vt 0.865268826 0.089981243
vt 0.862748563 0.0899790525
vt 0.865417898 0.091584377
vt 0.868412375 0.0903154463
vt 0.867641985 0.0889554694
vt 0.868412375 0.0903154463
vt 0.869487822 0.0871480778
vt 0.867641985 0.0889554694
vt 0.870751858 0.0880492255
vt 0.871976733 0.0851069242
vt 0.870416224 0.0848260596
vt 0.870451093 0.082342051
vt 0.8719787 0.0819382146
vt 0.870742977 0.079002589
vt 0.869491577 0.0800187737
vt 0.867716253 0.0781987458
vt 0.8684811 0.0767213702
vt 0.86542815 0.0755235851
vt 0.86528945 0.0772338584
vt 0.950275242 0.0336437672
vt 0.950275242 0.0331183821
vt 0.946525991 0.0331183821
vt 0.946525991 0.0336437672
vt 0.94282645 0.0336437672
vt 0.94282645 0.0331183821
vt 0.950275242 0.0336437672
vt 0.9539451 0.0331183821
vt 0.950275242 0.0331183821
vt 0.9539451 0.0336437672
vt 0.957364738 0.0336437672
vt 0.957364738 0.0331183821
vt 0.960623085 0.0331183821
vt 0.960623085 0.0336437672
vt 0.963732064 0.0336437672
vt 0.963732064 0.0331183821
vt 0.966606557 0.0331183821
vt 0.966606557 0.0336437672
vt 0.914538205 0.0336437672
vt 0.911550462 0.0331183821
vt 0.911550462 0.0336437672
vt 0.914538205 0.0331183821
vt 0.917745292 0.0331183821
vt 0.917745292 0.0336437672
vt 0.921068966 0.0336437672
vt 0.921068966 0.0331183821
vt 0.924516141 0.0331183821
vt 0.924516141 0.0336437672
vt 0.94282645 0.0336437672
vt 0.94282645 0.0331183821
vt 0.939135611 0.0331183821
vt 0.939135611 0.0336437672
vt 0.935448706 0.0336437672
vt 0.935448706 0.0331183821
vt 0.931773007 0.0331183821
vt 0.931773007 0.0336437672
vt 0.928109944 0.0336437672
vt 0.928109944 0.0331183821
vt 0.924516141 0.0331183821
vt 0.924516141 0.0336437672
vt 0.802610755 0.941465199
vt 0.803571284 0.933871031
vt 0.779131889 0.906242967
vt 0.774279058 0.909303367
vt 0.757517219 0.918889463
vt 0.776088893 0.956139803
vt 0.802610755 0.941465199
vt 0.813873172 0.942925692
vt 0.814604461 0.935310841
vt 0.803571284 0.933871031
vt 0.738036871 0.846265912
vt 0.738246739 0.903736115
vt 0.744440377 0.901917934
vt 0.728369296 0.850197494
vt 0.715984166 0.860185325
vt 0.727685392 0.90716064
vt 0.715137839 0.9114573
vt 0.702556252 0.872756839
vt 0.663884044 0.927697659
vt 0.666434884 0.895840406
vt 0.458372265 0.984286547
vt 0.445418358 0.985692859
vt 0.449021786 0.997113526
vt 0.460390598 0.994043767
vt 0.466171265 0.992755294
vt 0.464736938 0.983792841
vt 0.472189784 0.992049932
vt 0.470383018 0.983160913
vt 0.47856161 0.984036267
vt 0.481235653 0.993158102
vt 0.470908374 0.915881157
vt 0.463773459 0.949189425
vt 0.469316155 0.948794723
vt 0.476346016 0.91688323
vt 0.484411776 0.919110954
vt 0.476346016 0.91688323
vt 0.469316155 0.948794723
vt 0.479223698 0.948932528
vt 0.492993057 0.921227753
vt 0.489364386 0.949339449
vt 0.513066649 0.948358476
vt 0.513005614 0.923381209
vt 0.532979786 0.921221614
vt 0.536792636 0.949177504
vt 0.547001123 0.94869709
vt 0.541509211 0.919060946
vt 0.556969643 0.948009133
vt 0.549295902 0.916627526
vt 0.25502032 0.95767045
vt 0.250691384 0.967077732
vt 0.26039204 0.970627129
vt 0.263068557 0.960122287
vt 0.276616335 0.961947799
vt 0.27581811 0.973219037
vt 0.235123992 0.943214357
vt 0.250691384 0.967077732
vt 0.25502032 0.95767045
vt 0.227753907 0.949934483
vt 0.223509729 0.943473577
vt 0.232599735 0.937627137
vt 0.64212966 0.973315716
vt 0.628781021 0.990019143
vt 0.6429528 0.985832751
vt 0.627848506 0.97757107
vt 0.614504576 0.982077658
vt 0.614706933 0.994001806
vt 0.60091567 0.996687114
vt 0.60173142 0.98487401
vt 0.591645002 0.985776782
vt 0.589170575 0.997878551
vt 0.577781081 0.997323811
vt 0.581218004 0.985698342
vt 0.753247976 0.960357606
vt 0.735501647 0.972823203
vt 0.753871441 0.97188288
vt 0.735469699 0.960465729
vt 0.698395014 0.975433171
vt 0.678379714 0.966282368
vt 0.802610755 0.941465199
vt 0.776088893 0.956139803
vt 0.779843271 0.967120111
vt 0.808179319 0.951618016
vt 0.276616335 0.961947799
vt 0.27581811 0.973219037
vt 0.293866694 0.97423178
vt 0.293910205 0.962136388
vt 0.340163648 0.97790575
vt 0.349830627 0.967458725
vt 0.434852719 0.985774696
vt 0.449021786 0.997113526
vt 0.445418358 0.985692859
vt 0.437794238 0.99773699
vt 0.426215947 0.99662751
vt 0.424922377 0.984761417
vt 0.412717074 0.982397974
vt 0.412638545 0.994116187
vt 0.39875859 0.990335166
vt 0.399559319 0.978084087
vt 0.385476291 0.974034131
vt 0.384783506 0.986344993
vt 0.753247976 0.960357606
vt 0.753871441 0.97188288
vt 0.769541144 0.969784141
vt 0.767395079 0.958796024
vt 0.776088893 0.956139803
vt 0.779843271 0.967120111
vt 0.547782242 0.98385942
vt 0.554264605 0.992284656
vt 0.556192458 0.983741641
vt 0.54505235 0.993245542
vt 0.53821367 0.983825326
vt 0.535544038 0.993832827
vt 0.513125479 0.994015396
vt 0.513133109 0.983905613
vt 0.488120079 0.983792484
vt 0.490743101 0.993789732
vt 0.481235653 0.993158102
vt 0.47856161 0.984036267
vt 0.554697156 0.915733695
vt 0.549295902 0.916627526
vt 0.556969643 0.948009133
vt 0.562715113 0.949029207
vt 0.568015635 0.984537065
vt 0.577781081 0.997323811
vt 0.581218004 0.985698342
vt 0.566271186 0.99424392
vt 0.560328662 0.993408263
vt 0.562039614 0.984113455
vt 0.554264605 0.992284656
vt 0.556192458 0.983741641
vt 0.289584309 0.851045251
vt 0.284630001 0.905448198
vt 0.290692389 0.907083571
vt 0.299169898 0.854580522
vt 0.311470091 0.864151537
vt 0.30103901 0.910199285
vt 0.313324988 0.914223254
vt 0.324884713 0.876180291
vt 0.363645345 0.929534674
vt 0.352134556 0.8947559
vt 0.465607196 0.915191472
vt 0.463773459 0.949189425
vt 0.470908374 0.915881157
vt 0.457160711 0.949464381
vt 0.4462488 0.947435319
vt 0.455295712 0.914594829
vt 0.44596228 0.913624823
vt 0.43921563 0.946635783
vt 0.433114141 0.945967257
vt 0.436639905 0.912540138
vt 0.425646603 0.912240326
vt 0.426568687 0.94527483
vt 0.418953329 0.944275916
vt 0.414059281 0.91184783
vt 0.401548773 0.910096228
vt 0.40640536 0.94117099
vt 0.363645345 0.929534674
vt 0.37802583 0.904283404
vt 0.560015798 0.914692163
vt 0.554697156 0.915733695
vt 0.562715113 0.949029207
vt 0.569270432 0.949097574
vt 0.58018446 0.947000504
vt 0.570476174 0.913886249
vt 0.57992065 0.91274184
vt 0.587279618 0.946099937
vt 0.593442798 0.945346355
vt 0.58936137 0.911485791
vt 0.600511312 0.91100508
vt 0.600080192 0.944606483
vt 0.607792437 0.943448603
vt 0.612290502 0.910422385
vt 0.625002563 0.908456624
vt 0.620476007 0.940130234
vt 0.663884044 0.927697659
vt 0.64001447 0.90472728
vt 0.278197348 0.786535263
vt 0.289271235 0.790165186
vt 0.29221645 0.789495349
vt 0.280187607 0.790646374
vt 0.256701559 0.786453426
vt 0.261565655 0.793477416
vt 0.280680865 0.791973889
vt 0.262182534 0.794708729
vt 0.287761867 0.791062355
vt 0.289271235 0.790165246
vt 0.234803379 0.786465049
vt 0.24076426 0.796587765
vt 0.261565655 0.793477416
vt 0.256701559 0.786453426
vt 0.29221645 0.789495349
vt 0.289271235 0.790165186
vt 0.289310604 0.794956625
vt 0.291808456 0.794633508
vt 0.293510616 0.799498558
vt 0.290492028 0.799600422
vt 0.229177386 0.802739143
vt 0.240430996 0.797192633
vt 0.228748977 0.798734605
vt 0.240782991 0.80123657
vt 0.241472363 0.805236876
vt 0.22978282 0.806720734
vt 0.288105249 0.79511255
vt 0.289271235 0.790165246
vt 0.287761867 0.791062355
vt 0.289310604 0.794956625
vt 0.290492028 0.799600422
vt 0.288804024 0.799116969
vt 0.286920726 0.795265794
vt 0.287761837 0.791062295
vt 0.288803995 0.79911691
vt 0.287200093 0.79831332
vt 0.281724334 0.800037682
vt 0.281839341 0.798643589
vt 0.263139248 0.802101791
vt 0.263411939 0.800857484
vt 0.287200093 0.79831326
vt 0.282092333 0.795890629
vt 0.263462901 0.798301518
vt 0.262762964 0.795842528
vt 0.281146944 0.793292642
vt 0.262182534 0.794708729
vt 0.280680865 0.791973889
vt 0.286415279 0.792247593
vt 0.24076426 0.796587765
vt 0.241913244 0.797579944
vt 0.262182534 0.794708729
vt 0.261565655 0.793477416
vt 0.241913244 0.797579944
vt 0.262762964 0.795842528
vt 0.262182534 0.794708729
vt 0.243206412 0.79841572
vt 0.263462901 0.798301518
vt 0.243455261 0.800890744
vt 0.242105424 0.801065445
vt 0.241879627 0.797636032
vt 0.243844762 0.803347468
vt 0.242760226 0.804439247
vt 0.263411939 0.800857484
vt 0.242806956 0.804484963
vt 0.263139248 0.802101791
vt 0.241879627 0.797636032
vt 0.240430996 0.797192633
vt 0.240782991 0.80123657
vt 0.242105424 0.801065445
vt 0.242760226 0.804439247
vt 0.241472363 0.805236876
vt 0.446415275 0.781932354
vt 0.449948013 0.785285115
vt 0.45735532 0.785096109
vt 0.451477915 0.776729882
vt 0.464308679 0.78319782
vt 0.454247624 0.773917973
vt 0.469252855 0.785708904
vt 0.463607281 0.769492328
vt 0.471446782 0.783389568
vt 0.465040296 0.769201159
vt 0.471852988 0.777108788
vt 0.466396779 0.76906085
vt 0.466396779 0.76906085
vt 0.471852988 0.777108788
vt 0.471147031 0.772184014
vt 0.470447063 0.7693066
vt 0.280706972 0.805929184
vt 0.293510616 0.799498558
vt 0.290492028 0.799600422
vt 0.281585246 0.801446974
vt 0.259940356 0.811480343
vt 0.288804024 0.799116969
vt 0.262856185 0.803449571
vt 0.281724334 0.800037682
vt 0.263139248 0.802101791
vt 0.238760754 0.817043364
vt 0.259940356 0.811480343
vt 0.262856185 0.803449571
vt 0.241948366 0.80573684
vt 0.241948366 0.80573684
vt 0.262856185 0.803449571
vt 0.263139248 0.802101791
vt 0.242806956 0.804484963
vt 0.663203299 0.885502756
vt 0.664114714 0.883113682
vt 0.660577416 0.880203962
vt 0.65929687 0.882067442
vt 0.657040179 0.877294242
vt 0.655390501 0.878632069
vt 0.653732181 0.870151281
vt 0.655128896 0.873820364
vt 0.657523334 0.876900315
vt 0.657040179 0.877294242
vt 0.660577416 0.880203962
vt 0.664342344 0.882393181
vt 0.655390501 0.878632069
vt 0.657040179 0.877294242
vt 0.655128896 0.873820364
vt 0.653372407 0.87480998
vt 0.651414037 0.880862296
vt 0.653217614 0.870346487
vt 0.653732181 0.870151281
vt 0.652266145 0.866620898
vt 0.651354373 0.870987833
vt 0.647324324 0.872301102
vt 0.6503613 0.867000461
vt 0.651314616 0.86289531
vt 0.651891589 0.862829208
vt 0.649368286 0.863013029
vt 0.645238757 0.863579512
vt 0.633139491 0.865281463
vt 0.635231137 0.875218332
vt 0.611414969 0.865982652
vt 0.638629675 0.885496974
vt 0.612538338 0.87780726
vt 0.614530027 0.89044255
vt 0.649368286 0.863013029
vt 0.651314616 0.86289531
vt 0.651317537 0.858889461
vt 0.649350405 0.858738303
vt 0.645238757 0.863579512
vt 0.645196319 0.854003549
vt 0.632557869 0.853401124
vt 0.633139491 0.865281463
vt 0.614530027 0.89044255
vt 0.612538338 0.87780726
vt 0.583415449 0.87909776
vt 0.5839957 0.892493486
vt 0.617160916 0.904876411
vt 0.585126221 0.908219814
vt 0.64408505 0.898392797
vt 0.638629675 0.885496974
vt 0.659133971 0.889482081
vt 0.651414037 0.880862296
vt 0.65929687 0.882067442
vt 0.663203299 0.885502756
vt 0.655390501 0.878632069
vt 0.612538338 0.87780726
vt 0.611414969 0.865982652
vt 0.5833745 0.866079748
vt 0.583415449 0.87909776
vt 0.611414969 0.865982652
vt 0.58279568 0.851119161
vt 0.5833745 0.866079748
vt 0.610771239 0.852360249
vt 0.58255446 0.834125519
vt 0.611764908 0.836160541
vt 0.611764908 0.836160541
vt 0.613969147 0.819697499
vt 0.582945466 0.816517889
vt 0.58255446 0.834125519
vt 0.560445309 0.892935038
vt 0.5839957 0.892493486
vt 0.583415449 0.87909776
vt 0.561078489 0.879270196
vt 0.560445309 0.892935038
vt 0.535955966 0.878981531
vt 0.534390211 0.892607629
vt 0.561078489 0.879270196
vt 0.53481257 0.865168631
vt 0.56044364 0.865689456
vt 0.5833745 0.866079748
vt 0.583415449 0.87909776
vt 0.56044364 0.865689456
vt 0.5833745 0.866079748
vt 0.58279568 0.851119161
vt 0.558431804 0.849955559
vt 0.58255446 0.834125519
vt 0.557200372 0.83320874
vt 0.529715478 0.833073497
vt 0.531493366 0.849584043
vt 0.53481257 0.865168631
vt 0.506856263 0.864582241
vt 0.503406107 0.85009551
vt 0.477333218 0.851454198
vt 0.479909152 0.864511609
vt 0.557200372 0.83320874
vt 0.58255446 0.834125519
vt 0.582945466 0.816517889
vt 0.557731092 0.81603992
vt 0.530282855 0.816407919
vt 0.529715478 0.833073497
vt 0.501573443 0.833352745
vt 0.501350582 0.81736213
vt 0.475136518 0.81859076
vt 0.475842208 0.834514976
vt 0.503406107 0.85009551
vt 0.531493366 0.849584043
vt 0.477333218 0.851454198
vt 0.559530675 0.908401012
vt 0.585126221 0.908219814
vt 0.5839957 0.892493486
vt 0.560445309 0.892935038
vt 0.534390211 0.892607629
vt 0.532150149 0.907613873
vt 0.503596067 0.905680716
vt 0.505776405 0.891284347
vt 0.479373008 0.889615119
vt 0.477994919 0.903073549
vt 0.505776405 0.891284347
vt 0.534390211 0.892607629
vt 0.535955966 0.878981531
vt 0.507595003 0.878306925
vt 0.53481257 0.865168631
vt 0.506856263 0.864582241
vt 0.479909152 0.864511609
vt 0.48032257 0.877734721
vt 0.479373008 0.889615119
vt 0.45850873 0.889247179
vt 0.479373008 0.889615119
vt 0.48032257 0.877734721
vt 0.457578272 0.877645552
vt 0.479909152 0.864511609
vt 0.456985921 0.865008354
vt 0.430650532 0.866369009
vt 0.431236744 0.878011346
vt 0.432817578 0.889982343
vt 0.456985921 0.865008354
vt 0.479909152 0.864511609
vt 0.477333218 0.851454198
vt 0.456085026 0.85296911
vt 0.430995703 0.853672981
vt 0.430650532 0.866369009
vt 0.431324124 0.83805275
vt 0.455726147 0.836175382
vt 0.456085026 0.85296911
vt 0.477333218 0.851454198
vt 0.475842208 0.834514976
vt 0.455726147 0.836175382
vt 0.475136518 0.81859076
vt 0.455353945 0.819893658
vt 0.458624363 0.901801467
vt 0.477994919 0.903073549
vt 0.479373008 0.889615119
vt 0.45850873 0.889247179
vt 0.432817578 0.889982343
vt 0.434017599 0.903964341
vt 0.382361144 0.856028855
vt 0.385004938 0.849675775
vt 0.379577219 0.845506191
vt 0.383748293 0.866683841
vt 0.386424839 0.860962331
vt 0.386147022 0.85538739
vt 0.388064623 0.855150282
vt 0.386943966 0.849258304
vt 0.388348728 0.860820532
vt 0.392219245 0.85482657
vt 0.391088247 0.848534107
vt 0.405923069 0.854157448
vt 0.392572701 0.860703945
vt 0.406126082 0.866733313
vt 0.392926157 0.866581321
vt 0.388632834 0.866490781
vt 0.386702687 0.866537273
vt 0.376745403 0.895689011
vt 0.382270634 0.892591715
vt 0.381331325 0.8855533
vt 0.384429216 0.886642992
vt 0.384140074 0.893779993
vt 0.381852508 0.900287628
vt 0.380112082 0.898540497
vt 0.386774957 0.902013302
vt 0.386427641 0.887272358
vt 0.385405242 0.88145411
vt 0.383854747 0.875913143
vt 0.387325048 0.881885529
vt 0.390966713 0.88818568
vt 0.391761392 0.882542729
vt 0.388870835 0.895099521
vt 0.404313445 0.905127525
vt 0.405761659 0.88985002
vt 0.406055838 0.877682328
vt 0.432817578 0.889982343
vt 0.431236744 0.878011346
vt 0.655334234 0.841544867
vt 0.657006621 0.843267322
vt 0.660149276 0.839706063
vt 0.658740461 0.837350845
vt 0.655334234 0.841544867
vt 0.658740461 0.837350845
vt 0.654422462 0.833513737
vt 0.647977352 0.843788862
vt 0.639890432 0.825261474
vt 0.651928067 0.845738828
vt 0.657006621 0.843267322
vt 0.634868622 0.839543819
vt 0.613969147 0.819697499
vt 0.611764908 0.836160541
vt 0.632557869 0.853401124
vt 0.610771239 0.852360249
vt 0.645196319 0.854003549
vt 0.650630295 0.850101173
vt 0.653863966 0.84682864
vt 0.652592182 0.850856125
vt 0.654462695 0.847193718
vt 0.660445869 0.840406597
vt 0.660149276 0.839706063
vt 0.651955485 0.85499531
vt 0.651320457 0.854883611
vt 0.651320457 0.854883611
vt 0.651317537 0.858889461
vt 0.651955485 0.85499531
vt 0.649350405 0.858738303
vt 0.649332523 0.854463518
vt 0.645196319 0.854003549
vt 0.652592182 0.850856125
vt 0.650630295 0.850101173
vt 0.404730737 0.839620471
vt 0.391088247 0.848534107
vt 0.405923069 0.854157448
vt 0.430995703 0.853672981
vt 0.431324124 0.83805275
vt 0.221387044 0.8713274
vt 0.219605669 0.865257084
vt 0.00454862695 0.86526233
vt 0.00282072555 0.871186078
vt 0.223100647 0.879343867
vt 0.00113669317 0.879012942
vt 0.223860279 0.887386918
vt 0.000358785503 0.886828005
vt 0.223051578 0.896883011
vt 0.00109345373 0.896201909
vt 0.207679436 0.949515164
vt 0.0156692974 0.962709188
vt 0.208123818 0.962893546
vt 0.0162135847 0.94883877
vt 0.211206347 0.935240448
vt 0.0126460707 0.934346318
vt 0.210175633 0.971118391
vt 0.208123818 0.962893546
vt 0.0156692974 0.962709188
vt 0.0135023696 0.971037984
vt 0.213788465 0.981850863
vt 0.00978973787 0.981804311
vt 0.217294216 0.991351783
vt 0.00621668529 0.991312146
vt 0.21929045 0.997521579
vt 0.00423302036 0.997427702
vt 0.220195338 0.908698738
vt 0.223051578 0.896883011
vt 0.00109345373 0.896201909
vt 0.00379865151 0.907783031
vt 0.216124594 0.92078042
vt 0.00775862392 0.919804275
vt 0.0126460707 0.934346318
vt 0.211206347 0.935240448
vt 0.335518211 0.561302125
vt 0.339526355 0.527947962
vt 0.310209006 0.560487807
vt 0.369982868 0.521998405
vt 0.412164748 0.526445329
vt 0.396336883 0.56373781
vt 0.288903117 0.546860576
vt 0.310209006 0.560487807
vt 0.339526355 0.527947962
vt 0.314859957 0.522743583
vt 0.165691346 0.576516688
vt 0.141560614 0.551509559
vt 0.112244487 0.555197656
vt 0.146323651 0.583535194
vt 0.116002351 0.585733354
vt 0.0859256685 0.553423464
vt 0.275426269 0.540570676
vt 0.261778116 0.556970775
vt 0.264584452 0.56392777
vt 0.280723482 0.540777147
vt 0.0648593307 0.587629735
vt 0.00408399105 0.557696104
vt 0.0253694952 0.593184829
vt 0.0439211428 0.554465234
vt 0.116002351 0.585733354
vt 0.0859256685 0.553423464
vt 0.0232025981 0.520453572
vt 0.0500624776 0.503281593
vt 0.0862549841 0.527916372
vt 0.112244487 0.555197656
vt 0.0439211428 0.554465234
vt 0.0232025981 0.520453572
vt 0.000621576444 0.535630524
vt 0.00408399105 0.557696104
vt 0.369982868 0.521998405
vt 0.369648099 0.502130508
vt 0.339526355 0.527947962
vt 0.406771153 0.476818919
vt 0.395716429 0.470652819
vt 0.430187196 0.494208753
vt 0.412164748 0.526445329
vt 0.455306143 0.51601547
vt 0.447343469 0.537064791
vt 0.255732208 0.505026519
vt 0.288903117 0.546860576
vt 0.314859957 0.522743583
vt 0.281110942 0.481266737
vt 0.203771919 0.441896468
vt 0.208075479 0.411432505
vt 0.182370648 0.424762338
vt 0.221071854 0.472565442
vt 0.237763911 0.466184705
vt 0.261249453 0.521988809
vt 0.23525849 0.510198057
vt 0.396336883 0.56373781
vt 0.423885465 0.571780264
vt 0.447343469 0.537064791
vt 0.412164748 0.526445329
vt 0.196478695 0.526009738
vt 0.22979711 0.535430789
vt 0.23525849 0.510198057
vt 0.201334372 0.544763207
vt 0.188451454 0.544056892
vt 0.184448481 0.518990755
vt 0.177994967 0.52522409
vt 0.303104192 0.50121969
vt 0.31817928 0.483433664
vt 0.314136207 0.480982006
vt 0.296007693 0.497708142
vt 0.404327869 0.451126039
vt 0.405384272 0.444359213
vt 0.366063505 0.451706648
vt 0.366313815 0.458718359
vt 0.171108454 0.50189203
vt 0.177994967 0.52522409
vt 0.184448481 0.518990755
vt 0.180445522 0.493924588
vt 0.196478695 0.526009738
vt 0.23525849 0.510198057
vt 0.221071854 0.472565442
vt 0.203771919 0.441896468
vt 0.166090116 0.477776915
vt 0.160289764 0.484721005
vt 0.15173471 0.461629242
vt 0.168577552 0.464022249
vt 0.182370648 0.424762338
vt 0.157741934 0.446052223
vt 0.633139491 0.865281463
vt 0.632557869 0.853401124
vt 0.610771239 0.852360249
vt 0.611414969 0.865982652
vt 0.455726147 0.836175382
vt 0.455353945 0.819893658
vt 0.430881679 0.821551919
vt 0.431324124 0.83805275
vt 0.431236744 0.878011346
vt 0.430650532 0.866369009
vt 0.406126082 0.866733313
vt 0.406055838 0.877682328
vt 0.430650532 0.866369009
vt 0.430995703 0.853672981
vt 0.405923069 0.854157448
vt 0.406126082 0.866733313
vt 0.431324124 0.83805275
vt 0.430881679 0.821551919
vt 0.402201682 0.824106634
vt 0.404730737 0.839620471
vt 0.387383193 0.83542037
vt 0.384809136 0.828599095
vt 0.389957249 0.842241585
vt 0.391088247 0.848534107
vt 0.386943966 0.849258304
vt 0.382760406 0.837201297
vt 0.379697531 0.83103627
vt 0.378072113 0.832796276
vt 0.385823309 0.843366325
vt 0.380967498 0.838380218
vt 0.374542475 0.835992098
vt 0.379577219 0.845506191
vt 0.383862853 0.8439641
vt 0.385004938 0.849675775
vt 0.434017599 0.903964341
vt 0.432817578 0.889982343
vt 0.405761659 0.88985002
vt 0.404313445 0.905127525
vt 0.231146693 0.564147532
vt 0.194338322 0.568623483
vt 0.189470068 0.580778956
vt 0.230166003 0.573777556
vt 0.366313815 0.458718359
vt 0.366063505 0.451706648
vt 0.326228321 0.463417709
vt 0.334851593 0.472216398
vt 0.328956693 0.499940872
vt 0.331276298 0.502271473
vt 0.343275219 0.492809057
vt 0.339208573 0.488006055
vt 0.325583577 0.496213675
vt 0.337709695 0.484552413
vt 0.368191123 0.468099207
vt 0.36916101 0.470606089
vt 0.372812182 0.476080954
vt 0.31817928 0.483433664
vt 0.334851593 0.472216398
vt 0.326228321 0.463417709
vt 0.314136207 0.480982006
vt 0.271077007 0.535100579
vt 0.256007195 0.545876563
vt 0.257947713 0.549286604
vt 0.267929703 0.534893036
vt 0.252644718 0.542366028
vt 0.26235041 0.531393468
vt 0.222060964 0.545697331
vt 0.226646855 0.552726626
vt 0.178215861 0.562323332
vt 0.17084454 0.566650808
vt 0.189470068 0.580778956
vt 0.194338322 0.568623483
vt 0.227766246 0.555964291
vt 0.226646855 0.552726626
vt 0.1965276 0.554609835
vt 0.195585221 0.557933807
vt 0.466347426 0.492911696
vt 0.469393432 0.488830209
vt 0.430364132 0.452857256
vt 0.42465812 0.458891928
vt 0.42465812 0.458891928
vt 0.430364132 0.452857256
vt 0.405384272 0.444359213
vt 0.404327869 0.451126039
vt 0.41818431 0.466565371
vt 0.400522768 0.467589974
vt 0.418598413 0.472676873
vt 0.402435035 0.462402463
vt 0.421328783 0.465577841
vt 0.402336627 0.460902005
vt 0.36916101 0.470606089
vt 0.372812182 0.476080954
vt 0.155736789 0.55299598
vt 0.153151527 0.559836507
vt 0.17084454 0.566650808
vt 0.178215861 0.562323332
vt 0.261778116 0.556970775
vt 0.231146693 0.564147532
vt 0.230166003 0.573777556
vt 0.264584452 0.56392777
vt 0.226646855 0.552726626
vt 0.222060964 0.545697331
vt 0.195100889 0.548769355
vt 0.1965276 0.554609835
vt 0.175874054 0.545895398
vt 0.181787536 0.542031288
vt 0.17572172 0.549593508
vt 0.195585221 0.557933807
vt 0.162685201 0.539522111
vt 0.165296167 0.535294712
vt 0.167575896 0.532902598
vt 0.458372265 0.984286547
vt 0.446007311 0.967923045
vt 0.445418358 0.985692859
vt 0.457747221 0.970372081
vt 0.463776648 0.970407963
vt 0.464736938 0.983792841
vt 0.464736938 0.983792841
vt 0.469616443 0.971094787
vt 0.463776648 0.970407963
vt 0.470383018 0.983160913
vt 0.47856161 0.984036267
vt 0.478011578 0.969509184
vt 0.434852719 0.985774696
vt 0.445418358 0.985692859
vt 0.446007311 0.967923045
vt 0.436776698 0.966005325
vt 0.428436726 0.963898778
vt 0.424922377 0.984761417
vt 0.412717074 0.982397974
vt 0.418960571 0.961220503
vt 0.407878578 0.958244324
vt 0.399559319 0.978084087
vt 0.385476291 0.974034131
vt 0.393273145 0.954341471
vt 0.350070179 0.944061518
vt 0.349830627 0.967458725
vt 0.776088893 0.956139803
vt 0.757517219 0.918889463
vt 0.751857996 0.92194134
vt 0.767395079 0.958796024
vt 0.753247976 0.960357606
vt 0.74260664 0.926004946
vt 0.731373072 0.930309415
vt 0.735469699 0.960465729
vt 0.677927852 0.942417026
vt 0.678379714 0.966282368
vt 0.547782242 0.98385942
vt 0.556192458 0.983741641
vt 0.556816101 0.970470488
vt 0.54843539 0.969164073
vt 0.53821367 0.983825326
vt 0.538730145 0.968703449
vt 0.513104856 0.9669348
vt 0.513133109 0.983905613
vt 0.488120079 0.983792484
vt 0.487523258 0.968838453
vt 0.478011578 0.969509184
vt 0.47856161 0.984036267
vt 0.25502032 0.95767045
vt 0.277890146 0.924911261
vt 0.272455484 0.922087193
vt 0.263068557 0.960122287
vt 0.276616335 0.961947799
vt 0.28683421 0.928715289
vt 0.297751188 0.93277657
vt 0.293910205 0.962136388
vt 0.350070179 0.944061518
vt 0.349830627 0.967458725
vt 0.591645002 0.985776782
vt 0.580629945 0.967711151
vt 0.581218004 0.985698342
vt 0.589952052 0.96566999
vt 0.598390102 0.963464022
vt 0.60173142 0.98487401
vt 0.614504576 0.982077658
vt 0.607960641 0.960580826
vt 0.619211078 0.957555652
vt 0.627848506 0.97757107
vt 0.64212966 0.973315716
vt 0.633987606 0.953373015
vt 0.677927852 0.942417026
vt 0.678379714 0.966282368
vt 0.562039614 0.984113455
vt 0.56265682 0.970121562
vt 0.556816101 0.970470488
vt 0.556192458 0.983741641
vt 0.568015635 0.984537065
vt 0.581218004 0.985698342
vt 0.580629945 0.967711151
vt 0.568735361 0.969961286
vt 0.56265682 0.970121562
vt 0.562039614 0.984113455
vt 0.235123992 0.943214357
vt 0.251576275 0.910881937
vt 0.232599735 0.937627137
vt 0.256206125 0.913351536
vt 0.272455484 0.922087193
vt 0.25502032 0.95767045
vt 0.64212966 0.973315716
vt 0.6429528 0.985832751
vt 0.668607891 0.97997117
vt 0.678379714 0.966282368
vt 0.385476291 0.974034131
vt 0.349830627 0.967458725
vt 0.368955046 0.982554018
vt 0.384783506 0.986344993
vt 0.928109944 0.0269829165
vt 0.931773007 0.0331183821
vt 0.931773007 0.0269829165
vt 0.928109944 0.0331183821
vt 0.924516141 0.0331183821
vt 0.924516141 0.0269829165
vt 0.94282645 0.0269829165
vt 0.939135611 0.0269829165
vt 0.939135611 0.0331183821
vt 0.94282645 0.0331183821
vt 0.946525991 0.0331183821
vt 0.946525991 0.0269829165
vt 0.950275242 0.0269829165
vt 0.950275242 0.0331183821
vt 0.9539451 0.0331183821
vt 0.9539451 0.0269829165
vt 0.914538205 0.0269829165
vt 0.911550462 0.0269829165
vt 0.911550462 0.0331183821
vt 0.914538205 0.0331183821
vt 0.917745292 0.0331183821
vt 0.917745292 0.0269829165
vt 0.921068966 0.0269829165
vt 0.921068966 0.0331183821
vt 0.924516141 0.0331183821
vt 0.924516141 0.0269829165
vt 0.935448706 0.0269829165
vt 0.939135611 0.0331183821
vt 0.939135611 0.0269829165
vt 0.935448706 0.0331183821
vt 0.931773007 0.0331183821
vt 0.931773007 0.0269829165
vt 0.957364738 0.0269829165
vt 0.9539451 0.0269829165
vt 0.9539451 0.0331183821
vt 0.957364738 0.0331183821
vt 0.960623085 0.0331183821
vt 0.960623085 0.0269829165
vt 0.963732064 0.0269829165
vt 0.963732064 0.0331183821
vt 0.966606557 0.0331183821
vt 0.966606557 0.0269829165
vt 0.231146693 0.564147532
vt 0.227766246 0.555964291
vt 0.195585221 0.557933807
vt 0.194338322 0.568623483
vt 0.178215861 0.562323332
vt 0.194338322 0.568623483
vt 0.195585221 0.557933807
vt 0.17572172 0.549593508
vt 0.155736789 0.55299598
vt 0.162685201 0.539522111
vt 0.275426269 0.540570676
vt 0.271077007 0.535100579
vt 0.257947713 0.549286604
vt 0.261778116 0.556970775
vt 0.366313815 0.458718359
vt 0.334851593 0.472216398
vt 0.337709695 0.484552413
vt 0.368191123 0.468099207
vt 0.31817928 0.483433664
vt 0.325583577 0.496213675
vt 0.337709695 0.484552413
vt 0.334851593 0.472216398
vt 0.42465812 0.458891928
vt 0.404327869 0.451126039
vt 0.402336627 0.460902005
vt 0.421328783 0.465577841
vt 0.466347426 0.492911696
vt 0.42465812 0.458891928
vt 0.421328783 0.465577841
vt 0.461400837 0.497887135
vt 0.303104192 0.50121969
vt 0.315592468 0.510718107
vt 0.325583577 0.496213675
vt 0.31817928 0.483433664
vt 0.261778116 0.556970775
vt 0.257947713 0.549286604
vt 0.227766246 0.555964291
vt 0.231146693 0.564147532
vt 0.404327869 0.451126039
vt 0.366313815 0.458718359
vt 0.368191123 0.468099207
vt 0.402336627 0.460902005
vt 0.461400837 0.497887135
vt 0.421328783 0.465577841
vt 0.41818431 0.466565371
vt 0.459222227 0.50065273
vt 0.418598413 0.472676873
vt 0.453492105 0.503561914
vt 0.320474058 0.512217045
vt 0.323497772 0.513932824
vt 0.331276298 0.502271473
vt 0.328956693 0.499940872
vt 0.315592468 0.510718107
vt 0.325583577 0.496213675
vt 0.257947713 0.549286604
vt 0.256007195 0.545876563
vt 0.226646855 0.552726626
vt 0.227766246 0.555964291
vt 0.402336627 0.460902005
vt 0.368191123 0.468099207
vt 0.36916101 0.470606089
vt 0.402435035 0.462402463
vt 0.388632834 0.866490781
vt 0.388427645 0.87149477
vt 0.392926157 0.866581321
vt 0.386702687 0.866537273
vt 0.392741114 0.87174058
vt 0.406126082 0.866733313
vt 0.406055838 0.877682328
vt 0.392556071 0.876899838
vt 0.391761392 0.882542729
vt 0.387325048 0.881885529
vt 0.386541992 0.871401191
vt 0.383748293 0.866683841
vt 0.383854747 0.875913143
vt 0.388222456 0.876498759
vt 0.386381298 0.876265168
vt 0.385405242 0.88145411
vt 0.864031971 0.0836032033
vt 0.867641985 0.0889554694
vt 0.869487822 0.0871480778
vt 0.870416224 0.0848260596
vt 0.865268826 0.089981243
vt 0.870451093 0.082342051
vt 0.862748563 0.0899790525
vt 0.869491577 0.0800187737
vt 0.860423386 0.089040935
vt 0.867716253 0.0781987458
vt 0.858650088 0.0872596428
vt 0.86528945 0.0772338584
vt 0.85765475 0.0849440098
vt 0.86268276 0.0772125199
vt 0.857650995 0.0823902413
vt 0.860349536 0.078207396
vt 0.858572841 0.0800048709
vt 0.433218271 0.377895743
vt 0.420686692 0.386352688
vt 0.573093712 0.340916604
vt 0.717578113 0.213001564
vt 0.661479294 0.178944528
vt 0.669629991 0.149304226
vt 0.717528999 0.243095234
vt 0.583182693 0.257702857
vt 0.633407533 0.198402643
vt 0.70749557 0.827498853
vt 0.689832211 0.803996027
vt 0.714590073 0.820961177
vt 0.712902129 0.791878462
vt 0.702721059 0.78174144
vt 0.708981335 0.786999166
vt 0.445805937 0.424574435
vt 0.445779294 0.420445561
vt 0.432604045 0.423252314
vt 0.570628047 0.297590822
vt 0.590690136 0.331324607
vt 0.580829859 0.287991434
vt 0.596409798 0.29237172
vt 0.576068878 0.271600515
vt 0.591559649 0.269409627
vt 0.527766407 0.288571417
vt 0.512003243 0.271362633
vt 0.541287959 0.294942409
vt 0.49058342 0.22739476
vt 0.514263391 0.219634965
vt 0.546205461 0.255012482
vt 0.555898607 0.295346826
vt 0.567911625 0.28848663
vt 0.467365474 0.453946978
vt 0.588026822 0.374220252
vt 0.452693939 0.45771125
vt 0.693040848 0.0858660787
vt 0.706535578 0.0801187009
vt 0.718279183 0.101355016
vt 0.503096998 0.207383201
vt 0.534608603 0.17116569
vt 0.539271832 0.182827324
vt 0.489164531 0.221470699
vt 0.490469873 0.218142301
vt 0.514263391 0.219634965
vt 0.49058342 0.22739476
vt 0.660981178 0.168900311
vt 0.660142779 0.164000392
vt 0.634420455 0.167860299
vt 0.718736827 0.0871798843
vt 0.718279183 0.101355016
vt 0.706535578 0.0801187009
vt 0.717578113 0.213001564
vt 0.669629991 0.149304226
vt 0.663018763 0.0910703093
vt 0.693040848 0.0858660787
vt 0.647092819 0.114561215
vt 0.633407533 0.198402643
vt 0.661479294 0.178944528
vt 0.717578113 0.213001564
vt 0.801440358 0.143860877
vt 0.804670274 0.14299655
vt 0.811414838 0.179400563
vt 0.909153819 0.165447116
vt 0.835177481 0.165739477
vt 0.835730016 0.151124895
vt 0.432604045 0.423252314
vt 0.443830639 0.416209489
vt 0.440865874 0.413643837
vt 0.432604045 0.423252314
vt 0.445779294 0.420445561
vt 0.443830639 0.416209489
vt 0.818379879 0.179444909
vt 0.804670274 0.14299655
vt 0.80790019 0.142132223
vt 0.811414838 0.179400563
vt 0.804670274 0.14299655
vt 0.818379879 0.179444909
vt 0.802622199 0.179970026
vt 0.801440358 0.143860877
vt 0.793335557 0.144895852
vt 0.502545774 0.0204130225
vt 0.49658525 0.0114579741
vt 0.494894892 0.0153873153
vt 0.497694075 0.0123270042
vt 0.49658525 0.0114579741
vt 0.502545774 0.0204130225
vt 0.256206125 0.913351536
vt 0.25887996 0.905964673
vt 0.253000557 0.906060874
vt 0.256443441 0.850775242
vt 0.284630001 0.905448198
vt 0.289584309 0.851045251
vt 0.285000086 0.991937637
vt 0.28635636 0.999129236
vt 0.286779463 0.988522112
vt 0.443968952 0.796475351
vt 0.437544823 0.785844266
vt 0.425061643 0.796572864
vt 0.292806 0.992217541
vt 0.291269034 0.988695443
vt 0.290958583 0.999284804
vt 0.520937204 0.806765378
vt 0.535123944 0.811151266
vt 0.525476396 0.805230319
vt 0.517041445 0.7808851
vt 0.515802026 0.785953403
vt 0.521261334 0.794174373
vt 0.543245256 0.805199683
vt 0.535123944 0.811151266
vt 0.547883213 0.806403577
vt 0.543459058 0.794885397
vt 0.525476396 0.805230319
vt 0.525227189 0.794916987
vt 0.525476396 0.805230319
vt 0.535123944 0.811151266
vt 0.543245256 0.805199683
vt 0.443580121 0.0813222528
vt 0.394080251 0.0812201798
vt 0.393328339 0.0830463171
vt 0.543852985 0.062076591
vt 0.569028318 0.0745726377
vt 0.544760704 0.0546600334
vt 0.480699062 0.0769454241
vt 0.480586022 0.0889779031
vt 0.481308192 0.0894996673
vt 0.257798553 0.221334383
vt 0.257687628 0.226895019
vt 0.264866054 0.222821787
vt 0.0574478842 0.227125585
vt 0.0639365464 0.243495539
vt 0.0594332479 0.228511289
vt 0.363485605 0.185532525
vt 0.379520655 0.152432457
vt 0.355648786 0.177678585
vt 0.486952126 0.0527072772
vt 0.526868284 0.058456257
vt 0.526944876 0.0553684905
vt 0.303351313 0.341166735
vt 0.26587972 0.299881995
vt 0.299967498 0.339996576
vt 0.0312147886 0.193497777
vt 0.0254898816 0.279674768
vt 0.0315407068 0.276536345
vt 0.0284083039 0.193507373
vt 0.0254898816 0.279674768
vt 0.0312147886 0.193497777
vt 0.00897164736 0.193498045
vt 0.00741656218 0.279429376
vt 0.0207874924 0.279756665
vt 0.0254898816 0.279674768
vt 0.0284083039 0.193507373
vt 0.0207874924 0.279756665
vt 0.373656988 0.232922912
vt 0.381671757 0.239669308
vt 0.396602958 0.223189682
vt 0.396602958 0.223189682
vt 0.353453398 0.186707243
vt 0.373656988 0.232922912
vt 0.36580795 0.14040038
vt 0.38033098 0.118560284
vt 0.377827525 0.116417602
vt 0.0432070494 0.340584934
vt 0.0288711898 0.347120464
vt 0.0364739485 0.345806748
vt 0.106126063 0.256210268
vt 0.102712952 0.257991731
vt 0.103131451 0.256442189
vt 0.396213561 0.116037682
vt 0.36580795 0.14040038
vt 0.36759308 0.14223738
vt 0.175760627 0.665753245
vt 0.180094376 0.671085715
vt 0.187321648 0.666923583
vt 0.335090607 0.166415915
vt 0.36759308 0.14223738
vt 0.36580795 0.14040038
vt 0.828128576 0.958434224
vt 0.828584313 0.964752078
vt 0.831231475 0.960823655
vt 0.821323216 0.978208899
vt 0.814948678 0.978331566
vt 0.813309073 0.984690905
vt 0.752349675 0.998526454
vt 0.756394267 0.993371129
vt 0.750449359 0.993310153
vt 0.763501346 0.998297691
vt 0.756394267 0.993371129
vt 0.752349675 0.998526454
vt 0.774653018 0.998068869
vt 0.768283963 0.993492961
vt 0.784870923 0.996000946
vt 0.77910459 0.992653966
vt 0.795088828 0.993933022
vt 0.788856149 0.990853906
vt 0.844426155 0.946185112
vt 0.838813424 0.948191106
vt 0.839826405 0.954893351
vt 0.849025905 0.937476873
vt 0.843388557 0.938639581
vt 0.845676184 0.933863819
vt 0.447184175 0.637185812
vt 0.36605671 0.61869812
vt 0.368243307 0.630401075
vt 0.186021641 0.65802151
vt 0.265553772 0.637182355
vt 0.265156478 0.624995053
vt 0.115746439 0.111148261
vt 0.144472018 0.120578222
vt 0.14623782 0.116349235
vt 0.290598094 0.105893038
vt 0.269239187 0.0736564472
vt 0.291768909 0.104671128
vt 0.00977931358 0.184804261
vt 0.0199690927 0.185289085
vt 0.0109867025 0.182721466
vt 0.215729326 0.130736411
vt 0.22085157 0.0993771702
vt 0.160283983 0.0998304039
vt 0.216068983 0.0867221355
vt 0.202663124 0.0912662148
vt 0.219212353 0.095102042
vt 0.307415724 0.128027409
vt 0.290598094 0.105893038
vt 0.291768909 0.104671128
vt 0.356884629 0.108980007
vt 0.33991158 0.104042217
vt 0.328555405 0.111650236
vt 0.312008917 0.117690884
vt 0.321321756 0.137830675
vt 0.337488413 0.142483905
vt 0.208684817 0.153945804
vt 0.160283983 0.0998304039
vt 0.19971028 0.155478433
vt 0.300109029 0.184835464
vt 0.271558642 0.18797864
vt 0.302128226 0.186407968
vt 0.313483208 0.0368622653
vt 0.3208161 0.0549905114
vt 0.328717798 0.0473027192
vt 0.37455827 0.0489626527
vt 0.374633014 0.046623446
vt 0.313153327 0.0353253372
vt 0.298628032 0.126487374
vt 0.299452603 0.132603735
vt 0.306848109 0.133433074
vt 0.298628032 0.126487374
vt 0.298180819 0.126564592
vt 0.299452603 0.132603735
vt 0.774279058 0.909303367
vt 0.779131889 0.906242967
vt 0.777248025 0.901308239
vt 0.256206125 0.913351536
vt 0.253000557 0.906060874
vt 0.251576275 0.910881937
vt 0.774279058 0.909303367
vt 0.777248025 0.901308239
vt 0.771088839 0.901574552
vt 0.214556649 0.207658947
vt 0.205491707 0.212553337
vt 0.206001043 0.215701655
vt 0.215810373 0.206943363
vt 0.214556649 0.207658947
vt 0.207061425 0.22813715
vt 0.0632267892 0.35233745
vt 0.0607284158 0.337751627
vt 0.0722377673 0.328823984
vt 0.0837466344 0.381790638
vt 0.0438058972 0.382629335
vt 0.0935230553 0.378564298
vt 0.101149291 0.377022356
vt 0.0756745636 0.328225166
vt 0.0756745636 0.328225166
vt 0.0632267892 0.35233745
vt 0.0722377673 0.328823984
vt 0.0607284158 0.337751627
vt 0.0438058972 0.382629335
vt 0.017325921 0.359973103
vt 0.836850584 0.0507940277
vt 0.862591803 0.0658523366
vt 0.906781793 0.0496577434
vt 0.866906345 0.094197914
vt 0.871127188 0.0928123146
vt 0.870417476 0.0917645842
vt 0.867257416 0.0954956636
vt 0.862973511 0.0963257998
vt 0.863046527 0.0950704142
vt 0.859534442 0.0940448344
vt 0.859092593 0.0951616839
vt 0.855910122 0.0924170837
vt 0.85663116 0.0915687978
vt 0.867723048 0.0724800974
vt 0.871008873 0.0750950798
vt 0.871780396 0.074235864
vt 0.868151724 0.0712859333
vt 0.863812387 0.0700919628
vt 0.863830447 0.0713761523
vt 0.860010684 0.0723459795
vt 0.859552562 0.0711932406
vt 0.85604471 0.0741519779
vt 0.856841028 0.075004451
vt 0.873061895 0.0789898336
vt 0.871780396 0.074235864
vt 0.871008873 0.0750950798
vt 0.874082029 0.0785631984
vt 0.874832988 0.0836913735
vt 0.873716474 0.0835811719
vt 0.872766912 0.0880736932
vt 0.876002192 0.0780529454
vt 0.873325944 0.0730390549
vt 0.868644178 0.069454357
vt 0.868151724 0.0712859333
vt 0.876797378 0.083836928
vt 0.875651062 0.0893854201
vt 0.873753011 0.0887137353
vt 0.871127188 0.0928123146
vt 0.870417476 0.0917645842
vt 0.872677445 0.0939693376
vt 0.867802024 0.0971830189
vt 0.867257416 0.0954956636
vt 0.854705155 0.0878828391
vt 0.855910122 0.0924170837
vt 0.85663116 0.0915687978
vt 0.853728056 0.088411577
vt 0.852846801 0.0835087895
vt 0.853948534 0.0834490061
vt 0.854736507 0.0789150819
vt 0.852137983 0.0891640484
vt 0.853720605 0.078473866
vt 0.85604471 0.0741519779
vt 0.856841028 0.075004451
vt 0.852042794 0.0777454153
vt 0.851060092 0.0836060047
vt 0.854582131 0.0936407149
vt 0.850604773 0.0902374834
vt 0.849229395 0.0839121193
vt 0.85339278 0.0951826125
vt 0.850451767 0.0770630389
vt 0.857167661 0.0985529572
vt 0.858090818 0.096707657
vt 0.859092593 0.0951616839
vt 0.862973511 0.0963257998
vt 0.862465203 0.0980214104
vt 0.861904681 0.0999452248
vt 0.868071079 0.0990529656
vt 0.867802024 0.0971830189
vt 0.872677445 0.0939693376
vt 0.873816133 0.0953807831
vt 0.877233148 0.0903390944
vt 0.875651062 0.0893854201
vt 0.876797378 0.083836928
vt 0.878546059 0.0841300711
vt 0.87759918 0.0775291398
vt 0.876002192 0.0780529454
vt 0.873325944 0.0730390549
vt 0.87449491 0.0718177557
vt 0.86898005 0.0677192658
vt 0.868644178 0.069454357
vt 0.863140106 0.0679382235
vt 0.862591803 0.0658523366
vt 0.857285082 0.0673478991
vt 0.858308196 0.0692832768
vt 0.863812387 0.0700919628
vt 0.859552562 0.0711932406
vt 0.854565382 0.0727052689
vt 0.853295267 0.0712123364
vt 0.693603039 0.0684243366
vt 0.667261779 0.0655581206
vt 0.666759193 0.0670236349
vt 0.693289101 0.0669117942
vt 0.705718994 0.0658279359
vt 0.710502386 0.0692664832
vt 0.0527937561 0.444849491
vt 0.0424036607 0.429229438
vt 0.0575465001 0.43800962
vt 0.0369207226 0.437114477
vt 0.0246674437 0.460034549
vt 0.0418168269 0.465846002
vt 0.0243822914 0.432619542
vt 0.0126315327 0.456449479
vt 0.0300269686 0.423582256
vt 0.0572567582 0.414302945
vt 0.0468155853 0.406162649
vt 0.979833245 0.0172343813
vt 0.995661736 0.0191740654
vt 0.99471736 0.0172343813
vt 0.981000662 0.0191740654
vt 0.962728143 0.0191740654
vt 0.961277366 0.0172343813
vt 0.732577085 0.131396875
vt 0.732739389 0.113991432
vt 0.731831729 0.112881012
vt 0.731674314 0.12977232
vt 0.727165401 0.135264099
vt 0.732501507 0.138743922
vt 0.723602533 0.133390531
vt 0.723522186 0.143537477
vt 0.727920949 0.138994083
vt 0.724694908 0.131356627
vt 0.724925637 0.104907416
vt 0.7238397 0.106164865
vt 0.72396034 0.0936553031
vt 0.7238397 0.106164865
vt 0.724925637 0.104907416
vt 0.725027561 0.0943331793
vt 0.728424311 0.0912495703
vt 0.724018097 0.0879491121
vt 0.666129827 0.0555388331
vt 0.69256115 0.0577424765
vt 0.692970335 0.0563850254
vt 0.666537106 0.0569221191
vt 0.659147918 0.0576860458
vt 0.655987024 0.0552116856
vt 0.732878089 0.0997042954
vt 0.731831729 0.112881012
vt 0.732739389 0.113991432
vt 0.731951714 0.100218974
vt 0.727596641 0.0977067351
vt 0.732933104 0.0952050984
vt 0.867802024 0.0971830189
vt 0.867257416 0.0954956636
vt 0.862973511 0.0963257998
vt 0.862465203 0.0980214104
vt 0.868644178 0.069454357
vt 0.863140106 0.0679382235
vt 0.863812387 0.0700919628
vt 0.868151724 0.0712859333
vt 0.922324061 0.0234659202
vt 0.911024153 0.0234450437
vt 0.910243332 0.0256917477
vt 0.922780931 0.021184437
vt 0.935992658 0.0210852399
vt 0.935949445 0.0233910605
vt 0.59182173 0.0242312513
vt 0.592952728 0.0225482471
vt 0.573770046 0.0225482471
vt 0.572308004 0.0242312513
vt 0.59182173 0.0242312513
vt 0.609081626 0.0242312513
vt 0.609931469 0.0225482471
vt 0.592952728 0.0225482471
vt 0.954007268 0.0236194357
vt 0.935992658 0.0210852399
vt 0.935949445 0.0233910605
vt 0.953534901 0.0213086382
vt 0.968670666 0.0239916779
vt 0.969572604 0.0262826048
vt 0.944284201 0.0172343813
vt 0.962728143 0.0191740654
vt 0.961277366 0.0172343813
vt 0.946111202 0.0191740654
vt 0.933670163 0.0191740654
vt 0.931547403 0.0172343813
vt 0.910346389 0.0172343813
vt 0.906498194 0.0172343813
vt 0.909092903 0.0191740654
vt 0.912257433 0.0191740654
vt 0.916168809 0.0191740654
vt 0.914194703 0.0172343813
vt 0.918043494 0.0172343813
vt 0.920080423 0.0191740654
vt 0.923992276 0.0191740654
vt 0.921892285 0.0172343813
vt 0.925741673 0.0172343813
vt 0.927904487 0.0191740654
vt 0.933670163 0.0191740654
vt 0.931547403 0.0172343813
vt 0.92572695 0.0135936607
vt 0.944299519 0.0162058119
vt 0.944308102 0.0138453301
vt 0.926353991 0.015882602
vt 0.907905996 0.0160451364
vt 0.907143056 0.0132713038
vt 0.962884247 0.0139665511
vt 0.980534732 0.0168488603
vt 0.981457531 0.0140114557
vt 0.962267458 0.0162647944
vt 0.944299519 0.0162058119
vt 0.944308102 0.0138453301
vt 0.666759193 0.0670236349
vt 0.667261779 0.0655581206
vt 0.660179734 0.0633069351
vt 0.656815052 0.0664656907
vt 0.726768851 0.291535765
vt 0.771773934 0.268116504
vt 0.732946873 0.264655918
vt 0.764988303 0.29313764
vt 0.718704939 0.327561349
vt 0.750063896 0.325630516
vt 0.733202338 0.371541113
vt 0.757276535 0.368246347
vt 0.772381902 0.322884172
vt 0.750063896 0.325630516
vt 0.467365474 0.453946978
vt 0.47230953 0.460837036
vt 0.593134105 0.381322354
vt 0.588026822 0.374220252
vt 0.741143346 0.0835509822
vt 0.747328341 0.0878891125
vt 0.766055405 0.0744971707
vt 0.760426939 0.0704998523
vt 0.588026822 0.374220252
vt 0.593134105 0.381322354
vt 0.604001164 0.375376314
vt 0.599018514 0.368506372
vt 0.602641106 0.368289649
vt 0.605329573 0.372099191
vt 0.161144152 0.409803838
vt 0.171182692 0.428001046
vt 0.122059807 0.452357829
vt 0.113772698 0.429112315
vt 0.411625892 0.35008347
vt 0.408762008 0.347226292
vt 0.412724197 0.317367882
vt 0.417342395 0.32588613
vt 0.429366142 0.343204856
vt 0.42018044 0.36294654
vt 0.411625892 0.35008347
vt 0.404524595 0.37346971
vt 0.408762008 0.347226292
vt 0.406620413 0.375390619
vt 0.415657967 0.382925838
vt 0.42018044 0.36294654
vt 0.427908868 0.363728613
vt 0.419358104 0.383344501
vt 0.807714283 0.361607522
vt 0.819969594 0.321958631
vt 0.820536554 0.360370964
vt 0.807542264 0.322013587
vt 0.803818405 0.322024554
vt 0.804136217 0.401127249
vt 0.807697117 0.443737596
vt 0.80750984 0.307713479
vt 0.803764641 0.307552308
vt 0.823251784 0.307291597
vt 0.873989999 0.3231875
vt 0.875697076 0.308266252
vt 0.427908868 0.363728613
vt 0.42018044 0.36294654
vt 0.429366142 0.343204856
vt 0.437442154 0.346752405
vt 0.413464129 0.401339769
vt 0.409618378 0.415243119
vt 0.405692756 0.423741132
vt 0.410572499 0.403148174
vt 0.424553543 0.443212032
vt 0.394748271 0.421085954
vt 0.398574322 0.418170244
vt 0.402456075 0.421340227
vt 0.405692756 0.423741132
vt 0.427066803 0.439846754
vt 0.410344094 0.421952307
vt 0.428167373 0.435555845
vt 0.409618378 0.415243119
vt 0.74095273 0.0217322931
vt 0.728112817 0.0174999386
vt 0.742543519 0.017871201
vt 0.72456342 0.0217927843
vt 0.697787583 0.0225807503
vt 0.703937709 0.0184974894
vt 0.674161553 0.0207747221
vt 0.66604358 0.0248592198
vt 0.747328341 0.0878891125
vt 0.754727185 0.10521704
vt 0.774815857 0.0831356049
vt 0.766055405 0.0744971707
vt 0.835702598 0.22936517
vt 0.823589742 0.267662585
vt 0.845822394 0.26749599
vt 0.85323602 0.229257047
vt 0.600343287 0.393147737
vt 0.612920821 0.374580801
vt 0.61261785 0.38028875
vt 0.598990858 0.38911888
vt 0.585222483 0.40301621
vt 0.588614285 0.40843147
vt 0.576129079 0.420523494
vt 0.574071705 0.418134898
vt 0.562116027 0.43135345
vt 0.564543664 0.435337335
vt 0.366841048 0.31156978
vt 0.362526953 0.293949962
vt 0.364206195 0.293538153
vt 0.368522048 0.311135083
vt 0.848499835 0.18927145
vt 0.835702598 0.22936517
vt 0.85323602 0.229257047
vt 0.866147697 0.189191341
vt 0.823271215 0.281995058
vt 0.8232252 0.299096823
vt 0.845807493 0.299367785
vt 0.849577487 0.281920791
vt 0.999642193 0.299096823
vt 0.999638855 0.281994939
vt 0.596409798 0.29237172
vt 0.607628703 0.268105537
vt 0.591559649 0.269409627
vt 0.614480138 0.293081731
vt 0.608065724 0.325710803
vt 0.62923646 0.325473458
vt 0.992608666 0.69513762
vt 0.99423933 0.70205164
vt 0.917136788 0.702051759
vt 0.919784546 0.695266545
vt 0.989780784 0.684437692
vt 0.922605753 0.68458122
vt 0.916033626 0.72122252
vt 0.94504714 0.723125279
vt 0.94060719 0.734064281
vt 0.915849686 0.751793742
vt 0.596852601 0.487357348
vt 0.600343287 0.393147737
vt 0.61261785 0.38028875
vt 0.615621984 0.488350213
vt 0.564543664 0.435337335
vt 0.576129079 0.420523494
vt 0.559408605 0.484523296
vt 0.550290823 0.443177611
vt 0.524700105 0.481988102
vt 0.526276052 0.452738374
vt 0.562116027 0.43135345
vt 0.548490167 0.439487696
vt 0.494130015 0.310064077
vt 0.437442154 0.346752405
vt 0.429366142 0.343204856
vt 0.493657738 0.300673515
vt 0.481823921 0.27619639
vt 0.417342395 0.32588613
vt 0.412724197 0.317367882
vt 0.473360658 0.261869013
vt 0.502414167 0.287923992
vt 0.501072586 0.282963187
vt 0.665248752 0.15693368
vt 0.660142779 0.164000392
vt 0.663700402 0.167459875
vt 0.659551919 0.159017846
vt 0.661401689 0.153268427
vt 0.573093712 0.340916604
vt 0.420686692 0.386352688
vt 0.440865874 0.413643837
vt 0.578153551 0.35222733
vt 0.579577923 0.355409801
vt 0.443830639 0.416209489
vt 0.652597427 0.291487306
vt 0.646439433 0.264621049
vt 0.607628703 0.268105537
vt 0.614480138 0.293081731
vt 0.660587668 0.327501327
vt 0.62923646 0.325473458
vt 0.757276535 0.368246347
vt 0.766818404 0.367449909
vt 0.788536668 0.331622928
vt 0.772381902 0.322884172
vt 0.823589742 0.267662585
vt 0.823271215 0.281995058
vt 0.849577487 0.281920791
vt 0.845822394 0.26749599
vt 0.85548228 0.267481089
vt 0.999638855 0.281994939
vt 0.99903208 0.268925965
vt 0.764988303 0.29313764
vt 0.787810206 0.269322962
vt 0.771773934 0.268116504
vt 0.783035159 0.291871399
vt 0.750063896 0.325630516
vt 0.772381902 0.322884172
vt 0.478279173 0.483496726
vt 0.475737065 0.486009598
vt 0.471503705 0.476045132
vt 0.474997431 0.475726396
vt 0.47796616 0.466433197
vt 0.474850267 0.464498609
vt 0.813991666 0.24048835
vt 0.807655096 0.237261474
vt 0.80839479 0.206528962
vt 0.814774156 0.205586731
vt 0.72431922 0.232053936
vt 0.800538898 0.205808818
vt 0.799397349 0.236259401
vt 0.724981189 0.204817176
vt 0.802622199 0.179970026
vt 0.725063086 0.182948232
vt 0.628250122 0.384355426
vt 0.662917018 0.381638646
vt 0.66556704 0.387220502
vt 0.630984426 0.389166951
vt 0.814846873 0.0212194324
vt 0.811368883 0.0210950002
vt 0.811932981 0.00532049686
vt 0.815496862 0.00304682553
vt 0.813691497 0.0237014294
vt 0.787812531 0.0202279836
vt 0.811368883 0.0210950002
vt 0.78793633 0.0227687657
vt 0.76066941 0.0218972117
vt 0.760914087 0.0193253681
vt 0.742543519 0.017871201
vt 0.74095273 0.0217322931
vt 0.811368883 0.0210950002
vt 0.788443387 0.00446554273
vt 0.811932981 0.00532049686
vt 0.787812531 0.0202279836
vt 0.760914087 0.0193253681
vt 0.740106642 0.00202739984
vt 0.742543519 0.017871201
vt 0.72431922 0.232053936
vt 0.799397349 0.236259401
vt 0.793327808 0.266982079
vt 0.721946836 0.261154234
vt 0.813691497 0.0237014294
vt 0.813036859 0.0419080928
vt 0.787316799 0.0409940556
vt 0.78793633 0.0227687657
vt 0.76066941 0.0218972117
vt 0.742552102 0.0398052856
vt 0.74095273 0.0217322931
vt 0.799397349 0.236259401
vt 0.80839479 0.206528962
vt 0.807655096 0.237261474
vt 0.800538898 0.205808818
vt 0.811414838 0.179400563
vt 0.802622199 0.179970026
vt 0.814774156 0.205586731
vt 0.818379879 0.179444909
vt 0.366841048 0.31156978
vt 0.369340956 0.330223292
vt 0.365676254 0.33202371
vt 0.361069471 0.315248132
vt 0.352963209 0.299592018
vt 0.362526953 0.293949962
vt 0.697787583 0.0225807503
vt 0.66412431 0.0420663729
vt 0.66604358 0.0248592198
vt 0.698069751 0.0415491834
vt 0.742552102 0.0398052856
vt 0.72456342 0.0217927843
vt 0.74095273 0.0217322931
vt 0.66604358 0.0248592198
vt 0.651793301 0.0199756324
vt 0.655986845 0.0193957314
vt 0.674161553 0.0207747221
vt 0.674161553 0.0207747221
vt 0.656354308 0.0045909062
vt 0.67430222 0.00503617525
vt 0.655986845 0.0193957314
vt 0.652102709 0.0192993134
vt 0.65248853 0.00374913961
vt 0.703937709 0.0184974894
vt 0.674161553 0.0207747221
vt 0.67430222 0.00503617525
vt 0.703374624 0.00290928781
vt 0.740106642 0.00202739984
vt 0.728112817 0.0174999386
vt 0.742543519 0.017871201
vt 0.366841048 0.31156978
vt 0.368522048 0.311135083
vt 0.373402536 0.328995496
vt 0.369340956 0.330223292
vt 0.820053756 0.104784191
vt 0.833093345 0.101631761
vt 0.833825886 0.11932832
vt 0.820302188 0.115581155
vt 0.82039839 0.12397778
vt 0.835617602 0.12460041
vt 0.835931599 0.135625184
vt 0.820506036 0.135791421
vt 0.835730016 0.151124895
vt 0.820670307 0.151507735
vt 0.927413821 0.755736709
vt 0.929242373 0.752840042
vt 0.928322971 0.754235983
vt 0.928611577 0.751424074
vt 0.928536236 0.749388576
vt 0.925073981 0.75447613
vt 0.926696062 0.757167399
vt 0.923921824 0.757323921
vt 0.926159084 0.758800328
vt 0.925695121 0.761212885
vt 0.923425734 0.759906411
vt 0.921221197 0.773296356
vt 0.923509717 0.77460283
vt 0.921458662 0.788394928
vt 0.9189834 0.788366973
vt 0.917571425 0.798619747
vt 0.920325279 0.796663523
vt 0.88092941 0.438566715
vt 0.8932814 0.438118666
vt 0.892231762 0.478831083
vt 0.882413447 0.479136556
vt 0.889082968 0.493647069
vt 0.881424844 0.493841141
vt 0.876492918 0.494199902
vt 0.892231762 0.478831083
vt 0.898090184 0.494848877
vt 0.889082968 0.493647069
vt 0.902740657 0.479242355
vt 0.8932814 0.438118666
vt 0.905663192 0.439209551
vt 0.914047539 0.440146059
vt 0.910368025 0.47999087
vt 0.905233562 0.496648699
vt 0.730681896 0.0843843967
vt 0.725318551 0.0789518133
vt 0.733200014 0.0837518573
vt 0.726481616 0.0817810968
vt 0.726504564 0.0841138065
vt 0.72864306 0.0854328796
vt 0.72472477 0.083157368
vt 0.722855508 0.0823107958
vt 0.722461522 0.0799053311
vt 0.72049433 0.0812986344
vt 0.717628419 0.0802638605
vt 0.714671254 0.0752891526
vt 0.716581881 0.0778318197
vt 0.714189112 0.0792297348
vt 0.710875452 0.0785058066
vt 0.711592436 0.0766777024
vt 0.709046304 0.0747068003
vt 0.880592763 0.363304585
vt 0.891275227 0.323314399
vt 0.89275068 0.363500029
vt 0.881004989 0.323229522
vt 0.873989999 0.3231875
vt 0.873718679 0.362991899
vt 0.88052541 0.308655292
vt 0.887967885 0.30881831
vt 0.875697076 0.308266252
vt 0.982797563 0.120432496
vt 0.833825886 0.11932832
vt 0.91022855 0.119583547
vt 0.835617602 0.12460041
vt 0.835931599 0.135625184
vt 0.982256472 0.135215223
vt 0.835730016 0.151124895
vt 0.982468307 0.150690913
vt 0.909153819 0.165447116
vt 0.996458113 0.151044071
vt 0.996646106 0.135434091
vt 0.996859133 0.119580507
vt 0.984041154 0.0952148438
vt 0.997690499 0.0956864357
vt 0.709046304 0.0747068003
vt 0.711592436 0.0766777024
vt 0.710875452 0.0785058066
vt 0.70770067 0.0783684328
vt 0.703211665 0.0784946606
vt 0.704260468 0.0748408884
vt 0.819848359 0.178679883
vt 0.82032162 0.166102409
vt 0.835177481 0.165739477
vt 0.834672034 0.179510355
vt 0.909483135 0.187339306
vt 0.833768785 0.185034811
vt 0.983676136 0.179228187
vt 0.90903759 0.175850913
vt 0.983345449 0.170705974
vt 0.82032162 0.166102409
vt 0.820670307 0.151507735
vt 0.835730016 0.151124895
vt 0.835177481 0.165739477
vt 0.237238035 0.454741091
vt 0.225059643 0.424380302
vt 0.228715107 0.425462037
vt 0.240150452 0.453476518
vt 0.689652801 0.317660481
vt 0.70990169 0.31706807
vt 0.713545918 0.28779158
vt 0.689677835 0.287087172
vt 0.669407845 0.317030042
vt 0.716267943 0.2645742
vt 0.665814281 0.28776136
vt 0.689689994 0.26455602
vt 0.663114071 0.264549524
vt 0.825691283 0.442209274
vt 0.88092941 0.438566715
vt 0.882413447 0.479136556
vt 0.823823512 0.480543166
vt 0.807697117 0.443737596
vt 0.876492918 0.494199902
vt 0.825345933 0.495060354
vt 0.807626307 0.480406076
vt 0.807522237 0.494761735
vt 0.803764641 0.494734079
vt 0.803872049 0.480385929
vt 0.915393531 0.424654156
vt 0.914047539 0.440146059
vt 0.905663192 0.439209551
vt 0.90680021 0.424003452
vt 0.894362509 0.424126834
vt 0.8932814 0.438118666
vt 0.881826341 0.425358981
vt 0.88092941 0.438566715
vt 0.914897859 0.376516432
vt 0.90501219 0.362290949
vt 0.913292348 0.36124441
vt 0.906425416 0.377368301
vt 0.893883646 0.377266139
vt 0.89275068 0.363500029
vt 0.881823242 0.376081198
vt 0.880592763 0.363304585
vt 0.873718679 0.362991899
vt 0.830634773 0.375022322
vt 0.807714283 0.361607522
vt 0.820536554 0.360370964
vt 0.807697117 0.443737596
vt 0.829871833 0.427268237
vt 0.881826341 0.425358981
vt 0.881823242 0.376081198
vt 0.804136217 0.401127249
vt 0.807626307 0.480406076
vt 0.803872049 0.480385929
vt 0.94504714 0.723125279
vt 0.947547555 0.729106843
vt 0.94060719 0.734064281
vt 0.951215804 0.731055617
vt 0.942497075 0.736154795
vt 0.507032335 0.455275327
vt 0.526276052 0.452738374
vt 0.524700105 0.481988102
vt 0.50770402 0.484438181
vt 0.493258446 0.461540252
vt 0.493164778 0.483134538
vt 0.485831529 0.463943243
vt 0.485928565 0.483295292
vt 0.474997431 0.475726396
vt 0.47796616 0.466433197
vt 0.478279173 0.483496726
vt 0.768532157 0.731888533
vt 0.773852408 0.734741688
vt 0.770617127 0.744757831
vt 0.765551209 0.7370134
vt 0.367282182 0.444845915
vt 0.362630367 0.442398071
vt 0.374221623 0.438567549
vt 0.378380358 0.440886736
vt 0.348910153 0.36194247
vt 0.351649016 0.359964669
vt 0.381918818 0.439717978
vt 0.355187595 0.358795762
vt 0.254775047 0.409393162
vt 0.242225111 0.400055647
vt 0.249525145 0.38656199
vt 0.236791864 0.418463439
vt 0.231632814 0.408234686
vt 0.227215245 0.414065152
vt 0.223280385 0.42085281
vt 0.225059643 0.424380302
vt 0.228715107 0.425462037
vt 0.239801556 0.420170695
vt 0.50770402 0.484438181
vt 0.524700105 0.481988102
vt 0.52386868 0.485149711
vt 0.50681144 0.488000482
vt 0.493164778 0.483134538
vt 0.491939157 0.486460894
vt 0.485928565 0.483295292
vt 0.48396787 0.486278206
vt 0.475737065 0.486009598
vt 0.478279173 0.483496726
vt 0.502414167 0.287923992
vt 0.493657738 0.300673515
vt 0.481823921 0.27619639
vt 0.510656357 0.303809106
vt 0.568016171 0.3157565
vt 0.56455934 0.30684638
vt 0.501072586 0.282963187
vt 0.0935230553 0.378564298
vt 0.101149291 0.377022356
vt 0.102835804 0.385822475
vt 0.0974508822 0.387472004
vt 0.7171942 0.799463928
vt 0.692313612 0.797738612
vt 0.689812303 0.793687701
vt 0.718863845 0.810895979
vt 0.772381902 0.322884172
vt 0.788536668 0.331622928
vt 0.806797743 0.297988743
vt 0.798498631 0.28785339
vt 0.783035159 0.291871399
vt 0.803252935 0.271514386
vt 0.787810206 0.269322962
vt 0.615621984 0.488350213
vt 0.61261785 0.38028875
vt 0.616217315 0.376077294
vt 0.618940592 0.490194887
vt 0.509031773 0.30732879
vt 0.494130015 0.310064077
vt 0.493657738 0.300673515
vt 0.510656357 0.303809106
vt 0.568016171 0.3157565
vt 0.559810698 0.31587401
vt 0.0853871852 0.411348462
vt 0.071511209 0.423391938
vt 0.0572567582 0.414302945
vt 0.0734214559 0.401581675
vt 0.0981331095 0.40115732
vt 0.0642232895 0.393924117
vt 0.0468155853 0.406162649
vt 0.0837466344 0.381790638
vt 0.0904647931 0.390504718
vt 0.0935230553 0.378564298
vt 0.0974508822 0.387472004
vt 0.101194859 0.39860478
vt 0.102835804 0.385822475
vt 0.102952987 0.396928936
vt 0.507032335 0.455275327
vt 0.524819076 0.44961378
vt 0.526276052 0.452738374
vt 0.505517185 0.451968431
vt 0.493258446 0.461540252
vt 0.491011739 0.458726615
vt 0.485831529 0.463943243
vt 0.483098716 0.461547494
vt 0.474850267 0.464498609
vt 0.47796616 0.466433197
vt 0.799397349 0.236259401
vt 0.800467849 0.26896292
vt 0.793327808 0.266982079
vt 0.807655096 0.237261474
vt 0.813991666 0.24048835
vt 0.806703925 0.271870017
vt 0.588026822 0.374220252
vt 0.445805937 0.424574435
vt 0.452693939 0.45771125
vt 0.582948565 0.36292091
vt 0.581472635 0.359633386
vt 0.445779294 0.420445561
vt 0.550290823 0.443177611
vt 0.526276052 0.452738374
vt 0.524819076 0.44961378
vt 0.548490167 0.439487696
vt 0.905548334 0.0337411724
vt 0.864972591 0.0351347886
vt 0.865762472 0.019612249
vt 0.900969028 0.0198241435
vt 0.901669741 0.00575601775
vt 0.866300344 0.00550108869
vt 0.893883646 0.377266139
vt 0.90680021 0.424003452
vt 0.894362509 0.424126834
vt 0.906425416 0.377368301
vt 0.914897859 0.376516432
vt 0.915393531 0.424654156
vt 0.993282497 0.370336026
vt 0.995356262 0.428772539
vt 0.915393531 0.424654156
vt 0.914897859 0.376516432
vt 0.829871833 0.427268237
vt 0.881826341 0.425358981
vt 0.88092941 0.438566715
vt 0.825691283 0.442209274
vt 0.807697117 0.443737596
vt 0.881823242 0.376081198
vt 0.893883646 0.377266139
vt 0.894362509 0.424126834
vt 0.881826341 0.425358981
vt 0.26131615 0.475943536
vt 0.239801556 0.420170695
vt 0.257364124 0.413906336
vt 0.250915349 0.47617504
vt 0.228715107 0.425462037
vt 0.240150452 0.453476518
vt 0.249085978 0.479510278
vt 0.260436177 0.479531676
vt 0.237238035 0.454741091
vt 0.589090049 0.397105843
vt 0.508700669 0.449696571
vt 0.506181479 0.445845902
vt 0.586570978 0.393255085
vt 0.582879305 0.390331358
vt 0.505110383 0.441245764
vt 0.62550199 0.388120949
vt 0.630984426 0.389166951
vt 0.631708503 0.472385645
vt 0.626244307 0.473418534
vt 0.714590073 0.820961177
vt 0.689832211 0.803996027
vt 0.692313612 0.797738612
vt 0.718863845 0.810895979
vt 0.628362179 0.476644516
vt 0.631708503 0.472385645
vt 0.666858315 0.482034564
vt 0.663975716 0.487534404
vt 0.540220618 0.207107216
vt 0.545645714 0.199303329
vt 0.550058722 0.202374846
vt 0.539271832 0.182827324
vt 0.503096998 0.207383201
vt 0.514263391 0.219634965
vt 0.546205461 0.255012482
vt 0.562448442 0.233448282
vt 0.555898607 0.295346826
vt 0.541287959 0.294942409
vt 0.512003243 0.271362633
vt 0.559408605 0.484523296
vt 0.52386868 0.485149711
vt 0.524700105 0.481988102
vt 0.558274627 0.487899452
vt 0.596852601 0.487357348
vt 0.596205235 0.490649283
vt 0.616892815 0.491703987
vt 0.615621984 0.488350213
vt 0.588614285 0.40843147
vt 0.600343287 0.393147737
vt 0.596852601 0.487357348
vt 0.576129079 0.420523494
vt 0.909810722 0.0389518738
vt 0.9851951 0.0397096276
vt 0.985108316 0.0458467007
vt 0.910813272 0.0451054573
vt 0.83224684 0.045129776
vt 0.833954632 0.0389532447
vt 0.823465586 0.0342523418
vt 0.818387151 0.0342915021
vt 0.818270922 0.0191919766
vt 0.864972591 0.0351347886
vt 0.865762472 0.019612249
vt 0.866300344 0.00550108869
vt 0.823586702 0.00558995921
vt 0.818509698 0.00550138671
vt 0.564952016 0.336648196
vt 0.566017866 0.34086138
vt 0.426564008 0.376311451
vt 0.425947994 0.373876631
vt 0.435835987 0.362304389
vt 0.561732411 0.321581393
vt 0.996870935 0.165476561
vt 0.997048259 0.170594931
vt 0.983345509 0.170705989
vt 0.983130157 0.165154755
vt 0.996458113 0.151044071
vt 0.982468307 0.150690913
vt 0.909153819 0.165447116
vt 0.90903759 0.175850913
vt 0.819256961 0.0452493429
vt 0.833093345 0.101631761
vt 0.820053756 0.104784191
vt 0.83224684 0.045129776
vt 0.820048511 0.0390517712
vt 0.833954632 0.0389532447
vt 0.779930592 0.0884066671
vt 0.779670179 0.138013884
vt 0.777238429 0.139872372
vt 0.776683569 0.0869163871
vt 0.718066454 0.718696713
vt 0.768532157 0.731888533
vt 0.765551209 0.7370134
vt 0.712299109 0.720785797
vt 0.915849686 0.751793742
vt 0.94060719 0.734064281
vt 0.942497075 0.736154795
vt 0.916763961 0.754142582
vt 0.817255199 0.0890634209
vt 0.81663841 0.136477053
vt 0.779670179 0.138013884
vt 0.779930592 0.0884066671
vt 0.815191746 0.0527334474
vt 0.817255199 0.0890634209
vt 0.779930592 0.0884066671
vt 0.798602939 0.0619029552
vt 0.807758093 0.0494697057
vt 0.776683569 0.0869163871
vt 0.805891275 0.0447730757
vt 0.796101332 0.0599154904
vt 0.659476399 0.765910387
vt 0.702721059 0.78174144
vt 0.712902129 0.791878462
vt 0.7171942 0.799463928
vt 0.689812303 0.793687701
vt 0.984041154 0.0952148438
vt 0.985108316 0.0458467007
vt 0.99873966 0.0460891128
vt 0.997690499 0.0956864357
vt 0.910584271 0.0941206813
vt 0.910813272 0.0451054573
vt 0.985108316 0.0458467007
vt 0.984041154 0.0952148438
vt 0.910584271 0.0941206813
vt 0.984041154 0.0952148438
vt 0.982797563 0.120432496
vt 0.91022855 0.119583547
vt 0.66604358 0.0248592198
vt 0.66412431 0.0420663729
vt 0.647544742 0.037073411
vt 0.651793301 0.0199756324
vt 0.311562002 0.369192213
vt 0.325946659 0.346379548
vt 0.327554941 0.34956789
vt 0.308510244 0.355174333
vt 0.277626097 0.370752543
vt 0.2855452 0.39242813
vt 0.249525145 0.38656199
vt 0.254775047 0.409393162
vt 0.559879482 0.317548424
vt 0.561732411 0.321581393
vt 0.435835987 0.362304389
vt 0.435359985 0.357369393
vt 0.9851951 0.0397096276
vt 0.998846233 0.0399407148
vt 0.99873966 0.0460891128
vt 0.985108316 0.0458467007
vt 0.95860225 0.300125748
vt 0.909193695 0.322000593
vt 0.907109797 0.306026012
vt 0.980334699 0.316711634
vt 0.981221139 0.300964803
vt 0.989555299 0.352213949
vt 0.913292348 0.36124441
vt 0.710553527 0.373193294
vt 0.733202338 0.371541113
vt 0.750063896 0.325630516
vt 0.718704939 0.327561349
vt 0.689604878 0.374690145
vt 0.689641953 0.329452127
vt 0.668655515 0.373163909
vt 0.660587668 0.327501327
vt 0.62923646 0.325473458
vt 0.645997524 0.371477574
vt 0.621904016 0.36814025
vt 0.645997524 0.371477574
vt 0.62923646 0.325473458
vt 0.608065724 0.325710803
vt 0.621904016 0.36814025
vt 0.608065724 0.325710803
vt 0.590690136 0.331324607
vt 0.6123631 0.367298037
vt 0.580829859 0.287991434
vt 0.590690136 0.331324607
vt 0.608065724 0.325710803
vt 0.596409798 0.29237172
vt 0.602267683 0.14692162
vt 0.609465241 0.168618828
vt 0.634420455 0.167860299
vt 0.633757532 0.162071109
vt 0.633053958 0.156284034
vt 0.5949561 0.127094775
vt 0.597413599 0.106106035
vt 0.599350274 0.0832920894
vt 0.659551919 0.159017846
vt 0.634420455 0.167860299
vt 0.660142779 0.164000392
vt 0.633757532 0.162071109
vt 0.633053958 0.156284034
vt 0.656450808 0.153834566
vt 0.626864731 0.18583104
vt 0.636481583 0.185392678
vt 0.634420455 0.167860299
vt 0.609465241 0.168618828
vt 0.879363239 0.189818203
vt 0.8636958 0.229506791
vt 0.987852871 0.231845081
vt 0.975609481 0.191578388
vt 0.794315696 0.384907484
vt 0.791596293 0.389978468
vt 0.66556704 0.387220502
vt 0.662917018 0.381638646
vt 0.793742895 0.487782478
vt 0.663975716 0.487534404
vt 0.666858315 0.482034564
vt 0.791235805 0.482847989
vt 0.797185183 0.388508976
vt 0.79681325 0.48439151
vt 0.791235805 0.482847989
vt 0.791596293 0.389978468
vt 0.335279316 0.368953764
vt 0.348910153 0.36194247
vt 0.374221623 0.438567549
vt 0.362630367 0.442398071
vt 0.608616531 0.182476237
vt 0.630919278 0.188348114
vt 0.629409254 0.191886187
vt 0.604210913 0.189532235
vt 0.621538639 0.210511476
vt 0.587993205 0.208885923
vt 0.562448442 0.233448282
vt 0.563077033 0.197417408
vt 0.755380869 0.0592492782
vt 0.741143346 0.0835509822
vt 0.760426939 0.0704998523
vt 0.737379968 0.0838214979
vt 0.727305651 0.0705364496
vt 0.993282497 0.370336026
vt 0.914897859 0.376516432
vt 0.913292348 0.36124441
vt 0.989555299 0.352213949
vt 0.995356262 0.428772539
vt 0.992009223 0.447445661
vt 0.914047539 0.440146059
vt 0.915393531 0.424654156
vt 0.992009223 0.447445661
vt 0.910368025 0.47999087
vt 0.914047539 0.440146059
vt 0.98322314 0.484152824
vt 0.905233562 0.496648699
vt 0.960908115 0.501614928
vt 0.98440665 0.500305951
vt 0.344366074 0.452395171
vt 0.362630367 0.442398071
vt 0.367282182 0.444845915
vt 0.343536735 0.449331731
vt 0.335279316 0.368953764
vt 0.317920476 0.385252327
vt 0.293556392 0.401469946
vt 0.257364124 0.413906336
vt 0.26131615 0.475943536
vt 0.260436177 0.479531676
vt 0.621707797 0.0606990829
vt 0.612255573 0.0625066981
vt 0.599350274 0.0832920894
vt 0.633053958 0.156284034
vt 0.563077033 0.197417408
vt 0.608616531 0.182476237
vt 0.604210913 0.189532235
vt 0.557998657 0.166359127
vt 0.552775204 0.16815123
vt 0.551716745 0.163904414
vt 0.550529599 0.165914804
vt 0.544403732 0.165651292
vt 0.543458045 0.163669437
vt 0.54010433 0.168247834
vt 0.537669837 0.167716607
vt 0.534608603 0.17116569
vt 0.538974941 0.170465648
vt 0.539301395 0.172571644
vt 0.539271832 0.182827324
vt 0.542363822 0.183134481
vt 0.546693385 0.194695711
vt 0.545645714 0.199303329
vt 0.550058722 0.202374846
vt 0.540220618 0.207107216
vt 0.562448442 0.233448282
vt 0.734937847 0.688296199
vt 0.723097622 0.694878578
vt 0.716097772 0.687015653
vt 0.761683583 0.694518328
vt 0.761857271 0.684877396
vt 0.788493156 0.6927194
vt 0.812281728 0.695249856
vt 0.381328344 0.422825813
vt 0.391040891 0.442637563
vt 0.387689322 0.443676293
vt 0.392837405 0.435569018
vt 0.39371258 0.428710729
vt 0.392028213 0.415505469
vt 0.395431697 0.400357842
vt 0.373143584 0.395435572
vt 0.389693677 0.377704293
vt 0.384990185 0.36354214
vt 0.365682125 0.371391952
vt 0.361015022 0.372213274
vt 0.368267536 0.396018237
vt 0.718558431 0.262281179
vt 0.584560573 0.262304217
vt 0.583182693 0.257702857
vt 0.719117224 0.257679492
vt 0.717528999 0.243095234
vt 0.568016171 0.3157565
vt 0.56455934 0.30684638
vt 0.568109751 0.30401364
vt 0.583551228 0.339355499
vt 0.579573452 0.341145962
vt 0.566204131 0.318882346
vt 0.575119853 0.340690106
vt 0.559810698 0.31587401
vt 0.647092819 0.114561215
vt 0.718279183 0.101355016
vt 0.669629991 0.149304226
vt 0.637007594 0.13468346
vt 0.983676136 0.179228187
vt 0.983826101 0.185346246
vt 0.909483135 0.187339306
vt 0.994880497 0.181108475
vt 0.992440403 0.183764338
vt 0.997320592 0.178452611
vt 0.997048259 0.170594931
vt 0.983345509 0.170705989
vt 0.725063086 0.182948232
vt 0.721946836 0.14890337
vt 0.793335557 0.144895852
vt 0.802622199 0.179970026
vt 0.8636958 0.229506791
vt 0.85548228 0.267481089
vt 0.99903208 0.268925965
vt 0.987852871 0.231845081
vt 0.581472635 0.359633386
vt 0.579577923 0.355409801
vt 0.443830639 0.416209489
vt 0.445779294 0.420445561
vt 0.571175575 0.284679353
vt 0.546205461 0.255012482
vt 0.576186299 0.278834403
vt 0.567911625 0.28848663
vt 0.90903759 0.175850913
vt 0.834672034 0.179510355
vt 0.835177481 0.165739477
vt 0.909153819 0.165447116
vt 0.834552467 0.350543827
vt 0.825616539 0.344734371
vt 0.828344464 0.350381076
vt 0.869112194 0.346625
vt 0.859349191 0.351197064
vt 0.867993712 0.349794954
vt 0.86795342 0.354189724
vt 0.868626714 0.357794106
vt 0.861140728 0.351816893
vt 0.835105598 0.35074687
vt 0.82648778 0.355962455
vt 0.829645455 0.350544125
vt 0.57205838 0.774099648
vt 0.570701301 0.771634758
vt 0.576362491 0.77674675
vt 0.580647945 0.777601779
vt 0.569939315 0.762101769
vt 0.585055709 0.776992023
vt 0.593337893 0.762829602
vt 0.590938389 0.77402252
vt 0.593237877 0.771242976
vt 0.569580853 0.723904788
vt 0.593000352 0.722704828
vt 0.594358087 0.711678982
vt 0.57143122 0.710546613
vt 0.692970335 0.0563850254
vt 0.69256115 0.0577424765
vt 0.704689801 0.0591217056
vt 0.709668338 0.0569040291
vt 0.521801412 0.0242312513
vt 0.520633459 0.0225482471
vt 0.518057525 0.0242312513
vt 0.52374047 0.0225482471
vt 0.527575016 0.0225482471
vt 0.525545299 0.0242312513
vt 0.529288769 0.0242312513
vt 0.531409621 0.0225482471
vt 0.53524375 0.0225482471
vt 0.533031881 0.0242312513
vt 0.536774457 0.0242312513
vt 0.539077759 0.0225482471
vt 0.544886231 0.0225482471
vt 0.542622924 0.0242312513
vt 0.555186272 0.0242312513
vt 0.557091355 0.0225482471
vt 0.544886231 0.0225482471
vt 0.542622924 0.0242312513
vt 0.555186272 0.0242312513
vt 0.572308004 0.0242312513
vt 0.573770046 0.0225482471
vt 0.557091355 0.0225482471
vt 0.665457785 0.695014477
vt 0.661672175 0.699194074
vt 0.657243788 0.685559154
vt 0.670260966 0.685613275
vt 0.928611577 0.751424074
vt 0.930054545 0.751771688
vt 0.929242373 0.752840042
vt 0.930952847 0.750743508
vt 0.93052882 0.749178231
vt 0.928536236 0.749388576
vt 0.932103813 0.749480367
vt 0.93355459 0.748064399
vt 0.933978677 0.744227767
vt 0.933525085 0.746298373
vt 0.935360134 0.746501505
vt 0.937223613 0.745194197
vt 0.939207852 0.744268656
vt 0.937385738 0.742292941
vt 0.730681896 0.0843843967
vt 0.730814099 0.0869340897
vt 0.72864306 0.0854328796
vt 0.733701468 0.0866622999
vt 0.733200014 0.0837518573
vt 0.73270458 0.0884041265
vt 0.734460413 0.0902836472
vt 0.736552358 0.0868605673
vt 0.767235458 0.138882175
vt 0.772508681 0.13843815
vt 0.830634773 0.375022322
vt 0.820536554 0.360370964
vt 0.873718679 0.362991899
vt 0.881823242 0.376081198
vt 0.671031773 0.685911119
vt 0.692801237 0.685707271
vt 0.692189634 0.694749951
vt 0.670997143 0.694222927
vt 0.413464129 0.401339769
vt 0.415657967 0.382925838
vt 0.419358104 0.383344501
vt 0.410572499 0.403148174
vt 0.403082877 0.397403002
vt 0.406620413 0.375390619
vt 0.405692756 0.423741132
vt 0.404524595 0.37346971
vt 0.402456075 0.421340227
vt 0.400701523 0.395416707
vt 0.398574322 0.418170244
vt 0.930762351 0.808942914
vt 0.929074705 0.811409891
vt 0.917571425 0.798619747
vt 0.920325279 0.796663523
vt 0.939207852 0.744268656
vt 0.937385738 0.742292941
vt 0.972795606 0.727537274
vt 0.972281754 0.730486512
vt 0.704260468 0.0748408884
vt 0.703211665 0.0784946606
vt 0.655631006 0.0782642365
vt 0.653587997 0.0718166903
vt 0.642655253 0.10039746
vt 0.653587997 0.0718166903
vt 0.655631006 0.0782642365
vt 0.6477952 0.100207686
vt 0.856231153 0.330011517
vt 0.852155626 0.335369945
vt 0.855810165 0.336086392
vt 0.853046656 0.329220653
vt 0.850431502 0.334547102
vt 0.851436377 0.32835713
vt 0.835105598 0.35074687
vt 0.829645455 0.350544125
vt 0.82648778 0.355962455
vt 0.868626714 0.357794106
vt 0.861140728 0.351816893
vt 0.86795342 0.354189724
vt 0.866060853 0.328738242
vt 0.869648933 0.333750546
vt 0.868142188 0.327662945
vt 0.867346168 0.334804088
vt 0.86193794 0.329884261
vt 0.862566352 0.335926324
vt 0.859160364 0.336258233
vt 0.859063745 0.330182672
vt 0.856231153 0.330011517
vt 0.855810165 0.336086392
vt 0.569580853 0.723904788
vt 0.594358087 0.711678982
vt 0.57143122 0.710546613
vt 0.593000352 0.722704828
vt 0.593337893 0.762829602
vt 0.569939315 0.762101769
vt 0.585055709 0.776992023
vt 0.590938389 0.77402252
vt 0.593237877 0.771242976
vt 0.580647945 0.777601779
vt 0.570701301 0.771634758
vt 0.576362491 0.77674675
vt 0.57205838 0.774099648
vt 0.856231153 0.330011517
vt 0.855810165 0.336086392
vt 0.852155626 0.335369945
vt 0.853046656 0.329220653
vt 0.850431502 0.334547102
vt 0.851436377 0.32835713
vt 0.867993712 0.349794954
vt 0.859349191 0.351197064
vt 0.869112194 0.346625
vt 0.834552467 0.350543827
vt 0.825616539 0.344734371
vt 0.828344464 0.350381076
vt 0.866060853 0.328738242
vt 0.868142188 0.327662945
vt 0.869648933 0.333750546
vt 0.867346168 0.334804088
vt 0.86193794 0.329884261
vt 0.862566352 0.335926324
vt 0.859160364 0.336258233
vt 0.859063745 0.330182672
vt 0.856231153 0.330011517
vt 0.855810165 0.336086392
vt 0.867143691 0.340804249
vt 0.852240264 0.340505034
vt 0.851278841 0.337284029
vt 0.869079113 0.337689936
vt 0.819848359 0.178679883
vt 0.834672034 0.179510355
vt 0.833768785 0.185034811
vt 0.826664865 0.185931683
vt 0.401667088 0.749821246
vt 0.406830043 0.758045733
vt 0.364286035 0.758045733
vt 0.364565223 0.753494382
vt 0.680640519 0.0438444056
vt 0.681107402 0.0505816378
vt 0.652160883 0.0489931069
vt 0.646527588 0.0438444056
vt 0.641097248 0.0482928343
vt 0.649146736 0.0554833375
vt 0.649152756 0.0574909635
vt 0.625975072 0.0533577763
vt 0.635608077 0.0586351268
vt 0.649089932 0.0604486875
vt 0.640142024 0.0669077039
vt 0.65128237 0.0696505159
vt 0.0575465001 0.43800962
vt 0.0424036607 0.429229438
vt 0.0572567582 0.414302945
vt 0.071511209 0.423391938
vt 0.767310798 0.697185934
vt 0.746578515 0.698364675
vt 0.746933699 0.706708848
vt 0.767268538 0.707333088
vt 0.53473258 0.0497652404
vt 0.561148882 0.0459990613
vt 0.540331483 0.0461252443
vt 0.56117487 0.0502755754
vt 0.581966639 0.0458728187
vt 0.587609291 0.0494444482
vt 0.989555299 0.352213949
vt 0.985964 0.319358557
vt 0.994668305 0.357274324
vt 0.980334699 0.316711634
vt 0.981221139 0.300964803
vt 0.987021506 0.313083798
vt 0.993282497 0.370336026
vt 0.997425973 0.376406759
vt 0.999058902 0.422423273
vt 0.995356262 0.428772539
vt 0.970114589 0.0101198144
vt 0.958041906 0.0127286827
vt 0.969879389 0.0130270794
vt 0.958379865 0.0100345891
vt 0.931632757 0.0118805841
vt 0.932610512 0.00863602012
vt 0.71415329 0.0445663109
vt 0.681107402 0.0505816378
vt 0.680640519 0.0438444056
vt 0.713803411 0.0515194349
vt 0.765677035 0.0551654883
vt 0.77562356 0.0491292737
vt 0.648248434 0.022054743
vt 0.648248315 0.00655282661
vt 0.637959361 0.00983042642
vt 0.63460052 0.0245226137
vt 0.635056138 0.0308082812
vt 0.629415512 0.0285524242
vt 0.596688867 0.0355422609
vt 0.589637637 0.0315277688
vt 0.581966639 0.0458728187
vt 0.587609291 0.0494444482
vt 0.693538845 0.694010139
vt 0.693745315 0.685701072
vt 0.714944422 0.685789287
vt 0.71529299 0.694846153
vt 0.525958776 0.0363202803
vt 0.533300519 0.0322734229
vt 0.49224782 0.0286335461
vt 0.486388564 0.0308841579
vt 0.472883105 0.021656286
vt 0.486947775 0.0243970267
vt 0.483683228 0.00917155668
vt 0.473100066 0.00564194843
vt 0.496125817 0.00683898851
vt 0.496138692 0.00436128303
vt 0.637959361 0.00983042642
vt 0.648248315 0.00655282661
vt 0.992009223 0.447445661
vt 0.997171462 0.442137748
vt 0.988958061 0.481327146
vt 0.98322314 0.484152824
vt 0.990157068 0.48775807
vt 0.98440665 0.500305951
vt 0.785567164 0.074184373
vt 0.774210691 0.075820975
vt 0.776557028 0.0718754157
vt 0.785719216 0.0710218698
vt 0.777733624 0.0619326122
vt 0.786508262 0.0543979667
vt 0.775388658 0.0551713891
vt 0.78196013 0.0506345294
vt 0.77562356 0.0491292737
vt 0.765677035 0.0551654883
vt 0.992999196 0.00991670415
vt 0.984238386 0.00903222337
vt 0.982325196 0.0128579475
vt 0.986655354 0.0153656825
vt 0.970114589 0.0101198144
vt 0.969879389 0.0130270794
vt 0.974339604 0.0129602179
vt 0.974552751 0.00979391858
vt 0.984238386 0.00903222337
vt 0.982325196 0.0128579475
vt 0.958878934 0.00432875566
vt 0.959685385 0.00762068294
vt 0.97192055 0.00730857812
vt 0.971734226 0.00552886911
vt 0.921328008 0.00384555571
vt 0.921411574 0.00676343404
vt 0.92671603 0.00706853904
vt 0.926508486 0.00435181148
vt 0.959685385 0.00762068294
vt 0.958878934 0.00432875566
vt 0.919701338 0.00916336104
vt 0.919422507 0.0109332129
vt 0.931632757 0.0118805841
vt 0.932610512 0.00863602012
vt 0.907278359 0.00201714598
vt 0.908987403 0.00594213791
vt 0.921411574 0.00676343404
vt 0.921328008 0.00384555571
vt 0.609162748 0.0214120802
vt 0.61647296 0.0224530976
vt 0.616359532 0.0140910652
vt 0.608931303 0.0141620208
vt 0.911387444 0.00785390288
vt 0.911108732 0.0096237734
vt 0.919422507 0.0109332129
vt 0.919701338 0.00916336104
vt 0.988448441 0.00378158875
vt 0.971734226 0.00552886911
vt 0.97192055 0.00730857812
vt 0.988634348 0.0055605527
vt 0.502545774 0.0204130225
vt 0.561963081 0.0215429347
vt 0.562060654 0.0141364485
vt 0.508694828 0.0134182069
vt 0.561963081 0.0215429347
vt 0.609162748 0.0214120802
vt 0.608931303 0.0141620208
vt 0.562060654 0.0141364485
vt 0.867143691 0.340804249
vt 0.869079113 0.337689936
vt 0.851278841 0.337284029
vt 0.852240264 0.340505034
vt 0.727685392 0.90716064
vt 0.715137839 0.9114573
vt 0.719670594 0.920696437
vt 0.731615603 0.915700614
vt 0.741465807 0.911772966
vt 0.738246739 0.903736115
vt 0.744440377 0.901917934
vt 0.747270644 0.90933609
vt 0.25294593 0.900180817
vt 0.253000557 0.906060874
vt 0.25887996 0.905964673
vt 0.259039998 0.899492562
vt 0.263507813 0.906217098
vt 0.264698893 0.90001452
vt 0.40640536 0.94117099
vt 0.404444873 0.945230544
vt 0.417438924 0.946656644
vt 0.418953329 0.944275916
vt 0.426568687 0.94527483
vt 0.425122082 0.947726429
vt 0.431775808 0.948873758
vt 0.433114141 0.945967257
vt 0.43921563 0.946635783
vt 0.437887669 0.949835122
vt 0.445087284 0.951252282
vt 0.4462488 0.947435319
vt 0.457160711 0.949464381
vt 0.455856621 0.955063343
vt 0.462012202 0.956739128
vt 0.463773459 0.949189425
vt 0.479223698 0.948932528
vt 0.469316155 0.948794723
vt 0.469348252 0.957815647
vt 0.477782428 0.957134306
vt 0.489364386 0.949339449
vt 0.487881124 0.956822932
vt 0.513075948 0.955282688
vt 0.513066649 0.948358476
vt 0.536792636 0.949177504
vt 0.53830266 0.95675087
vt 0.548476458 0.957323551
vt 0.547001123 0.94869709
vt 0.557146549 0.957902253
vt 0.556969643 0.948009133
vt 0.463773459 0.949189425
vt 0.462012202 0.956739128
vt 0.469348252 0.957815647
vt 0.469316155 0.948794723
vt 0.54843539 0.969164073
vt 0.556816101 0.970470488
vt 0.557146549 0.957902253
vt 0.548476458 0.957323551
vt 0.538730145 0.968703449
vt 0.53830266 0.95675087
vt 0.513075948 0.955282688
vt 0.513104856 0.9669348
vt 0.487523258 0.968838453
vt 0.487881124 0.956822932
vt 0.477782428 0.957134306
vt 0.478011578 0.969509184
vt 0.56265682 0.970121562
vt 0.564227223 0.956305921
vt 0.557146549 0.957902253
vt 0.556816101 0.970470488
vt 0.803571284 0.933871031
vt 0.811793804 0.926698089
vt 0.787825108 0.899454713
vt 0.782644451 0.902337432
vt 0.779131889 0.906242967
vt 0.770582795 0.894858658
vt 0.764782906 0.895692408
vt 0.766276538 0.902043879
vt 0.771088839 0.901574552
vt 0.77694416 0.895209074
vt 0.777248025 0.901308239
vt 0.562715113 0.949029207
vt 0.556969643 0.948009133
vt 0.557146549 0.957902253
vt 0.564227223 0.956305921
vt 0.620476007 0.940130234
vt 0.609357238 0.945843577
vt 0.622534871 0.944306612
vt 0.607792437 0.943448603
vt 0.600080192 0.944606483
vt 0.60157311 0.947014928
vt 0.594861865 0.948260486
vt 0.593442798 0.945346355
vt 0.587279618 0.946099937
vt 0.588664174 0.949318767
vt 0.581407726 0.950839698
vt 0.58018446 0.947000504
vt 0.569270432 0.949097574
vt 0.570595086 0.954598188
vt 0.564227223 0.956305921
vt 0.562715113 0.949029207
vt 0.232599735 0.937627137
vt 0.251576275 0.910881937
vt 0.248105019 0.907764614
vt 0.224650085 0.932067811
vt 0.243249118 0.905708253
vt 0.463776648 0.970407963
vt 0.469348252 0.957815647
vt 0.462012202 0.956739128
vt 0.469616443 0.971094787
vt 0.478011578 0.969509184
vt 0.477782428 0.957134306
vt 0.457747221 0.970372081
vt 0.445087284 0.951252282
vt 0.446007311 0.967923045
vt 0.455856621 0.955063343
vt 0.462012202 0.956739128
vt 0.463776648 0.970407963
vt 0.284630001 0.905448198
vt 0.282065123 0.912699461
vt 0.287727714 0.914939761
vt 0.290692389 0.907083571
vt 0.30103901 0.910199285
vt 0.29734391 0.918590903
vt 0.309031069 0.923294008
vt 0.313324988 0.914223254
vt 0.272455484 0.922087193
vt 0.277890146 0.924911261
vt 0.287727714 0.914939761
vt 0.282065123 0.912699461
vt 0.256206125 0.913351536
vt 0.267275482 0.907354474
vt 0.263507813 0.906217098
vt 0.25887996 0.905964673
vt 0.269004077 0.901061535
vt 0.282065123 0.912699461
vt 0.284630001 0.905448198
vt 0.267275482 0.907354474
vt 0.263507813 0.906217098
vt 0.264698893 0.90001452
vt 0.760413051 0.89703238
vt 0.744440377 0.901917934
vt 0.747270644 0.90933609
vt 0.762363195 0.903251588
vt 0.766276538 0.902043879
vt 0.764782906 0.895692408
vt 0.568735361 0.969961286
vt 0.564227223 0.956305921
vt 0.56265682 0.970121562
vt 0.570595086 0.954598188
vt 0.581407726 0.950839698
vt 0.580629945 0.967711151
vt 0.882790208 0.91008091
vt 0.866848052 0.938164592
vt 0.879266322 0.938282788
vt 0.867153406 0.912183583
vt 0.884104908 0.889369965
vt 0.87059629 0.890509725
vt 0.734580517 0.733768404
vt 0.754259408 0.752559185
vt 0.761420012 0.743295729
vt 0.730995417 0.741605401
vt 0.705705106 0.730214953
vt 0.707930505 0.723965764
vt 0.678342521 0.721791625
vt 0.679892302 0.716037452
vt 0.890624046 0.844283044
vt 0.878382921 0.871370256
vt 0.889469683 0.874814451
vt 0.882322371 0.843194842
vt 0.884375095 0.814892709
vt 0.891954124 0.815309227
vt 0.883799493 0.785687447
vt 0.890902936 0.786050856
vt 0.905318499 0.815158248
vt 0.907292664 0.84415108
vt 0.87059629 0.890509725
vt 0.884104908 0.889369965
vt 0.889469683 0.874814451
vt 0.878382921 0.871370256
vt 0.876696467 0.957547963
vt 0.879266322 0.938282788
vt 0.866848052 0.938164592
vt 0.866780818 0.959493458
vt 0.875756323 0.972955287
vt 0.867981374 0.974063575
vt 0.874012649 0.986239731
vt 0.869984388 0.986992419
vt 0.874454618 0.996357024
vt 0.874874711 0.999524951
vt 0.884640217 0.760093749
vt 0.883799493 0.785687447
vt 0.890902936 0.786050856
vt 0.891009986 0.760306299
vt 0.905011415 0.760037363
vt 0.905720174 0.785837471
vt 0.904310465 0.737801433
vt 0.891201377 0.738115489
vt 0.885759532 0.738497317
vt 0.892335653 0.720275819
vt 0.885643303 0.719771624
vt 0.902769148 0.719976962
vt 0.909768164 0.738057435
vt 0.90944171 0.719322503
vt 0.602480054 0.735210598
vt 0.61798501 0.721071064
vt 0.615971386 0.717650056
vt 0.604991496 0.737983644
vt 0.600723863 0.745391011
vt 0.598147273 0.74253118
vt 0.605616152 0.754935384
vt 0.609588623 0.742727578
vt 0.608099401 0.762974143
vt 0.620997548 0.727247477
vt 0.633808315 0.714020371
vt 0.633105457 0.720977187
vt 0.610774398 0.760070324
vt 0.622623801 0.782113791
vt 0.617137969 0.756257117
vt 0.620463133 0.743132293
vt 0.621576309 0.754638493
vt 0.624942482 0.779069126
vt 0.636136115 0.801561356
vt 0.628350317 0.774670064
vt 0.639554799 0.797818303
vt 0.645917177 0.790487885
vt 0.20661822 0.808871627
vt 0.217126727 0.807712853
vt 0.219492882 0.796146035
vt 0.205509573 0.79581809
vt 0.197399214 0.786065102
vt 0.621576309 0.754638493
vt 0.617137969 0.756257117
vt 0.628350317 0.774670064
vt 0.632698774 0.769695342
vt 0.645917177 0.790487885
vt 0.65031141 0.786572635
vt 0.661421299 0.809348226
vt 0.670243084 0.81670028
vt 0.672861516 0.80919981
vt 0.665720999 0.802027404
vt 0.65031141 0.786572635
vt 0.645917177 0.790487885
vt 0.781241715 0.83991909
vt 0.790297389 0.847525537
vt 0.796016097 0.843648791
vt 0.78649205 0.833083451
vt 0.768047392 0.838456333
vt 0.771969378 0.829969645
vt 0.750575185 0.837214947
vt 0.752009571 0.829580545
vt 0.795141757 0.726045668
vt 0.779593289 0.739816308
vt 0.797269821 0.735607386
vt 0.777395844 0.730444312
vt 0.787826836 0.70184356
vt 0.772642314 0.705516934
vt 0.282377273 0.990666211
vt 0.285000086 0.991937637
vt 0.286779463 0.988522112
vt 0.28349188 0.984297752
vt 0.28635636 0.999129236
vt 0.290958583 0.999284804
vt 0.291269034 0.988695443
vt 0.295508862 0.991128027
vt 0.294826865 0.984693766
vt 0.292806 0.992217541
vt 0.241621763 0.980964959
vt 0.237824351 0.978653908
vt 0.234467059 0.978534698
vt 0.230515331 0.980570555
vt 0.380498797 0.808400452
vt 0.367832392 0.800852239
vt 0.371715099 0.812765658
vt 0.377631128 0.799205363
vt 0.387646347 0.806229293
vt 0.376775861 0.795862317
vt 0.368451744 0.794749498
vt 0.381608576 0.793679297
vt 0.370166451 0.791160822
vt 0.384666085 0.796936095
vt 0.396934539 0.803558826
vt 0.390701354 0.78906846
vt 0.393816262 0.793879747
vt 0.484554768 0.742461741
vt 0.488394707 0.74631989
vt 0.502226889 0.741200984
vt 0.502094328 0.731280148
vt 0.507299721 0.745665908
vt 0.436962575 0.773747861
vt 0.441108376 0.777157605
vt 0.471175671 0.757483959
vt 0.466982573 0.753754854
vt 0.460659921 0.748453617
vt 0.43647778 0.765031278
vt 0.307290554 0.993157983
vt 0.304239064 0.990154147
vt 0.304092765 0.992871046
vt 0.308552474 0.989873171
vt 0.320244342 0.995178103
vt 0.321315557 0.992048621
vt 0.421089172 0.783681929
vt 0.436962575 0.773747861
vt 0.43647778 0.765031278
vt 0.415566236 0.775744259
vt 0.400567681 0.790978551
vt 0.396569252 0.786587775
vt 0.407621056 0.767464936
vt 0.429521829 0.756556332
vt 0.38707158 0.781072319
vt 0.378812909 0.784042418
vt 0.390701354 0.78906846
vt 0.370166451 0.791160822
vt 0.381608576 0.793679297
vt 0.396569252 0.786587775
vt 0.390701354 0.78906846
vt 0.393816262 0.793879747
vt 0.400567681 0.790978551
vt 0.404113084 0.802140594
vt 0.396934539 0.803558826
vt 0.425061643 0.796572864
vt 0.421089172 0.783681929
vt 0.437541306 0.785838008
vt 0.436962575 0.773747802
vt 0.361959338 0.830658376
vt 0.360138088 0.824426174
vt 0.334400147 0.833404779
vt 0.335918605 0.83852452
vt 0.366328567 0.829657078
vt 0.336184442 0.839981377
vt 0.274240524 0.993837893
vt 0.270384848 0.985979676
vt 0.267849684 0.991303742
vt 0.274512976 0.986412227
vt 0.280825943 0.991775811
vt 0.278640509 0.98627001
vt 0.335918605 0.83852452
vt 0.334400147 0.833404779
vt 0.314675689 0.839688241
vt 0.315322101 0.844352245
vt 0.336184442 0.839981377
vt 0.302940667 0.845137417
vt 0.315840632 0.846263409
vt 0.303982288 0.84801507
vt 0.303382993 0.848320127
vt 0.466982573 0.753754854
vt 0.471175671 0.757483959
vt 0.488394707 0.74631989
vt 0.484554768 0.742461741
vt 0.460659921 0.748453617
vt 0.478509039 0.736062169
vt 0.502094328 0.731280148
vt 0.497546315 0.725084662
vt 0.474278688 0.73146534
vt 0.490309089 0.719992042
vt 0.453356773 0.742487371
vt 0.429521829 0.756556332
vt 0.43647778 0.765031278
vt 0.336184442 0.839981377
vt 0.36731112 0.830475509
vt 0.366328567 0.829657078
vt 0.336241156 0.840457499
vt 0.315840632 0.846263409
vt 0.316105455 0.846989334
vt 0.303382993 0.848320127
vt 0.302820504 0.848726153
vt 0.316459477 0.847973704
vt 0.301599085 0.850553274
vt 0.336241156 0.840457499
vt 0.369753718 0.831333458
vt 0.36731112 0.830475509
vt 0.336417228 0.841613293
vt 0.316105455 0.846989334
vt 0.316459477 0.847973704
vt 0.274180412 0.996674418
vt 0.267849684 0.991303742
vt 0.268336266 0.993453503
vt 0.274240524 0.993837893
vt 0.280160248 0.993869722
vt 0.280825943 0.991775811
vt 0.539185643 0.787994504
vt 0.529476583 0.788011312
vt 0.525227189 0.794916987
vt 0.543459058 0.794885397
vt 0.237493649 0.994939685
vt 0.247437105 0.982727647
vt 0.237756655 0.98740238
vt 0.249551415 0.990928292
vt 0.260103047 0.979533315
vt 0.261841267 0.986652076
vt 0.263981372 0.979362607
vt 0.266268283 0.986112356
vt 0.237337083 0.999332547
vt 0.251072019 0.99366641
vt 0.249551415 0.990928292
vt 0.237493649 0.994939685
vt 0.366941512 0.802084446
vt 0.366324157 0.780206442
vt 0.362718612 0.781763792
vt 0.36332351 0.80285424
vt 0.362471551 0.811266661
vt 0.366190523 0.810459018
vt 0.352975965 0.816128075
vt 0.355202198 0.806588113
vt 0.346233487 0.821094871
vt 0.356682807 0.78495568
vt 0.354244709 0.766817391
vt 0.350707382 0.772795022
vt 0.351230174 0.799590826
vt 0.345795542 0.81726867
vt 0.323404461 0.828188956
vt 0.342946589 0.810585439
vt 0.323305756 0.824373901
vt 0.301073253 0.836021662
vt 0.323123902 0.818826675
vt 0.30050078 0.830985725
vt 0.299651653 0.821320832
vt 0.366324157 0.780206442
vt 0.357311815 0.76407057
vt 0.354244709 0.766817391
vt 0.362718612 0.781763792
vt 0.350707382 0.772795022
vt 0.337762684 0.75584352
vt 0.337561876 0.76580143
vt 0.313855439 0.746727169
vt 0.312845379 0.760267496
vt 0.33788532 0.777897775
vt 0.345886409 0.781498969
vt 0.356682807 0.78495568
vt 0.34878841 0.788687348
vt 0.911518097 0.759668589
vt 0.909768164 0.738057435
vt 0.904310465 0.737801433
vt 0.905011415 0.760037363
vt 0.905720174 0.785837471
vt 0.912694693 0.785316288
vt 0.357311815 0.76407057
vt 0.337762684 0.75584352
vt 0.354244709 0.766817391
vt 0.339643925 0.751579106
vt 0.316055298 0.741041422
vt 0.313855439 0.746727169
vt 0.300976396 0.998411059
vt 0.301600933 0.99000895
vt 0.297586411 0.989867806
vt 0.297619134 0.998292923
vt 0.308552474 0.989873171
vt 0.305147052 0.9834584
vt 0.304239064 0.990154147
vt 0.308772177 0.982897043
vt 0.321315557 0.992048621
vt 0.322094947 0.983365536
vt 0.334006667 0.993883014
vt 0.332393557 0.986266851
vt 0.313855439 0.746727169
vt 0.316055298 0.741041422
vt 0.288647503 0.731010497
vt 0.286758929 0.737380743
vt 0.261286318 0.723227382
vt 0.259569466 0.731686831
vt 0.23427549 0.726851642
vt 0.233932331 0.715130508
vt 0.28349188 0.984297752
vt 0.286779463 0.988522112
vt 0.291269034 0.988695443
vt 0.294826865 0.984693766
vt 0.800022304 0.815461159
vt 0.818289757 0.83411032
vt 0.813121855 0.812342346
vt 0.805217683 0.837222397
vt 0.807304144 0.847371578
vt 0.821008742 0.844158232
vt 0.810382128 0.854346097
vt 0.821401775 0.851716578
vt 0.386979997 0.810655653
vt 0.375671715 0.81731087
vt 0.379091769 0.819234908
vt 0.3817572 0.811651468
vt 0.371715099 0.812765658
vt 0.380498797 0.808400452
vt 0.387646347 0.806229293
vt 0.397084683 0.809277833
vt 0.396934539 0.803558826
vt 0.878187597 0.840415955
vt 0.860464692 0.867545128
vt 0.876064241 0.868394852
vt 0.861393034 0.839501202
vt 0.87994957 0.821432412
vt 0.861703515 0.820438445
vt 0.882009387 0.798728943
vt 0.862121999 0.797645569
vt 0.263678789 0.98973012
vt 0.266901225 0.988867521
vt 0.266268283 0.986112356
vt 0.261841267 0.986652076
vt 0.251072019 0.99366641
vt 0.249551415 0.990928292
vt 0.79885006 0.744467318
vt 0.782175422 0.748437822
vt 0.785313606 0.758482337
vt 0.800575495 0.75484848
vt 0.789046586 0.770729184
vt 0.80276221 0.767463505
vt 0.403305471 0.808004379
vt 0.404113084 0.802140594
vt 0.396934539 0.803558826
vt 0.397084683 0.809277833
vt 0.157598823 0.758596361
vt 0.174335465 0.779165447
vt 0.17650339 0.77355814
vt 0.160724491 0.773084879
vt 0.146787643 0.775998294
vt 0.145442799 0.767513156
vt 0.139145419 0.780186951
vt 0.134967491 0.775811255
vt 0.149119467 0.782507122
vt 0.125866577 0.786205411
vt 0.130916491 0.787650764
vt 0.797269821 0.735607386
vt 0.779593289 0.739816308
vt 0.782175422 0.748437822
vt 0.79885006 0.744467318
vt 0.233466372 0.844496012
vt 0.232694939 0.849292159
vt 0.252352208 0.847864509
vt 0.253979266 0.840553701
vt 0.238569677 0.823974013
vt 0.251040012 0.822674334
vt 0.275079399 0.842668235
vt 0.275651246 0.837299943
vt 0.30050078 0.830985725
vt 0.301073253 0.836021662
vt 0.183961943 0.752374947
vt 0.173205763 0.742724419
vt 0.157598823 0.758596361
vt 0.17650339 0.77355814
vt 0.206008241 0.769681871
vt 0.21497108 0.760070384
vt 0.195945948 0.734144092
vt 0.226513997 0.751948953
vt 0.213083014 0.723096907
vt 0.229432106 0.784368753
vt 0.245142967 0.777450442
vt 0.242586091 0.752413511
vt 0.219492882 0.796146035
vt 0.197399214 0.786065102
vt 0.191188142 0.791999936
vt 0.205509573 0.79581809
vt 0.174335465 0.779165447
vt 0.20661822 0.808871627
vt 0.187284067 0.797658443
vt 0.197182491 0.81133455
vt 0.204497471 0.82400465
vt 0.20953241 0.822015643
vt 0.214689687 0.83970499
vt 0.218888357 0.836419225
vt 0.22523056 0.819230974
vt 0.220191509 0.814094901
vt 0.160724491 0.773084879
vt 0.172436178 0.788352191
vt 0.160926566 0.781708717
vt 0.146787643 0.775998294
vt 0.149119467 0.782507122
vt 0.711822033 0.983766496
vt 0.691575646 0.990376115
vt 0.712258458 0.989070177
vt 0.690484822 0.985789716
vt 0.711544335 0.982317507
vt 0.69027549 0.983818233
vt 0.678627133 0.989561737
vt 0.678553641 0.986499786
vt 0.479731113 0.795876324
vt 0.50158304 0.789508641
vt 0.481184989 0.789994597
vt 0.500426173 0.79546231
vt 0.477607638 0.803290129
vt 0.499207824 0.803156078
vt 0.521261334 0.794174373
vt 0.521001041 0.801809907
vt 0.498323202 0.80961591
vt 0.517919123 0.810049355
vt 0.474957258 0.812312543
vt 0.447372079 0.814213216
vt 0.448332816 0.803304136
vt 0.711424112 0.981851518
vt 0.744339585 0.979849458
vt 0.746324241 0.978145182
vt 0.711167693 0.980703473
vt 0.690259635 0.983044565
vt 0.690233409 0.981997252
vt 0.69027549 0.983818233
vt 0.711424112 0.981851518
vt 0.690259635 0.983044565
vt 0.711544335 0.982317507
vt 0.744339585 0.979849458
vt 0.743714809 0.980980396
vt 0.677881777 0.98643297
vt 0.678553641 0.986499786
vt 0.690484822 0.985789716
vt 0.322528183 0.812289
vt 0.298394769 0.815575719
vt 0.299651653 0.821320832
vt 0.323123902 0.818826675
vt 0.34024182 0.806671381
vt 0.342946589 0.810585439
vt 0.298394769 0.815575719
vt 0.276844293 0.81902796
vt 0.276022524 0.827481866
vt 0.299651653 0.821320832
vt 0.233932331 0.715130508
vt 0.213083014 0.723096907
vt 0.23427549 0.726851642
vt 0.213093594 0.714397609
vt 0.193178162 0.724804401
vt 0.195945948 0.734144092
vt 0.183961943 0.752374947
vt 0.173205763 0.742724419
vt 0.254022896 0.82128185
vt 0.251040012 0.822674334
vt 0.253979266 0.840553701
vt 0.264555067 0.828250945
vt 0.259610295 0.818655491
vt 0.266792417 0.820622444
vt 0.275651246 0.837299943
vt 0.276022524 0.827481866
vt 0.299651653 0.821320832
vt 0.30050078 0.830985725
vt 0.797544301 0.82323575
vt 0.773511112 0.824186802
vt 0.78649205 0.833083451
vt 0.796016097 0.843648791
vt 0.802102864 0.837593973
vt 0.799714386 0.85153538
vt 0.790297389 0.847525537
vt 0.805654287 0.850457907
vt 0.801951587 0.862410963
vt 0.806877196 0.864223301
vt 0.653671741 0.715003073
vt 0.678342521 0.721791625
vt 0.679892302 0.716037452
vt 0.654703319 0.710314214
vt 0.632968307 0.709961593
vt 0.633808315 0.714020371
vt 0.615971386 0.717650056
vt 0.61798501 0.721071064
vt 0.633808315 0.714020371
vt 0.632968307 0.709961593
vt 0.633105457 0.720977187
vt 0.653671741 0.715003073
vt 0.647915483 0.723172903
vt 0.678342521 0.721791625
vt 0.671158731 0.733315468
vt 0.640263975 0.732966065
vt 0.631812871 0.730919838
vt 0.620997548 0.727247477
vt 0.625184834 0.734918177
vt 0.761420012 0.743295729
vt 0.754259408 0.752559185
vt 0.773580313 0.761971533
vt 0.77867955 0.75493902
vt 0.788656116 0.775037289
vt 0.780936062 0.780956507
vt 0.79426837 0.801243305
vt 0.905720174 0.785837471
vt 0.890902936 0.786050856
vt 0.891954124 0.815309227
vt 0.905318499 0.815158248
vt 0.912694693 0.785316288
vt 0.912896752 0.814576685
vt 0.907292664 0.84415108
vt 0.915552258 0.842860222
vt 0.920208871 0.87075913
vt 0.909313798 0.874550104
vt 0.889469683 0.874814451
vt 0.890624046 0.844283044
vt 0.448332816 0.803304136
vt 0.423130304 0.817522407
vt 0.447372079 0.814213216
vt 0.424989462 0.806085944
vt 0.425061643 0.796572864
vt 0.443968922 0.796475232
vt 0.404113084 0.802140594
vt 0.403305471 0.808004379
vt 0.398626626 0.817983091
vt 0.390178353 0.820124209
vt 0.397084683 0.809277833
vt 0.379091769 0.819234908
vt 0.386979997 0.810655653
vt 0.671577156 0.832860529
vt 0.693756342 0.828480899
vt 0.684440434 0.820120096
vt 0.685964882 0.847842932
vt 0.66860044 0.839726985
vt 0.683639824 0.852416396
vt 0.65326792 0.822190106
vt 0.65607518 0.817408979
vt 0.639554799 0.797818303
vt 0.636136115 0.801561356
vt 0.218888357 0.836419225
vt 0.214689687 0.83970499
vt 0.232694939 0.849292159
vt 0.233466372 0.844496012
vt 0.693756342 0.828480899
vt 0.685964882 0.847842932
vt 0.702343106 0.850087941
vt 0.707306981 0.832479
vt 0.80276221 0.767463505
vt 0.789046586 0.770729184
vt 0.794641316 0.790504158
vt 0.80667913 0.787638068
vt 0.813121855 0.812342346
vt 0.800022304 0.815461159
vt 0.881012678 0.736199081
vt 0.86991626 0.735586524
vt 0.867758453 0.743386865
vt 0.882211268 0.744106054
vt 0.882211268 0.744106054
vt 0.867758453 0.743386865
vt 0.866938591 0.750861287
vt 0.882302821 0.751698017
vt 0.34878841 0.788687348
vt 0.351230174 0.799590826
vt 0.356682807 0.78495568
vt 0.347197086 0.79771769
vt 0.342946589 0.810585439
vt 0.34024182 0.806671381
vt 0.560893416 0.801910877
vt 0.551537752 0.803224206
vt 0.556783199 0.808533311
vt 0.559224963 0.795111418
vt 0.545434952 0.79719913
vt 0.556923926 0.781071484
vt 0.514561296 0.773159325
vt 0.509153366 0.768931687
vt 0.509413004 0.776718915
vt 0.514044523 0.777947009
vt 0.523155332 0.781154811
vt 0.522654235 0.783629596
vt 0.527129531 0.784113169
vt 0.529476583 0.788011312
vt 0.334991783 0.998227954
vt 0.334006667 0.993883014
vt 0.321315557 0.992048621
v€ù6Û∆ÚµÎ(ö+my”Scìr„3#ì33ì0ßf‚„cCscìsScÇ”„#cÉccsì„s33É3ßf‚„C#ÉììS3B”„C#Sìcìí„É#3c##S@ßf‚”„S#ccsSB”„cSìÉ#SSb„S3cCsÉ##ßf‚„sÉCcì„cÉ#ÉSÉ3R”„3SSsì3SÄßf‚„És#sÉ33b„CsS33CÉÉ2„ìCsSc@ßf‚„Éì#sìcSí„3ÉÉcSìÉR„##ss#SÉêßf‚„SÉS3C#ÉÉB„sSsÉìsÇ„#ÉÉS3ÉPßf‚„s3sÉÉsSb„ìÉCs33cC„ìÉSSÉSêßf‚„3#ì#cb„cCcÉÉ#Ér„sSììsÉC@ßf‚„Éì#sìcSí„3ÉÉcSìÉR„##ss#SÉêßf‚„Cììc##ì„Sscccì33R„cCc3ìss0ßf‚„#s33ÉSí„S3SS#s„ÉC3s#s ßf‚„sCìÉcÉ"„cS3ÉsÉìB„#CSPßf‚„ÉCs###C"„C#ss#í”„3#3ÉsS0ßf‚„ì#3C3#Ç„sÉCscÉCc"”„SÉì#sìPßf‚„SÉS3C#ÉÉB„sSsÉìsÇ„#ÉÉS3ÉPßf‚„Éì#sìcSí„3ÉÉcSìÉR„##ss#SÉêßf‚„3#ì#cb„cCcÉÉ#Ér„sSììsÉC@ßf‚„Ssì#CC„ììcsSÇ„3Sìcìcì#Pßf‚„sÉ3cÉS”„c###Éc2”„s33c ßf‚„ssCsssCÇ”„SÉCscÉCB”„3ìcÉÉì3Éêßf‚„csìÉìr”„#ìs#3c"”„s3sS#ßf‚„cSC#SÉ2„3Cì33É2”„cssScSsÄßf‚„3sì#É#r”„cìS3sìsÇ”„cSCPßf‚”„3É#cìscÇ”„cÉìC##É2”„cSc#3S`ßf‚”„S3ìì#r”„ÉSscs”„C3Sì#ÉÉÉêßf‚„SSccsÉb”„Éc#Cc#cìí”„#SCÉìßf‚„ÉCs###C"„C#ss#í”„3#3ÉsS0ßf‚„ìs#cc#3"„#ìCÉCc„sSÉcCcì ßf‚„sCìÉcÉ"„cS3ÉsÉìB„#CSPßf‚„ÉsC#R„3SÉ#SsìR”„CcÉsÉs3s ßf‚”„#CSc##r„ÉÉcCìc2”„Cs#cCìSÄßf‚”„ìC#ìsCr„ÉìsCSÉsb”„C#s3#ÉÄßf‚”„SÉÉC#cìÇ„scCÉ#s2”„c#S#Ss3s0ßf‚”„#SssìÉb„cì3cCÉC”„sìììcsPßf‚„3É3S"”„ÉcccScÉìí”„CÉÉSÉ3@ßf‚„ìÉììCCc2„s#ÉscScr„ÉÉCÉ#`ßf‚„sÉìÉScs3"”„SìSìÉsCí”„ccsC ßf‚„ìccSCSSí„#cìsCÉr„C##3C ßf‚„s3cs3CÉcr”„S#Ésìì2”„C##3##pßf‚„c3ìCsSÉ#"”„3#É#sSc3b”„scÉ3pßf‚”„s####CÉ3"„c3SÉcc##R”„#s#Cìc# ßf‚”„ìSssCsc”„#Écs#2„#É33cÉßf‚”„ÉS3SCB„CÉìSÉsÉC2„ÉÉÉc3êßf‚”„É#sÉ#3S„Cì##scí„#ÉsCc30ßf‚”„ìcccsÉ#c"”„ìCcS3CÉ”„cc#c#3Pßf‚”„sss3ÉÉÉB„C3ÉÉÉ2„CS3ìScßf‚”„É#3Sb”„SSsì#3É2„CSììSìPßf‚”„sÉìÉScc2”„SìSìÉc2”„ccsìßf‚”„É3SCcr”„C#SsCì"„3SCìc3ì@ßf‚”„É3ì33CìB”„#É#É3ìB„CcCssìCßf‚”„ììììÉ#ìS2„C#CCCS3sB”„CìÉÉÉÄßf‚”„ÉC#B”„#cSSr„S#sSÉÉ3cpßf‚”„É#sÉ#3S„Cì##scí„#ÉsCc30ßf‚”„É3c3cc"„cÉs##3cB„SCC## ßf‚”„sss3ÉÉÉB„C3ÉÉÉ2„CS3ìScßf‚”„s3Sc#3É3r”„S#ìcs#sC"”„C###cìpßf‚”„ÉS3SCB„CÉìSÉsÉC2„ÉÉÉc3êßf‚”„s####CÉ3"„c3SÉcc##R”„#s#Cìc# ßf‚”„csìS3C2”„S#3Ér”„s3ÉÉ3Cêßf‚”””„#ìCÉCdR”pßf‚”””Ç„c#S33ìîR”pßf‚””„3sÉ#sTR”`ßf‚””R„CcSsìì4R”pßf‚”„#cì3ìsR”„cÉs2„ìSccCì ßf‚”„Ss#ccìÇ”„SCSCS3S"„ìsS3ìcc30ßf‚”„33ssÉCcr”„CÉs#ÉscB„ÉssSÉÉcÄßf‚”„#sS#í”„CCCsÉr„ìSCSCscpßf‚”„#ììììSR”„#s3É#É2„ìCìsC#êßf‚”„#É3ÉÉSì”„ÉSÉ#Ér„ìSScCs@ßf‚”„33CS32”„#C#S#cB„ìCSsCCßf‚”„3s3ìC3ÉR”„#cìC3É2„ìC3É##0ßf‚”„3#3ìsÉs”„3#ÉCc2„ì3cìcSsÄßf‚”„3c#3#R”„3##cìr„ì3ìsÄßf‚”„S3CS3C3r”„3ccÉSccÇ„sc3s3sSÄßf‚„3cs#sS3Ér”„C3ìs3C„É#C#CC ßf‚„ÉScSÉB”„CÉ#SSB„3CSSìS ßf‚„SSsc3sí”„ccScs3s32„CìSì#ÉÉ#@ßf‚„ss3c#C#"”„Sìccs#í„##ì3ÉcSÄßf‚„3ÉÉCssss"”„sìcsS#c3"„Cc#Éì33pßf‚„ÉScSÉB”„CÉ#SSB„3CSSìS ßf‚„SSsc3sí”„ccScs3s32„CìSì#ÉÉ#@ßf‚„ss3c#C#"”„Sìccs#í„##ì3ÉcSÄßf‚„SÉsS3#Ç”„sc#ìCÉ33B„#É3ìcC3ì`ßf‚„c3#SSsb”„ÉC#CìC3í„S33s##0ßf‚„3ÉÉCssss"”„sìcsS#c3"„Cc#Éì33pßf‚”„ÉÉÉcììC"„CCs3ì3ìb”„É#ìc@ßf‚”„cCìsS#„sÉCSìccÉ"”„#3cSSÉ0ßf‚”„Écì#3cí„CììscsCR”„CÉcc#c0ßf‚”„ìSsSsÉC#„ìsì#ì”„#ÉsCì#CS@ßf‚„CcScCÉ2„SÉ33SÇ”„cììÉ#33Äßf‚„Cìc3#3sìB„C3ÉcSìC2”„sCìSììì ßf‚„3SsssSìÉb„csSÉ3#SÇ”„cCCCcSßf‚„Cìsì##CR„3SÉS#S#"”„sìC3SSc0ßf‚„3SCcÉ3í„#cCÉ#ìÉB”„Éìì3S#3 ßf‚„Ésìc#sí„##CÉss2”„C#ScCÉ@ßf‚„CÉ#cÉ#Ér„#ÉÉ33cr”„ÉCÉSs#êßf‚„CÉ#ì3Csr„3ScsCSìb”„ÉcSÉ##`ßf‚„ÉÉcSSìCb”„ì#ÉSR”„CCÉ3ÉSCÄßf‚„33C3#ìCb„s#ìS33ì2”„ì3ìc3Éêßf‚„3#ìs3c"”„sÉS3sB”„ì3sCìÉS ßf‚„3##sÉc3Ç”„SCSÉcS2”„sÉìÉìì3 ßf‚„3cCCì#ÉB”„s3sÉìCCb”„ScÉ#ìÉÉßf‚„ÉSÉCìCCc”„3ì#s3ÉSb”„33CììSCpßf‚”„3sccì#c#2„s3ì###"”„c#Sìcêßf‚”„CÉCìCs„s3És#cb”„Cs3S#ì3ìÄßf‚”„Cs#sS"„cCscCCí”„SìsSÉìßf‚”„3S#Cí„ÉìÉC3É”„#ÉcC3c#`ßf‚”„3#SS#Sc"„ÉS#2”„S#ÉcSì`ßf‚”„C#SCÉCC„Écìs3sCCb”„#SssìÉ3pßf‚”„ìcìÉ#Sì#2„#S#Cìcìí„#ìcSìßf‚”„3##C#É„ìCcCcCÉ3r„3CscS0ßf‚”„ìC#CScCÉB„#3C#ì„#ccì#É3@ßf‚”„SCÉ#sSSB„ÉÉìì3cì"„ÉCcc#ì30ßf‚”„3#SS3ÉCSb”„ìSsr„#Éc#cìSC`ßf‚”„CÉs#3É"”„sìC#ìss"„3c3CÉsÉìêßf‚”„S3#CÉB”„s33sÉcí„Cs#S#s3#Pßf‚”„C3cCìÇ”„sSìc2„S##33#ìpßf‚”„3ÉÉC3##3R„cs3sCÉí„c#ÉcCS0ßf‚”„3CS33C2„ÉScìs3„CÉSCcßf‚”„3scCs#Éc„cssÉ##b„c3S#É#SÄßf‚”„3#3S3Cb„Éc#SCÉCr„3ìÉS3cs`ßf‚„ss3c#C#"”„Sìccs#í„##ì3ÉcSÄßf‚”„És#Ç”„sÉ333#cÇ„SìSCS#Éßf‚„SÉsS3#Ç”„sc#ìCÉ33B„#É3ìcC3ì`ßf‚”„3CCSs#3cR”„É#ìs3cSí„C3ììÉ`ßf‚”„ìc3Cs3S2”„SsìSSìÉí„#c#sSÉßf‚”„És#s#ÉR”„###cS3„Cs#ccCÉÄßf‚”„ì3cSSsÇ”„3ÉC#ìSÇ„ÉìSCSìÉêßf‚”„#ÉìÉSì3SB”„SCìÉS3#r„sÉ33S3sC`ßf‚”„ìSÉ#C3C2”„#s#É#3sS„ÉSìÉ#@ßf‚”„É3SSC#Ç”„sSÉìì#B„cSS3ìS3ßf‚”„ìs#ìS#SCR”„#3#cCB”„É3C3#Pßf‚„ìcsìc#3r”„#ss#SS3Éb”„cs3sì@ßf‚„ìs3S#ÉsC2”„###ÉCsR„cìcCsì0ßf‚„ìÉCC#3ì"„Sìc##Ssí„É##S#É3êßf‚„ìccSCSSí„#cìsCÉr„C##3C ßf‚„3cCCì#ÉB”„s3sÉìCCb”„ScÉ#ìÉÉßf‚„ÉSÉCìCCc”„3ì#s3ÉSb”„33CììSCpßf‚„ìs3S#ÉsC2”„###ÉCsR„cìcCsì0ßf‚„ìcsìc#3r”„#ss#SS3Éb”„cs3sì@ßf‚”„CsSC#Sc”„scS3#ì2”„C33ÉcÉsì`ßf‚”„S3cSÉ3í”„s#SScÉSb”„C3ì3c#spßf‚”„ìSssCsc”„#Écs#2„#É33cÉßf‚”„sCcìÉ"”„cssccìR”„ì3Ss#CÉpßf‚”„SCÉ#sSSB„ÉÉìì3cì"„ÉCcc#ì30ßf‚”„sCcìÉ"”„cssccìR”„ì3Ss#CÉpßf‚”„ìSssCsc”„#Écs#2„#É33cÉßf‚”„ìC#CScCÉB„#3C#ì„#ccì#É3@ßf‚„É3SCcìB”„C#SscB„3SCìcC#Pßf‚„ìs#ì3scr„#ccSìs#R”„É3#3S#@ßf‚„CìsÉC#CB”„cScÉìcìCí„Scc#Sc# ßf‚„É#cb”„SSsÉ#3„CSììs#Äßf‚„ìÉììCCc2„s#ÉscScr„ÉÉCÉ#`ßf‚„sÉìÉScs3"”„SìSìÉsCí”„ccsC ßf‚„É#SCí„SSc#3##„#ì##ssÉÄßf‚„sss3ss3r„C3ÉÉìSR„CSCßf‚„C3CìS2„SScsss„sC#Cì`ßf‚„ìcsìc#3r”„#ss#SS3Éb”„cs3sì@ßf‚„ÉCCìÉ3#Ç„Ssì3ÉCr„ÉÉSscì3pßf‚„ccÉSìí„cìsÉsìCì2”„#SsÉCêßf‚„É3c3cS"„cÉsìCC2„SCCììÉ#@ßf‚„C3CìS2„SScsss„sC#Cì`ßf‚„sss3ss3r„C3ÉÉìSR„CSCßf‚„CìCÉCS2„É3cÉ#33"„ÉcCìCS#30ßf‚„ÉC#3"”„#cSSsí„S#sSÉÉ#êßf‚„CìCÉ3ìs#Ç”„#sC3cS2„ÉC#sììPßf‚„CìC#cr”„CS3ÉÉCsí„sCÉs#ìpßf‚„É3ì333b”„#É#É3Ss„CcCsÄßf‚„É3SCcìB”„C#SscB„3SCìcC#Pßf‚„CìsÉC#CB”„cScÉìcìCí„Scc#Sc# ßf‚„s3cs3CÉcr”„S#Ésìì2”„C##3##pßf‚„ccÉSìí„cìsÉsìCì2”„#SsÉCêßf‚„c3ìCsSÉ#"”„3#É#sSc3b”„scÉ3pßf‚„ÉCCìÉ3#Ç„Ssì3ÉCr„ÉÉSscì3pßf‚„É#SCí„SSc#3##„#ì##ssÉÄßf‚„ììììÉ#ìS2„C#CSÉsCCr”„Cì3ÉsC`ßf‚„ÉC#3"”„#cSSsí„S#sSÉÉ#êßf‚„É3c3cS"„cÉsìCC2„SCCììÉ#@ßf‚„sss3ss3r„C3ÉÉìSR„CSCßf‚„É3ì333b”„#É#É3Ss„CcCsÄßf‚„sÉìÉScs3"”„SìSìÉsCí”„ccsC ßf‚„É3SCcìB”„C#SscB„3SCìcC#Pßf‚„É#cb”„SSsÉ#3„CSììs#Äßf‚”„É3SCcr”„C#SsCì"„3SCìc3ì@ßf‚”„CìsÉCSìr”„cScÉìcìCí„Scc#Sìêßf‚”„CÉC#C#sr”„É3ìScr„#s3CÉPßf‚”„É#3Sb”„SSsì#3É2„CSììSìPßf‚”„ìcìÉ#Sì#2„#S#Cìcìí„#ìcSìßf‚”„sÉìÉScc2”„SìSìÉc2”„ccsìßf‚”„csìS3C2”„S#3Ér”„s3ÉÉ3Cêßf‚”„s3Sc#3É3r”„S#ìcs#sC"”„C###cìpßf‚”„ìC#CScCÉB„#3C#ì„#ccì#É3@ßf‚”„ìsì3sSscR”„ÉccsC3CR”„CÉì3É ßf‚”„ìcìÉ#Sì#2„#S#Cìcìí„#ìcSìßf‚”„sÉìÉScc2”„SìSìÉc2”„ccsìßf‚”„É3c3cc"„cÉs##3cB„SCC## ßf‚”„sss3ÉÉÉB„C3ÉÉÉ2„CS3ìScßf‚”„ìcccsÉ#c"”„ìCcS3CÉ”„cc#c#3Pßf‚”„ìÉS#CsR”„SCcss#Ç”„c#ì3Sc#êßf‚”„ÉC#B”„#cSSr„S#sSÉÉ3cpßf‚”„CìCÉ3ÉssB”„#sCC#cB„ÉC#sì#33 ßf‚”„CìC#Cb”„CS3ÉsscB„sCÉs3#c@ßf‚”„É3ì33CìB”„#É#É3ìB„CcCssìCßf‚”„É3SCcr”„C#SsCì"„3SCìc3ì@ßf‚”„CìsÉCSìr”„cScÉìcìCí„Scc#Sìêßf‚”„s####CÉ3"„c3SÉcc##R”„#s#Cìc# ßf‚”„csìS3C2”„S#3Ér”„s3ÉÉ3Cêßf‚”„ìC#CScCÉB„#3C#ì„#ccì#É3@ßf‚”„ìSssCsc”„#Écs#2„#É33cÉßf‚”„É3c#ìS3b„SCcc##Sr„CC#CssÉs@ßf‚”„ìC#ìsCr„ÉìsCSÉsb”„C#s3#ÉÄßf‚”„Sc3CÉcsr”„SC#C3ìb”„c#CC3SÉ`ßf‚”„CsCì#Ér”„É3csÉ3SÉÇ„#ÉS3sêßf‚”„É3c#ìS3b„SCcc##Sr„CC#CssÉs@ßf‚”„CsCì#Ér”„É3csÉ3SÉÇ„#ÉS3sêßf‚”„cCìsS#„sÉCSìccÉ"”„#3cSSÉ0ßf‚”„ÉÉÉcììC"„CCs3ì3ìb”„É#ìc@ßf‚„CCs3sì#3í„cCsSÉ3cc2„sccsììßf‚”„ccc3ÉC#b„ìc#sÉc3r”„#sÉsPßf‚”„3ÉCìCììÇ„ìc3CsÉ#Ç”„#cSÉÉSÄßf‚”„sCssR„csÉcÉìb„sccc#`ßf‚”„CcSÉCÉR„ÉCscÉìí”„S##S3Cì ßf‚”„3ÉCc3cCb„ìcÉ#ìC"”„#Cs3scSßf‚”„#S3SssìB„ìssÉSí”„#ÉcìÉ3@ßf‚”„ÉSSìssÇ„SScs#c#B„3Éìss3@ßf‚”„ìCcìsB„ìcCÉÉs3#„sc3ìcsC ßf‚”„3cSÉC#ÉB„ìÉS#S3S2”„csCC3C0ßf‚”„3cìs3cB„Éì#CsìÉìr„#SÉCC##`ßf‚”„Ss3CS3ÉCB„sì3ÉS3í„#S3CSc`ßf‚”„ÉCsCÉ#3"„c3scÉSsÇ”„scsScSs ßf‚”„ìììì##És"„ÉS#333r„ìCcsÄßf‚”„ìì3ìcR„3sCÉCÉ3B”„CSÉ33sc ßf‚”„#CsÉì3cí„sÉìC#ÉSb”„ScCcS3c3Pßf‚”„Cì#ì#s2”„ÉSsSSssB„S##ÉSPßf‚”„#Éìì3Ésr”„ìÉìsCSìsR„3ìÉcCÉspßf‚”„#cSs#ìSCr”„sÉ#sÉSsr„Sc#s3C3ßf‚”„CÉÉÉ3SÇ”„S#cSR„cìì#cS#C ßf‚”„#Éìì3Ésr”„ìÉìsCSìsR„3ìÉcCÉspßf‚””„ììcìÉB„3csÉc#`ßf‚”„#cSs#ìSCr”„sÉ#sÉSsr„Sc#s3C3ßf‚””„ììcìÉB„3csÉc#`ßf‚„#cSs#ìSCr”„sÉ#sÉSSÇ„Sc#s3ccêßf‚„#Éìì3sR”„ìÉìsCcìB„3ìÉcCCPßf‚”„3CS33C2„ÉScìs3„CÉSCcßf‚”„#cSCcs#Éb„ÉcsìÉ„S#ì3S#pßf‚”„3scCs#Éc„cssÉ##b„c3S#É#SÄßf‚”„3csscí„s#É3#c"„cCCì#3ScÄßf‚”„3cìs3cB„Éì#CsìÉìr„#SÉCC##`ßf‚”„Ss3CS3ÉCB„sì3ÉS3í„#S3CSc`ßf‚”„3ÉÉC3##3R„cs3sCÉí„c#ÉcCS0ßf‚”„3#3S3Cb„Éc#SCÉCr„3ìÉS3cs`ßf‚„3#3SÇ„Éc#SCÉCr„3ìÉSCc0ßf‚„3ÉÉC3Ésr„cs3s3ìsì„c#ÉcCSSìêßf‚„cì3SS#s„Cì#ì#sÉR„sì3c3S3pßf‚„3333C#Cb„#SìCscí„ìC#SSÉcC`ßf‚„cì3SS#s„Cì#ì#sÉR„sì3c3S3pßf‚„3sScc3sSr„#SscsscC„ì#c3ìscÉßf‚„CÉÉÉ3ÉsÇ”„S#cC3Sí„cìì#cSS@ßf‚„3scCsÉCr„cssÉ##r„c3S#ì30ßf‚„sCsÉC„c3ÉcÉssB”„ÉC#S3êßf‚”„ccc3ÉC#b„ìc#sÉc3r”„#sÉsPßf‚„CCs3sì#3í„cCsSÉ3cc2„sccsììßf‚”„CìCscccÇ„ÉìCÉ#3”„CSSCcÄßf‚„##3sìs#B„ÉÉ3#cCC#"”„CcÉÉcìcÉ`ßf‚„scÉ#SìcR„cSCS##Cí”„sS##ìsÄßf‚„s#ÉcSss2”„SScsìÉ"„CsÉ3ì ßf‚„c#ScC3r”„Ss##ì#ÉR”„SSc#3SsPßf‚„##scSsÉ2”„ìììss3cÉ„ìCÉìSCPßf‚„3ì#ìCs#s”„ìÉÉ3CCSR„CssS#pßf‚„3cìsSÇ”„SS#ì#ì3r„ssCcc30ßf‚„SSÉ#c2”„ìÉ33SÉs„É#ìcßf‚„ScS##c"”„ÉSsCsc"„S#É33 ßf‚„CÉÉÉ3ÉsÇ”„S#cC3Sí„cìì#cSS@ßf‚„#cSs#ìSCr”„sÉ#sÉSSÇ„Sc#s3ccêßf‚„#Éìì3sR”„ìÉìsCcìB„3ìÉcCCPßf‚„3ÉÉC3Ésr„cs3s3ìsì„c#ÉcCSSìêßf‚„3#3SÇ„Éc#SCÉCr„3ìÉSCc0ßf‚„3scCsÉCr„cssÉ##r„c3S#ì30ßf‚„3CS3b„ÉScìcìSìR„CÉSCs3 ßf‚”„Cì#ì#s2”„ÉSsSSssB„S##ÉSPßf‚”„CÉÉÉ3SÇ”„S#cSR„cìì#cS#C ßf‚”„#C#S#sb”„sc#c3í„cssÉCs3#`ßf‚”„3SCSSssB”„SSSÉScS#b„ss3#3sCßf‚”„s#CsÉsr”„SSSCsìsR„CSSCì@ßf‚”„3ì#ìCÉsc"”„ìÉÉ3CC3"„CssSì`ßf‚”„ccsscsÇ”„sÉ#ìC##3R”„ÉSSìSC#Pßf‚”„cscìcÉí”„SsÉCs#SSR”„SCC##C#c ßf‚”„SCc#3sScb”„3ìs#CÉìr”„ìCì#SSÉ#@ßf‚”„ìÉÉc#b”„cCììÉÉ#3B”„sSìsCsêßf‚„##scSsÉ2”„ìììss3cÉ„ìCÉìSCPßf‚„c#ScC3r”„Ss##ì#ÉR”„SSc#3SsPßf‚„3CS3b„ÉScìcìSìR„CÉSCs3 ßf‚„3scCsÉCr„cssÉ##r„c3S#ì30ßf‚„##CÉÉSsb„ììCSccCC”„cCSsÄßf‚„#ìS#sC"„s3ccSC3R„cCsìs33 ßf‚„CÉ##Ccs#r„ìÉÉS#É3”„C3#ìS#Äßf‚„s##sÉs"„cCsCSSÇ„#C#3ßf‚„s##sÉs"„cCsCSSÇ„#C#3ßf‚„CÉ##Ccs#r„ìÉÉS#É3”„C3#ìS#Äßf‚„cSsÉì"„sS#cÉS2„#scs3#ìpßf‚„s#sS3cC"„cs3ìì#SR”„#Éc3#`ßf‚„CìcsR„ÉS#CcÉB”„3#c#ìcCCêßf‚„sìC3Cb„SÉSscÇ”„3ì#ÉÉÉ`ßf‚„ÉCss3sb„ìS#SC2”„3ìCcsÉpßf‚„#ìsììCsc2„c#ÉÉÉr”„sÉsC#3Äßf‚„scÉ#SìcR„cSCS##Cí”„sS##ìsÄßf‚„##3sìs#B„ÉÉ3#cCC#"”„CcÉÉcìcÉ`ßf‚„ÉCss3sb„ìS#SC2”„3ìCcsÉpßf‚„CìcsR„ÉS#CcÉB”„3#c#ìcCCêßf‚„ì##3sc3r„3cC3CÉ”„##É#SSì0ßf‚„#SÉÉssÇ„sÉÉCCsí”„cCsìsÉ#pßf‚„ÉsìsÉÇ„CìÉcìsS3B„Cs#sScCpßf‚„ÉsìsÉÇ„CìÉcìsS3B„Cs#sSc#pßf‚„ìScÉ3#SÉÇ„3ìC#ì#B„#ÉÉS#@ßf‚„cSsÉì"„sS#cÉS2„#scs3#ìpßf‚„CìcsR„ÉS#CcÉB”„3#c#ìcCCêßf‚„ì##3sc3r„3cC3CÉ”„##É#SSì0ßf‚”„3scCs#Éc„cssÉ##b„c3S#É#SÄßf‚”„CÉÉÉ3SÇ”„S#cSR„cìì#cS#C ßf‚”„#cSs#ìSCr”„sÉ#sÉSsr„Sc#s3C3ßf‚”„3#3S3Cb„Éc#SCÉCr„3ìÉS3cs`ßf‚”„Ss3CS3ÉCB„sì3ÉS3í„#S3CSc`ßf‚”„É3#ìcCcSí„#Écsr„SS#SÉ#ì ßf‚”„#C#S#sb”„sc#c3í„cssÉCs3#`ßf‚”„#cSCcs#Éb„ÉcsìÉ„S#ì3S#pßf‚”„CÉÉÉ3SÇ”„S#cSR„cìì#cS#C ßf‚”„3scCs#Éc„cssÉ##b„c3S#É#SÄßf‚„3#3SÇ„Éc#SCÉCr„3ìÉSCc0ßf‚„#cSs#ìSCr”„sÉ#sÉSSÇ„Sc#s3ccêßf‚„CÉÉÉ3ÉsÇ”„S#cC3Sí„cìì#cSS@ßf‚„3scCsÉCr„cssÉ##r„c3S#ì30ßf‚”„ìcìcì#S„3#3Sìììb”„#S3s3ì0ßf‚”„ccsscsÇ”„sÉ#ìC##3R”„ÉSSìSC#Pßf‚”„É3#ìcCcSí„#Écsr„SS#SÉ#ì ßf‚”„Ss3CS3ÉCB„sì3ÉS3í„#S3CSc`ßf‚„##3sìs#B„ÉÉ3#cCC#"”„CcÉÉcìcÉ`ßf‚„ÉCss3sb„ìS#SC2”„3ìCcsÉpßf‚„#SÉÉssÇ„sÉÉCCsí”„cCsìsÉ#pßf‚”„ììsììÇ„sS#ìS2”„cSììsC`ßf‚”ßf‚”ßf‚„#cSs#ìSCr”„sÉ#sÉSSÇ„Sc#s3ccêßf‚„3#3SÇ„Éc#SCÉCr„3ìÉSCc0ßf‚”ßf‚”„3#3S3Cb„Éc#SCÉCr„3ìÉS3cs`ßf‚”„#cSs#ìSCr”„sÉ#sÉSsr„Sc#s3C3ßf‚”ßf‚”„##SCcìsR„sCsÉ3C#b”„c#CC#ÉSßf‚”„CìCscccÇ„ÉìCÉ#3”„CSSCcÄßf‚„#ì3S#3B„sSS#Sc#R”„cSScÉÉsc0ßf‚”„SCc#3sScb”„3ìs#CÉìr”„ìCì#SSÉ#@ßf‚”„CìCscccÇ„ÉìCÉ#3”„CSSCcÄßf‚„##3sìs#B„ÉÉ3#cCC#"”„CcÉÉcìcÉ`ßf‚„sCcìS„sCìscSÇ”„ccscììÄßf‚„#ì3S#3B„sSS#Sc#R”„cSScÉÉsc0ßf‚„ccÉSìí„cìsÉsìCì2”„#SsÉCêßf‚„ìcsìc#3r”„#ss#SS3Éb”„cs3sì@ßf‚„ìccSCSSí„#cìsCÉr„C##3C ßf‚„c3ìCsSÉ#"”„3#É#sSc3b”„scÉ3pßf‚„#ÉscìR„ì###ÉSc2”„3ÉSìSsÉpßf‚„SSSsìs3cÇ„sìcCCìs#”„c#CSìPßf‚„SÉCCr„Éì3##B”„SsS3S3Cêßf‚„ìSscÉcb„ì#SÉìÇ”„3sì#CCÉ3@ßf‚„3ì#ì3"„ìSsìS#B”„#Éss3S#0ßf‚„CìÉcr„ìSs33c3cb”„#ÉÉìCScPßf‚„C#sìS3B„ìs33ÉsSÇ”„##ìÉì3Sßf‚„CcÉCCCSb„ìs3CÉsìs2”„##És3sSì0ßf‚”„cccCÉcb„#S##3”„ìc##ìCc3Äßf‚”„3ScSSsí„3S33SCÉ"”„ì#ÉSsScêßf‚”„CScCCR„Ss3ìccb”„É##scS0ßf‚”„c#CÉCCC3"„S3És"”„ÉCc#s0ßf‚”„#ScSCsSÇ„sìCSSssR”„cccCc#ìêßf‚”„#S#É„sìscsssÇ”„c3#33ßf‚”„Cs3c3cí„cÉÉìì3cR”„s#33s0ßf‚”„SscSR„csSCìSCÇ”„s3SSCì3êßf‚”„cSCÉS#3r„É##3c#b”„SssÉScÉÄßf‚”„CCsS#sìs„És33c#R”„CÉsSpßf‚„SÉcì3c2„ìì3#C#í”„cÉcc ßf‚„S3sìSì„ìsssCìR”„#ì#3CcPßf‚”„CsCCÉScc"„ììSs#Ésì„ì##3ì3sPßf‚”„CsÉScÉ2„ììÉc#S3R„#cCSCspßf‚”„És#SÉc3b„ìCSSì3r„3cCscs0ßf‚”„cÉCì3É"„ìSc3SSì#í„#ÉCÉ3ßf‚”„#ìscr„ÉssR„CÉ#cccÄßf‚”„SccìcÇ„ÉcC#É3r„Cì33#3SPßf‚”„ì#ÉCCR„sìÉCSCs2„Sì#CìÉÉ3êßf‚”„C3Sb„sìcÉì3Sìr„Sì3ìCÉS@ßf‚”„cìÉÉÉc2„É#ìsÉí„SScììCCPßf‚”„ss#SS##Ç„ÉÉsìì3Ç„SCc#ìsCpßf‚”„ÉCSSc#3r„ìS3#ÉS„#ì#C ßf‚”„cS##Cìr„ìsÉ3cr„3ìì3scpßf‚”„cÉcì#CR„ÉìÉsì3s2„CCÉ3scßf‚”„ì3#S3C"„ìSs##33r„#ìSs##Cêßf‚”„3#CÉC"„ìcììÉÉìC"„#C#c30ßf‚”„3sì##ìÇ„ìcsS3Cb„#CìÉsììS`ßf‚”„Éc#ccCC#r„ìsSCs#Écr„##ÉC0ßf‚”„ÉSc3Sì2„ìsSCs##s„###SCêßf‚„#sÉ#ìí„ìccì33C2„#SCìCC3Äßf‚„#ScC3s"„ìc3s3cr„#cSsCÉ3# ßf‚„SÉ#3SCb„ìS3ìì33Ç„#ìCÉSS0ßf‚„S3SìÉS3Ç„ìSCCcc2„#ìCS#3c ßf‚„##cììR„ÉÉccSSb„CcÉ#cSs`ßf‚„ìS#3Ç„Éì#3ìÉssR„CÉSìcc3Pßf‚”„ss#SS##Ç„ÉÉsìì3Ç„SCc#ìsCpßf‚”„cìÉÉÉc2„É#ìsÉí„SScììCCPßf‚”„cÉcì#CR„ÉìÉsì3s2„CCÉ3scßf‚”„cS##Cìr„ìsÉ3cr„3ìì3scpßf‚”„ì33##r„3ÉSCcCsÇ„ì#cÉÉ3É@ßf‚”„3sCcCÇ„3sì3C3B„ÉCsCÉ#êßf‚”„3sScccs„3sì3ÉÉìB„ÉCSSC#ìcpßf‚”„Ésììc3R„3ÉcÉÉs#b„ìC3Spßf‚”„cÉÉì3R„3ìÉcììSÉ"„ìCSSCÉ0ßf‚”„Ssc3CsÉSÇ„3ììsÉ#Ç„ìScc0ßf‚„#ÉsSccC2„3ìCCc3CR„ìÉìs3C@ßf‚„#ÉÉsS##Sr„3ìCCìCì„ìÉì#SÉÉßf‚„cÉCSSR„3É#s#cr„ì#SS#C ßf‚„cÉ##É#í„3É3ScCí„ì#s#s0ßf‚„sÉCsìScr„3sSSCìSB„ìSì3ßf‚„ÉcSSììsR„3cìscSB„ì##ÉSPßf‚”„SÉcCc3ìb„3scCì3b„s##ì0ßf‚”„c#CìCccB„3s3S33ÉCR„cÉìS3S#`ßf‚”„3sScccs„3sì3ÉÉìB„ÉCSSC#ìcpßf‚”„3sCcCÇ„3sì3C3B„ÉCsCÉ#êßf‚„#Csì##”„CSCì#b”„ìSCPßf‚„#CC3S#2”„CssìCR”„ìÉ#Cì#pßf‚„ccsscR„#S#SCC”„ìc##ìSìCêßf‚„3SS#s"„3S333SCr”„ì#ÉSsìSêßf‚„ìCÉÉìÇ„ccSsccs2”„sCccìCsC@ßf‚„c#S#3sr„S3É#cÉ2”„ÉCcCìs@ßf‚„#cCSsìC"„sÉÉ#3É#í”„cSsc3c0ßf‚„#cì#S"„sÉS#SCssb”„cÉSÉs3Pßf‚„CSì#sÇ„Ss3ìc3"”„É##C3`ßf‚„ccsscR„#S#SCC”„ìc##ìSìCêßf‚„3SS#s"„3S333SCr”„ì#ÉSsìSêßf‚„#CìC#cSsB„sì#ÉS3„SSc33ÉPßf‚„ìS#3Ç„Éì#3ìÉssR„CÉSìcc3Pßf‚„##cììR„ÉÉccSSb„CcÉ#cSs`ßf‚„#3ìcSÉss2„sì#ìs3s2„ScC#ì3@ßf‚„C33ìsB„cÉìssìí”„s#3SsÉÉßf‚„ìss3#S„ÉìÉìcì3b”„Ss#C3ss@ßf‚„CccÉ#Sí„csc#És2”„s3SC3sêßf‚”„#cÉC33Sb„És#ì3SCsB”„CÉsÉ#É3@ßf‚”„##cì3SSÇ„ìì33CscÇ”„#ì3sPßf‚”„###cì3cb„ìsssC”„#ÉssSÉc0ßf‚„sscCCSs#b„ììSS#cS„ìCs30ßf‚„#csìb„ììS#ss3b„#ì#Éì#0ßf‚„ÉÉÉÉìCb„ìCS3c2„3cSìsßf‚„cÉcS#s3C"„ìSc333s"„#ÉCcÉcPßf‚„#sSCÉr„ÉsCs##B„CssCsÉs0ßf‚„#s3sr„ÉcS#ÉcÉ#r„CÉÉCC##êßf‚„3Sì#r„ÉSsìsb„Ssc3Écc3ßf‚„3s#sR„ÉCììÉ#Ç„Sss#3pßf‚„#3ìcSÉss2„sì#ìs3s2„ScC#ì3@ßf‚„#CìC#cSsB„sì#ÉS3„SSc33ÉPßf‚”„#Cc33É3b”„C##ÉS2”„ìsSìSPßf‚”„ìÉs##Ér„ccSÉ#b”„sCccsÉSPßf‚”„3ScSSsí„3S33SCÉ"”„ì#ÉSsScêßf‚”„#C#É3ccB”„C#cCCì#cí”„ìCÉSCs@ßf‚”„cccCÉcb„#S##3”„ìc##ìCc3Äßf‚„SÉccCsÉÇ„3cCcÉCí„s#3###`ßf‚„3ÉCSSSÉr„3cìsSC#ÉR„ÉCSÉ#3Äßf‚„c##ÉsìSR„3cÉì3ìR„cì3ìCsSS@ßf‚„3ÉcCcCcí„3cìsì##S2„ÉCScC3`ßf‚„ÉcSSììsR„3cìscSB„ì##ÉSPßf‚„sÉCsìScr„3sSSCìSB„ìSì3ßf‚„ssSs33Ç„3SS3sì##B„S#sc#3`ßf‚„Éìc3ìS2„3#3CSS#R„33É#cÉ3êßf‚„ÉÉsìì##2„33#s#2„3#3sÉSPßf‚„É##SSÉB„3S3SSS#"„CCìcS# ßf‚„c##ÉsìSR„3cÉì3ìR„cì3ìCsSS@ßf‚„SÉccCsÉÇ„3cCcÉCí„s#3###`ßf‚„#ìì„ìs#SÉÉSìí”„#3#S3##ì0ßf‚„#cSsS"„ìs#cÉììí”„#3#Ccpßf‚”„CcÉ#csr„ìSÉÉSÉìR”„#ÉcCC#sSpßf‚”„SCc#3CB„ìSsS#CS3Ç”„#ÉÉ3É3S ßf‚”„##C3C3cÉr„ì###Sc#Ç”„3ÉSìCÉÄßf‚”„#ÉìC3#b„ì#SB”„3sìcCì ßf‚”„SÉcC#r„ÉÉScìssí”„Ss##SPßf‚”„SC3É#c„sìcìSB”„c#SìScÉpßf‚„ÉÉcÉCÉ„CSÉìì”„sSSÉìPßf‚„ÉÉsc#É#Sr„CC3ìì#Éí”„3Cssc3S@ßf‚„ÉÉcssÉb„C3ìc3Sìr”„C#s3Cìêßf‚„ÉÉscS#S„CCcsssìR”„cSsCpßf‚„ssÉ#sB„CÉ#cìcCb”„CsCìC3 ßf‚„ÉSsÉÉCí„CÉ#SCìì3b”„ÉC3S3ßf‚„s#3#S#„S3cÉSs”„CCs330ßf‚„cÉ3CSÉí„CsÉì3"”„SS###És@ßf‚”„#3csS#csb„ìCcì#r”„3#CSs#3pßf‚„#cSsS"„ìs#cÉììí”„#3#Ccpßf‚„#ìì„ìs#SÉÉSìí”„#3#S3##ì0ßf‚”„#3ì3c3Ç„ìCc#CSìí”„3#3C3ì#pßf‚”„#ScSCsSÇ„sìCSSssR”„cccCc#ìêßf‚”„#S#É„sìscsssÇ”„c3#33ßf‚„C#s33É#„ìC3s#Cc3"”„33sSC@ßf‚„C#sìS3B„ìs33ÉsSÇ”„##ìÉì3Sßf‚„CcÉCCCSb„ìs3CÉsìs2”„##És3sSì0ßf‚„C#CÉÉÉÉÇ„ìC#És#3CR”„333#ssßf‚„#cì#S"„sÉS#SCssb”„cÉSÉs3Pßf‚„#cCSsìC"„sÉÉ#3É#í”„cSsc3c0ßf‚”„ssc#3#sb„3c#S3C#B„SSsÉÉ3pßf‚”„c#CìCccB„3s3S33ÉCR„cÉìS3S#`ßf‚”„SÉcCc3ìb„3scCì3b„s##ì0ßf‚”„ÉÉs#ÉCCr„3SsScìcR„CCì#S#CÉ`ßf‚”„ÉìS#3##b„3#CCììr„3SsSCêßf‚”„ÉÉSììÉ3cÇ„33#3#ÉCí„3#33cCCpßf‚„3SC33ì2„sC3csì3Ç”„Scss3c0ßf‚„ssÉsì3É"„SCSìÉÉC”„33ìÉì`ßf‚„#3É3cb„ÉCSSSs#s"”„CìC3cS ßf‚„sÉsCCS"„CÉc3cs32”„3ìÉ3CS0ßf‚„3#sSc#„SCcìC3c2”„ì3sS3cßf‚„s##CÉSí„ì3SsR”„cÉ##cC#cÄßf‚„S#ÉCsì32”„S#cÉìí”„ÉCsC##sPßf‚„ìsScs#c2”„#sccSSb”„3cCìcCSpßf‚„SS3sìÉ#”„SC33cCR”„ÉÉìS3#s`ßf‚„ÉìcìÉ3É"”„#3#cr”„C#Sss30ßf‚„Éì#Ccs3Ç”„SCÉ3ìb”„CCÉcCS#0ßf‚„SCÉìsì”„CÉÉ2”„É3c#csCÄßf‚„ìCc#33Éí”„CCcSsìR”„C#3ÉccCÉßf‚„SsÉSÉS”„Sssìí”„ÉC#CSÄßf‚„ìSs#3CB”„ìsSììB”„ìÉCc##pßf‚„SS3sìÉ#”„SC33cCR”„ÉÉìS3#s`ßf‚„s##CcCÉb”„ìccCì”„ìÉÉs#ìÉêßf‚„S#ÉCsì32”„S#cÉìí”„ÉCsC##sPßf‚„SCÉìsì”„CÉÉ2”„É3c#csCÄßf‚„#sSScÉB„sSCC#3”„ìscCcCPßf‚„SsÉSÉS”„Sssìí”„ÉC#CSÄßf‚„#CcSs##í”„ScÉÉ#b”„ìcsSSì33Äßf‚”„#sìS33"„ÉCì3cr”„ìsc#cC3 ßf‚”„ìSs#33”„ìsSì#r”„ìÉCc##pßf‚„s##CÉSí„ì3SsR”„cÉ##cC#cÄßf‚„3#sSc#„SCcìC3c2”„ì3sS3cßf‚„s##CcCÉb”„ìccCì”„ìÉÉs#ìÉêßf‚„SS3sìÉ#”„SC33cCR”„ÉÉìS3#s`ßf‚„sScÉÉÉÇ„ÉCÉS3ìÇ”„Cììì3ìS3ßf‚„#3É3cb„ÉCSSSs#s"”„CìC3cS ßf‚„ssÉsì3É"„SCSìÉÉC”„33ìÉì`ßf‚„sì3sC3SS„S#ì#C#r”„3C#ÉC ßf‚„3SScS#B„É3ìccR”„S#cÉÉìSc0ßf‚„s#cS#CCÇ„c#S3#3"”„3#3#C3sßf‚„sS#scÇ„Éc#CCìCB”„Cscscì0ßf‚„s#Éc3#b„cÉS3#ìR”„ìc#scPßf‚„#CÉSìC3r„ÉÉC3ììc2”„3ìSÉsC#ßf‚„CCssSìr„3s3CìÉ#ì„É#sc3cìßf‚„SSÉ33r”„s3ìcSR”„É3ì3#0ßf‚„SsÉSÉS”„Sssìí”„ÉC#CSÄßf‚„#CcSs##í”„ScÉÉ#b”„ìcsSSì33Äßf‚„#3S3cìss"”„#ccSsCí”„ìCìcÉ#3SPßf‚”„#3SSììcR”„#ccs3CB”„ìCìc#3##pßf‚”„#CSc3ìcr”„Scììì3r”„ìcscÉÉc ßf‚”„##Cc##ìÇ”„SSSC#R”„É3cSc3S ßf‚„##C#c#sÉí”„ScC3ì"”„É3c#3@ßf‚„S3ÉìC#R”„C3cSÉCSR”„s#cÉcs0ßf‚„#ìcCÉSÉR”„Écì3ìSÇ”„SCÉ3#S0ßf‚„Sc3É3CÉCb”„cì3cssCÉR”„CCÉ##ÉCêßf‚”„#ìcCÉCcb”„Écì3ìSÇ”„SCÉ3#S0ßf‚”„S3CìC3í”„C3cCcs3R”„s#SìSCS30ßf‚”„Sc3É3Cìb”„cì3css3cb”„CCÉ##s0ßf‚„cìCÉsìC”„ssC3ìCcì”„#Éc3sCsÄßf‚„ÉSÉCCÉCCb”„CCS33cCc”„#SCCC3ìC@ßf‚„Sc3É3CÉCb”„cì3cssCÉR”„CCÉ##ÉCêßf‚„ÉìsìcÉ#í”„CCCS3”„3##ssS`ßf‚„ÉS#s33Cr”„CìsC3ccb„Sì3ìC3cêßf‚„SìSC"”„sìS#sÉSÇ„cììêßf‚„ìcs#ÉsR”„###c#ì3"„sÉÄßf‚„ìÉ#SìCR„É3CÉÉÉì”„#ìÉc#ìSPßf‚„ìsÉSc3SCr”„SììCcSÇ„CCììêßf‚„ìc3sì#ìÇ„#3ÉcÉìc„Sì#sCßf‚„ÉCSì3sSR”„3CCb”„CS3CìSPßf‚„ìssCìS2„#SS3ssìCR„#Csc ßf‚„ìÉ3cÉìCÉr„###ìcÉb”„3#SssS`ßf‚„ììCSÉì#”„ìÉSÉÉc32„3#ìcìÉ ßf‚„sSÉc##2„Ccc33É3cb”„CSS#ìpßf‚„C#S3"„ìÉ3c2”„ì3#SÉC#Pßf‚„33#ììcs2„cÉ#SSCcb”„cScÉ#C ßf‚„ìSc#ìR„ìC#C##S#B”„#ssss#É@ßf‚„ììcÉc33í”„sìc#ÉCÇ„#É3ÉÉ#Sßf‚„s#3s3C„#Éc3ÉÉ2”„c#sÉÉS#pßf‚„ì3ìs3cí„ììsÉìÉSsí”„3#sC#cpßf‚„sÉC3ìc3í„#SS#sc#"”„cCsSscÄßf‚”„ìCsÉ2”„3ìcS32„ÉcCìCÉÉ ßf‚”„3ScìS3C2”„ÉÉÉ#s32”„#Éì#3Cìßf‚”„3ÉC33c#R”„ììsscSÇ„ìcssìCpßf‚”„ss3É#c3”„c#ìS#SCÇ”„scÉ#sS33Pßf‚”„ÉÉCSìÉ3R”„C33##C2„s#cCSÄßf‚„33#ììcs2„cÉ#SSCcb”„cScÉ#C ßf‚„sSÉc##2„Ccc33É3cb”„CSS#ìpßf‚„s#3s3C„#Éc3ÉÉ2”„c#sÉÉS#pßf‚„#SssccCÉR„CÉsìS#Ç”„ÉsSCcs#Cßf‚„sÉC3ìc3í„#SS#sc#"”„cCsSscÄßf‚„#ìcCSÉ3b„3S3C#"”„ÉÉs3ìsS#Äßf‚„sCÉSsc##B„#CS3ÉÉì”„cSìcìCsêßf‚„sc#ÉìScCB„#ì#sc3B”„SscC3s3S@ßf‚„3cSÉCÉ2„#c#Ccc”„Éì#ì3SÉßf‚„3CC#ÉìR„3ssSÉB”„Éss##S0ßf‚„#ìcCSÉ3b„3S3C#"”„ÉÉs3ìsS#Äßf‚„sÉC3ìc3í„#SS#sc#"”„cCsSscÄßf‚„cÉsÉ3í”„SCCC3ì„ssÉ#s3#É@ßf‚„cCS3SCr”„Cìs3CSÇ„c3É#3SSêßf‚„ì33cìCcÇ”„#CS#S#Sb„33sCS3CÉPßf‚„ì3ccÉsSÉí”„#CÉSìB„33CÉ3#sSÄßf‚„ScSSì3r„SCCsCÉb„É##ÉÉCìpßf‚„ÉsC3sì3í”„CSCCB„CsSC#s ßf‚„scÉsCÉr„SC#c#s#Ç„scSCsc@ßf‚„Éss##Cc#B”„ÉÉìSCsb„CC3CsÉÄßf‚”„CcsÉ3s2”„SS3ìs#cÇ„ÉÉ#C#3Cßf‚„C3CsSÉÉR„C333#ÉSb„sìS33sÉßf‚”„C3CCcS"„C3ì33#í„sìììCÉ0ßf‚„CSÉ3cÉc2”„SCss#b„ÉÉs3ìs3Äßf‚”„Cc##ìí”„##3C3ÉÉR„ÉSì##ìc#@ßf‚„CSÉccÉR”„##3s#Ssb„ÉSììÉ#SPßf‚„Cc#ìS#2„SÉsS3Ér”„ccì#c#Cêßf‚”„c#3SSÉ3"„cSSsCì3É”„C#c##s30ßf‚„SccCccs„ssì#c3ÉSB”„c#C3SCpßf‚„3cSìSìSÉR„#sÉC#S#Cb”„ÉÉÉSÄßf‚”„sSS3sss„cS3#S3sÇ„Sc##css`ßf‚„sSS#s3Cc„cS33ssS32„SSs##s@ßf‚”„Scììs#r„ssìC##S#"”„c#3ì#CÄßf‚”„Cc#cììSì"„SÉ3s#É"”„ccì#cCìs ßf‚”„3cSìcÉscB„#sÉsÉsC"”„ÉÉsÉÉìCCPßf‚„c#Cìs„cSC#cì33Ç”„C#cìÉSCC0ßf‚”„Csc#ìr”„3CÉCc2”„ÉCsS3C#Pßf‚„ìs#ìSSÇ”„333ì#c3Ç”„ì#3ìCÄßf‚”„ìÉÉR”„33333ììR”„ì#3#S3Cspßf‚„Ccììc#Ç”„33ììCCì#í”„ÉCsÉS#S#Äßf‚”„#3cSsìSR”„ì3#ìsccc2„#ìcssì3c@ßf‚„#3#sÉsí”„ìcìcSì#B„É#S#SCSPßf‚”„#3##c”„ìcìccSÉ#R„É#ìcì`ßf‚„#CsSÉ2”„ì3#s3cCSb„#ìcsssC#pßf‚”„#cÉCì3B”„É#3CÉs#r„S3ÉCcCcpßf‚„S#CÉCÉì3Ç”„ÉS#c3sSÇ„#sSÉ33@ßf‚„SìSC"”„sìS#sÉSÇ„cììêßf‚„cSSÉCí”„cSsìÉ2„3s#s#ìSßf‚„ÉS#s33Cr”„CìsC3ccb„Sì3ìC3cêßf‚„#cìs#2”„É#3c2„S3ÉÉ#S#pßf‚”„#Ésc3ìs3r”„sC3#SÉb„cS#cCÄßf‚„scCÉCc3r”„CÉsCSR„C##c#ÉCPßf‚„#Ésc3ì#”„sC3#sR„cS#cCÄßf‚„sìcC#scÇ”„#CSìcìí„cc#SS3@ßf‚„cÉCsSc”„#3ÉSÉ"„cÉì#C#0ßf‚„C#S#SÉ#r”„#ìcCcìS3b„ìCcììßf‚„sSc#Éb”„ìScÉÉÉ"„cCÉ###ßf‚”„S##csS2”„ììCScÉscR„ìì3ccÉc`ßf‚„c#CCSÉR”„Cc#C3cR„c#ìs3ÉsCÄßf‚„CÉììì#S”„ccÉsÉSsí„c#cCC#ÉPßf‚„cìcCSr”„#ìsCsCÉc„cS3SÉCìÄßf‚„s#3ÉSSC3b”„#ì3CÉÉ#3B„c#CCÉ3êßf‚„ÉìCSìsr”„#ÉS3CR„3ìC#ìSßf‚„ÉÉ#CÉì#”„#ccc3sÉ"„3ÉÉ##3SSêßf‚„CìssC3SB„CS3Sì33"”„sÉcCsS0ßf‚”„c#3SSÉ3"„cSSsCì3É”„C#c##s30ßf‚„Cc#ìS#2„SÉsS3Ér”„ccì#c#Cêßf‚”„s#ÉCì3SB„33SìÉ"”„cìCsCC#ßf‚„Cs3ssCc2„3SSCcÇ”„ÉsÉì`ßf‚”„cÉ##cìB„cS3c3ì2”„s#ÉcCCÉCÄßf‚„3sSsìCÉ2”„SCìÉCSììB„sCSìSCc30ßf‚„c#CCSÉR”„Cc#C3cR„c#ìs3ÉsCÄßf‚„ÉÉ#CÉì#”„#ccc3sÉ"„3ÉÉ##3SSêßf‚„ÉcSìS2”„3ÉÉsCSR„3ìSÉÉc3ìßf‚„33sSs32”„SÉscì#3"„s3sìSÉ3 ßf‚„ÉCsc"”„3ììCcÉb„C3ì3sSPßf‚„ììCSÉì#”„ìÉSÉÉc32„3#ìcìÉ ßf‚„ììcÉc33í”„sìc#ÉCÇ„#É3ÉÉ#Sßf‚„ìsÉSc3SCr”„SììCcSÇ„CCììêßf‚„ìcs#ÉsR”„###c#ì3"„sÉÄßf‚„scCÉCc3r”„CÉsCSR„C##c#ÉCPßf‚„ÉS#s33Cr”„CìsC3ccb„Sì3ìC3cêßf‚„cSSÉCí”„cSsìÉ2„3s#s#ìSßf‚„ÉCsc"”„3ììCcÉb„C3ì3sSPßf‚„scCÉCc3r”„CÉsCSR„C##c#ÉCPßf‚„#Ésc3ì#”„sC3#sR„cS#cCÄßf‚„33sSs32”„SÉscì#3"„s3sìSÉ3 ßf‚”„33CCS"”„SÉÉ#S#sÇ„s3É3sÉCßf‚”„#Ésc3ìs3r”„sC3#SÉb„cS#cCÄßf‚”„3sCSÉ33b”„SCìc##sÇ„sCcs#ÉÉ ßf‚„3sSsìCÉ2”„SCìÉCSììB„sCSìSCc30ßf‚”„#CC33”„cìììÉCÉCÇ„s3É3Sss`ßf‚„c#CCSÉR”„Cc#C3cR„c#ìs3ÉsCÄßf‚”„ss#ìs33b”„cÉCìc3B„c3cC3ÉcÄßf‚”„ÉCCss„CsìÉcÇ„3CsÉsSÄßf‚”„ìcsC##sÉ2”„ÉC#Écr„#CSc3Éßf‚”„ÉcÉcSC3r”„cÉccC3S„CcSÉ#3ìêßf‚„#SìscCÇ”„CÉ#sSÉsR„É3cSSS@ßf‚”„C3ScìCb”„3Éì3SCCr„ì#ìss# ßf‚”„S##2„#sS#s3í„ìsÉ3sì0ßf‚”„ÉCCss„CsìÉcÇ„3CsÉsSÄßf‚”„ss#ìs33b”„cÉCìc3B„c3cC3ÉcÄßf‚„S33s33c2„ÉÉcSCÉC"„Cc#c3c#0ßf‚„ss3ìÉÉC2”„ss33sc2„c3Ccsêßf‚„ÉC3sC#ìcr„CsSSìsB„3Cì#ÉCS0ßf‚”„ÉcÉcSC3r”„cÉccC3S„CcSÉ#3ìêßf‚”„ìcsC##sÉ2”„ÉC#Écr„#CSc3Éßf‚”„ìcccÉSÉB”„cìCìSSí„ì#ììCßf‚”„ÉScccÉs”„3#cìc#ÉÇ„Css#CC`ßf‚”„C3ScìCb”„3Éì3SCCr„ì#ìss# ßf‚”„sSS#ì#"”„c#cÉì3SÇ”„ì#ÉSsPßf‚”„#cÉsSs2”„C3#ìcÉìCB„Éì#C3Sì0ßf‚”„c#C3Css2”„csÉÉccR„3ÉcCSC`ßf‚„É33ìR”„S3SÉ#B„ÉSCSSÉS#pßf‚„s#3ÉSSC3b”„#ì3CÉÉ#3B„c#CCÉ3êßf‚„cìcCSr”„#ìsCsCÉc„cS3SÉCìÄßf‚„cÉCsSc”„#3ÉSÉ"„cÉì#C#0ßf‚„sìcC#scÇ”„#CSìcìí„cc#SS3@ßf‚„ÉìCSìsr”„#ÉS3CR„3ìC#ìSßf‚„ÉÉs3cC3#Ç”„cìÉ3CìÉb„C#ÉcCìcc@ßf‚„sSc#Éb”„ìScÉÉÉ"„cCÉ###ßf‚„ÉS#3sC„ccì3Éìì„S#SSêßf‚„ììssS#ÉCR”„C3ÉìÉB„S3cSCCÉCPßf‚„ìsSsC"„ìSìCCÉ„##Éc#É3`ßf‚„ììì#Sc32”„3Écì##Ç„cCCÉsSpßf‚„ììcÉc33í”„sìc#ÉCÇ„#É3ÉÉ#Sßf‚„ÉÉ#CÉì#”„#ccc3sÉ"„3ÉÉ##3SSêßf‚”„C3ScìCb”„3Éì3SCCr„ì#ìss# ßf‚„S#CÉ###b”„S#ÉS#3"„cssC3#s`ßf‚„#SìscCÇ”„CÉ#sSÉsR„É3cSSS@ßf‚„SsS#CCCÉb”„33sÉ3SSr„sCCìSÉÉÄßf‚”„#cÉsSs2”„C3#ìcÉìCB„Éì#C3Sì0ßf‚„Sc#É3SSí”„#ÉCcÉÇ„ssccìCÉì@ßf‚„É33ìR”„S3SÉ#B„ÉSCSSÉS#pßf‚„3ScsìCí”„#ÉÉsìS#2„ÉÉÉC#C#Äßf‚„cÉCsSc”„#3ÉSÉ"„cÉì#C#0ßf‚„C#S#SÉ#r”„#ìcCcìS3b„ìCcììßf‚„SsS#CCCÉb”„33sÉ3SSr„sCCìSÉÉÄßf‚„CÉììì#S”„ccÉsÉSsí„c#cCC#ÉPßf‚„S#CÉ###b”„S#ÉS#3"„cssC3#s`ßf‚„cìcCSr”„#ìsCsCÉc„cS3SÉCìÄßf‚„Sc#É3SSí”„#ÉCcÉÇ„ssccìCÉì@ßf‚„cÉCsSc”„#3ÉSÉ"„cÉì#C#0ßf‚”„#CS33cí”„csCÉcìB„sC#CS@ßf‚”„ss#ìs33b”„cÉCìc3B„c3cC3ÉcÄßf‚„#SìscCÇ”„CÉ#sSÉsR„É3cSSS@ßf‚”„S##2„#sS#s3í„ìsÉ3sì0ßf‚”„#cÉ33sr”„CÉ3c#3Ér„É3SSÉCc`ßf‚„ss3ìÉÉC2”„ss33sc2„c3Ccsêßf‚”„#É3SCsÉí”„c3sSc#ìb„sc3#Ss@ßf‚„#É3SCscB”„c3sScìsr„sc3#É0ßf‚„s3#SSìC"”„cìsìÉS#”„ÉSÉì## ßf‚”„s3#Sc#B”„cìsìÉ#É2”„ÉSÉÉc3@ßf‚„ìs#ìSSÇ”„333ì#c3Ç”„ì#3ìCÄßf‚„ììSÉsì2”„ì##cìr”„ìÉcÉc0ßf‚„s3Ccì#Cí”„c#ì#ÉÉ2”„#SCìßf‚„csCÉcsSr„c#Sì#sb”„s3S3ìsì`ßf‚„ìì#sCC3#r„sCCscSìR”„ìCCSsCss0ßf‚„s#sÉ3ÉSb„3cs#2”„cÉSCSÉ@ßf‚„sSS#s3Cc„cS33ssS32„SSs##s@ßf‚„c#Cìs„cSC#cì33Ç”„C#cìÉSCC0ßf‚”„Csc#ìr”„3CÉCc2”„ÉCsS3C#Pßf‚”„CsCCsìb„3ÉC3cC”„És3sc3CÄßf‚„csCÉcsSr„c#Sì#sb”„s3S3ìsì`ßf‚„ìs#ìSSÇ”„333ì#c3Ç”„ì#3ìCÄßf‚”„cìCÉsÉÉ"”„ssC3ìCsS”„#Éc3sS# ßf‚”„Sc3É3Cìb”„cì3css3cb”„CCÉ##s0ßf‚”„ÉcSs”„CC#S3CÉ2”„#S#3ssCPßf‚”„ì##C#í”„C33ìSSB”„333Cs#Éc0ßf‚”„ÉScì#S2”„Cì#CSìÉ3B„ScÉÉSpßf‚”„SìS#3É”„sìS#cÉssB„ccS#@ßf‚”„ìc3ììcÉr”„###CìSí„csÉSsPßf‚”„ìì#CcsÉr„ìC33ìí”„#sS#c3#Äßf‚”„ìsì3c32”„SÉc#ÉB„3ssCc@ßf‚”„ìc3C#ÉSR„##3SÉÉsìB„SÉÉC`ßf‚”„ÉCs3sì3í”„33ÉSÇ”„CSC3ìpßf‚”„ìssÉ#Scr„#CìÉccsB„#ì3SS0ßf‚”„cÉ#S3cC#2„s3S#b”„33#SC# ßf‚”„ìÉCs#cccr„csìC3c2”„#ì##3pßf‚”„ììCcc3É3R”„ìsÉssSí„3#c3#s#s ßf‚”„sSÉÉC#É"„CìcCSsìb”„CC3É#c0ßf‚”„ìSSs33sÇ„ìS3CC#Sb”„#sÉCcêßf‚”„ììcÉì3sr”„sìc#cc„3#ÉìcccCêßf‚”„s#Ccì3É3R„#Éc33#Éí”„c#cÉSCCsêßf‚”„ì3ìì#Ér„ììÉ#s#r”„3#cCÉCsÄßf‚”„sÉÉSsÉ#R„#SS3Cìb”„cCccÉS`ßf‚”„Sc3É3Cìb”„cì3css3cb”„CCÉ##s0ßf‚”„S3CìC3í”„C3cCcs3R”„s#SìSCS30ßf‚”„ÉCs3sì3í”„33ÉSÇ”„CSC3ìpßf‚”„ÉcSs”„CC#S3CÉ2”„#S#3ssCPßf‚”„ìssÉ#Scr„#CìÉccsB„#ì3SS0ßf‚”„ÉsÉC#Ç”„##csCSCr”„CcÉìSPßf‚”„ìcs33cssB”„SÉ3SscR„#CccìSÉìßf‚”„ìCSìCC#”„CCSScsSí”„C#3ì3ÉÉCßf‚”„ìcCÉCÉC2”„Éì3##Sb„#ScìC`ßf‚”„CcsÉ3s2”„SS3ìs#cÇ„ÉÉ#C#3Cßf‚”„C3CCcS"„C3ì33#í„sìììCÉ0ßf‚”„ìc3C#ÉSR„##3SÉÉsìB„SÉÉC`ßf‚”„3Ss#ssìr„ÉSsCì#SR„3scC#ì#ßf‚”„SSìc3sì"”„s3cCC33B”„És3sC3ßf‚”„S3CìC3í”„C3cCcs3R”„s#SìSCS30ßf‚”„##Cc##ìÇ”„SSSC#R”„É3cSc3S ßf‚”„#3SSììcR”„#ccs3CB”„ìCìc#3##pßf‚”„#CSc3ìcr”„Scììì3r”„ìcscÉÉc ßf‚”„SssSÉC3Éb”„SsÉCÉCcí”„ÉCcÉcÉ3Pßf‚”„S3CìC3í”„C3cCcs3R”„s#SìSCS30ßf‚”„ÉsÉC#Ç”„##csCSCr”„CcÉìSPßf‚”„ÉCs3sì3í”„33ÉSÇ”„CSC3ìpßf‚”„SSìc3sì"”„s3cCC33B”„És3sC3ßf‚”„SssSÉC3Éb”„SsÉCÉCcí”„ÉCcÉcÉ3Pßf‚”„ìCSìCC#”„CCSScsSí”„C#3ì3ÉÉCßf‚„ìs#ìSSÇ”„333ì#c3Ç”„ì#3ìCÄßf‚„s3Ccì#Cí”„c#ì#ÉÉ2”„#SCìßf‚”„sCì#3r”„c#c#ss2”„#C#SsC#Äßf‚”„ìÉÉR”„33333ììR”„ì#3#S3Cspßf‚”„s#ÉCì3SB„33SìÉ"”„cìCsCC#ßf‚”„sSS3sss„cS3#S3sÇ„Sc##css`ßf‚”„c#3SSÉ3"„cSSsCì3É”„C#c##s30ßf‚”„ìì3Cì#SCB„cì#SìÇ”„ìCìCpßf‚”„cÉ##cìB„cS3c3ì2”„s#ÉcCCÉCÄßf‚”„ììcsccCCÇ”„SìSí”„sÉìC#C0ßf‚”„ìÉÉR”„33333ììR”„ì#3#S3Cspßf‚”„sCì#3r”„c#c#ss2”„#C#SsC#Äßf‚”„ìCSìCC#”„CCSScsSí”„C#3ì3ÉÉCßf‚”„SssSÉC3Éb”„SsÉCÉCcí”„ÉCcÉcÉ3Pßf‚”„SCsÉ3#3”„CÉC#cSsB”„É3cCScSìpßf‚”„Éì#3c33”„SSCCCsí”„CCÉ3cCìs0ßf‚”„S#ÉCsS2”„S#cÉ3CÇ”„ÉCsC##sPßf‚”„ÉìcìÉ3ì#"”„#3#sìr”„C#Sss0ßf‚”„ìscSìCR”„#Éc3#2”„3cSs3cSpßf‚”„SSsÉ3r”„CS#3ÉsSr”„É#cì# ßf‚„3cSìSìSÉR„#sÉC#S#Cb”„ÉÉÉSÄßf‚„SccCccs„ssì#c3ÉSB”„c#C3SCpßf‚”„Scììs#r„ssìC##S#"”„c#3ì#CÄßf‚”„3cSìcÉscB„#sÉsÉsC"”„ÉÉsÉÉìCCPßf‚„#ìcCSÉ3b„3S3C#"”„ÉÉs3ìsS#Äßf‚”„3C3Cs3b„3sSCc#cÇ”„Éss#3Éêßf‚”„#ìcCSÉ3b„3S3C#"”„ÉÉs3ìsS#Äßf‚„3CC#ÉìR„3ssSÉB”„Éss##S0ßf‚„3cSÉCÉ2„#c#Ccc”„Éì#ì3SÉßf‚”„3cSìCsÉ2„#c#Sìcí”„Éì#ìÉì#sÄßf‚„3cSìSìSÉR„#sÉC#S#Cb”„ÉÉÉSÄßf‚”„3cSìcÉscB„#sÉsÉsC"”„ÉÉsÉÉìCCPßf‚”„cSCìSs3SB”„cSs3SÉìCB„3s#scC0ßf‚”„SìS#3É”„sìS#cÉssB„ccS#@ßf‚”„ÉScì#S2”„Cì#CSìÉ3B„ScÉÉSpßf‚”„S#CSc3ÉCí”„ÉSCC#Cr„#sSÉc ßf‚”„#3##c”„ìcìccSÉ#R„É#ìcì`ßf‚”„#3cSsìSR”„ì3#ìsccc2„#ìcssì3c@ßf‚”„#cÉCì3B”„É#3CÉs#r„S3ÉCcCcpßf‚”„sc3C3#R”„CÉÉ3c#ììÇ„C##s3cßf‚”„#Ésc3ìs3r”„sC3#SÉb„cS#cCÄßf‚”„CÉCSCCSb”„#SSCÉìB„ÉS#sSì3@ßf‚„CSÉccÉR”„##3s#Ssb„ÉSììÉ#SPßf‚”„Cc##ìí”„##3C3ÉÉR„ÉSì##ìc#@ßf‚„CÉCSCC3ìb”„#SSCìí„ÉS#sSìì0ßf‚”„CÉsÉScí”„##sC3#ccÇ„ÉC#ssScC0ßf‚„CÉsÉSSìs”„##sC3#c3Ç„ÉC#ssScC0ßf‚”„CìCCÉb”„C3CÉ3c"„ssÉcSpßf‚„Cì#sCcB”„C3C#sÉí„ssìÉ#@ßf‚”„CìÉc#S3í„CSCSscSS"”„sÉSSCSì@ßf‚”„Cc#cììSì"„SÉ3s#É"”„ccì#cCìs ßf‚„c#Cìs„cSC#cì33Ç”„C#cìÉSCC0ßf‚„s#sÉ3ÉSb„3cs#2”„cÉSCSÉ@ßf‚”„CsCCsìb„3ÉC3cC”„És3sc3CÄßf‚„csCÉcsSr„c#Sì#sb”„s3S3ìsì`ßf‚”„3Ss#ssìr„ÉSsCì#SR„3scC#ì#ßf‚„3ÉCs3ì3„É3sSr„C#É#ÉPßf‚„C#S3"„ìÉ3c2”„ì3#SÉC#Pßf‚”„#ìccs3cSb„ìCsÉCS2”„#sc#ìC`ßf‚„33#ììcs2„cÉ#SSCcb”„cScÉ#C ßf‚”„#sSS#Ç„s##C#ìB”„c3ÉSìÉC@ßf‚”„É3ÉcCÉ”„3ìììsìí„CC3C3ìêßf‚”„33CCS"”„SÉÉ#S#sÇ„s3É3sÉCßf‚”„#Ésc3ìs3r”„sC3#SÉb„cS#cCÄßf‚”„sc3C3#R”„CÉÉ3c#ììÇ„C##s3cßf‚”„ììììSs"”„CcsscìcÇ„ÉcC3SÄßf‚”„ì#ÉCsCSí”„SÉ#3sr„3sc3ìC#0ßf‚”„ìÉC3#S#Ç”„cì#Cs3R„s#SCìÉìCPßf‚”„ìsCìS#b”„sìCC3#2„##sìÉìcC@ßf‚”„ìc3É#ì3B”„SÉ#3SCSb„#cssì@ßf‚”„ìì3Sr„sÉC#É3„SÉ3csScÄßf‚”„ìC#ìÉsÇ”„33SC3sB„33sêßf‚”„ìS#CìC#„#sÉÉS„33É#c`ßf‚”„sìcCcÉCìb”„3SSÉ#3í„S#Ccì#Éì0ßf‚”„CSCCÉìR„#ìs3sÉSr„É3ìcS3ì0ßf‚”„sC#3É„##ìÉ#"„csCcìÉS0ßf‚”„C3CCcS"„C3ì33#í„sìììCÉ0ßf‚„C3CsSÉÉR„C333#ÉSb„sìS33sÉßf‚„3ÉCs3ì3„É3sSr„C#É#ÉPßf‚”„3Ss#ssìr„ÉSsCì#SR„3scC#ì#ßf‚”„ìsccCCÇ„ìsc3SÉ”„#S#s#sS@ßf‚”„ìs#3CÉ"„ì#s#sCsCí„#SsSCCsêßf‚”„ììsSÉ3c2”„CÉ3sÉ3ì"„Sc#Cc#Épßf‚”„ììCSÉsÇ„ccÉsìÉr”„3ScCsCsSpßf‚”„CsCCsìb„3ÉC3cC”„És3sc3CÄßf‚”„CìÉc#S3í„CSCSscSS"”„sÉSSCSì@ßf‚”„ììì#CCSs”„3ÉÉ3ìcB„ssScìì3pßf‚”„ìCCìÉsìS2„3#ìc"”„3cìSÉÉÉ@ßf‚”„ì3ìì#Ér„ììÉ#s#r”„3#cCÉCsÄßf‚”„ììcÉì3sr”„sìc#cc„3#ÉìcccCêßf‚”„ììC33#cs”„ÉssCSS"„c#sÉSÄßf‚”„ìììÉ3CS3Ç”„ÉSìS#C#2„c3#S3Äßf‚”„ììììSs"”„CcsscìcÇ„ÉcC3SÄßf‚”„ìÉC3#S#Ç”„cì#Cs3R„s#SCìÉìCPßf‚”„ÉÉs3cìCSB”„3ìÉsìsÉÇ„#3S##êßf‚”„ìCsS3R”„333CÉìSb„#3#S33ßf‚”„ììÉ#S2”„c#Ss3ìscÇ”„c#ìSÉS#É0ßf‚”„ì3s3c3r”„#ÉS#3ÉSR„#cc#csPßf‚”„ìcÉSsì3S"”„CScs"”„#CCÉScpßf‚”„C3Sì3Sìí”„cÉs3SÉcsr„SÉìCcCpßf‚”„CìCCÉb”„C3CÉ3c"„ssÉcSpßf‚”„ì3s3C3#”„#CÉìSìÉìí„#C3s3CìS`ßf‚”„3ÉC33c#R”„ììsscSÇ„ìcssìCpßf‚”„ÉÉCSìÉ3R”„C33##C2„s#cCSÄßf‚”„ÉscScs#í”„ìsSÇ„CScìcÉ#`ßf‚”„ss3É#c3”„c#ìS#SCÇ”„scÉ#sS33Pßf‚”„ì#ÉCsCSí”„SÉ#3sr„3sc3ìC#0ßf‚”„ìCsÉ2”„3ìcS32„ÉcCìCÉÉ ßf‚”„cÉÉì3C#r„3ÉcsÉscb„s#3sì# ßf‚”„ÉCS#S3í„ìcC#ss32„CìsssÉêßf‚”„ÉsSs3ìCR„CssÉìsÉr„#CìcCPßf‚”„ìì3sÉ3Éb”„3CSìs#CC”„cC#scpßf‚”„ÉÉcììì3R„3S#CÉSCR„33SccÉs0ßf‚”„ìÉC#s3ìR„#csCR”„#3s3ìsC ßf‚”„Csc#ìr”„3CÉCc2”„ÉCsS3C#Pßf‚”„3s3CsÉÉb”„cÉcSì3#3R”„c#3sÉScPßf‚”„ìsCìS#b”„sìCC3#2„##sìÉìcC@ßf‚”„cÉ#cì3Ç”„3ìCÉÉììÇ„s33Spßf‚”„sì3SCÉCcR”„S#s#3ssB„SÉì3#pßf‚”„ìc3É#ì3B”„SÉ#3SCSb„#cssì@ßf‚”„sìcCcÉCìb”„3SSÉ#3í„S#Ccì#Éì0ßf‚„ÉcìcÉì”„cÉCc##Cr„CcCìSC#`ßf‚„ìccSsC#S"”„s#ìSÉ"„ìÉscC0ßf‚„ìcs#CS#"”„Éìsìc"„#C#Sì@ßf‚„ÉSc3CÉCSR”„33CÉìSb„CsÉSc ßf‚„CCsc3S"”„3ÉÉs3#í„ì#ÉÉ ßf‚„#Cs3ÉCì"”„C3#Cì#ìr„Éì#ìcsC0ßf‚„sCì3Sì"”„c3sSìsc2”„ìÉ3CS@ßf‚„cÉc3CR”„cÉìÉscb„3ìì3`ßf‚”„s#S#sSÇ”„#ì3cìC3í„c##ÉC33ÉPßf‚”„cÉSSÉì#SB”„#3sì33ìB„cÉÉsÉ3 ßf‚”„cìSÉc33Ç”„#ìssCc3r„cS3cC#É0ßf‚”„s##CSb”„#CSì##í„cSìc3c@ßf‚”„ÉìSS3#É2”„#cìC32„3ì#3SÉ3Pßf‚”„ÉÉSsÉ#cÇ”„sS3s#ìR„C3#CsCSÉ0ßf‚”„sSc##ì2”„ìÉsCsìSR„cCsCsCßf‚”„ÉSSssììí„SSÉCcc#C„SS3sC ßf‚”„ììsSÉ3c2”„CÉ3sÉ3ì"„Sc#Cc#Épßf‚”„ìs#3CÉ"„ì#s#sCsCí„#SsSCCsêßf‚”„ììì#CCSs”„3ÉÉ3ìcB„ssScìì3pßf‚”„ììcÉì3sr”„sìc#cc„3#ÉìcccCêßf‚”„ÉÉ33s3ìb”„#cS#Éscìr„3Éc3SÉC@ßf‚”„SsS#C#Ér”„33sÉ3##2„sCCìSìÉìßf‚”„S3cCcC”„S#sÉÉ3cÇ„cscCÉ#SSÄßf‚”„Cì##Ccìr”„cccc##s2„c#C##sSÉ0ßf‚”„cìSÉc33Ç”„#ìssCc3r„cS3cC#É0ßf‚”„ScCc#3#ìb”„#É#s#ì#2„ssSC###Pßf‚”„cÉSSÉì#SB”„#3sì33ìB„cÉÉsÉ3 ßf‚„#Cs3ÉCì"”„C3#Cì#ìr„Éì#ìcsC0ßf‚”„SsS#C#Ér”„33sÉ3##2„sCCìSìÉìßf‚”„ScCc#3#ìb”„#É#s#ì#2„ssSC###Pßf‚„CCsc3S"”„3ÉÉs3#í„ì#ÉÉ ßf‚”„S3cCcC”„S#sÉÉ3cÇ„cscCÉ#SSÄßf‚”„#cÉ33sr”„CÉ3c#3Ér„É3SSÉCc`ßf‚”„É#ììSÉ#"”„CììSSìÉ"„Éc##ìÉìcPßf‚„cÉc3CR”„cÉìÉscb„3ìì3`ßf‚„ÉSc3CÉCSR”„33CÉìSb„CsÉSc ßf‚”„#SÉ3c#Ç„CÉSC#És”„ÉsSCì3Pßf‚”„#ìcCSÉ3b„3S3C#"”„ÉÉs3ìsS#Äßf‚”„sÉÉSsÉ#R„#SS3Cìb”„cCccÉS`ßf‚”„s#Ccì3É3R„#Éc33#Éí”„c#cÉSCCsêßf‚”„#sSS#Ç„s##C#ìB”„c3ÉSìÉC@ßf‚”„sSÉÉC#É"„CìcCSsìb”„CC3É#c0ßf‚”„#ìcCSÉ3b„3S3C#"”„ÉÉs3ìsS#Äßf‚”„3C3Cs3b„3sSCc#cÇ”„Éss#3Éêßf‚”„sCìÉììc#b„#CCS3CCÇ”„cCcìsì30ßf‚”„sÉÉSsÉ#R„#SS3Cìb”„cCccÉS`ßf‚”„SSsÉ3r”„CS#3ÉsSr”„É#cì# ßf‚”„ìcÉSsì3S"”„CScs"”„#CCÉScpßf‚”„ìscSìCR”„#Éc3#2”„3cSs3cSpßf‚”„s#Ccsb„C#É33”„cìs#Cs#Äßf‚”„ìsìS3ìÇ„#cCcSsCcÇ”„#ìSCìCc`ßf‚”„ììÉ#S2”„c#Ss3ìscÇ”„c#ìSÉS#É0ßf‚”„ììC33#cs”„ÉssCSS"„c#sÉSÄßf‚”„ìììÉ3CS3Ç”„ÉSìS#C#2„c3#S3Äßf‚”„Cc#cììSì"„SÉ3s#É"”„ccì#cCìs ßf‚”„CìÉc#S3í„CSCSscSS"”„sÉSSCSì@ßf‚”„ììCSÉsÇ„ccÉsìÉr”„3ScCsCsSpßf‚”„sc3ÉCSìÇ„#ììCÉ"”„SsSSìSPßf‚”„3cSìcÉscB„#sÉsÉsC"”„ÉÉsÉÉìCCPßf‚”„3cSìCsÉ2„#c#Sìcí”„Éì#ìÉì#sÄßf‚”„ìCCìÉsìS2„3#ìc"”„3cìSÉÉÉ@ßf‚”„sCìÉììc#b„#CCS3CCÇ”„cCcìsì30ßf‚”„sÉÉSsÉ#R„#SS3Cìb”„cCccÉS`ßf‚”„ì3ìì#Ér„ììÉ#s#r”„3#cCÉCsÄßf‚„sì3sC3SS„S#ì#C#r”„3C#ÉC ßf‚„ìÉ#cCÉs2”„cÉCS#ÉÇ„ssc###ìêßf‚„ì3ccÉsSÉí”„#CÉSìB„33CÉ3#sSÄßf‚„ì33cìCcÇ”„#CS#S#Sb„33sCS3CÉPßf‚„s#cS#CCÇ„c#S3#3"”„3#3#C3sßf‚„ììsCr”„ìsÉCSìScr„CCìC0ßf‚„cCS3SCr”„Cìs3CSÇ„c3É#3SSêßf‚„s#Éc3#b„cÉS3#ìR”„ìc#scPßf‚„sssÇ„#3CìB„cs33CÉ`ßf‚„CCssSìr„3s3CìÉ#ì„É#sc3cìßf‚„ÉsÉ##ÉsÉB”„##s3ìsc"”„Cc###Écßf‚„ìCc#33Éí”„CCcSsìR”„C#3ÉccCÉßf‚„SsÉSÉS”„Sssìí”„ÉC#CSÄßf‚„SSÉ33r”„s3ìcSR”„É3ì3#0ßf‚„S3ÉìC#R”„C3cSÉCSR”„s#cÉcs0ßf‚„ÉCSì3sSR”„3CCb”„CS3CìSPßf‚„Sc3É3CÉCb”„cì3cssCÉR”„CCÉ##ÉCêßf‚„ÉSÉCCÉCCb”„CCS33cCc”„#SCCC3ìC@ßf‚„ÉCSì3sSR”„3CCb”„CS3CìSPßf‚„S3ÉìC#R”„C3cSÉCSR”„s#cÉcs0ßf‚„ìssCìS2„#SS3ssìCR„#Csc ßf‚„ÉsÉ##ÉsÉB”„##s3ìsc"”„Cc###Écßf‚„ìcss#3Ç”„SÉCc3cÉR„#Cs3#É#êßf‚„ìCc#33Éí”„CCcSsìR”„C#3ÉccCÉßf‚„ìcCsc#3í”„ÉÉìCc„#S#É3CÄßf‚„CSÉ3cÉc2”„SCss#b„ÉÉs3ìs3Äßf‚„C3CsSÉÉR„C333#ÉSb„sìS33sÉßf‚„ìc3sì#ìÇ„#3ÉcÉìc„Sì#sCßf‚„3ÉCs3ì3„É3sSr„C#É#ÉPßf‚„SS3sìÉ#”„SC33cCR”„ÉÉìS3#s`ßf‚„ìsScs#c2”„#sccSSb”„3cCìcCSpßf‚„ìcÉccs”„Cc3Sb”„#C3ììcêßf‚„s##CÉSí„ì3SsR”„cÉ##cC#cÄßf‚„sÉsCCS"„CÉc3cs32”„3ìÉ3CS0ßf‚„ììÉ#ccÉb”„cScìÇ”„ìSÉcìêßf‚„ssÉsì3É"„SCSìÉÉC”„33ìÉì`ßf‚”„#CSc3ìcr”„Scììì3r”„ìcscÉÉc ßf‚„#CcSs##í”„ScÉÉ#b”„ìcsSSì33Äßf‚„#sSScÉB„sSCC#3”„ìscCcCPßf‚”„#sìS33"„ÉCì3cr”„ìsc#cC3 ßf‚”„SssSÉC3Éb”„SsÉCÉCcí”„ÉCcÉcÉ3Pßf‚”„SCsÉ3#3”„CÉC#cSsB”„É3cCScSìpßf‚”„ìSs#33”„ìsSì#r”„ìÉCc##pßf‚”„S#ÉCsS2”„S#cÉ3CÇ”„ÉCsC##sPßf‚”„SSsÉ3r”„CS#3ÉsSr”„É#cì# ßf‚”„sSì#cÉR”„ÉCs3s#ì3B”„ìÉsCì3êßf‚„s##CcCÉb”„ìccCì”„ìÉÉs#ìÉêßf‚„ìSs#3CB”„ìsSììB”„ìÉCc##pßf‚”„ÉÉ33s3ìb”„#cS#Éscìr„3Éc3SÉC@ßf‚”„ììCcc3É3R”„ìsÉssSí„3#c3#s#s ßf‚”„ììcÉì3sr”„sìc#cc„3#ÉìcccCêßf‚”„ÉSì#sìcì"”„3#SS3CS"„3ìÉc##Cpßf‚”„3sCSÉ33b”„SCìc##sÇ„sCcs#ÉÉ ßf‚”„c3CCì#B”„CS#3CÉÉ#Ç„c#cs3sÉ30ßf‚”„33CCS"”„SÉÉ#S#sÇ„s3É3sÉCßf‚”„É3ÉcCÉ”„3ìììsìí„CC3C3ìêßf‚”„ìsì3c32”„SÉc#ÉB„3ssCc@ßf‚”„ìc3ììcÉr”„###CìSí„csÉSsPßf‚”„sc3C3#R”„CÉÉ3c#ììÇ„C##s3cßf‚”„ÉScì#S2”„Cì#CSìÉ3B„ScÉÉSpßf‚”„cSCìSs3SB”„cSs3SÉìCB„3s#scC0ßf‚„ììSìÉCB„cCì3Cb”„3ScSÉs#ßf‚„Cs3ssCc2„3SSCcÇ”„ÉsÉì`ßf‚„CìssC3SB„CS3Sì33"”„sÉcCsS0ßf‚„ìsìÉr„ìSSCììì"”„##3Cs3sÉpßf‚„ììssS#ÉCR”„C3ÉìÉB„S3cSCCÉCPßf‚„ìsSsC"„ìSìCCÉ„##Éc#É3`ßf‚„ììì#Sc32”„3Écì##Ç„cCCÉsSpßf‚„ìCCì3ÉB„C3CCR”„3Éì#3SPßf‚„ì3ìs3cí„ììsÉìÉSsí”„3#sC#cpßf‚„ììcÉc33í”„sìc#ÉCÇ„#É3ÉÉ#Sßf‚”„ìÉC#s3ìR„#csCR”„#3s3ìsC ßf‚”„ÉÉcììì3R„3S#CÉSCR„33SccÉs0ßf‚”„ìs#3CÉ"„ì#s#sCsCí„#SsSCCsêßf‚”„ìsccCCÇ„ìsc3SÉ”„#S#s#sS@ßf‚„Cs3ssCc2„3SSCcÇ”„ÉsÉì`ßf‚„ìsìÉr„ìSSCììì"”„##3Cs3sÉpßf‚„ìÉ3ÉSìÉìr„#CÉ3ìsR”„#É#S3s@ßf‚„Ccììc#Ç”„33ììCCì#í”„ÉCsÉS#S#Äßf‚”„#sSS#Ç„s##C#ìB”„c3ÉSìÉC@ßf‚„33#ììcs2„cÉ#SSCcb”„cScÉ#C ßf‚„#SssccCÉR„CÉsìS#Ç”„ÉsSCcs#Cßf‚”„#SÉ3c#Ç„CÉSC#És”„ÉsSCì3Pßf‚”„#ìcCSÉ3b„3S3C#"”„ÉÉs3ìsS#Äßf‚„#ìcCSÉ3b„3S3C#"”„ÉÉs3ìsS#Äßf‚”„Csc#ìr”„3CÉCc2”„ÉCsS3C#Pßf‚„Ccììc#Ç”„33ììCCì#í”„ÉCsÉS#S#Äßf‚„3ss#c32”„cÉcS3scÉ2”„c#Sìì3s`ßf‚”„3s3CsÉÉb”„cÉcSì3#3R”„c#3sÉScPßf‚”„3s3CsÉÉb”„cÉcSì3#3R”„c#3sÉScPßf‚„3ss#c32”„cÉcS3scÉ2”„c#Sìì3s`ßf‚„3ScSÉCC"”„ÉÉÉÉì3b”„#ÉìssSÉpßf‚”„3ScìS3C2”„ÉÉÉ#s32”„#Éì#3Cìßf‚”„3Ss#ssìr„ÉSsCì#SR„3scC#ì#ßf‚”„cÉ#S3cC#2„s3S#b”„33#SC# ßf‚”„ìc3C#ÉSR„##3SÉÉsìB„SÉÉC`ßf‚”„#ìccs3cSb„ìCsÉCS2”„#sc#ìC`ßf‚”„sSÉÉC#É"„CìcCSsìb”„CC3É#c0ßf‚”„#sSS#Ç„s##C#ìB”„c3ÉSìÉC@ßf‚„SsCc3c"„33ìSsìÇ„sCCÉìCì# ßf‚„ÉS#3sC„ccì3Éìì„S#SSêßf‚„sSc#Éb”„ìScÉÉÉ"„cCÉ###ßf‚„É33S#ì2„#É#ÉSc3R„CÉ3sSSpßf‚„ìsSsC"„ìSìCCÉ„##Éc#É3`ßf‚„ÉÉCìsscìÇ„3SscCSÇ„3c#ììcSpßf‚„SCìSÉ##B„CSScÉC„s#sSÉìÄßf‚„SsCc3c"„33ìSsìÇ„sCCÉìCì# ßf‚„sSc#Éb”„ìScÉÉÉ"„cCÉ###ßf‚„ÉCCcìÉÇ”„Ss3sssí„SSÉcÉ#c ßf‚„sc#sìsÉì"„CCcc3ìSR„Ccsc3@ßf‚„s3#SSìC"”„cìsìÉS#”„ÉSÉì## ßf‚„ScSÉs#s#í„3csÉ#SR„s3sÉìsCS`ßf‚„#É3SCscB”„c3sScìsr„sc3#É0ßf‚„Ccììc#Ç”„33ììCCì#í”„ÉCsÉS#S#Äßf‚”„ìÉÉR”„33333ììR”„ì#3#S3Cspßf‚”„cÉ##cìB„cS3c3ì2”„s#ÉcCCÉCÄßf‚„Cs3ssCc2„3SSCcÇ”„ÉsÉì`ßf‚„ìÉ3ÉSìÉìr„#CÉ3ìsR”„#É#S3s@ßf‚„ìsìÉr„ìSSCììì"”„##3Cs3sÉpßf‚„ìsSsC"„ìSìCCÉ„##Éc#É3`ßf‚„ÉÉCìsscìÇ„3SscCSÇ„3c#ììcSpßf‚„sÉC3ìc3í„#SS#sc#"”„cCsSscÄßf‚„ì3ìs3cí„ììsÉìÉSsí”„3#sC#cpßf‚„ìCCì3ÉB„C3CCR”„3Éì#3SPßf‚„sCÉSsc##B„#CS3ÉÉì”„cSìcìCsêßf‚„sc#ÉìScCB„#ì#sc3B”„SscC3s3S@ßf‚„ììSìÉCB„cCì3Cb”„3ScSÉs#ßf‚„Cc#ìS#2„SÉsS3Ér”„ccì#c#Cêßf‚„CìssC3SB„CS3Sì33"”„sÉcCsS0ßf‚„3cSìSìSÉR„#sÉC#S#Cb”„ÉÉÉSÄßf‚„3cSÉCÉ2„#c#Ccc”„Éì#ì3SÉßf‚„Ccììc#Ç”„33ììCCì#í”„ÉCsÉS#S#Äßf‚„ìì3ì3ÉR”„CS3Sììì2”„sCCscpßf‚„3ss#c32”„cÉcS3scÉ2”„c#Sìì3s`ßf‚„ìÉ3ÉSìÉìr„#CÉ3ìsR”„#É#S3s@ßf‚„ÉÉCìsscìÇ„3SscCSÇ„3c#ììcSpßf‚„ÉÉ3ìì3Éí„C#s33B„#3ìÉccCcPßf‚„ììS#ì3r”„CÉSÉÉcÇ„sc3#3s3êßf‚„ÉsCCsÉb„SìS3Cr„Cc3ÉìÉ ßf‚„scÉsCÉr„SC#c#s#Ç„scSCsc@ßf‚„Éss##Cc#B”„ÉÉìSCsb„CC3CsÉÄßf‚„ss#3ÉSí”„c3SSSS2”„sìs#ÉCC`ßf‚„ÉÉÉSc2”„CC#cÉìÉìb„css3ScÄßf‚„ìÉ#cCÉs2”„cÉCS#ÉÇ„ssc###ìêßf‚„ÉsC3sì3í”„CSCCB„CsSC#s ßf‚„ì3ccÉsSÉí”„#CÉSìB„33CÉ3#sSÄßf‚„ÉÉsìcCSCr”„3ìÉÉCcb„#3#c#CPßf‚„3É33sC"”„ì#C3SR„ìcSccScpßf‚„C3SC333”„cÉÉ3#Sí„SÉìsì`ßf‚„ììCcÉÉsCí”„scSSÉ3É2„cÉsìÉCsßf‚„ì3ÉsccS2”„333ìì#B„#3ìcSS ßf‚„ssÉsì3É"„SCSìÉÉC”„33ìÉì`ßf‚„sì3sC3SS„S#ì#C#r”„3C#ÉC ßf‚„ììÉ#ccÉb”„cScìÇ”„ìSÉcìêßf‚„ì3cScì2”„#ÉS#ÉsÇ„#3ÉÉìs ßf‚„ìcÉccs”„Cc3Sb”„#C3ììcêßf‚„Cì#sCcB”„C3C#sÉí„ssìÉ#@ßf‚„ì3sS33S”„#Cìs3ÉÇ„#C##ÉÉPßf‚”„3s3CsÉÉb”„cÉcSì3#3R”„c#3sÉScPßf‚”„3ScìS3C2”„ÉÉÉ#s32”„#Éì#3Cìßf‚”„ìCsÉ2”„3ìcS32„ÉcCìCÉÉ ßf‚”„ìì3sÉ3Éb”„3CSìs#CC”„cC#scpßf‚”„3ScìS3C2”„ÉÉÉ#s32”„#Éì#3Cìßf‚„3ScSÉCC"”„ÉÉÉÉì3b”„#ÉìssSÉpßf‚„3É33sC"”„ì#C3SR„ìcSccScpßf‚”„3ÉC33c#R”„ììsscSÇ„ìcssìCpßf‚„C3SC333”„cÉÉ3#Sí„SÉìsì`ßf‚”„C3Sì3Sìí”„cÉs3SÉcsr„SÉìCcCpßf‚”„sCìÉììc#b„#CCS3CCÇ”„cCcìsì30ßf‚”„3C3Cs3b„3sSCc#cÇ”„Éss#3Éêßf‚”„3cSìCsÉ2„#c#Sìcí”„Éì#ìÉì#sÄßf‚”„sc3ÉCSìÇ„#ììCÉ"”„SsSSìSPßf‚”„#CC33”„cìììÉCÉCÇ„s3É3Sss`ßf‚„#ÉsC3ss"”„ÉsS3ìcR„SÉìÉcì@ßf‚„CÉììì#S”„ccÉsÉSsí„c#cCC#ÉPßf‚„c#CCSÉR”„Cc#C3cR„c#ìs3ÉsCÄßf‚”„ScSÉsÉìB„3csÉ#SÉcb„s3sÉìsÉ0ßf‚„ScSÉs#s#í„3csÉ#SR„s3sÉìsCS`ßf‚„#É3SCscB”„c3sScìsr„sc3#É0ßf‚”„#É3SCsÉí”„c3sSc#ìb„sc3#Ss@ßf‚”„C3ì3CC"”„SìcSSÉ3B„É#ScÉs3@ßf‚„cÉc3CR”„cÉìÉscb„3ìì3`ßf‚”„É#ììSÉ#"”„CììSSìÉ"„Éc##ìÉìcPßf‚”„sìSsìs"”„ìÉ#c2„ìsSÉ3Ccpßf‚„É33ìR”„S3SÉ#B„ÉSCSSÉS#pßf‚„sCì3Sì"”„c3sSìsc2”„ìÉ3CS@ßf‚”„c#C3Css2”„csÉÉccR„3ÉcCSC`ßf‚”„S##ìc332”„ÉsÉSSSS3b”„Cssccßf‚”„sSS#ì#"”„c#cÉì3SÇ”„ì#ÉSsPßf‚”„C3ì3CC"”„SìcSSÉ3B„É#ScÉs3@ßf‚„3ScsìCí”„#ÉÉsìS#2„ÉÉÉC#C#Äßf‚„É33ìR”„S3SÉ#B„ÉSCSSÉS#pßf‚„#ìccsCSB”„3##cC2„ìCìcc@ßf‚”„É#ììSÉ#"”„CììSSìÉ"„Éc##ìÉìcPßf‚„C#S#SÉ#r”„#ìcCcìS3b„ìCcììßf‚”„3s#ccSÉS"”„#ìÉs#cSSí„ÉsÉScÉSêßf‚”„S##csS2”„ììCScÉscR„ìì3ccÉc`ßf‚”„CCÉìÉì”„sì#CÉCÉ2„ÉìsSÉÉ ßf‚”„#CS33cí”„csCÉcìB„sC#CS@ßf‚”„S3cCcC”„S#sÉÉ3cÇ„cscCÉ#SSÄßf‚”„#cÉ33sr”„CÉ3c#3Ér„É3SSÉCc`ßf‚”„3ÉcCc3Ç”„sCs3CS„css#sìêßf‚„#SìscCÇ”„CÉ#sSÉsR„É3cSSS@ßf‚„S#CÉ###b”„S#ÉS#3"„cssC3#s`ßf‚”„3ÉcCc3Ç”„sCs3CS„css#sìêßf‚”„Cì##Ccìr”„cccc##s2„c#C##sSÉ0ßf‚”„S3cCcC”„S#sÉÉ3cÇ„cscCÉ#SSÄßf‚„#ÉsC3ss"”„ÉsS3ìcR„SÉìÉcì@ßf‚„S#CÉ###b”„S#ÉS#3"„cssC3#s`ßf‚„CÉììì#S”„ccÉsÉSsí„c#cCC#ÉPßf‚”„SC3ìSCsB„CS3ss3"„ss3s ßf‚„SCìSÉ##B„CSScÉC„s#sSÉìÄßf‚„sc#sìsÉì"„CCcc3ìSR„Ccsc3@ßf‚”„sc#sìss2„CCcc3B„Ccsc#S0ßf‚„ScSÉs#s#í„3csÉ#SR„s3sÉìsCS`ßf‚”„ScSÉsÉìB„3csÉ#SÉcb„s3sÉìsÉ0ßf‚”„s#Ccsb„C#É33”„cìs#Cs#Äßf‚”„SSsÉ3r”„CS#3ÉsSr”„É#cì# ßf‚”„sSì#cÉR”„ÉCs3s#ì3B”„ìÉsCì3êßf‚”„#ÉSÉ#c#3b„sc33#2”„ìC#sÉcSPßf‚„3#sSc#„SCcìC3c2”„ì3sS3cßf‚„s##CcCÉb”„ìccCì”„ìÉÉs#ìÉêßf‚”„ìsìS3ìÇ„#cCcSsCcÇ”„#ìSCìCc`ßf‚”„s#Ccsb„C#É33”„cìs#Cs#Äßf‚”„#ÉSÉ#c#3b„sc33#2”„ìC#sÉcSPßf‚”„3C3ÉC33„sCÉSìÉC2”„cÉÉìsÉPßf‚”„#S3C#ìcb”„ìS3É3s2”„É#sCc3ìPßf‚”„Sc3É3Cìb”„cì3css3cb”„CCÉ##s0ßf‚”„cìCÉsÉÉ"”„ssC3ìCsS”„#Éc3sS# ßf‚”„#ìcCÉCcb”„Écì3ìSÇ”„SCÉ3#S0ßf‚„#ìcCÉSÉR”„Écì3ìSÇ”„SCÉ3#S0ßf‚„#S3C3#b”„ìS3É3s2”„É#sCc#ìßf‚”„#3##c”„ìcìccSÉ#R„É#ìcì`ßf‚„Sc3É3CÉCb”„cì3cssCÉR”„CCÉ##ÉCêßf‚„#3#sÉsí”„ìcìcSì#B„É#S#SCSPßf‚„cìCÉsìC”„ssC3ìCcì”„#Éc3sCsÄßf‚„SìSC"”„sìS#sÉSÇ„cììêßf‚”„ì#ÉCsCSí”„SÉ#3sr„3sc3ìC#0ßf‚”„cÉ#cì3Ç”„3ìCÉÉììÇ„s33Spßf‚”„cÉÉì3C#r„3ÉcsÉscb„s#3sì# ßf‚”„ÉscScs#í”„ìsSÇ„CScìcÉ#`ßf‚”„s##CSb”„#CSì##í„cSìc3c@ßf‚”„sSc##ì2”„ìÉsCsìSR„cCsCsCßf‚”„CCÉìÉì”„sì#CÉCÉ2„ÉìsSÉÉ ßf‚”„cÉSSÉì#SB”„#3sì33ìB„cÉÉsÉ3 ßf‚”„c3CCì#B”„CS#3CÉÉ#Ç„c#cs3sÉ30ßf‚”„cìSÉc33Ç”„#ìssCc3r„cS3cC#É0ßf‚”„Cì##Ccìr”„cccc##s2„c#C##sSÉ0ßf‚”„s#S#sSÇ”„#ì3cìC3í„c##ÉC33ÉPßf‚”„ÉìSS3#É2”„#cìC32„3ì#3SÉ3Pßf‚”„ÉÉ33s3ìb”„#cS#Éscìr„3Éc3SÉC@ßf‚„ss3ìÉÉC2”„ss33sc2„c3Ccsêßf‚„ìcs#CS#"”„Éìsìc"„#C#Sì@ßf‚„ÉC3sC#ìcr„CsSSìsB„3Cì#ÉCS0ßf‚„ÉcìcÉì”„cÉCc##Cr„CcCìSC#`ßf‚”„#cÉ33sr”„CÉ3c#3Ér„É3SSÉCc`ßf‚„CCsc3S"”„3ÉÉs3#í„ì#ÉÉ ßf‚”„É#ììSÉ#"”„CììSSìÉ"„Éc##ìÉìcPßf‚„#Cs3ÉCì"”„C3#Cì#ìr„Éì#ìcsC0ßf‚”„ScCc#3#ìb”„#É#s#ì#2„ssSC###Pßf‚”„3s#ccSÉS"”„#ìÉs#cSSí„ÉsÉScÉSêßf‚”„cÉSSÉì#SB”„#3sì33ìB„cÉÉsÉ3 ßf‚”„CCÉìÉì”„sì#CÉCÉ2„ÉìsSÉÉ ßf‚”„CSCCÉìR„#ìs3sÉSr„É3ìcS3ì0ßf‚„CCssSìr„3s3CìÉ#ì„É#sc3cìßf‚„sssÇ„#3CìB„cs33CÉ`ßf‚”„sC#3É„##ìÉ#"„csCcìÉS0ßf‚”„SsÉ3ssÇ„3s#sR„sScSÉ# ßf‚„SsCc3c"„33ìSsìÇ„sCCÉìCì# ßf‚„SCìSÉ##B„CSScÉC„s#sSÉìÄßf‚”„SC3ìSCsB„CS3ss3"„ss3s ßf‚”„SsÉ3ssÇ„3s#sR„sScSÉ# ßf‚”„sSc##ì2”„ìÉsCsìSR„cCsCsCßf‚”„ÉSSssììí„SSÉCcc#C„SS3sC ßf‚”„ÉCSCC#s"„#cS#3C3S„Cc3SCÉc`ßf‚”„ìs#3CÉ"„ì#s#sCsCí„#SsSCCsêßf‚”„ÉÉcììì3R„3S#CÉSCR„33SccÉs0ßf‚”„SC3ìSCsB„CS3ss3"„ss3s ßf‚”„sSc##ì2”„ìÉsCsìSR„cCsCsCßf‚”„SsÉ3ssÇ„3s#sR„sScSÉ# ßf‚”„Écccsb”„SCCCc3ìì"„ì3ì3#Éßf‚”„sc#sìss2„CCcc3B„Ccsc#S0ßf‚”„s3#Sc#B”„cìsìÉ#É2”„ÉSÉÉc3@ßf‚”„ScSÉsÉìB„3csÉ#SÉcb„s3sÉìsÉ0ßf‚”„#É3SCsÉí”„c3sSc#ìb„sc3#Ss@ßf‚”„c3CCì#B”„CS#3CÉÉ#Ç„c#cs3sÉ30ßf‚”„Cì##Ccìr”„cccc##s2„c#C##sSÉ0ßf‚„#ÉsC3ss"”„ÉsS3ìcR„SÉìÉcì@ßf‚”„#CC33”„cìììÉCÉCÇ„s3É3Sss`ßf‚„CSÉccÉR”„##3s#Ssb„ÉSììÉ#SPßf‚„ìcCsc#3í”„ÉÉìCc„#S#É3CÄßf‚„ìcss#3Ç”„SÉCc3cÉR„#Cs3#É#êßf‚„CSÉ3cÉc2”„SCss#b„ÉÉs3ìs3Äßf‚„CÉCSCC3ìb”„#SSCìí„ÉS#sSìì0ßf‚„ìcCsc#3í”„ÉÉìCc„#S#É3CÄßf‚„CSÉccÉR”„##3s#Ssb„ÉSììÉ#SPßf‚„ìc3ÉCb”„sÉ3s"„#CCs3#C@ßf‚„CÉsÉSSìs”„##sC3#c3Ç„ÉC#ssScC0ßf‚„ìSCssÉb”„c3ì3sSí„#CÉC3s`ßf‚„Cì#sCcB”„C3C#sÉí„ssìÉ#@ßf‚„ì3sS33S”„#Cìs3ÉÇ„#C##ÉÉPßf‚„ì3cScì2”„#ÉS#ÉsÇ„#3ÉÉìs ßf‚„ìcÉccs”„Cc3Sb”„#C3ììcêßf‚„ìsScs#c2”„#sccSSb”„3cCìcCSpßf‚”„ìSCssÉb”„c3ì3ÉB„#CÉC3c#pßf‚”„ìscSìCR”„#Éc3#2”„3cSs3cSpßf‚”„ì3s3C3#”„#CÉìSìÉìí„#C3s3CìS`ßf‚”„ÉìcìÉ3ì#"”„#3#sìr”„C#Sss0ßf‚”„ìc3ÉCb”„sÉ3cr„#CCs3#Sêßf‚”„Éì#3c33”„SSCCCsí”„CCÉ3cCìs0ßf‚”„ìcCÉCÉC2”„Éì3##Sb„#ScìC`ßf‚”„ìCSìCC#”„CCSScsSí”„C#3ì3ÉÉCßf‚”„ì3s3C3#”„#CÉìSìÉìí„#C3s3CìS`ßf‚”„ìscSìCR”„#Éc3#2”„3cSs3cSpßf‚”„ìcÉSsì3S"”„CScs"”„#CCÉScpßf‚”„ì3s3c3r”„#ÉS#3ÉSR„#cc#csPßf‚”„CìCCÉb”„C3CÉ3c"„ssÉcSpßf‚”„ìSCssÉb”„c3ì3ÉB„#CÉC3c#pßf‚”„CÉsÉScí”„##sC3#ccÇ„ÉC#ssScC0ßf‚”„ìc3ÉCb”„sÉ3cr„#CCs3#Sêßf‚”„CÉCSCCSb”„#SSCÉìB„ÉS#sSì3@ßf‚”„ìcCÉCÉC2”„Éì3##Sb„#ScìC`ßf‚”„Cc##ìí”„##3C3ÉÉR„ÉSì##ìc#@ßf‚„ìcCsc#3í”„ÉÉìCc„#S#É3CÄßf‚„Éì#Ccs3Ç”„SCÉ3ìb”„CCÉcCS#0ßf‚„ìCc#33Éí”„CCcSsìR”„C#3ÉccCÉßf‚„ìc3ÉCb”„sÉ3s"„#CCs3#C@ßf‚„ÉìcìÉ3É"”„#3#cr”„C#Sss30ßf‚„ìSCssÉb”„c3ì3sSí„#CÉC3s`ßf‚„ìsScs#c2”„#sccSSb”„3cCìcCSpßf‚„ì3sS33S”„#Cìs3ÉÇ„#C##ÉÉPßf‚”„CsCCsìb„3ÉC3cC”„És3sc3CÄßf‚”„Csc#ìr”„3CÉCc2”„ÉCsS3C#Pßf‚”„ìÉC#s3ìR„#csCR”„#3s3ìsC ßf‚”„ìsccCCÇ„ìsc3SÉ”„#S#s#sS@ßf‚”„Cc##ìí”„##3C3ÉÉR„ÉSì##ìc#@ßf‚”„CcsÉ3s2”„SS3ìs#cÇ„ÉÉ#C#3Cßf‚”„ìcs33cssB”„SÉ3SscR„#CccìSÉìßf‚”„ìcCÉCÉC2”„Éì3##Sb„#ScìC`ßf‚„3ss#c32”„cÉcS3scÉ2”„c#Sìì3s`ßf‚„ìì3ì3ÉR”„CS3Sììì2”„sCCscpßf‚„ììS#ì3r”„CÉSÉÉcÇ„sc3#3s3êßf‚„3ScSÉCC"”„ÉÉÉÉì3b”„#ÉìssSÉpßf‚„3É33sC"”„ì#C3SR„ìcSccScpßf‚„ss#3ÉSí”„c3SSSS2”„sìs#ÉCC`ßf‚„ÉÉÉSc2”„CC#cÉìÉìb„css3ScÄßf‚„3ÉCs3ì3„É3sSr„C#É#ÉPßf‚„ìc3sì#ìÇ„#3ÉcÉìc„Sì#sCßf‚„ìÉ#SìCR„É3CÉÉÉì”„#ìÉc#ìSPßf‚„C#S3"„ìÉ3c2”„ì3#SÉC#Pßf‚”„SìS#3É”„sìS#cÉssB„ccS#@ßf‚”„#3##c”„ìcìccSÉ#R„É#ìcì`ßf‚”„#S3C#ìcb”„ìS3É3s2”„É#sCc3ìPßf‚”„cìCÉsÉÉ"”„ssC3ìCsS”„#Éc3sS# ßf‚„cSsS„ssììcÉìR”„##ìÉìsêßf‚„ÉsÉ#c3Sì2„3S3cì3#”„3#C33C#@ßf‚”„ÉSÉÉ3ì#í„#ìScìsSB”„CÉ#ìs#0ßf‚”„Sìc#cScB„sC3ÉCR”„33sCCS@ßf‚”„SÉìcÉS3Ç„3ÉÉ#cÉÉSÇ”„sÉsìs ßf‚„cÉ3cS3Cr„3c3SSB”„cìsCSSpßf‚„sss#ÉÉCìb„SììCss3R„ìì3ÉsPßf‚„cccc3Cs2„s#SÉS332”„#3sSCcsÄßf‚„ss#CìÉ"”„cÉÉSSC##r”„ÉCÉSpßf‚„sÉsCÉr”„c3ÉÉsì„3csSSsßf‚„Ssì#ccSb”„#cs3CsCÉR„ssSC#3Äßf‚„SCì3#2„#ìc#3cÉ"„sÉ3#cPßf‚„sss#ÉÉCìb„SììCss3R„ìì3ÉsPßf‚”„ÉSì#sCS„#sÉSssìí„ìC##cSSßf‚”„Ss3CsCscR„cc#Cì#32„CÉCìssì ßf‚„SCì3#2„#ìc#3cÉ"„sÉ3#cPßf‚”„ìÉsssR”„#CC#CÉS"„ìCì#ì3êßf‚„Ssì#ccSb”„#cs3CsCÉR„ssSC#3Äßf‚„sÉsCÉr”„c3ÉÉsì„3csSSsßf‚”„cÉ3#C#2”„cìCÉìr„Ss#ììÉ3ßf‚„sss#ÉÉCìb„SììCss3R„ìì3ÉsPßf‚”„Ss3CsCscR„cc#Cì#32„CÉCìssì ßf‚”„cìss#Éì3"„sSc#sí„3#sÉcìßf‚„cccc3Cs2„s#SÉS332”„#3sSCcsÄßf‚„cÉ3cS3Cr„3c3SSB”„cìsCSSpßf‚”„SÉìcÉS3Ç„3ÉÉ#cÉÉSÇ”„sÉsìs ßf‚”„SCSSsìí”„s3#s3ì”„Cs3ìÉs@ßf‚„Ss#É3SìÉ"”„cììC#3í”„C#sÉSC3#êßf‚”„#C3ìÉìSr„ìScÉÉ#b”„SssS33Äßf‚„#SSS3#Cb”„3scccÉSR„ÉìCcsÉpßf‚„És3c3Cb”„c#C#3ìB„CÉ3cPßf‚„CcCc„ÉSsSìÉ#b„##ìsc3#É@ßf‚”„Ss3CsCscR„cc#Cì#32„CÉCìssì ßf‚”„cÉ3#C#2”„cìCÉìr„Ss#ììÉ3ßf‚”„cìÉSìCR”„cìÉ3ÉìCR„SÉcpßf‚”„cìss#Éì3"„sSc#sí„3#sÉcìßf‚„cÉC#Ss3B„C##Éc3"”„ì3scêßf‚”„Cìs#SÇ„C#ìCB”„ìC3#Cêßf‚”„cCSsÉcb„Cìs#ÉsR”„ìsCìCsÉßf‚„ìÉ3r„Cì3ÉSB”„ìÉÉsÉs3S0ßf‚”„sC33És##"”„Ssììss#sB„333cì#Éßf‚”„ì#É3CÉÉb”„3Éc3CsSì"„3ììì#@ßf‚”„É#cSScb”„3ììSìcÉB„3ìcCSSsÄßf‚”„ì3#ìC3Ç”„3c#cR”„33És3CCS@ßf‚”„ìSC3cìR”„3c3”„##S3C`ßf‚”„cìCCÉcC2”„cìÉ3#cR„##SìììÉpßf‚”„ÉÉ3cÉsì2”„#3ìÉS3ìì2”„S###Cssìßf‚”„ìÉì#sìÇ”„3ìC3scSí”„cS#SscìÄßf‚”„cÉìs#c2”„S3É#ìCc2”„CÉC3#Éêßf‚”„ìsscR„É#CÉSÉr”„C#ÉÉì#Pßf‚”„ì3scc3í„#3SÉÉìcr”„#SS#ìÉcs@ßf‚”„ì3ÉÉsSb”„3CSìccÉÇ„cSsÉ3#Cßf‚”„ìcc3Sr„#SSs#SS”„33sÉÉC@ßf‚”„ìCÉSSscR„3sì##„#ÉS33ccs0ßf‚”„ì#sSìcì#r”„3s3SSCSÇ„CÉ#CsÉ#êßf‚”„ì3SìCC#Sí”„3Sì3332„#ì##sSSÉPßf‚”„ÉcC3S3CÇ”„sCS#S3í„Cìs333ì@ßf‚”„sCììSScSB”„Cb„S#cCìPßf‚”„ÉCì#scCr”„CÉSs##2”„3Cc3#0ßf‚”„sC#SCCR”„cC#cs#B”„ìS#sC3S0ßf‚”„ì3C#Scr”„3SSÉSs3C"”„#3SCcÉpßf‚”„ÉÉssÇ”„#sÉ#s3ìR”„3ccsÉs#ÉPßf‚”„ìS#3#c3R”„sSSCÉSCCR”„#ìScSSCSêßf‚”„ì#Ccìsì3b”„3É#Ér„ì3#ScÉc`ßf‚”„SÉìÉS3r”„sC3S#ìcR„3ìÉSìS ßf‚”„Éììì#cÉb”„C3SSÉ#sSr„#CÉPßf‚”„ìÉSsìSÉSb„3ÉCSìcsb”„c3CÉSCìpßf‚”„ììì3ìCÇ„Cì3sÉs2„33É#s@ßf‚”„ìsc3ÉÇ”„3ìÉSÉcìB”„#ÉìccSPßf‚”„ì#ÉsSììÇ”„3sc#ÉSìR„cC#3c@ßf‚”„ìsC#SCìcb”„SCccCR„#ìSsSspßf‚„3Cr„ìì33#sC”„SS3CC# ßf‚„3#Ss#ÉÉB„ììc#ìs"„É3cìSCÄßf‚”„cccÉ#„ìÉ#Csc2„ÉÉS3ìì0ßf‚”„#SSscÉB„ìcÉsccc2”„sC#ìcì3 ßf‚”„CSÉc33ìR„ÉìÉs#cÉÉ”„3ììSsS0ßf‚„cc3É#CÇ„sc3cSScb”„ì#3Äßf‚”„#ì#SSs2„ì#CsS"”„#SìsÉcCSpßf‚„ÉsS#ss„ÉìSsccc”„CcìC#0ßf‚”„3cSCCÇ„ÉCssSì3í”„C3sSsSÉPßf‚”„#SC3SìÉC„sCc3#ìr”„cS#ì3ìÄßf‚„cìSSÉí„scì3ÉìR”„c#SìcSs`ßf‚”„3sÉs3cìs2„cCìCSCìB”„ccscC#ìSßf‚”„C3cSc2„s#3c#32”„cì#3cCS@ßf‚„cSSSc2”„sìÉSCÉSR”„scs#ìScSêßf‚”„3#cc#ÉÉìB”„c#ìC#ÉìÉ2”„sSsc33pßf‚”„3cc3cì#Ç„cCCsÉìR”„csCCss@ßf‚”„33sC3í„cCCCsCCCr”„sììs3@ßf‚”„Éììs#í”„SìCcÉc#”„sÉ#cCÉêßf‚”„ÉCCcr„SS3É#ì#S2”„É#SSC3##Pßf‚„CììscSCb„CìÉcìC3R”„ÉcssC3@ßf‚„#ìssÉR”„c#3cScsR”„ssCÉÉSSìPßf‚„CCìCìí„Sc#Ss3b”„ÉSì3`ßf‚„3c3sC32„cCÉcsccì2”„cì##ìs3ìêßf‚„3Cssssr”„c#ìsssCí”„cìSCc#0ßf‚„CCSSSsSìB„ccsÉ#cB”„cC#S3@ßf‚„cSSSc2”„sìÉSCÉSR”„scs#ìScSêßf‚„sÉSCSc"„cì3cCS#r„SsìS##ì`ßf‚„s##cÉÉSSb„cÉSsÉìscB”„Éc3#cPßf‚”„C3cSc2„s#3c#32”„cì#3cCS@ßf‚„3Ssc3ssc2„ss3s"”„SìsÉì#SÄßf‚”„ÉÉCì#Éb„ìCsc3CsÇ”„3cÉc0ßf‚„C3cC#scS2„Éscììc2”„#3ì3Pßf‚„33É3C3s"„É#3ìSCÉ#”„CSCSSì3S`ßf‚„3#ÉìC#c„É3Csì3#B”„CS#Éc`ßf‚„CCSSSsSìB„ccsÉ#cB”„cC#S3@ßf‚”„#ìììÉ#S2„É#ÉÉÉÉR”„Cs#ìCì@ßf‚”„#SCÉcCÇ„S##ì3SÉÇ”„É#s#Ss3 ßf‚„cì#CCScÇ„SìcììS2”„CS3ìc3ßf‚„sS3ìcScb„c3c#scS”„c3ìC3cì0ßf‚„É#c#3CSr„Scs3cìcB”„cÉ3330ßf‚”„3#ì3ScììÇ„ÉÉcìs3C”„3#3sC#C@ßf‚„sÉsCÉr”„c3ÉÉsì„3csSSsßf‚„ss#CìÉ"”„cÉÉSSC##r”„ÉCÉSpßf‚”„cìÉSìCR”„cìÉ3ÉìCR„SÉcpßf‚”„cÉ3#C#2”„cìCÉìr„Ss#ììÉ3ßf‚”„C#C#cì#Ç„ÉcÉ#ScÉcr„#Ssc3Cêßf‚”„C#Éììb„cc3ì"„cSÉsC ßf‚”„sìscsCc2„Sì3ÉsCS„###CcscPßf‚”„ss#sÉC#„cìc#c#É”„#s#ÉSCs`ßf‚”„cìÉ3sSÉr”„sSc#cìr„SCsìCC3`ßf‚”„ìSC3cìR”„3c3”„##S3C`ßf‚”„cìCCÉcC2”„cìÉ3#cR„##SìììÉpßf‚”„ì3ÉÉsSb”„3CSìccÉÇ„cSsÉ3#Cßf‚”„ì#sSìcì#r”„3s3SSCSÇ„CÉ#CsÉ#êßf‚”„sC#SCCR”„cC#cs#B”„ìS#sC3S0ßf‚”„#CÉC#3C"„33SÉcR”„ìcÉSìÉS`ßf‚”„3#3r”„S#SC”„ìÉ33#sìßf‚”„CìC#ìR”„ìÉs#ÉsS3b”„ìcììSCßf‚”„Sc#ìS2„ÉCCÉCCcr”„ÉccSSêßf‚”„SÉcÇ„ì#sSS#Cc"”„3CìÉÄßf‚”„##SSCC3ì2„Éìììcì32”„3ìC##ìsßf‚”„CssccC2„ìÉ#CÉ#"”„#3ÉÉ33#êßf‚”„C3cSc2„s#3c#32”„cì#3cCS@ßf‚”„#ÉCì3SÉr„ì#s3É”„3#CS#cCÄßf‚”„ÉSsCC„ìCsC33#b”„#cSS#É#@ßf‚”„CCCS2„ìsì#ssSS”„CCìCÉêßf‚”„##SSCC3ì2„Éìììcì32”„3ìC##ìsßf‚”„3ccS3#b„ìcc3s32”„3#scìÉßf‚”„#CSC#sì#„ì#3sC3#b”„#ìCcìcÄßf‚”„CssccC2„ìÉ#CÉ#"”„#3ÉÉ33#êßf‚”„#C3ìÉìSr„ìScÉÉ#b”„SssS33Äßf‚„s##cÉÉSSb„cÉSsÉìscB”„Éc3#cPßf‚„sÉSCSc"„cì3cCS#r„SsìS##ì`ßf‚„3#Ss#ÉÉB„ììc#ìs"„É3cìSCÄßf‚„3Cr„ìì33#sC”„SS3CC# ßf‚„sÉ#Éì#32„Ssìsì#b”„#3CcsìCßf‚„ÉsS#ss„ÉìSsccc”„CcìC#0ßf‚„cìSSÉí„scì3ÉìR”„c#SìcSs`ßf‚„É33É3ìCb„CsSs3Sb”„3cCÉÉC0ßf‚„3CC3Cìsí”„ìsSC3cR„ìÉìcCìPßf‚„ìÉCÉÉ#CB”„CS#3SÉB”„ìCs3SÉ3ÉPßf‚„3SS#CCR”„ìC#33c3B”„#3cìì3Cpßf‚„ììccC3cc"„3CScìÇ„sC3ììc#spßf‚„ìÉÉCÉcS"„3sì3CS„c##S3sßf‚„3#É#Éìí”„ÉsÉìÉS3CR„3CcsÄßf‚”„ì#Ccìsì3b”„3É#Ér„ì3#ScÉc`ßf‚”„CììSCssb”„É3sì#í„##3ÉÉêßf‚”„SÉìÉS3r”„sC3S#ìcR„3ìÉSìS ßf‚”„Éììì#cÉb”„C3SSÉ#sSr„#CÉPßf‚”„ìsc3ÉÇ”„3ìÉSÉcìB”„#ÉìccSPßf‚”„ScìSìCÉÇ”„ÉSSì##í„#3#cìpßf‚”„SìÉScSB”„sCì3ìCCsb”„#ÉCS3SSßf‚”„ì#ÉsSììÇ”„3sc#ÉSìR„cC#3c@ßf‚”„ìÉì#sìÇ”„3ìC3scSí”„cS#SscìÄßf‚”„cÉìs#c2”„S3É#ìCc2”„CÉC3#Éêßf‚„ìÉSC33b„CsC3csB„cS##Sss@ßf‚„c#SScC#sr„sc#CsìCb”„sSì#0ßf‚„ìÉÉCÉcS"„3sì3CS„c##S3sßf‚„sCÉCc#ÉSb„cCìÉcCÇ”„cc3#ScC@ßf‚„És33ìì2„CÉ3Ccsc3Ç”„ì3c3CCCÉêßf‚„ìC3#É33r„cìÉìsÇ„CCìC0ßf‚„cs#Ésc3B„S#Éc3Cì2„SÉCsSsßf‚„ì3#CcSR„3cCSìS2”„CSCÉcÉÉPßf‚„ìÉ3scÉ2„É#ÉÉs#Sb„S3cÉC0ßf‚„ccSÉ"„sÉc3C##B„ÉcÉÉCSêßf‚„sCsÉscÉÉ2„ccSS”„s##CìC#Äßf‚„ìì##SSì"”„cSSC333R„SS3SCßf‚„ìÉs#CÉcB”„s3ì3cìì„CCsSc@ßf‚„É#c#3CSr„Scs3cìcB”„cÉ3330ßf‚„ììccC3cc"„3CScìÇ„sC3ììc#spßf‚„ìÉÉCÉcS"„3sì3CS„c##S3sßf‚„c#SScC#sr„sc#CsìCb”„sSì#0ßf‚„c#cc3Ccb„scSc3sB”„CssìÉSìÄßf‚„ììccC3cc"„3CScìÇ„sC3ììc#spßf‚„c#cc3Ccb„scSc3sB”„CssìÉSìÄßf‚„É3SÉC#ÉB„SCÉ33cCCb”„#sS3sÉSpßf‚„ìÉCÉÉ#CB”„CS#3SÉB”„ìCs3SÉ3ÉPßf‚„ÉC#s#sí„É#s3ìb”„S3ìCìSÄßf‚„ì#3C#c3"„3É#cCCR„#ììs#C3Äßf‚„ìccÉ#Csr„#CsìÉ#É"„É#3csCpßf‚„cì#CCScÇ„SìcììS2”„CS3ìc3ßf‚„sS3ìcScb„c3c#scS”„c3ìC3cì0ßf‚„ìÉsssc#sí„#sìcccÉì2„S33CÉs@ßf‚„ìÉs#CÉcB”„s3ì3cìì„CCsSc@ßf‚„É#c#3CSr„Scs3cìcB”„cÉ3330ßf‚„3sCCC33É"„SS3Cì3„ìCC3sCßf‚„cÉCÉìssí„ìs#sC#í„s#sìì#0ßf‚„cì3SìsSÇ„ì3cCÉB„sCc3#ßf‚„3sìCs#C„S3Éìc2„ì#3S#Sßf‚”„C#SÑR”r„#É3csìí„ìsSÉccCìpßf‚”„CÉs#É4R”r„#É3csìB„ìsSÉccCìpßf‚”„3sCCC3c"„SS3Cì#„ìCC3c# ßf‚”„3sìCs3í„S3ÉC"„ì#3S3ßf‚”„cì3SìÉr„ì3cSS"„sCc3sÉ0ßf‚”„cÉCÉìÉìÇ„ìs#Écìb„s#sìì#0ßf‚„cÉCÉìssí„ìs#sC#í„s#sìì#0ßf‚„sscS3ì#Ç„ìCìCCS#ì"„c##ÉsCcÄßf‚„sscS3ì#Ç„ìCìCCS3cr„c##ÉsCcÄßf‚„cì3SìsSÇ„ì3cCÉB„sCc3#ßf‚”„ìììs33SÉ"”„s3cCCÉcí„csC3S#s@ßf‚”„#Éì#sssì"”„sCsC3c#B„cCsÉscSÄßf‚”„C3C3#ÉsR„C3cSSsÇ„sÉsÉì3#ìPßf‚”„3#3##3sìí„S3cS#ÉìÇ„ssìS3#ìcêßf‚”„C3c#c3ÉSí„É3c#33R„3C3cs33êßf‚”„s#ìcscÉC2„3Cìsc3sB„c#3ìì`ßf‚”„#ÉC#ì#3r„ÉÉ#É#R”„3sScCCsC0ßf‚”„Cs33ìSìCB„cÉìs3CB”„c3cC3cSÉ ßf‚”„S3ìì#ìR„ccS3ccìCÇ”„SSscsC@ßf‚”„#SìCR„ÉìSCcc"”„3sì#ìcSsßf‚”„ìS##32„Éì3cìs2”„CCscsPßf‚”„3ÉC3cCcìB„cÉCcCsb”„cÉS3ìsìÉ0ßf‚”„cì#CÇ„ccì#Cs”„scÉcSCS#Pßf‚”„ìÉìcÉc„ÉS#csí”„SScìCC3êßf‚”„CSsCÉsb„Ss#c3sC”„Éìsìc#Pßf‚”„3cCC3ì2„sì#cSS3B”„cìccCÉ0ßf‚„ìÉSSìí„É#SSs"”„SSssccS@ßf‚„#C#3c#Ccí„SCCsb”„É##SCSCcêßf‚„#É##C#Cí„É#ì#ìsc”„CÉ#3#cPßf‚„C##CCb„C##ììS3”„É#cìpßf‚„SS#3ìscR„3c#ìì3b”„sS#cì@ßf‚„3#ÉìC#c„É3Csì3#B”„CS#Éc`ßf‚„SÉcsc„3ìSÉ#Ç”„sìs3Éêßf‚„33É3C3s"„É#3ìSCÉ#”„CSCSSì3S`ßf‚”„#ÉC#ì#3r„ÉÉ#É#R”„3sScCCsC0ßf‚”„S3ìì#ìR„ccS3ccìCÇ”„SSscsC@ßf‚”„3sÉ33sR„ÉsÉ33í”„#ì#S#S# ßf‚”„#ÉCì3SÉr„ì#s3É”„3#CS#cCÄßf‚„3s3cs#SCR”„ssssc##ìB„SSC#S33@ßf‚”„#ScS#B”„ìCÉcC#sí„3cììÉÉ ßf‚”„CCìCìsí”„ìc3ÉÉ3"„sì3SìSpßf‚”„C3ÉSÉ#R”„c##É3ÉC2„cSCÉ#ÉÄßf‚„3sì#És3R”„ì#É3sÉìÇ„3sSìs#êßf‚„3SCìcCr”„sì3cs#ìsí”„S#3ÉÉ@ßf‚„3#ÉcÉr”„sìSC#S#3b”„Sìììì#c`ßf‚„3sì#ÉsìB”„ì#ÉCCc„3ìs3C3 ßf‚„33sCSÉí”„É3cCsSí„C3#ÉsìÉ`ßf‚„33ccsì#Ç”„É3CìÉsCB„C3S#S3ÉPßf‚„#SScÉÇ”„csSsÉÉb„sSCSìCì@ßf‚„#CìSS"”„c3C3c2„sSsS#Cìpßf‚”„ìC3CC„3#ScS#r„ÉCC3#S ßf‚”„É#s#Sccr„Scscsí„Écìßf‚”„ì3sc#S3B„3C3sÉB„S##C3ÉC0ßf‚”„É3cìSCÉ„SsìSCb„scsSìÉ`ßf‚”„ììscÉSìB„cssÉ#CS„cìscSßf‚”„ÉÉÉ#c#32„ìsS#B„CCÉsSÉcPßf‚”„sìsSc3B„3ss#s„Sì##ÉÉ3Pßf‚”„cì#Cìscs„cìcCììsR„Ésìsc3CPßf‚”„cSSÉSs#cR„ssS3#B”„#3CSscCì@ßf‚”„sCcCìÉ"„cssc3ìcí”„#s3Éìcccßf‚”„cs#b„sC#3#3Ç”„sscsc#Pßf‚”„CCìÉSsÉ„ÉÉÉìSìC"”„ÉcCÉCsÉìÄßf‚”„#C3ìÉìSr„ìScÉÉ#b”„SssS33Äßf‚”„3ccS3#b„ìcc3s32”„3#scìÉßf‚”„#s#S#3##B„cSÉss#R”„s#SCêßf‚”„#s#3ìc„cSScÉSÇ”„sCs3ÉÄßf‚”„ssìÉS"„SS#cScÇ”„ìÉccsSì0ßf‚”„s#S#ìb„SCÉSSss2”„ìÉS#s3É ßf‚”„ìSCC#3ÉCR”„#C3#S#32”„s#ìsÉÄßf‚”„33sCìSB”„CCscÉÉìcr”„É#Éì3ÉC0ßf‚”„S#ÉC3#”„ÉcC3c3í„ìÉì3Éßf‚”„ìsÉììÉSC"”„#3C##cr„3CìCsSßf‚”„ìScSìCb„3#SsìSCB„#ì3É#s`ßf‚”„ì3ìÉcì#ÉR„ScÉcÉìsB”„33csccC# ßf‚”„3#SsCs”„Sss3ìCcÇ”„sCÉcÉ33Pßf‚”„Éss2”„ìÉ#3ScSCÇ„3Éì3ÉÄßf‚”„#Écs”„ìSìC3SR„#C#SÉcêßf‚”„ììsì3ìÇ„CCS#ì"”„#3C#3#0ßf‚”„ì3sc#S3B„3C3sÉB„S##C3ÉC0ßf‚”„É#s#Sccr„Scscsí„Écìßf‚”„É###ccb„ScÉÉsÉR”„#ÉSSÉs`ßf‚”„É#3ÉsS3Ç„S33ìCsCb”„ì3Éssßf‚”„ÉìSCìC2„C#sSc3ccr”„Cìcì3S@ßf‚”„ìSC3És#„3S3ÉcìCÇ”„#3CC#ìCc@ßf‚”„ÉÉsB„CcCÉC3b”„3C33#Sìßf‚”„É3cSSSÉ3í„3CcsCsì3R”„C#Cì3c#ßf‚”„ìCÉc3c"„#cCìCR”„#333ìcspßf‚”„ccSc#c#2„S3CÉì#É"”„S#sss`ßf‚”„cÉSc3sR„cSsÉc#ìc”„C#ìcCcc@ßf‚”„Ss3CsCscR„cc#Cì#32„CÉCìssì ßf‚”„ÉSì#sCS„#sÉSssìí„ìC##cSSßf‚”„ìÉsssR”„#CC#CÉS"„ìCì#ì3êßf‚”„cÉ3#C#2”„cìCÉìr„Ss#ììÉ3ßf‚”„Sìc#cScB„sC3ÉCR”„33sCCS@ßf‚”„ÉSÉÉ3ì#í„#ìScìsSB”„CÉ#ìs#0ßf‚”„sC#sìÇ”„cccc#sì„s3CSS#É@ßf‚”„cSÉCS3Ç”„sSCìSÇ„#CcS#ccpßf‚”„SCSSsìí”„s3#s3ì”„Cs3ìÉs@ßf‚”„SÉìcÉS3Ç„3ÉÉ#cÉÉSÇ”„sÉsìs ßf‚”„ìScSìCb„3#SsìSCB„#ì3É#s`ßf‚”„SCÉÉí„cììs33#Sr”„cìÉCCsC`ßf‚”„ì3ìÉcì#ÉR„ScÉcÉìsB”„33csccC# ßf‚”„SÉSs#SSB„ììÉcSCCÉR”„#C#sSPßf‚”„3cS#R„s#S3sÇ„SÉ3c##CS`ßf‚”„3#3##3sìí„S3cS#ÉìÇ„ssìS3#ìcêßf‚”„cccÉ#„ìÉ#Csc2„ÉÉS3ìì0ßf‚”„C3c#c3ÉSí„É3c#33R„3C3cs33êßf‚”„3SCsccsR„ì3É33CÇ„sccsSc0ßf‚”„3sSCÉ#ÉÉr„ì#3cSÉc„sccì#Sìcßf‚”„3c#S3ìb„ì##3csCSB„33CS#ì3pßf‚”„C3C3#ÉsR„C3cSSsÇ„sÉsÉì3#ìPßf‚”„ÉÉsB„CcCÉC3b”„3C33#Sìßf‚”„ì#ìì3#3í„cSsCcss#2”„s#É3Cs3cßf‚”„É3cSSSÉ3í„3CcsCsì3R”„C#Cì3c#ßf‚”„cC#ìsÉsí„sÉìcÉs3r”„Sìßf‚”„ccCscìB„ì#s33s”„33S3#ì0ßf‚”„É#3ÉsS3Ç„S33ìCsCb”„ì3Éssßf‚”„É###ccb„ScÉÉsÉR”„#ÉSSÉs`ßf‚”„cCSs#Csr„ìÉSc#CÉR”„3É#CsÉ@ßf‚”„sSsS#ìÉ"„ìcìÉCcÇ„cìÉÉ3sêßf‚”„É#s#Sccr„Scscsí„Écìßf‚”„ìsÉ#"”„#3sÉ3cÉìr„SSì3cc ßf‚”„ìcìÉcCsÉb”„#C333#É32”„#33`ßf‚”„ìC33ìsìÇ”„33#É###Ç”„ìììCcsPßf‚”„ìsCìS3s”„###3ìS3í„#3CCsìs3pßf‚”„ìSÉcCÉs2”„#ÉSss32„CSCSCc`ßf‚”„ìCcScSÉcb”„33SSÇ„ÉssÉsc3Äßf‚”„ì3ìÉ3c2”„3SSììÉC"„ìÉ#ìSÉÉ@ßf‚”„ì#Csì#c2”„3csìsÉí„ìsSC30ßf‚”„cìÉcCcì2”„#C3CÉs3Ç„cs#sÉSc0ßf‚”„ìÉC#33Ç„#ScCcÉCR„33C3É0ßf‚”„cìss#Éì3"„sSc#sí„3#sÉcìßf‚”„cìÉSìCR”„cìÉ3ÉìCR„SÉcpßf‚”„sC#sìÇ”„cccc#sì„s3CSS#É@ßf‚”„ÉSÉÉ3ì#í„#ìScìsSB”„CÉ#ìs#0ßf‚”„ìsc3#Cr”„#sC3ìscR„3cCì#s3Sßf‚”„É#cSScb”„3ììSìcÉB„3ìcCSSsÄßf‚”„ì#É3CÉÉb”„3Éc3CsSì"„3ììì#@ßf‚”„ìÉì#sìÇ”„3ìC3scSí”„cS#SscìÄßf‚”„ì#ÉsSììÇ”„3sc#ÉSìR„cC#3c@ßf‚”„ìsC#SCìcb”„SCccCR„#ìSsSspßf‚”„cÉCÉìÉìÇ„ìs#Écìb„s#sìì#0ßf‚”„cì3SìÉr„ì3cSS"„sCc3sÉ0ßf‚”„sscS3ìÉr„ìCìCCcCÉB„c##ÉsC3sêßf‚”„sscS3ìÉr„ìCìCCcCÉB„c##ÉsC3sêßf‚„ccÉc3cÇ„cSScìscCB„CCììcêßf‚„CcCc„ÉSsSìÉ#b„##ìsc3#É@ßf‚„És3c3Cb”„c#C#3ìB„CÉ3cPßf‚„cC33ìsì2„#ìÉs#cí„sSCSsC#Pßf‚”„#ìSìì#ì2„ìCSS3R„C3SSSpßf‚”„C#Éììb„cc3ì"„cSÉsC ßf‚”„C#C#cì#Ç„ÉcÉ#ScÉcr„#Ssc3Cêßf‚”„ÉcSìÉÉí„cìsÉÉCCB„sSìcs#3Äßf‚„3SccìÉc„s3scì3s#r„Sscì#cC ßf‚„#É#ccì„ì#CìSs33R„#ScsÉs#Pßf‚”„ìC3CC„3#ScS#r„ÉCC3#S ßf‚”„ì3sc#S3B„3C3sÉB„S##C3ÉC0ßf‚”„cs3scSsí„s#É3SCCSB„#CcSÉ3ìÄßf‚”„cì#Cìscs„cìcCììsR„Ésìsc3CPßf‚”„ssìì3s3Ér„ìscSb”„c#SsÉ#3ßf‚”„ì3ìÉcì#ÉR„ScÉcÉìsB”„33csccC# ßf‚”„SCÉÉí„cììs33#Sr”„cìÉCCsC`ßf‚”„3S#33sR”„CìCì3B”„ììÉ3cs0ßf‚”„É3cìSCÉ„SsìSCb„scsSìÉ`ßf‚”„sSsS#ìÉ"„ìcìÉCcÇ„cìÉÉ3sêßf‚”„É#s#Sccr„Scscsí„Écìßf‚”„S3CCC2„cscscC"„SÉCÉìCÄßf‚”„ììscÉSìB„cssÉ#CS„cìscSßf‚„ì3S3cc#Ç„3CsÉSC"„Ccc#ßf‚„cccc3Cs2„s#SÉS332”„#3sSCcsÄßf‚”„cìss#Éì3"„sSc#sí„3#sÉcìßf‚”„ìÉC#33Ç„#ScCcÉCR„33C3É0ßf‚”„ìcìSCC”„3ìScS3#b„SÉÉìCpßf‚”„cìÉcCcì2”„#C3CÉs3Ç„cs#sÉSc0ßf‚”„ÉÉc#2”„CsCìSc"„#3s3Cßf‚”„ì#3CSsÇ”„3É33É33R”„ì#Ccì##Äßf‚”„ÉsCCì”„CìCCC3c"„s33ììc@ßf‚”„ìCcS#"”„CC3#S#Ç”„3CÉ3sßf‚”„ì3#c3#C”„3cCC3sR”„csÉSßf‚”„ì33sÉsÉ"”„3SÉSÉìR”„#C3s3#s0ßf‚”„ì3ìÉÉSCìr”„33ìì#cìB”„3#cCcscêßf‚”„ìC33ìsìÇ”„33#É###Ç”„ìììCcsPßf‚”„ì3ÉìÉ2”„3cS#CcìÉ„CÉcCcÉêßf‚”„CssccC2„ìÉ#CÉ#"”„#3ÉÉ33#êßf‚”„cccÉ#„ìÉ#Csc2„ÉÉS3ìì0ßf‚„3#Ss#ÉÉB„ììc#ìs"„É3cìSCÄßf‚”„C3c#c3ÉSí„É3c#33R„3C3cs33êßf‚„CcCc„ÉSsSìÉ#b„##ìsc3#É@ßf‚”„#C3ìÉìSr„ìScÉÉ#b”„SssS33Äßf‚”„#CSC#sì#„ì#3sC3#b”„#ìCcìcÄßf‚„s#3sCcÇ„ì##C#csb”„3sìSCSÉìpßf‚„#Éc#3cc2„ì3CC#3c#R”„##ìÉCì@ßf‚„ìccssB„3ììììCb”„ÉìÉc3É0ßf‚„CsSR„ìSìCCB„3ì#Cscêßf‚„ccC#ì#"”„ÉCCs#33"„sC#sSÄßf‚„cC33ìsì2„#ìÉs#cí„sSCSsC#Pßf‚„És3c3Cb”„c#C#3ìB„CÉ3cPßf‚”„#ScS#B”„ìCÉcC#sí„3cììÉÉ ßf‚„3s3cs#SCR”„ssssc##ìB„SSC#S33@ßf‚”„#s#S#3##B„cSÉss#R”„s#SCêßf‚”„3S33ìcCr„Éc3ccS#b”„3SìSSì3`ßf‚”„#s#3ìc„cSScÉSÇ”„sCs3ÉÄßf‚”„3S#ìscC2„Éc#Ccs##í”„3c#sì#É@ßf‚”„3sCsìS„ì#É#É3S„#sì#ìsPßf‚”„3ssC#í„ì#É#3SÇ„3#SÉCÉs@ßf‚”„3333ì"„ssì##cb„SCÉc#SS ßf‚”„33cssb„ssìscìÉ"„SCsS#CìPßf‚„S#CC3”„C3333#b”„ì#cSSc ßf‚„3#ÉcÉr”„sìSC#S#3b”„Sìììì#c`ßf‚„3SCìcCr”„sì3cs#ìsí”„S#3ÉÉ@ßf‚„SS3SsÇ”„Ccs3Ssb”„ìÉìs3É@ßf‚”„ssìÉS"„SS#cScÇ”„ìÉccsSì0ßf‚”„s#S#ìb„SCÉSSss2”„ìÉS#s3É ßf‚„ccìS#2„cSÉÉcÉ2”„sS#ÉS0ßf‚”„cSSÉSs#cR„ssS3#B”„#3CSscCì@ßf‚”„CCìÉSsÉ„ÉÉÉìSìC"”„ÉcCÉCsÉìÄßf‚„33csS#"„ì#SÉ3CSÇ”„3sÉ#csì@ßf‚”„3ccS3#b„ìcc3s32”„3#scìÉßf‚”„CCCS2„ìsì#ssSS”„CCìCÉêßf‚„#ÉÉCC”„33#sCcSí”„ì3C3ÉsÉ0ßf‚„ÉC#s#sí„É#s3ìb”„S3ìCìSÄßf‚„cì#CCScÇ„SìcììS2”„CS3ìc3ßf‚”„#SCÉcCÇ„S##ì3SÉÇ”„É#s#Ss3 ßf‚”„ìss3B”„ì#C32”„C3C#c3#Éêßf‚”„cSìsSìCR”„SÉCìÇ”„SCC3ìsßf‚„#SScÉÇ”„csSsÉÉb„sSCSìCì@ßf‚„#CìSS"”„c3C3c2„sSsS#Cìpßf‚„c#CS#ÉÇ”„#3ìcSCÉr„ìì3ì#S ßf‚„cCcscs2”„#ìSS#„ìÉìCcSìS ßf‚”„CCÉSc33B„3ì33sÉÉB„ìì#Cc ßf‚”„CcSsìí„3ìCCS3B„ìssìss0ßf‚”„3333ì"„ssì##cb„SCÉc#SS ßf‚”„33cssb„ssìscìÉ"„SCsS#CìPßf‚”„ììscÉSìB„cssÉ#CS„cìscSßf‚”„ìScSìCb„3#SsìSCB„#ì3É#s`ßf‚”„É#ÉìSCcìr”„3ìÉS32„CSì3cscc0ßf‚”„S3CCC2„cscscC"„SÉCÉìCÄßf‚„Sc#sÉcCR„sSsÉ3ìsìí”„cS#CcS#pßf‚„cÉScCSb„SÉCsÉì#sb”„ÉÉÉìì##@ßf‚„ccSÉÇ„sÉìÉì3"”„#sssSsßf‚„#É#ccì„ì#CìSs33R„#ScsÉs#Pßf‚„S33ScÇ„sì#3c#Cb”„cSS0ßf‚”„#ìSìì#ì2„ìCSS3R„C3SSSpßf‚”„C#C#cì#Ç„ÉcÉ#ScÉcr„#Ssc3Cêßf‚”„3#SÉcc"„sccCsÉS"”„c3C3Cs`ßf‚”„ss#sÉC#„cìc#c#É”„#s#ÉSCs`ßf‚”„cÉÉs3sR„Ssì#sÉ3Ç”„sììCSS ßf‚”„cSSÉSs#cR„ssS3#B”„#3CSscCì@ßf‚„ccìS#2„cSÉÉcÉ2”„sS#ÉS0ßf‚„SSSs#sB„É#cscÉsSb”„SCÉìs0ßf‚„#csS#Cb„ìc33#CìcB„#ÉcsCS ßf‚„CssÉìSÉÉb„cì#ìc#R„SC#scC#Pßf‚„cCÉCìc2„sSÉS#Ésí„cÉc3CSÉCPßf‚„sSC#CCÇ„cìs33sÇ„Ccc#C3`ßf‚„cì3ÉS#3cR„Sì#ìR”„sC3ìS0ßf‚”„33sCcB”„ssCCìCÇ”„ì#csÉìÉ ßf‚„ÉsÉ#c3Sì2„3S3cì3#”„3#C33C#@ßf‚„3c#3c3B”„ìÉsC#É”„#É3sÉPßf‚„cSSSc2”„sìÉSCÉSR”„scs#ìScSêßf‚”„3#3r”„S#SC”„ìÉ33#sìßf‚”„ìÉ##ss"„Sìcc#R”„3c#sCsC3ßf‚”„3#SsCs”„Sss3ìCcÇ”„sCÉcÉ33Pßf‚”„ì3ìÉcì#ÉR„ScÉcÉìsB”„33csccC# ßf‚”„#3c#3É„3##ìSs3í”„ìÉSs3`ßf‚”„ìscC3"„3ÉC#É3"”„ìsS#Spßf‚”„#33#s3"„CÉÉììÉR”„ÉCSsSÉpßf‚”„ì#ìì3#3í„cSsCcss#2”„s#É3Cs3cßf‚”„É3cSSSÉ3í„3CcsCsì3R”„C#Cì3c#ßf‚”„#ìììÉ#S2„É#ÉÉÉÉR”„Cs#ìCì@ßf‚”„3#ì3ScììÇ„ÉÉcìs3C”„3#3sC#C@ßf‚”„ìsììs#cB„c#csC2”„cssìpßf‚”„ìcì#s#ÉS"„ÉC3cs3ÉB”„#3#cCìßf‚”„ìss3B”„ì#C32”„C3C#c3#Éêßf‚”„#SCÉcCÇ„S##ì3SÉÇ”„É#s#Ss3 ßf‚”„ì#ìC3cÇ”„3cÉìc3#"„SSscßf‚”„ìì#CcS#„ccSSsc"”„ssÉ3s#ì`ßf‚”„cSìsSìCR”„SÉCìÇ”„SCC3ìsßf‚”„ìsÉsc3B„cs„#sc3S3 ßf‚”„SìCì#cr”„sìcS#CCR”„##c#S ßf‚”„É3#3ÉSìÇ”„sìSCcìSÉ"„SCÉÉ3#Éì0ßf‚”„cCc3CÉsÇ”„sSsScÉ„ìcc3#s ßf‚”„cSÉcsÉr”„c3S3ÉSb„CS#ìÉCÉÄßf‚”„cCcs33b”„sC##S#2„sc#ì3Pßf‚”„cScÉS3R”„sìÉ3ÉS„#SCCs ßf‚”„ìsÉììÉSC"”„#3C##cr„3CìCsSßf‚”„CìS3ìÇ”„ìsS#C„ÉccSÉSCì0ßf‚”„3cS#R„s#S3sÇ„SÉ3c##CS`ßf‚”„ìScSìCb„3#SsìSCB„#ì3É#s`ßf‚”„3#ÉccCÉÇ„3scSs3#r”„Écc3SS3 ßf‚”„3cìs33É"„CCc##B”„É3cC#Sì`ßf‚”„C3#Éc3í„ì333Cs"”„ÉÉÉcêßf‚”„3ìì#CÉB„É3CÉcS3Cr”„ì3CÉCC`ßf‚”„cCSsÉcb„Cìs#ÉsR”„ìsCìCsÉßf‚”„Cìs#SÇ„C#ìCB”„ìC3#Cêßf‚„#ÉÉCC”„33#sCcSí”„ì3C3ÉsÉ0ßf‚„3SS#CCR”„ìC#33c3B”„#3cìì3Cpßf‚„ìÉCÉÉ#CB”„CS#3SÉB”„ìCs3SÉ3ÉPßf‚„ÉC#s#sí„É#s3ìb”„S3ìCìSÄßf‚„#ÉÉCC”„33#sCcSí”„ì3C3ÉsÉ0ßf‚”„cSìsSìCR”„SÉCìÇ”„SCC3ìsßf‚”„SìCì#cr”„sìcS#CCR”„##c#S ßf‚„3SS#CCR”„ìC#33c3B”„#3cìì3Cpßf‚„3CC3Cìsí”„ìsSC3cR„ìÉìcCìPßf‚„3SS#CCR”„ìC#33c3B”„#3cìì3Cpßf‚”„cCc3CÉsÇ”„sSsScÉ„ìcc3#s ßf‚”„cCcs33b”„sC##S#2„sc#ì3Pßf‚„3#É#Éìí”„ÉsÉìÉS3CR„3CcsÄßf‚„3Ccìcsì3b”„sìS3Éì#ìR„CìcìSìì#Pßf‚„ìÉÉCÉcS"„3sì3CS„c##S3sßf‚„3#É#Éìí”„ÉsÉìÉS3CR„3CcsÄßf‚„ìÉSC33b„CsC3csB„cS##Sss@ßf‚„ìC3#É33r„cìÉìsÇ„CCìC0ßf‚„#C3SCÇ”„CìÉccìcR„É3ìÉsCÉêßf‚”„3ÉsÉSss3R„ìCCscÇ”„sìc##ìÄßf‚”„ìsììs#cB„c#csC2”„cssìpßf‚”„3#ì3ScììÇ„ÉÉcìs3C”„3#3sC#C@ßf‚”„ìì#CcS#„ccSSsc"”„ssÉ3s#ì`ßf‚”„ìsÉsc3B„cs„#sc3S3 ßf‚”„3cS#S#í„ÉìssC#CB„#CcSìÉ3êßf‚”„3ì3#2„33sCìssÇ„ì3##C3c`ßf‚”„É3#3ÉSìÇ”„sìSCcìSÉ"„SCÉÉ3#Éì0ßf‚”„3cS#S#í„ÉìssC#CB„#CcSìÉ3êßf‚”„CCssS#R„Sì#ì#s#”„ccìcÉcsêßf‚”„#SC3SìÉC„sCc3#ìr”„cS#ì3ìÄßf‚”„CsSCSsìcb„sìÉCCb”„S3#C#ìÄßf‚”„ì#ÉB„SÉÉÉ3Éc3r”„sÉS3SPßf‚”„3#cr„S3ìSR”„sìS#ìÉ3@ßf‚”„Cìs#SÇ„C#ìCB”„ìC3#Cêßf‚”„3#ÉccCÉÇ„3scSs3#r”„Écc3SS3 ßf‚”„3cìs33É"„CCc##B”„É3cC#Sì`ßf‚”„3É33ìS3CB„S##SÉ#B”„scSs#Éìpßf‚”„C#ss#í„ccÉ3#ssCí”„cÉcSÉc ßf‚„ì3S3cc#Ç„3CsÉSC"„Ccc#ßf‚„ss#CìÉ"”„cÉÉSSC##r”„ÉCÉSpßf‚„cccc3Cs2„s#SÉS332”„#3sSCcsÄßf‚„s3##Cb”„csSìSSb„33#cßf‚„ÉsÉ#c3Sì2„3S3cì3#”„3#C33C#@ßf‚”„CCssS#R„Sì#ì#s#”„ccìcÉcsêßf‚”„CsSCSsìcb„sìÉCCb”„S3#C#ìÄßf‚”„CcCìì#"„scsCìcCr”„CìScìSìsÄßf‚”„C#ss#í„ccÉ3#ssCí”„cÉcSÉc ßf‚”„3#CCÉSR”„cSS#scÉìR„sSCsÉ33@ßf‚„#SSS3#Cb”„3scccÉSR„ÉìCcsÉpßf‚”„CÉÉcc2”„ìCCìc2„3Cscsìpßf‚”„sCÉìS”„ìC#ÉsSsr„33sC3CÉ#Äßf‚”„3ÉsSs#”„ìC3S#Sb„3#ìÉSìS#Pßf‚”„#33ìcÉ#SB”„ìCSÉìÇ„3#ScÉC# ßf‚„#sC3SìÉÇ”„ìCc3Éc"„3#3sSìcÄßf‚„#C#sÉb”„ìCÉsÉí„3SìCCÉÄßf‚„##ÉcCÉB”„ìCc#SÉsÉ2„3##sìSßf‚„ss3s#ÉÉÇ”„ìC#33S„33CSÉcs0ßf‚”„3ìS#SÉìb”„ììC#CcÇ„3ì#s3# ßf‚”„S#Écì”„É#cSì3ììR„SCcSSsêßf‚”„SCìs3ÉS2”„sc3#ììc"„cCs##ÉÄßf‚„3Ccìcsì3b”„sìS3Éì#ìR„CìcìSìì#Pßf‚”„cSÉcsÉr”„c3S3ÉSb„CS#ìÉCÉÄßf‚„#C3SCÇ”„CìÉccìcR„É3ìÉsCÉêßf‚”„cScÉS3R”„sìÉ3ÉS„#SCCs ßf‚”„cCcs33b”„sC##S#2„sc#ì3Pßf‚„3#É#Éìí”„ÉsÉìÉS3CR„3CcsÄßf‚„s#3sCcÇ„ì##C#csb”„3sìSCSÉìpßf‚„CsSR„ìSìCCB„3ì#Cscêßf‚„#csS#Cb„ìc33#CìcB„#ÉcsCS ßf‚„SSSs#sB„É#cscÉsSb”„SCÉìs0ßf‚”„Cì3SÉCr„SÉìÉì”„É3Éc3êßf‚„csSCSì"„cìCcCs3"”„#CÉSSCÉPßf‚„#ÉcÉìsCSÇ”„ssÉCScsCÇ„c#sC#s@ßf‚”„3ss33S#b”„CSCsCìÇ„É3#Csìêßf‚”„33sCcB”„ssCCìCÇ”„ì#csÉìÉ ßf‚„3c#3c3B”„ìÉsC#É”„#É3sÉPßf‚„ccC#ì#"”„ÉCCs#33"„sC#sSÄßf‚”„cCÉ3ì#CB„3Sc3ìsB„sSìÉ ßf‚„cC33ìsì2„#ìÉs#cí„sSCSsC#Pßf‚”„S#ìs3ìÇ„3sìR„ÉCsS3ÉS@ßf‚”„C3ÉSÉ#R”„c##É3ÉC2„cSCÉ#ÉÄßf‚„3s3cs#SCR”„ssssc##ìB„SSC#S33@ßf‚”„3#CCÉSR”„cSS#scÉìR„sSCsÉ33@ßf‚„#ÉcÉìsCSÇ”„ssÉCScsCÇ„c#sC#s@ßf‚„#SSS3#Cb”„3scccÉSR„ÉìCcsÉpßf‚”„3ss33S#b”„CSCsCìÇ„É3#Csìêßf‚”„3ì3#2„33sCìssÇ„ì3##C3c`ßf‚„cs#Ésc3B„S#Éc3Cì2„SÉCsSsßf‚„ìC3#É33r„cìÉìsÇ„CCìC0ßf‚„#C3SCÇ”„CìÉccìcR„É3ìÉsCÉêßf‚”„cSÉcsÉr”„c3S3ÉSb„CS#ìÉCÉÄßf‚”„É3#3ÉSìÇ”„sìSCcìSÉ"„SCÉÉ3#Éì0ßf‚”„ÉÉc#ì3sí”„3csÉìSr”„#É##C#CCpßf‚”„sÉcsÉr”„CcÉ3ìr”„Ccscßf‚”„sÉcì#s"„ÉÉ3SÉÉí”„cìSsÉspßf‚”„ìcCÉ3#ìc"„3##Éscb”„#cÉÉCc`ßf‚”„ssìì3s3Ér„ìscSb”„c#SsÉ#3ßf‚”„ssCÉ"„SÉìÉCÉÇ”„c3ccS3É ßf‚”„ìSCC#3ÉCR”„#C3#S#32”„s#ìsÉÄßf‚„sCÉCÉS#Ç”„SìscìCSsb„3Cììs@ßf‚”„sC#sìÇ”„cccc#sì„s3CSS#É@ßf‚„s3##Cb”„csSìSSb„33#cßf‚”„cSÉCS3Ç”„sSCìSÇ„#CcS#ccpßf‚”„SCSSsìí”„s3#s3ì”„Cs3ìÉs@ßf‚„Ss#É3SìÉ"”„cììC#3í”„C#sÉSC3#êßf‚„cSsS„ssììcÉìR”„##ìÉìsêßf‚„s3##Cb”„csSìSSb„33#cßf‚„ÉsÉ#c3Sì2„3S3cì3#”„3#C33C#@ßf‚„sCÉCÉS#Ç”„SìscìCSsb„3Cììs@ßf‚„Ss#É3SìÉ"”„cììC#3í”„C#sÉSC3#êßf‚„cÉ3cS3Cr„3c3SSB”„cìsCSSpßf‚”„3ss33S#b”„CSCsCìÇ„É3#Csìêßf‚”„ìÉC#33Ç„#ScCcÉCR„33C3É0ßf‚”„ÉSÉÉ3ì#í„#ìScìsSB”„CÉ#ìs#0ßf‚”„33sCcB”„ssCCìCÇ”„ì#csÉìÉ ßf‚„CsSR„ìSìCCB„3ì#Cscêßf‚„C3cC#scS2„Éscììc2”„#3ì3Pßf‚„#csS#Cb„ìc33#CìcB„#ÉcsCS ßf‚„3S3S3CsÉÇ„Écscì#ìCr”„3CìCSìÉÉpßf‚„3ìsCÉSí„ÉcÉìSSSÇ„#ìSCSCsCßf‚„Css##Ç„C#scCìsìb”„scsÉ3#33êßf‚„cÉssìc#ìR„C3##33S"„SÉ3##ìpßf‚„CssÉìSÉÉb„cì#ìc#R„SC#scC#Pßf‚”„3ì3#2„33sCìssÇ„ì3##C3c`ßf‚”„3cS#S#í„ÉìssC#CB„#CcSìÉ3êßf‚„ccSÉ"„sÉc3C##B„ÉcÉÉCSêßf‚„cs#Ésc3B„S#Éc3Cì2„SÉCsSsßf‚„Css##Ç„C#scCìsìb”„scsÉ3#33êßf‚”„Sc#ìS2„ÉCCÉCCcr”„ÉccSSêßf‚”„CìC#ìR”„ìÉs#ÉsS3b”„ìcììSCßf‚„cì3ÉS#3cR„Sì#ìR”„sC3ìS0ßf‚”„3ÉsÉSss3R„ìCCscÇ”„sìc##ìÄßf‚”„3#ì3ScììÇ„ÉÉcìs3C”„3#3sC#C@ßf‚„É#c#3CSr„Scs3cìcB”„cÉ3330ßf‚„sCsÉscÉÉ2„ccSS”„s##CìC#Äßf‚„ccSÉ"„sÉc3C##B„ÉcÉÉCSêßf‚”„3cS#S#í„ÉìssC#CB„#CcSìÉ3êßf‚”„3s3CÉÇ”„s#ìCsCccB”„cs#Éêßf‚”„C3#Éc3í„ì333Cs"”„ÉÉÉcêßf‚”„CìC#cÉÉ3R”„csÉìc3"”„SC3ìSìÉßf‚”„3ìì#CÉB„É3CÉcS3Cr”„ì3CÉCC`ßf‚”„cCSsÉcb„Cìs#ÉsR”„ìsCìCsÉßf‚”„#ssC3r”„SSsÉCÉc3"”„sÉ#33s3Äßf‚”„3s3CÉÇ”„s#ìCsCccB”„cs#Éêßf‚”„CìC#cÉÉ3R”„csÉìc3"”„SC3ìSìÉßf‚”„#Éì#sssì"”„sCsC3c#B„cCsÉscSÄßf‚”„ìììs33SÉ"”„s3cCCÉcí„csC3S#s@ßf‚”„CCìCìsí”„ìc3ÉÉ3"„sì3SìSpßf‚”„#ssC3r”„SSsÉCÉc3"”„sÉ#33s3Äßf‚„É33É3ìCb„CsSs3Sb”„3cCÉÉC0ßf‚„s3ìÉsìccÇ„C#S"”„S33##ìC`ßf‚„3c#3c3B”„ìÉsC#É”„#É3sÉPßf‚„sÉ#Éì#32„Ssìsì#b”„#3CcsìCßf‚„cSSSc2”„sìÉSCÉSR”„scs#ìScSêßf‚„s##cÉÉSSb„cÉSsÉìscB”„Éc3#cPßf‚„cÉ#3Ç„3Ssì3cB”„ccScsÉ ßf‚„3c#3c3B”„ìÉsC#É”„#É3sÉPßf‚„s3ìÉsìccÇ„C#S"”„S33##ìC`ßf‚„Ss3ìc#3"”„SsÉÉCsÉÉR”„SÉsSs#Cpßf‚„csc3ì3B„ìC3ccSr”„s3sÉ##@ßf‚”„S#ìs3ìÇ„3sìR„ÉCsS3ÉS@ßf‚”„s#ìcscÉC2„3Cìsc3sB„c#3ìì`ßf‚”„C3c#c3ÉSí„É3c#33R„3C3cs33êßf‚”„cCÉ3ì#CB„3Sc3ìsB„sSìÉ ßf‚”„C3cSc2„s#3c#32”„cì#3cCS@ßf‚”„CssccC2„ìÉ#CÉ#"”„#3ÉÉ33#êßf‚„3#Ss#ÉÉB„ììc#ìs"„É3cìSCÄßf‚„sÉSCSc"„cì3cCS#r„SsìS##ì`ßf‚”„3sÉs3cìs2„cCìCSCìB”„ccscC#ìSßf‚”„#ÉCì3SÉr„ì#s3É”„3#CS#cCÄßf‚”„SÉcÇ„ì#sSS#Cc"”„3CìÉÄßf‚”„#ÉC#ì#3r„ÉÉ#É#R”„3sScCCsC0ßf‚”„#SìCR„ÉìSCcc"”„3sì#ìcSsßf‚”„3cc3cì#Ç„cCCsÉìR”„csCCss@ßf‚”„33sC3í„cCCCsCCCr”„sììs3@ßf‚”„ìS##32„Éì3cìs2”„CCscsPßf‚”„ìÉìcÉc„ÉS#csí”„SScìCC3êßf‚”„ÉCCcr„SS3É#ì#S2”„É#SSC3##Pßf‚„CììscSCb„CìÉcìC3R”„ÉcssC3@ßf‚”„3cCC3ì2„sì#cSS3B”„cìccCÉ0ßf‚„ìÉSSìí„É#SSs"”„SSssccS@ßf‚„CCìCìí„Sc#Ss3b”„ÉSì3`ßf‚„3c3sC32„cCÉcsccì2”„cì##ìs3ìêßf‚„#É##C#Cí„É#ì#ìsc”„CÉ#3#cPßf‚„3#ÉìC#c„É3Csì3#B”„CS#Éc`ßf‚„CCSSSsSìB„ccsÉ#cB”„cC#S3@ßf‚„3Cssssr”„c#ìsssCí”„cìSCc#0ßf‚„#ìssÉR”„c#3cScsR”„ssCÉÉSSìPßf‚”„Éììs#í”„SìCcÉc#”„sÉ#cCÉêßf‚”„3#cc#ÉÉìB”„c#ìC#ÉìÉ2”„sSsc33pßf‚„ÉcììÉÇ”„3CC#s#Ç„3SSìsSSêßf‚„ì3S3cc#Ç„3CsÉSC"„Ccc#ßf‚”„3ss33S#b”„CSCsCìÇ„É3#Csìêßf‚”„3#CCÉSR”„cSS#scÉìR„sSCsÉ33@ßf‚”„ÉÉCì#Éb„ìCsc3CsÇ”„3cÉc0ßf‚”„#CÉC#3C"„33SÉcR”„ìcÉSìÉS`ßf‚”„Sc#ìS2„ÉCCÉCCcr”„ÉccSSêßf‚”„CScs#cs2„s3sSCssSR”„S#ßf‚”„3#3r”„S#SC”„ìÉ33#sìßf‚”„3#cc#ÉÉìB”„c#ìC#ÉìÉ2”„sSsc33pßf‚„cSSSc2”„sìÉSCÉSR”„scs#ìScSêßf‚„3Cssssr”„c#ìsssCí”„cìSCc#0ßf‚„3S3S3CsÉÇ„Écscì#ìCr”„3CìCSìÉÉpßf‚”„CScs#cs2„s3sSCssSR”„S#ßf‚”„Sc#ìS2„ÉCCÉCCcr”„ÉccSSêßf‚„Css##Ç„C#scCìsìb”„scsÉ3#33êßf‚”„ìÉ#cìSÉÇ„ÉS#C3ÉR”„###cscCpßf‚”„ìÉ#s3sc„ÉCìÉcSì”„#cÉcc`ßf‚”„ìÉ#s3sc„ÉCìÉcSì”„#cÉcc3pßf‚”„ìÉ#c3É2„ÉSScSc3b„#s#3ÉcS@ßf‚„ccÉc3cÇ„cSScìscCB„CCììcêßf‚„cC33ìsì2„#ìÉs#cí„sSCSsC#Pßf‚”„cCÉ3ì#CB„3Sc3ìsB„sSìÉ ßf‚”„SCì3ìsì2„csìS#Sì"„CÉc##CS3 ßf‚”„ÉÉc#ì3sí”„3csÉìSr”„#É##C#CCpßf‚”„ÉSSCC2”„3Scc#CsÉ"„3ÉS3ÉìCCpßf‚”„csCÉSÉ3ì”„Sììcì#3CR„C3CìS`ßf‚”„sÉcsÉr”„CcÉ3ìr”„Ccscßf‚„#SSS3#Cb”„3scccÉSR„ÉìCcsÉpßf‚„#ÉcÉìsCSÇ”„ssÉCScsCÇ„c#sC#s@ßf‚”„#ScS#B”„ìCÉcC#sí„3cììÉÉ ßf‚„És3c3Cb”„c#C#3ìB„CÉ3cPßf‚”„ÉSSCC2”„3Scc#CsÉ"„3ÉS3ÉìCCpßf‚”„ìsÉììÉSC"”„#3C##cr„3CìCsSßf‚”„ìScSìCb„3#SsìSCB„#ì3É#s`ßf‚”„ÉÉÉ#c#32„ìsS#B„CCÉsSÉcPßf‚”„ììsì3ìÇ„CCS#ì"”„#3C#3#0ßf‚”„cs3scSsí„s#É3SCCSB„#CcSÉ3ìÄßf‚”„ì3sc#S3B„3C3sÉB„S##C3ÉC0ßf‚”„cCSc#ssb„sc3c##R”„Éì#ÉC3ì0ßf‚”„csC#SS2„sSÉ#SsR”„#3cìsììs`ßf‚”„ÉìSCìC2„C#sSc3ccr”„Cìcì3S@ßf‚”„ìSC3És#„3S3ÉcìCÇ”„#3CC#ìCc@ßf‚”„cÉSc3sR„cSsÉc#ìc”„C#ìcCcc@ßf‚”„ìC33ìsìÇ”„33#É###Ç”„ìììCcsPßf‚”„ìcìÉcCsÉb”„#C333#É32”„#33`ßf‚”„ìCììsÉ2”„33SììÉSR”„C3cCSs`ßf‚”„ì3ìÉÉSCìr”„33ìì#cìB”„3#cCcscêßf‚„Ss3ìc#3"”„SsÉÉCsÉÉR”„SÉsSs#Cpßf‚„csc3ì3B„ìC3ccSr”„s3sÉ##@ßf‚„ìÉ3r„Cì3ÉSB”„ìÉÉsÉs3S0ßf‚”„ì#S##ìC2”„s3É3#ìR”„cs3333cÄßf‚”„ìcCÉ3#ìc"„3##Éscb”„#cÉÉCc`ßf‚”„ì3ìÉcì#ÉR„ScÉcÉìsB”„33csccC# ßf‚”„ssìì3s3Ér„ìscSb”„c#SsÉ#3ßf‚”„ìÉsÉìScÇ„S#SÉR”„CcCì#c`ßf‚”„sÉcì#s"„ÉÉ3SÉÉí”„cìSsÉspßf‚”„ìÉ##ss"„Sìcc#R”„3c#sCsC3ßf‚”„s#cCÉcCCB„#CÉ#Sc2”„cS#s3ÉCS ßf‚”„ììc#sScc2„cÉCS##cr”„S#C33CÉpßf‚”„ìscC3"„3ÉC#É3"”„ìsS#Spßf‚”„sìÉcsÇ„3##C3cB”„c#ÉìSsPßf‚”„ìcscS#ìB„#S#c"”„##SÉ#3Éêßf‚”„É3cSSSÉ3í„3CcsCsì3R”„C#Cì3c#ßf‚”„cìSSB„Cc#s#cB”„SìCcc#ßf‚”„ìCÉc3c"„#cCìCR”„#333ìcspßf‚”„ccSc#c#2„S3CÉì#É"”„S#sss`ßf‚”„ì#S##ìC2”„s3É3#ìR”„cs3333cÄßf‚„ìÉ3r„Cì3ÉSB”„ìÉÉsÉs3S0ßf‚”„cCSsÉcb„Cìs#ÉsR”„ìsCìCsÉßf‚”„#ssC3r”„SSsÉCÉc3"”„sÉ#33s3Äßf‚”„ÉÉc#ì3sí”„3csÉìSr”„#É##C#CCpßf‚”„ìSCC#3ÉCR”„#C3#S#32”„s#ìsÉÄßf‚”„ìsÉììÉSC"”„#3C##cr„3CìCsSßf‚”„ÉSSCC2”„3Scc#CsÉ"„3ÉS3ÉìCCpßf‚”„ìÉ#SÉì#CR„ÉSsÉ3ÉÇ„scSSS#0ßf‚”„ìÉ#cìSÉÇ„ÉS#C3ÉR”„###cscCpßf‚”„ìÉ#c3É2„ÉSScSc3b„#s#3ÉcS@ßf‚”„ìÉ#SÉÉcCí„ÉSsc3Sìr„33c3CììcPßf‚”„ìÉ#SÉÉcCí„ÉSsc3SÉ2„33c3CììcPßf‚„CssÉìSÉÉb„cì#ìc#R„SC#scC#Pßf‚„cÉssìc#ìR„C3##33S"„SÉ3##ìpßf‚„sScSÉÉììR„C3Éì3„cCSSC3SPßf‚”„SCìs3ÉS2”„sc3#ììc"„cCs##ÉÄßf‚„ccÉc3cÇ„cSScìscCB„CCììcêßf‚”„SCì3ìsì2„csìS#Sì"„CÉc##CS3 ßf‚”„C3c#c3ÉSí„É3c#33R„3C3cs33êßf‚„CcCc„ÉSsSìÉ#b„##ìsc3#É@ßf‚„3Ssc3ssc2„ss3s"”„SìsÉì#SÄßf‚”„#CÉC#3C"„33SÉcR”„ìcÉSìÉS`ßf‚”„ÉÉCì#Éb„ìCsc3CsÇ”„3cÉc0ßf‚”„3#3r”„S#SC”„ìÉ33#sìßf‚„3Cssssr”„c#ìsssCí”„cìSCc#0ßf‚„CCSSSsSìB„ccsÉ#cB”„cC#S3@ßf‚„cÉ#3Ç„3Ssì3cB”„ccScsÉ ßf‚„cÉC#Ss3B„C##Éc3"”„ì3scêßf‚„ìÉ3r„Cì3ÉSB”„ìÉÉsÉs3S0ßf‚„csc3ì3B„ìC3ccSr”„s3sÉ##@ßf‚„c#É#3s#R”„CÉ#sc#cìB„c#ScìSpßf‚„sScSÉÉììR„C3Éì3„cCSSC3SPßf‚„ìÉcsìR„3ÉÉc#ìÇ”„É3C3É`ßf‚„ÉcììÉÇ”„3CC#s#Ç„3SSìsSSêßf‚„s3##Cb”„csSìSSb„33#cßf‚”„sC#sìÇ”„cccc#sì„s3CSS#É@ßf‚”„cìÉSìCR”„cìÉ3ÉìCR„SÉcpßf‚„ss#CìÉ"”„cÉÉSSC##r”„ÉCÉSpßf‚”„ìììs33SÉ"”„s3cCCÉcí„csC3S#s@ßf‚”„s#ìcscÉC2„3Cìsc3sB„c#3ìì`ßf‚”„CCìCìsí”„ìc3ÉÉ3"„sì3SìSpßf‚”„sSSìS#Sìr„CssScÉ3ÉÇ”„CCss3##ßf‚”„sc3#É3C3"”„CCS3sSR”„CìSÉSsìS@ßf‚”„sc3ìì##2„3ÉÉccsr„SS3ìÄßf‚”„S#ìs3ìÇ„3sìR„ÉCsS3ÉS@ßf‚”„C3ÉSÉ#R”„c##É3ÉC2„cSCÉ#ÉÄßf‚”„sScÉcÉSC”„SCcCììR„CS3SììC@ßf‚”„sScÉcÉSC”„SCcCììR„CS3SììC@ßf‚”„C3ÉSÉ#R”„c##É3ÉC2„cSCÉ#ÉÄßf‚”„CCìCìsí”„ìc3ÉÉ3"„sì3SìSpßf‚”„sc3#É3C3"”„CCS3sSR”„CìSÉSsìS@ßf‚”„sc3ìì##2„3ÉÉccsr„SS3ìÄßf‚”„sScÉcÉSC”„SCcCììR„CS3SììC@ßf‚”„sc3#É3C3"”„CCS3sSR”„CìSÉSsìS@ßf‚”„sSSìS#Sìr„CssScÉ3ÉÇ”„CCss3##ßf‚”„sc3ìì##2„3ÉÉccsr„SS3ìÄßf‚”„sSSìS#Sìr„CssScÉ3ÉÇ”„CCss3##ßf‚”„s#ìcscÉC2„3Cìsc3sB„c#3ìì`ßf‚”„S#ìs3ìÇ„3sìR„ÉCsS3ÉS@ßf‚”„CScs#cs2„s3sSCssSR”„S#ßf‚„3S3S3CsÉÇ„Écscì#ìCr”„3CìCSìÉÉpßf‚”„ÉÉCì#Éb„ìCsc3CsÇ”„3cÉc0ßf‚„C3cC#scS2„Éscììc2”„#3ì3Pßf‚„#É#ccì„ì#CìSs33R„#ScsÉs#Pßf‚„ccSÉÇ„sÉìÉì3"”„#sssSsßf‚„sSSs3í„cC#ìÉ33r„SCcS33SPßf‚„3SccìÉc„s3scì3s#r„Sscì#cC ßf‚„csSCSì"„cìCcCs3"”„#CÉSSCÉPßf‚„SSSs#sB„É#cscÉsSb”„SCÉìs0ßf‚„sSC#CCÇ„cìs33sÇ„Ccc#C3`ßf‚„sÉ33cS2„c#Sìs3”„ÉCSC#Csßf‚„ccSÉÇ„sÉìÉì3"”„#sssSsßf‚„sSSs3í„cC#ìÉ33r„SCcS33SPßf‚”„ÉSSCC2”„3Scc#CsÉ"„3ÉS3ÉìCCpßf‚”„ÉÉÉ#c#32„ìsS#B„CCÉsSÉcPßf‚”„sìsSc3B„3ss#s„Sì##ÉÉ3Pßf‚”„csCÉSÉ3ì”„Sììcì#3CR„C3CìS`ßf‚„ÉÉÉ3s3É2„cscSSb”„sìScs3 ßf‚„cìSSÉí„scì3ÉìR”„c#SìcSs`ßf‚”„#SC3SìÉC„sCc3#ìr”„cS#ì3ìÄßf‚”„ì#ÉB„SÉÉÉ3Éc3r”„sÉS3SPßf‚”„Cìs#SÇ„C#ìCB”„ìC3#Cêßf‚„cÉC#Ss3B„C##Éc3"”„ì3scêßf‚„s3ìÉsìccÇ„C#S"”„S33##ìC`ßf‚„É33É3ìCb„CsSs3Sb”„3cCÉÉC0ßf‚„cìSSÉí„scì3ÉìR”„c#SìcSs`ßf‚„ÉÉÉ3s3É2„cscSSb”„sìScs3 ßf‚„cÉC#Ss3B„C##Éc3"”„ì3scêßf‚„cÉ#3Ç„3Ssì3cB”„ccScsÉ ßf‚”„ssCÉ"„SÉìÉCÉÇ”„c3ccS3É ßf‚”„33sCìSB”„CCscÉÉìcr”„É#Éì3ÉC0ßf‚”„ìSCC#3ÉCR”„#C3#S#32”„s#ìsÉÄßf‚”„ì3ÉsCcCÉ"„#cìcÉìR”„ììS3cÉÉ3Äßf‚”„3S#33sR”„CìCì3B”„ììÉ3cs0ßf‚”„ssìì3s3Ér„ìscSb”„c#SsÉ#3ßf‚„cÉssìc#ìR„C3##33S"„SÉ3##ìpßf‚„Css##Ç„C#scCìsìb”„scsÉ3#33êßf‚„ìÉcsìR„3ÉÉc#ìÇ”„É3C3É`ßf‚„sScSÉÉììR„C3Éì3„cCSSC3SPßf‚„ÉcììÉÇ”„3CC#s#Ç„3SSìsSSêßf‚„cì3ÉS#3cR„Sì#ìR”„sC3ìS0ßf‚„ÉsÉ#c3Sì2„3S3cì3#”„3#C33C#@ßf‚„ì3S3cc#Ç„3CsÉSC"„Ccc#ßf‚”„ss#sÉC#„cìc#c#É”„#s#ÉSCs`ßf‚”„sìscsCc2„Sì3ÉsCS„###CcscPßf‚”„sCcCìÉ"„cssc3ìcí”„#s3Éìcccßf‚”„cSSÉSs#cR„ssS3#B”„#3CSscCì@ßf‚„cÉScCSb„SÉCsÉì#sb”„ÉÉÉìì##@ßf‚”„Cì3SÉCr„SÉìÉì”„É3Éc3êßf‚„csSCSì"„cìCcCs3"”„#CÉSSCÉPßf‚„ccSÉÇ„sÉìÉì3"”„#sssSsßf‚”„Cì3SÉCr„SÉìÉì”„É3Éc3êßf‚”„SìcsSì„CÉÉccCSb”„sCCc3ì33pßf‚„#Éc#3cc2„ì3CC#3c#R”„##ìÉCì@ßf‚„s#3sCcÇ„ì##C#csb”„3sìSCSÉìpßf‚„CsSR„ìSìCCB„3ì#Cscêßf‚„ìccssB„3ììììCb”„ÉìÉc3É0ßf‚„É33s#SSí„3CcCCsìsB”„C3CS3É#@ßf‚„C3cC#scS2„Éscììc2”„#3ì3Pßf‚„ccìS#2„cSÉÉcÉ2”„sS#ÉS0ßf‚„33csS#"„ì#SÉ3CSÇ”„3sÉ#csì@ßf‚”„#ìSÉì"„ìcÉcì#s"”„#C3sCPßf‚„S#3##b„CÉsCÉ3ÉR”„s3cSCìCPßf‚„33csS#"„ì#SÉ3CSÇ”„3sÉ#csì@ßf‚”„CCCS2„ìsì#ssSS”„CCìCÉêßf‚”„C#ììÉ#„ì#SCSìÉí”„#CììCßf‚”„#ìSÉì"„ìcÉcì#s"”„#C3sCPßf‚„Sc#sÉcCR„sSsÉ3ìsìí”„cS#CcS#pßf‚”„3#c#CìÉ"„c#CccÉcí”„ì3#sC3 ßf‚„cÉScCSb„SÉCsÉì#sb”„ÉÉÉìì##@ßf‚„S33ScÇ„sì#3c#Cb”„cSS0ßf‚„#cCcìC3SR„C3ììÉCb”„ìÉì##3Éìpßf‚„3CìsS3C3í„ìC#s3Ç”„ìcCì3s`ßf‚”„3#SÉcc"„sccCsÉS"”„c3C3Cs`ßf‚”„cÉÉs3sR„Ssì#sÉ3Ç”„sììCSS ßf‚„33É3C3s"„É#3ìSCÉ#”„CSCSSì3S`ßf‚„C3cC#scS2„Éscììc2”„#3ì3Pßf‚„É33s#SSí„3CcCCsìsB”„C3CS3É#@ßf‚„SÉcsc„3ìSÉ#Ç”„sìs3Éêßf‚„cÉScCSb„SÉCsÉì#sb”„ÉÉÉìì##@ßf‚”„3#c#CìÉ"„c#CccÉcí”„ì3#sC3 ßf‚”„SìcsSì„CÉÉccCSb”„sCCc3ì33pßf‚”„Cì3SÉCr„SÉìÉì”„É3Éc3êßf‚”„cÉÉs3sR„Ssì#sÉ3Ç”„sììCSS ßf‚„ccìS#2„cSÉÉcÉ2”„sS#ÉS0ßf‚„S#3##b„CÉsCÉ3ÉR”„s3cSCìCPßf‚„3CìsS3C3í„ìC#s3Ç”„ìcCì3s`ßf‚”b„#ÉCssÑR”r„ìs3c3ÉCsR”„##Éìs# ßf‚„ÉcCìCsìR„3CCSScS2”„3cCÉìc3#pßf‚„ÉÉsì#É#Ç„3ÉscScì2”„#ScSì#Cpßf‚”„#cCCÉÑR”r„É3ÉCscí”„SCScsc#`ßf‚”„ÉÉsì#Écí„3ÉscSÉC"”„#ScSì3ì`ßf‚”„ÉcCìCsìR„3CCSS#cR”„3cCÉìccÉPßf‚„cì3S3TR”r”„sCcscSÇ”„ccSSì`ßf‚„sSÉCsCsÇ”„CÉÉìsÉÉí”„C3CCì3 ßf‚„É#3#3sCsí”„#s33S"”„CìÉsÉS3 ßf‚"„C3ìs#DR”r”„CÉ3cc##”„ÉsS#SSÉÉ0ßf‚„ÉcCìCsìR„3CCSScS2”„3cCÉìc3#pßf‚„s3cS#SìTR”r”„#C#cìCR”„ìs#ì`ßf‚”„ÉcCìCsìR„3CCSS#cR”„3cCÉìccÉPßf‚”„É#3#3s2”„#s3Sì”„CìÉsÉcSßf‚”„sSÉCsCsÇ”„CÉÉìsÇ”„C3CSÉßf‚”„#cCCÉÑR”r„É3ÉCscí”„SCScsc#`ßf‚„ÉÉsì#É#Ç„3ÉscScì2”„#ScSì#Cpßf‚„s3Éì#3ì"„CÉcc3cÉ”„S#sì3#ìC ßf‚”„cS3ÉÉì3SÇ”„sScSìÉÄßf‚„S#c#CS3r„É3C3ÉÇ”„#sÉsÉÉPßf‚"„#ÉìCcîR”r„Éì3cs#í”„CCÉs#CÉPßf‚”„S#c#CCsr„É3C3ÉÇ”„#sÉssì`ßf‚”„s3Éì#33"„CÉcc3sr”„S#sì33 ßf‚”„ÉÉsì#Écí„3ÉscSÉC"”„#ScSì3ì`ßf‚"„É#ÉsÉÉR”r„ìììCCÉb„3C##cS#S`ßf‚„S#c#CS3r„É3C3ÉÇ”„#sÉsÉÉPßf‚„cC##sc32„scS#c"”„CcS#C`ßf‚"„#ÉìCcîR”r„Éì3cs#í”„CCÉs#CÉPßf‚”„S#c#CCsr„É3C3ÉÇ”„#sÉssì`ßf‚”„cC##ssS"„scS#cS2”„CcCsÉ3@ßf‚”„cC##ssS"„scS#cS2”„CcCsÉ3@ßf‚”„s3Éì#33"„CÉcc3sr”„S#sì33 ßf‚”„S#c#CCsr„É3C3ÉÇ”„#sÉssì`ßf‚”„ììsCCc2„#3ìCCCB”„sc#SÉÉÉ0ßf‚”„ÉÉsì#Écí„3ÉscSÉC"”„#ScSì3ì`ßf‚”„ììÉSC3SB„3ìSSSì#"”„3sScSCì ßf‚”„ÉcCìCsìR„3CCSS#cR”„3cCÉìccÉPßf‚”„ììì#ÉsSCb„3sSÉcCcÇ”„3CÉsc@ßf‚”„É#3#3s2”„#s3Sì”„CìÉsÉcSßf‚”2„cSCSìCDR”r ßf‚”„sSÉCsCsÇ”„CÉÉìsÇ”„C3CSÉßf‚”Ç„SÉSS34R”r ßf‚”Ç„SÉSS34R”r ßf‚”„cìì3R”„c##3É2”„3s#ÉÉìÉPßf‚”„cìs#c3Ér”„cc3s3"”„3ì#SÉ0ßf‚”„sSÉCsCsÇ”„CÉÉìsÇ”„C3CSÉßf‚„3#cCÉ"„cs#ìsS3”„csCììc3s`ßf‚„#ÉìcC"„É#ì#SÉ3#2”„Cssìsssêßf‚”„CCcSS3#b„c3CC3SB”„c33ìcSCPßf‚”„CScCsÉb„ÉSÉìcSÉB”„#3ìsCPßf‚„##c#ÉcSí„cÉScCB„cììSCßf‚„#CCì3ì#É2„ÉC3ìC#b„CÉs#ccs`ßf‚„c3ÉS3ì#SR„SCS3ììc„SC3S#C0ßf‚”„SS#s„csCcìr„cÉsì#`ßf‚”„CscCc33Ç„ÉS#C##í„##3ìSc3pßf‚„#sCSss32„ì#ìSSsCC2„#Cc3cSSêßf‚„cs3SCÉÉsr„sCcCcsb„ÉÉÉs3ßf‚„#sCCSCB„ìccÉ3R”„#33É#sC3Äßf‚”„CScCsÉb„ÉSÉìcSÉB”„#3ìsCPßf‚„#ìC3ìcr„ì#CCs3Ç”„#CÉS3#cßf‚„#ÉìcC"„É#ì#SÉ3#2”„Cssìsssêßf‚„cÉsB„sÉsìc”„ÉsìCsêßf‚”„#É3CscìCí„ìSsÉììí”„#SSìS3ìßf‚”„ìSì3Ss#"„#s##C”„sSScc#ìßf‚”„ìc##Ssc#B„#cì3#C32”„s3É3Sì#C0ßf‚”„#Sìì3#S"„ìSsCSCb”„#SCSc@ßf‚„c3CS#ì#32„sC3c#És"”„#sssì#0ßf‚„cc3ScÇ„s#3Éìsì"”„Éì3Cìì ßf‚”„sc#ìs33Ç”„s#CCCb”„ì#ìCSC0ßf‚”„cìC33r”„scSCSí”„ìÉc3ssßf‚„#3#ì3ÉSR”„ìSì#33SÉ"”„c3ÉSÉÉ`ßf‚„##S3CsB”„ìcScÉ3##"”„cCs3cÄßf‚„ìCìc3”„#cììs#Éb”„#C###ÉC0ßf‚„ì33C3sí”„#csììÉcb”„#3ìc#cS#pßf‚”„ìc##Ssc#B„#cì3#C32”„s3É3Sì#C0ßf‚”„ìSì3Ss#"„#s##C”„sSScc#ìßf‚”„cìC33r”„scSCSí”„ìÉc3ssßf‚”„sc#ìs33Ç”„s#CCCb”„ì#ìCSC0ßf‚„ì33C3sí”„#csììÉcb”„#3ìc#cS#pßf‚„ìCìc3”„#cììs#Éb”„#C###ÉC0ßf‚„cc3ScÇ„s#3Éìsì"”„Éì3Cìì ßf‚„c3CS#ì#32„sC3c#És"”„#sssì#0ßf‚„#c#SCì"”„csì3CCsr”„cÉS#CCÉ0ßf‚„#cìccCS#b”„Cs3#ìÉcÇ”„É3ìsìcS0ßf‚”„CÉCcssSb”„c3c#ìÉsÇ”„c#33ÉÉscpßf‚”„Cc#3ì#sCr”„##s#ìSCÉÇ”„ÉSsCsÉßf‚„3#S3sí”„#C3ìÉì”„ì##s#ÉÉpßf‚„sSSss#SB”„ss#CCSB”„cÉcÉcCêßf‚„#ììCÉCRÇ„És#Ssc#îR”R”„ìSC3É@ßf‚”„CCcc##sSí„#3CÉsr”„ÉcCc#C3Éßf‚”„SCsÉ##”„É3#sScì3r”„##sC#C0ßf‚„#3ccsÉì”„É3Sc#ss3R”„CìSìÉììßf‚”„CÉCcssSb”„c3c#ìÉsÇ”„c#33ÉÉscpßf‚„##ìsS#CÉ”„ì3sSÉCÇ”„#c3ÉCpßf‚„c3csìC#í”„sCÉSììÇ”„#ìSÄßf‚„#cìSSìb”„ìsccS#b”„c3ÉCcc`ßf‚„c#SCCìc”„sSCc#B„#3#c3Äßf‚”„S##s3scr”„É#3sc"„#ìscCCÉ`ßf‚„##ÉCì3B”„ìCSCÉ33"„#CÉSsc`ßf‚„ìÉ3ìÉÉí”„ÉS3Cr„CìsCs`ßf‚”„S3ìscCcC2”„SìSs#SS3b„SìCsÉc3pßf‚„É#ÉC#3B”„cìcÉcscCR„cì3ì#Cßf‚„cìs#csÉr”„ScÉ#sSB„SSìì#ßf‚„cssì#CÇ”„SCsCìS#r”„S3CcÉì3cpßf‚„#3ccsÉì”„É3Sc#ss3R”„CìSìÉììßf‚„c3csìC#í”„sCÉSììÇ”„#ìSÄßf‚„#c#SCì"”„csì3CCsr”„cÉS#CCÉ0ßf‚„#cìccCS#b”„Cs3#ìÉcÇ”„É3ìsìcS0ßf‚„sSSss#SB”„ss#CCSB”„cÉcÉcCêßf‚”„S#sC#ì3C"„#####c"„É###Cpßf‚„sS#C3É”„C#Sìs3Cb„ìÉCSSìPßf‚”„SCsSÉ#3í”„#ÉìCÉÇ„ÉS#Éc#0ßf‚„ì#CÉscí„#S#ÉÉ#Sr„ìCÉcìSÉêßf‚„cs3cs2„#CÉcsÉ"„scsììCC`ßf‚„#3S3c3ì„Cì#CcCsÉ„ÉCcìÉ#ßf‚”„SS#s„csCcìr„cÉsì#`ßf‚„##c#ÉcSí„cÉScCB„cììSCßf‚„c3ÉS3ì#SR„SCS3ììc„SC3S#C0ßf‚„SìsC32”„#SSSì#R„ss#CìS ßf‚„sS#C3É”„C#Sìs3Cb„ìÉCSSìPßf‚„cs3cs2„#CÉcsÉ"„scsììCC`ßf‚„cÉì3csB”„#c#ì„ìScSÉÉ0ßf‚”„SCsSÉ#3í”„#ÉìCÉÇ„ÉS#Éc#0ßf‚„cscìcR”„CìscÉS3s2„ÉSìì3ìpßf‚„cìs#csÉr”„ScÉ#sSB„SSìì#ßf‚”„S3ìscCcC2”„SìSs#SS3b„SìCsÉc3pßf‚„É#ÉC#3B”„cìcÉcscCR„cì3ì#Cßf‚”„CCcSS3#b„c3CC3SB”„c33ìcSCPßf‚„3#cÉC2„CsSS#ìcÇ”„É#ÉCS3ÉìÄßf‚„3#cCÉ"„cs#ìsS3”„csCììc3s`ßf‚”„CCcc##sSí„#3CÉsr”„ÉcCc#C3Éßf‚„3#CsSÉì2„#CìÉì#B”„ì3Scc#êßf‚„#ììCÉCRÇ„És#Ssc#îR”R”„ìSC3É@ßf‚„ss3sSÇ„scCC#Ér”„cÉCÉÉscCÄßf‚„#ì333#R„SCìcs3CsR„ìSCC3CÉs ßf‚”„#ìSÉsc#b„SSccCCCc"„ìS3c3Éêßf‚”„CCìs#cR„3sì#sS3É"„ì3ÉcCìpßf‚„CC3cÉSB„3ssCÉì"„ìCcìS3É ßf‚”„3ÉÉÉìSb„CcìsS3Cí„ìÉ3ì#ÉCpßf‚„3#CssSsB„CS#ÉCc3B„ììSCs0ßf‚„É#S3csCÇ„ì#CÉC3s#í„3s#É3ÉSêßf‚„C3CsCcìÉ„ÉSCÉsí„C#s3ScÄßf‚„É#sSCÉSc2„#cc3Ss3B„Cìs##CSìêßf‚„#cÉc3c#B”„#ìCsr„ì3sì###ìêßf‚„ÉcsS#Ésìb”„ìsCscìR„CScSsSc@ßf‚”„CS#ììcsí„ÉÉsÉ#CCsb”„É3##c0ßf‚”„C3SCC3C„ÉSìS33É2„C33ì3Äßf‚”„É#ÉC#3SB„#ccCC#R„CìSsÉ3êßf‚”„ìSÉ##„3ììsÉ3B”„3ì#SÉs3êßf‚„ÉcÉCCC32„ìì#ìb”„ìcCì#3 ßf‚”„É##ss3í„ì#SSCì#2„3cìsSìsPßf‚”„ÉcÉCSSS„ìì#ì##R”„ìcC3ìÄßf‚„É#S3csCÇ„ì#CÉC3s#í„3s#É3ÉSêßf‚„C3CsCcìÉ„ÉSCÉsí„C#s3ScÄßf‚„CS#ììcì3í„ÉÉsÉ#CCb”„ÉCcÄßf‚„É#sSCÉSc2„#cc3Ss3B„Cìs##CSìêßf‚„ìSÉ#É„3ììs#ìÇ”„3ì#c#SPßf‚”„ì3s3#S3R„3cSì33b”„33S3cÉcc0ßf‚”„CS#ììcsí„ÉÉsÉ#CCsb”„É3##c0ßf‚”„ìSÉ##„3ììsÉ3B”„3ì#SÉs3êßf‚”„CccÉ3SÉ#r„ÉÉSÉCÉ"”„É##sCSC0ßf‚”„ÉcÉCSSS„ìì#ì##R”„ìcC3ìÄßf‚”„ÉscCs#3cí„ìììcÉÉ”„ììÉPßf‚”„cCìScsí„ìccs#r”„#sì ßf‚”„CCs3cÉ2„ÉÉsÉSSÉB”„s3#ì@ßf‚”„Éì3É#cC2„3ìCcS#c”„#C#cS@ßf‚„##cììÉ#ìí„cSìccÉb”„sc#CCSsPßf‚”„##c3cìSí„cScìÉCr”„sc#ÉCcCßf‚”„S#ìsÉìì#R„3CÉCss32”„ss3C#CCCpßf‚„S#ì#ìc3ìÇ„3Csc#C2”„ss3ìSÉ#pßf‚”„3s##Csc„ìC3CÉSÉ2”„ì#33sÉSÉpßf‚„3s#És#sÇ„ìC#s3c#Ç”„ì#3#ÉCÉ`ßf‚”„#3ì3#ì#B”„#cÉs3s2”„ì33ì#Sì@ßf‚„#3ìCcsìì2”„#cìScSb”„ì3#Éì3És ßf‚”„ccCs#"”„CSc3ìÉ”„ÉÉs3#3Cìêßf‚„cccc3#R”„CScSìc#2”„ÉÉs#3Cêßf‚„##Sì##3”„Éìs#3Sb”„3É#scC#Pßf‚„sÉì#B”„Sss#ì2”„CsCsSc3`ßf‚„ì#CìssB”„SCÉSs3Ç”„3ÉSSc#É3pßf‚”„ssÉSc#c”„c33sÉcÉSr„c3ììì30ßf‚”„cÉC#3#í”„cS3Ccí„C#33ÉS#Pßf‚”„sc#ì#ìSb”„ìCScsÉSì"„#s3S33ì@ßf‚”„##c3És#”„ìs3CÉÉìR„Cì#Cììpßf‚„ì3s3#S3R„3cSì33b”„33S3sÉPßf‚„ìSÉ#É„3ììs#ìÇ”„3ì#c#SPßf‚„CS#ììcì3í„ÉÉsÉ#CCb”„ÉCcÄßf‚„CccÉ3S3"„ÉÉSÉ3B”„É##sìSc0ßf‚„ÉcÉCCC32„ìì#ìb”„ìcCì#3 ßf‚„ÉscCìCCìr„ìììcÉ#R”„ììCììCpßf‚„cSss#3Ç„ìcSC#3R”„#sCcCCìpßf‚„CCSÉ3CÇ„ÉÉss3CÉR”„s3Sc3s3@ßf‚„Éì3sSÉcSR„3ìC#3CSìÇ”„#3ìCììc0ßf‚„CìÉÉc3CSí”„sÉ#SC#sÇ„sCì#c3Äßf‚”„SÉ3CSB”„sÉ3cÉ3c„sCcììpßf‚”„#Sìcr”„CìÉÉ3ìì2„ÉCCÉÉSsÄßf‚„#ìsCSCS"”„CìCÉì#Ç„ÉCS#ÉìCcêßf‚”„#sSC3Sr”„#ìÉCS#R„ì3s3ì@ßf‚„#cÉc3c#B”„#ìCsr„ì3sì###ìêßf‚”„#ìSÉsc#b„SSccCCCc"„ìS3c3Éêßf‚„#ì333#R„SCìcs3CsR„ìSCC3CÉs ßf‚„ÉcsS#Ésìb”„ìsCscìR„CScSsSc@ßf‚„cÉ3SìS3Sí”„c3#3s#B„C3cSÉCßf‚”„ÉscCs#3cí„ìììcÉÉ”„ììÉPßf‚”„cCìScsí„ìccs#r”„#sì ßf‚„cSss#3Ç„ìcSC#3R”„#sCcCCìpßf‚„ÉscCìCCìr„ìììcÉ#R”„ììCììCpßf‚„ÉcÉCCC32„ìì#ìb”„ìcCì#3 ßf‚”„ÉcÉCSSS„ìì#ì##R”„ìcC3ìÄßf‚„#ìÉìs#”„ìcìccÉÇ„ccC ßf‚”„##c3És#”„ìs3CÉÉìR„Cì#Cììpßf‚„##c3Éìí”„ìs3Cì3s„Cì##Éßf‚”„#ìÉìs3"”„ìcìccÉÇ„cc ßf‚”„##Cc3Cìí”„ÉìsSs#ìR”„3É#ìì3c3êßf‚„##Sì##3”„Éìs#3Sb”„3É#scC#Pßf‚”„ÉcÉCSSS„ìì#ì##R”„ìcC3ìÄßf‚”„É##ss3í„ì#SSCì#2„3cìsSìsPßf‚”„C3SCC3C„ÉSìS33É2„C33ì3Äßf‚”„CS#ììcsí„ÉÉsÉ#CCsb”„É3##c0ßf‚„SsS#ìcí„ìCscSs#R”„C#ScÉ#ßf‚”„ScCCScS"„ìCìCssSÇ”„C#S#3CscPßf‚”„##c3cìSí„cScìÉCr”„sc#ÉCcCßf‚„##cììÉ#ìí„cSìccÉb”„sc#CCSsPßf‚„CCSÉ3CÇ„ÉÉss3CÉR”„s3Sc3s3@ßf‚„cSss#3Ç„ìcSC#3R”„#sCcCCìpßf‚„Éì3sSÉcSR„3ìC#3CSìÇ”„#3ìCììc0ßf‚„S#ì#ìc3ìÇ„3Csc#C2”„ss3ìSÉ#pßf‚„ssÉcììR”„c33scÉCìí„cCcCCcPßf‚„scìÉìR”„ìCScSÉScR„#s3#É3C# ßf‚„cÉ3SìS3Sí”„c3#3s#B„C3cSÉCßf‚„##c3Éìí”„ìs3Cì3s„Cì##Éßf‚„#ìÉìs#”„ìcìccÉÇ„ccC ßf‚„sSS#3Ç”„cS##c3R„csS3ììCêßf‚„sÉì#B”„Sss#ì2”„CsCsSc3`ßf‚„##Sì##3”„Éìs#3Sb”„3É#scC#Pßf‚”„#ìÉìs3"”„ìcìccÉÇ„cc ßf‚”„##Cc3Cìí”„ÉìsSs#ìR”„3É#ìì3c3êßf‚”„sÉsìs3Éb”„Ss3SsSR”„CsS3S3Sìêßf‚”„sSCìÉ##ì2”„cS##SC3C2„csSs#ÉÉC0ßf‚”„ssÉSc#c”„c33sÉcÉSr„c3ììì30ßf‚”„##c3És#”„ìs3CÉÉìR„Cì#Cììpßf‚”„sc#ì#ìSb”„ìCScsÉSì"„#s3S33ì@ßf‚„scìÉìR”„ìCScSÉScR„#s3#É3C# ßf‚„##c3Éìí”„ìs3Cì3s„Cì##Éßf‚„ìSÉ#É„3ììs#ìÇ”„3ì#c#SPßf‚„ììcìSÉr”„#ÉÉ3#3#R„ìc3sSìC0ßf‚„ÉcsS#Ésìb”„ìsCscìR„CScSsSc@ßf‚„É#sSCÉSc2„#cc3Ss3B„Cìs##CSìêßf‚„S#ì#ìc3ìÇ„3Csc#C2”„ss3ìSÉ#pßf‚„3s#És#sÇ„ìC#s3c#Ç”„ì#3#ÉCÉ`ßf‚„ì#CìssB”„SCÉSs3Ç”„3ÉSSc#É3pßf‚„Éì3sSÉcSR„3ìC#3CSìÇ”„#3ìCììc0ßf‚”„CCs3cÉ2„ÉÉsÉSSÉB”„s3#ì@ßf‚”„Éì3É#cC2„3ìCcS#c”„#C#cS@ßf‚”„S#ìsÉìì#R„3CÉCss32”„ss3C#CCCpßf‚”„##c3cìSí„cScìÉCr”„sc#ÉCcCßf‚”„cCìScsí„ìccs#r”„#sì ßf‚”„ScCCScS"„ìCìCssSÇ”„C#S#3CscPßf‚”„Éì3É#cC2„3ìCcS#c”„#C#cS@ßf‚”„ì#ÉìssÉ"”„SCs3#32”„3ÉSìCcÉßf‚”„3s##Csc„ìC3CÉSÉ2”„ì#33sÉSÉpßf‚”„S#ìsÉìì#R„3CÉCss32”„ss3C#CCCpßf‚”„sÉsìs3Éb”„Ss3SsSR”„CsS3S3Sìêßf‚”„##Cc3Cìí”„ÉìsSs#ìR”„3É#ìì3c3êßf‚”„ccCs#"”„CSc3ìÉ”„ÉÉs3#3Cìêßf‚”„#3ì3#ì#B”„#cÉs3s2”„ì33ì#Sì@ßf‚”„ì#ÉìssÉ"”„SCs3#32”„3ÉSìCcÉßf‚”„3s##Csc„ìC3CÉSÉ2”„ì#33sÉSÉpßf‚”„#Sìcr”„CìÉÉ3ìì2„ÉCCÉÉSsÄßf‚”„SÉ3CSB”„sÉ3cÉ3c„sCcììpßf‚”„sc#ì#ìSb”„ìCScsÉSì"„#s3S33ì@ßf‚”„cÉC#3#í”„cS3Ccí„C#33ÉS#Pßf‚”„C3SCC3C„ÉSìS33É2„C33ì3Äßf‚”„É##ss3í„ì#SSCì#2„3cìsSìsPßf‚”„3ÉÉÉìSb„CcìsS3Cí„ìÉ3ì#ÉCpßf‚”„CCìs#cR„3sì#sS3É"„ì3ÉcCìpßf‚”„É#ÉC#3SB„#ccCC#R„CìSsÉ3êßf‚”„#ìSÉsc#b„SSccCCCc"„ìS3c3Éêßf‚”„ÉcÉìcs2”„ìsSs#2„CSS3ÉC3Pßf‚”„#sSC3Sr”„#ìÉCS#R„ì3s3ì@ßf‚„cÉ3SìS3Sí”„c3#3s#B„C3cSÉCßf‚„scìÉìR”„ìCScSÉScR„#s3#É3C# ßf‚„CìÉÉc3CSí”„sÉ#SC#sÇ„sCì#c3Äßf‚„#ìsCSCS"”„CìCÉì#Ç„ÉCS#ÉìCcêßf‚„cSss#3Ç„ìcSC#3R”„#sCcCCìpßf‚”„cCìScsí„ìccs#r”„#sì ßf‚”„ScCCScS"„ìCìCssSÇ”„C#S#3CscPßf‚„SsS#ìcí„ìCscSs#R”„C#ScÉ#ßf‚”„##Cc3Cìí”„ÉìsSs#ìR”„3É#ìì3c3êßf‚„##Sì##3”„Éìs#3Sb”„3É#scC#Pßf‚„cccc3#R”„CScSìc#2”„ÉÉs#3Cêßf‚”„ccCs#"”„CSc3ìÉ”„ÉÉs3#3Cìêßf‚„3#CssSsB„CS#ÉCc3B„ììSCs0ßf‚”„3ÉÉÉìSb„CcìsS3Cí„ìÉ3ì#ÉCpßf‚”„É##ss3í„ì#SSCì#2„3cìsSìsPßf‚„É#S3csCÇ„ì#CÉC3s#í„3s#É3ÉSêßf‚”„SÉ3CSB”„sÉ3cÉ3c„sCcììpßf‚„CìÉÉc3CSí”„sÉ#SC#sÇ„sCì#c3Äßf‚„scìÉìR”„ìCScSÉScR„#s3#É3C# ßf‚”„sc#ì#ìSb”„ìCScsÉSì"„#s3S33ì@ßf‚”„ìCSSì#s”„3#S3S3#`ßf‚”„ÉSC3S##3b”„SìcìC3ÉÄßf‚„#3###É2„É3scÉ3R”„SS#c3Pßf‚„#3SìsSS3B„ììSC#r”„3ScÉcpßf‚”„ìÉ3Css3Ç”„Écs3CÄßf‚„#3#ìÉÉÉcB„ìScCCcC”„sSÉÉS#sPßf‚”„ìììÉ#sc#2„ÉSc#ÉPßf‚„#3c#3CccR„ìsS#ì#b„É#Scpßf‚„SÉÉCs#CR”„ì#SSÉcsí”„3sìSsììcßf‚„#ScCCC3”„ì#cs##3”„3CSSs3sÉ0ßf‚„#ì#csscR”„33cÉc##Ç”„ìÉ3ÉSpßf‚””„3Cì#sÉC"”„ì3sÉììßf‚„CCcÉ3Éb”„Éì3csC3R„CS3#É3s0ßf‚„#ScCCC3”„ì#cs##3”„3CSSs3sÉ0ßf‚„SÉÉCs#CR”„ì#SSÉcsí”„3sìSsììcßf‚„#ìCSÉÉsÇ”„ÉSSccÉìc"„CcÉcÉÉsßf‚””„ÉsìCScS"„CsSìsì#cêßf‚„#CÉ#Éc#2”„ÉSsc3ÉSr„Cc3#cÉÄßf‚””„ÉcC#cÇ„Ssìcc`ßf‚„#S3##3s2”„É33#ìÉR„Cì###Äßf‚””„S3ì#Ér„ÉC##SÉì0ßf‚„#S33SCÇ”„S#cScSs2„ÉCcs#Pßf‚””„3Cì#sÉC"”„ì3sÉììßf‚„#ì#csscR”„33cÉc##Ç”„ìÉ3ÉSpßf‚„#cÉìÉB„3sScììc”„Éìs##3ì@ßf‚”„3ÉCììÉìÇ”„ì##ìscÄßf‚”„cCSCS3cb„sc3É3sì@ßf‚„#ìSSÉ#r„cÉcsSsí„s#ìScs30ßf‚„#S33SCÇ”„S#cScSs2„ÉCcs#Pßf‚””„S3ì#Ér„ÉC##SÉì0ßf‚”„cCSCS3cb„sc3É3sì@ßf‚”„ìììÉ#sc#2„ÉSc#ÉPßf‚„#3c#3CccR„ìsS#ì#b„É#Scpßf‚„#ìSSÉ#r„cÉcsSsí„s#ìScs30ßf‚”„3ÉCììÉìÇ”„ì##ìscÄßf‚„#cÉìÉB„3sScììc”„Éìs##3ì@ßf‚„#3ì3cìscR„sìCSìcs3"”„SSsìSÉìßf‚”„ÉsscÉÉ2”„SsSc3CsÄßf‚”„ÉSC3S##3b”„SìcìC3ÉÄßf‚”„ÉsscÉÉ2”„SsSc3CsÄßf‚„#3ì3cìscR„sìCSìcs3"”„SSsìSÉìßf‚„#3###É2„É3scÉ3R”„SS#c3Pßf‚”„c#sÉ#Cí„s3CCCÉÇ”„sÉcÉ3CìÄßf‚”„ìs3CScìsí”„#cCìÉR”„##Éc3ìscpßf‚”„cSìc„csCSÉR”„sCCììpßf‚”„ìs3ScCí”„ìS3csB”„##É##ì`ßf‚”„ìcììì3ÉÉí”„3Ss3S#sí„#CCÉÉsS0ßf‚”„ìScc#C"”„3#ìcsCSí„ccs3ÉSC ßf‚”„ìC3#sscSr”„3#CÉc#cSí”„cÉCìSÉs0ßf‚”„ìCsS#SS2”„##c2”„#csSÉsPßf‚”„ÉÉCcìs"„C3sìÉ#R„SìÉS333êßf‚”„ìsC#s3"”„SsÉCÇ”„3É3S3s3pßf‚”„ÉCsìÉS2„CcS#33cí”„#SCS3SCêßf‚”„ìCsS#SS2”„##c2”„#csSÉsPßf‚”„ÉCsìÉS2„CcS#33cí”„#SCS3SCêßf‚”„cSìc„csCSÉR”„sCCììpßf‚”„ìs3CScìsí”„#cCìÉR”„##Éc3ìscpßf‚”„ìsC#s3"”„SsÉCÇ”„3É3S3s3pßf‚”„cìÉìCR”„cs##ScSÉí”„#cÉCCC@ßf‚”„ìC3#sscSr”„3#CÉc#cSí”„cÉCìSÉs0ßf‚”„Ss3ÉC"”„ÉÉcSR”„33C#S3ßf‚”„SSCSCSCc"”„É3##ssR„cSC#CcSPßf‚”„SCCc#cÉì"”„É#3ÉCCb„SsC#ìcPßf‚”„ìScc#C"”„3#ìcsCSí„ccs3ÉSC ßf‚„ScsS##SÉR„ÉÉìB”„ÉSs#ìcÄßf‚„cì3ììSC"„3ìÉS#Éí”„cCcScsS`ßf‚„ÉÉccsSí”„3c3CÉ3í”„3CcSìpßf‚„ìS#3S"”„scìS3É#í”„#ìS#ìcSPßf‚„SÉìSCc3R„ÉcSCc3b”„ÉSÉì#ÉC ßf‚„ÉììÉcB”„CCì#3Ér”„Éì#Éì0ßf‚„ìS3ÉCcr”„cScCCC2”„3cSs3# ßf‚„ì#ì#Sìí”„C#ìCs3c2„#3ccs3Éßf‚„ìCSc#sí”„ÉSCCC"„3#CCc3Sêßf‚„ììsS3b”„C#s##2„ìs3#ÉcÄßf‚”„sCS#33cs"”„3SCc#Ç”„ì3S3Sì ßf‚„Sc3cCss”„ccSsÉí”„CìS3cC ßf‚„ÉÉ3CÉ#ìí”„#ìÉsÉ3ì2”„3cÉcì3sÄßf‚”„#Éì3ScSì"”„cÉÉSSSR”„s#SSSsì#0ßf‚”„Sìs#ì3cR”„cC#csS#B”„CsìÉsÉ#Äßf‚”„ÉSìss3Sr”„33ÉSSSì3"”„3É#3#sêßf‚„ììSìS3r„cCCsr”„scÉÉÉCC@ßf‚„ìs3És#"„ìÉ3#Cí”„#3#É3SC ßf‚„cì3ììSC"„3ìÉS#Éí”„cCcScsS`ßf‚„ScsS##SÉR„ÉÉìB”„ÉSs#ìcÄßf‚„c3Éc3CsR„3ìSÉS2”„ìÉÉ##3ì0ßf‚„SÉìSCc3R„ÉcSCc3b”„ÉSÉì#ÉC ßf‚„ììsCì3r”„csì3C#B„ìì3cÉ`ßf‚”„3cScS33Ç”„C#sC#ìÉr„É#cÉccÄßf‚”„SCsCCcb”„c3sSìsR„É#SìCSÉßf‚”„3cÉSsCsR”„C3ìCcÇ„ìCsssÉsPßf‚„#ÉCÉcsR”„C#sSS#ì3Ç„ÉSìCÉcêßf‚„CcìÉS#Scr”„#SÉìSC„ÉSÉSccPßf‚”„sÉC#c#ìí”„É3sÉÉ„SÉCCcì#Sêßf‚”„SsC3sìCB”„ss3ss3R„Cì#cìSêßf‚„CCìÉSÉB”„s3c3ÉÉc"„S3cìCêßf‚„ìs3És#"„ìÉ3#Cí”„#3#É3SC ßf‚„#s#C#s2„ìCÉ3S3b„#3#CSsßf‚„Éc3#3ÉsS"„C#ÉSSCÇ”„#ccsc3cSpßf‚„cì3ììSC"„3ìÉS#Éí”„cCcScsS`ßf‚”„ìs#cscí”„#s#cÉs#Éb„3#csS@ßf‚”„SsC3sìCB”„ss3ss3R„Cì#cìSêßf‚”„SCCc#cÉì"”„É#3ÉCCb„SsC#ìcPßf‚”„ìScc#C"”„3#ìcsCSí„ccs3ÉSC ßf‚”„ìs#cscí”„#s#cÉs#Éb„3#csS@ßf‚”„SCsCCcb”„c3sSìsR„É#SìCSÉßf‚”„3cScS33Ç”„C#sC#ìÉr„É#cÉccÄßf‚”„SsC3sìCB”„ss3ss3R„Cì#cìSêßf‚„##C3#”„3cÉ3sSr„ììì#CcSìpßf‚”„SCsCCcb”„c3sSìsR„É#SìCSÉßf‚”„SSSc33SCR”„3ìsìsí„É3CsCSSPßf‚„ììsCì3r”„csì3C#B„ìì3cÉ`ßf‚„CcìÉS#Scr”„#SÉìSC„ÉSÉSccPßf‚„Ssss3Ésb”„sìÉìì3„ÉSssss#ìpßf‚”„#3#SSÇ„ìcSÉ##ÉÇ„#Cìss#ìÄßf‚”„ÉCsìÉS2„CcS#33cí”„#SCS3SCêßf‚”„ÉÉCcìs"„C3sìÉ#R„SìÉS333êßf‚”„3ìs32„ÉsÉCCS2„3sS30ßf‚„#s#C#s2„ìCÉ3S3b„#3#CSsßf‚„ìs3És#"„ìÉ3#Cí”„#3#É3SC ßf‚”„#CìCìÇ„csS3C3sS"”„s#sCCs ßf‚„ììSìS3r„cCCsr”„scÉÉÉCC@ßf‚”„sÉC#c#ìí”„É3sÉÉ„SÉCCcì#Sêßf‚„CCìÉSÉB”„s3c3ÉÉc"„S3cìCêßf‚„CsìSSCB”„Écc3Cscs„c3CÉÉPßf‚”„cSÉcìí”„ìÉ###CR„ÉÉcCìcßf‚”„SCCc#cÉì"”„É#3ÉCCb„SsC#ìcPßf‚”„SsC3sìCB”„ss3ss3R„Cì#cìSêßf‚„ÉììÉcB”„CCì#3Ér”„Éì#Éì0ßf‚„c33S#cB”„s#SS#SCìÇ”„#cìcÉSÉc@ßf‚„S#3Ss3SÇ”„ÉCCCÉCScÇ”„CcÉ#cCPßf‚„ÉÉccsSí”„3c3CÉ3í”„3CcSìpßf‚„ì##3s3í”„C#s#ì"”„CsìcÄßf‚„Éc3#3ÉsS"„C#ÉSSCÇ”„#ccsc3cSpßf‚„cì3ììSC"„3ìÉS#Éí”„cCcScsS`ßf‚„ì#ì#Sìí”„C#ìCs3c2„#3ccs3Éßf‚„ÉììÉcB”„CCì#3Ér”„Éì#Éì0ßf‚„S#3Ss3SÇ”„ÉCCCÉCScÇ”„CcÉ#cCPßf‚„CÉs3C3r”„ÉscSììcb„ccC0ßf‚„CsìSSCB”„Écc3Cscs„c3CÉÉPßf‚„ììsS3b”„C#s##2„ìs3#ÉcÄßf‚„ÉSSSÉÉ#Sr”„3Cs#ssí„3É3ì3ÉCc ßf‚„CCìÉSÉB”„s3c3ÉÉc"„S3cìCêßf‚„ÉSSSÉÉ#Sr”„3Cs#ssí„3É3ì3ÉCc ßf‚„CCìÉSÉB”„s3c3ÉÉc"„S3cìCêßf‚„#ÉCÉcsR”„C#sSS#ì3Ç„ÉSìCÉcêßf‚„CcìÉS#Scr”„#SÉìSC„ÉSÉSccPßf‚”„#CìCìÇ„csS3C3sS"”„s#sCCs ßf‚”„ÉCsìÉS2„CcS#33cí”„#SCS3SCêßf‚”„#3#SSÇ„ìcSÉ##ÉÇ„#Cìss#ìÄßf‚”„cSìc„csCSÉR”„sCCììpßf‚”„ìS3ìÉ3„333ÉC3"”„ìÉcCc##ìPßf‚”„c#sÉ#Cí„s3CCCÉÇ”„sÉcÉ3CìÄßf‚„ììSìS3r„cCCsr”„scÉÉÉCC@ßf‚„c3Éc3CsR„3ìSÉS2”„ìÉÉ##3ì0ßf‚”„ìcììì3ÉÉí”„3Ss3S#sí„#CCÉÉsS0ßf‚”„SSSc33SCR”„3ìsìsí„É3CsCSSPßf‚”„SCsCCcb”„c3sSìsR„É#SìCSÉßf‚”„ìs#cscí”„#s#cÉs#Éb„3#csS@ßf‚„ìCSc#sí”„ÉSCCC"„3#CCc3Sêßf‚„ÉSSSÉÉ#Sr”„3Cs#ssí„3É3ì3ÉCc ßf‚„CcìÉS#Scr”„#SÉìSC„ÉSÉSccPßf‚„Ssss3Ésb”„sìÉìì3„ÉSssss#ìpßf‚”„cÉC#3#í”„cS3Ccí„C#33ÉS#Pßf‚”„ÉcÉìcs2”„ìsSs#2„CSS3ÉC3Pßf‚”„#sSC3Sr”„#ìÉCS#R„ì3s3ì@ßf‚”„#Sìcr”„CìÉÉ3ìì2„ÉCCÉÉSsÄßf‚”„ìSÉ##„3ììsÉ3B”„3ì#SÉs3êßf‚”„É#ÉC#3SB„#ccCC#R„CìSsÉ3êßf‚”„ÉcÉìcs2”„ìsSs#2„CSS3ÉC3Pßf‚”„ììc###cí”„#ÉÉ3É2„ìcscs3c ßf‚”„sSCìÉ##ì2”„cS##SC3C2„csSs#ÉÉC0ßf‚”„ììc###cí”„#ÉÉ3É2„ìcscs3c ßf‚”„ssÉSc#c”„c33sÉcÉSr„c3ììì30ßf‚”„ìÉì#SCb”„CSÉs#R„CsSScìpßf‚”„ìSÉ##„3ììsÉ3B”„3ì#SÉs3êßf‚”„ì3s3#S3R„3cSì33b”„33S3cÉcc0ßf‚”„Éì3É#cC2„3ìCcS#c”„#C#cS@ßf‚”„ì#ÉìssÉ"”„SCs3#32”„3ÉSìCcÉßf‚”„sÉsìs3Éb”„Ss3SsSR”„CsS3S3Sìêßf‚„sSS#3Ç”„cS##c3R„csS3ììCêßf‚„ì#CìssB”„SCÉSs3Ç”„3ÉSSc#É3pßf‚„sÉì#B”„Sss#ì2”„CsCsSc3`ßf‚„ìÉì#ìR”„CSÉ#Sì#"„Css#pßf‚„Éì3sSÉcSR„3ìC#3CSìÇ”„#3ìCììc0ßf‚„ì3s3#S3R„3cSì33b”„33S3sÉPßf‚„ìSÉ#É„3ììs#ìÇ”„3ì#c#SPßf‚„ììcìSÉr”„#ÉÉ3#3#R„ìc3sSìC0ßf‚„ssÉcììR”„c33scÉCìí„cCcCCcPßf‚„ìììììc3R„#ccCssÉs2”„#cìcìc ßf‚„É3CcSìì2„CÉÉCs#B”„#SCCcs`ßf‚„ììììsCÉCr„cìÉccr”„sc3#SS ßf‚r„3C#3cTR”r ßf‚R„3Éc#É#ÉTR”r ßf‚ ßf‚ ßf‚ ßf‚„ììììÉsÉC”„#sscCCSSí„CÉÉcSsC@ßf‚„ìììììS#3"”„ì3s33Sr„#C3S3CCêßf‚„ììììS33Éí”„CCÉSSÉ2„ÉSS3CÉs0ßf‚„ììììììsc"”„cÉSìÉSÉB„3ì#ìScÉ3@ßf‚„ììììcsÇ”„#S#ìcÇ„ÉscìSßf‚r„3C#3cTR”r ßf‚„cSSÉCSr„s#c#ccì#”„#cSìßf‚„É3CcSìì2„CÉÉCs#B”„#SCCcs`ßf‚R„3Éc#É#ÉTR”r ßf‚„cs#cÉc#Ç„s3ÉSSc"”„CcsC33# ßf‚ ßf‚ ßf‚ ßf‚”„CÉ3ÉCtR”b ßf‚„sÉcì#í„s3Csí„#S#É#`ßf‚„ìììììscb”„SsÉìsr„ScsìsÉìêßf‚„sC33ìB„cs##C3R”„3ìÉìÉs#0ßf‚„ìììììCSb”„ScìCÉ"„#ì#c#ÉS0ßf‚„ììììÉì"”„#ìc3cc„SSÉ33ìccPßf‚„ìììsìÉÉ3B”„#sc#3B„CCCS0ßf‚„ìììììCSb”„ScìCÉ"„#ì#c#ÉS0ßf‚„ìììì3sÉì"”„ÉÉ#Cssssí„cÉccßf‚„ììììÉì"”„#ìc3cc„SSÉ33ìccPßf‚„ììììÉC#cB”„3ì#ìs3ìÉ"„CÉs3#s@ßf‚„ììììÉÉR”„scC#ìr„3s#É3@ßf‚„ììììs3cSR”„ScsS3b„S#sìsSCpßf‚„ììììS33Éí”„CCÉSSÉ2„ÉSS3CÉs0ßf‚„ììììsìÉSB”„#ìscÉcsb„Sc#33ì0ßf‚„ììììÉsÉC”„#sscCCSSí„CÉÉcSsC@ßf‚„ìììììS#3"”„ì3s33Sr„#C3S3CCêßf‚ ßf‚ ßf‚ ßf‚ ßf‚„ììììììsc"”„cÉSìÉSÉB„3ì#ìScÉ3@ßf‚„ìììììc3R„#ccCssÉs2”„#cìcìc ßf‚„cSSÉCSr„s#c#ccì#”„#cSìßf‚”„É3CÉsÉCCR„CÉÉcCC2”„#SCCìÉ ßf‚„É3CcSìì2„CÉÉCs#B”„#SCCcs`ßf‚”„cssìCc#r„sscCCcí”„ììÉ#c0ßf‚„cs#cÉc#Ç„s3ÉSSc"”„CcsC33# ßf‚”„cìcsC3C2„ss#Ésb”„ss3ÉcSs@ßf‚„sÉcì#í„s3Csí„#S#É#`ßf‚„sC33ìB„cs##C3R”„3ìÉìÉs#0ßf‚„sìÉS„s#ìÉcìSb„#S3sssìêßf‚„csS#cc„sCìÉ3Ér„ìÉcÉ#TR”`ßf‚”„cs3C3sS3b„s3ì#CC2”„3#Éì#SCpßf‚”„ÉcCsCÇ„CÉ3#ÉCÇ„3#cìÉßf‚„ÉsC3ccìR„CsÉÉÉs„3##ssÉÄßf‚”„ìc#3ìÉSR„ìs#ÉCcr„#3C#Cì@ßf‚„CSìì3c„sÉS#SsìR„csÉÉìÉÉßf‚”„3É3SSb„ìÉs3Écsc2„SS3#0ßf‚”„cC#sB„c#cÉs3B”„ssÉsSS`ßf‚„Cìc3ÉScÇ„Sc3Ésìì"”„cc3Sì0ßf‚”„cCsC3sR„CsìììB”„SìÉÉcÉ@ßf‚”„c3S#SSc„S3#cCCì2„SSìCì33c0ßf‚”„ÉcCsCÇ„CÉ3#ÉCÇ„3#cìÉßf‚”„c#SsÉCB„sÉ3#CSb”„c####C#ì`ßf‚”„É3CÉsÉCCR„CÉÉcCC2”„#SCCìÉ ßf‚”„cssìCc#r„sscCCcí”„ììÉ#c0ßf‚”„cìcsC3C2„ss#Ésb”„ss3ÉcSs@ßf‚„cÉcS3333"„s##Éc33B”„sÉÉÉCì#ì@ßf‚„csc#cÉ3Ç„cììC3#sB”„#3#sÉìS ßf‚„É3CÉ3Csb„CìsCscc3r”„#3SÉ3ì ßf‚„SÉc##s#3Ç„CsCcCC"”„cScSCcC@ßf‚„s3ìÉÉ2„s3sScB„33É3Éì#`ßf‚„#SÉs#sSí„ìcÉscì32”„3É#3É0ßf‚„c33sCSs2„S33CcÉcí„SccCìÉÄßf‚„ccc#Cí„sÉscc3Sí”„CCccÉC#3êßf‚„SÉc##s#3Ç„CsCcCC"”„cScSCcC@ßf‚„ÉsC3ccìR„CsÉÉÉs„3##ssÉÄßf‚”„SSSÉCCccR„SScÉ#c2”„cs#SÉ ßf‚”„cSsÉCCcr„#Cìss#3”„sC#s#CìÄßf‚”„cScscì2„3ÉÉsS3b”„cSìCìCsÄßf‚”„ccc#sSìÇ„SìSCsCÉb”„CCÉìc#SÄßf‚”„ccì3s#csÇ„sÉs#sÇ”„ÉÉcÉÉS@ßf‚”„cCsC#SìÇ„sS3cì3r„33C#s#spßf‚”„cÉCcCsCb„cCs#Cc3c„33c3CCS@ßf‚”„##sCÉc2„#É3É#SÉí„ìSìÉcì# ßf‚”„cscÉìsCcb„SÉcì3ì2„CCC#CCì#ßf‚„csÉìs#„3#ìCÉCsì„cScÉÉ33Sêßf‚„ìììììss3R„#Cìì#2„sSs3ìsêßf‚„cÉs3S3í„s3c3C3CÉÇ„s3Sc#sÄßf‚„csÉssÉB„SÉ#S3s„CCìÉCìsÉ@ßf‚„cìÉScsC"„c3cCScsÉÇ„3CìcCÉ#@ßf‚„cSCÉc3b„sCSÉs#ìsB„##sCÉcPßf‚„csCÉì3ìb„sÉ3CC"”„#csÉ3êßf‚„ccì3s#C3í„Sì#3É#c”„CCÉ3Sc#sßf‚„ccC3c3Cb„3ÉCì#C#ì2”„cCccsSSÄßf‚„ccì3ìs#3R„#cÉ##ÉsB”„s3ìììSs`ßf‚„ììììììsc"„cScc#ììR„##CCÉ#cs`ßf‚„ÉÉÉìììB„33É3#Sì”„3C#SÉsscêßf‚„sssÉsSìR„Sc#3CS3#b„#ÉSÉ3ìêßf‚„ìÉ3Sì2„Cì#ì2„C#3ìCPßf‚„ììììììsc"„cScc#ììR„##CCÉ#cs`ßf‚”„ScÉSìc„ì3ÉCcsÉR„3CscsìPßf‚„sssÉsSìR„Sc#3CS3#b„#ÉSÉ3ìêßf‚„ÉÉÉìììB„33É3#Sì”„3C#SÉsscêßf‚„sSCSS#í„SsssìÉs"„c3s33ì3êßf‚„SCìÉ3#ÉÇ„SSC#3s#r„c#Cì3ìspßf‚”„#3ìÉSSb„És#sì2„C#ÉCì#CÉ`ßf‚”„CÉÉsS#í„ìs3c3sí„CÉcÉ3c#Äßf‚"„#ÉC3ìR”r ßf‚„csS#cc„sCìÉ3Ér„ìÉcÉ#TR”`ßf‚„ÉsC3ccìR„CsÉÉÉs„3##ssÉÄßf‚„SÉc##s#3Ç„CsCcCC"”„cScSCcC@ßf‚„É3CÉ3Csb„CìsCscc3r”„#3SÉ3ì ßf‚„c3ìS#sc2„ììCì##B”„scscÉPßf‚„cC3Éc##Ç„C#ìÉí”„cCCcì30ßf‚”„ssÉSCÉ"„SCCìCC"”„É3SCÉS#@ßf‚”„ÉsScìSCÇ„3ÉSìCC3B”„ìÉsS#êßf‚„Cìc3ÉScÇ„Sc3Ésìì"”„cc3Sì0ßf‚”„cC#sB„c#cÉs3B”„ssÉsSS`ßf‚„ccCSs#CÇ„SììCCS##B„CCcCìêßf‚„s3ìcB„#Sc3sÉ„ìccÉÉÉ#êßf‚”„ìs#SSsÇ„3ìÉS„ì###ÉìPßf‚”„#Cc#ìÉcí„sÉSìÉsCr„c#3#ìcC ßf‚„cÉ33s3Ç„cCìcì#SìR„333ssìpßf‚„C#cssÉ„ÉsìssCs„CsS3ssS`ßf‚„cSS3Cc„sCSs#S#B„##ÉììÉêßf‚„#3SÉ#c2„ìÉ3cìì#2„sìÉcSsPßf‚„cSSCÉsC"„s##3S3ì”„#S#ìPßf‚”„##sÉìS„ìCìsSÉSÉí”„3#Ssì#êßf‚„cS#3s#Csí„SìsS#sb”„Cs3SÉSCSpßf‚”„ScCìsCCs"„sÉS3sÉ#sr”„ccC3#SCÄßf‚„cC3Éc##Ç„C#ìÉí”„cCCcì30ßf‚”„ssÉSCÉ"„SCCìCC"”„É3SCÉS#@ßf‚„c33sCSs2„S33CcÉcí„SccCìÉÄßf‚„ÉsC3ccìR„CsÉÉÉs„3##ssÉÄßf‚”„ÉcCsCÇ„CÉ3#ÉCÇ„3#cìÉßf‚”„c3S#SSc„S3#cCCì2„SSìCì33c0ßf‚„ccc#Cí„sÉscc3Sí”„CCccÉC#3êßf‚„c33sCSs2„S33CcÉcí„SccCìÉÄßf‚”„c3S#SSc„S3#cCCì2„SSìCì33c0ßf‚”„c#SsÉCB„sÉ3#CSb”„c####C#ì`ßf‚„cÉs3S3í„s3c3C3CÉÇ„s3Sc#sÄßf‚„É3ìSCí”„S33ìcs#B„ììÉSCSì0ßf‚”„33cÉ2”„Ssc#ìÉÉR„ììì3ÉS3Spßf‚„cc#Scs”„3ccsÉs2„sCÉìÉÄßf‚„SÉì#CìCB”„3ìÉ#3É„ìÉÉC#CcSêßf‚„cìsCÉìsr”„csìcC„sÉCS3@ßf‚„ccC#Éc2„sCìÉcSR”„CcCcSc#pßf‚„3CÉÉìCR„É33Cs#2„C#ÉSC3ScÄßf‚„s#ÉccìCr„S#ì##3ÉSí„C3Ccìì#3pßf‚„ììC3CsÇ„#csì#b„CCìCìì30ßf‚„ììsSÉ3Ç„sCììcS3"„#CC#É0ßf‚„ììsCsÉcí„cÉÉ#sÉc”„scsCCìÉ0ßf‚„ìì33S3#r„c3CscsC”„ìcSC`ßf‚„ìÉ#Ss3B„cìÉìÉìr”„sSC#@ßf‚„c#sìCS#"„sÉ#3#2”„C#3ìsÉì ßf‚„ìc3cìssb„#cCcSsìCB„3S#sC3É#pßf‚„cCì#ÉS„s3ì3s#C2”„#ìScCÉ@ßf‚„ìÉsììSÉ2„SC#Sì”„3SccsSS0ßf‚„#SÉs#sSí„ìcÉscì32”„3É#3É0ßf‚„SÉc##s#3Ç„CsCcCC"”„cScSCcC@ßf‚”„cCsC3sR„CsìììB”„SìÉÉcÉ@ßf‚”„3cC#ìCÇ„ì3És#ÉìR”„SsÉSÉs#êßf‚„sÉCR”„cc#sì3R„3#cCcS@ßf‚„S#scC3SR”„sÉSÉ33SB„3#CCCÉì0ßf‚”„CìCsìcìR”„ÉcCÉ3ìí„sÉÉ#Épßf‚”„#3SìììCr”„ìÉÉcìCcÇ„Cìì#C#@ßf‚„cc#3CìÉÇ”„sCì33#r”„CS#cCCÄßf‚”r„CCÉÉ#ScDR”R”„ìììÉìCr”„ì3ìSs#ßf‚„cCÉìsìÉC2”„cc##É#cí„3sCCC#ccpßf‚”„ìsÉC"”„És#3sìCr„Cì#c3ìSêßf‚”„ScÉSìc„ì3ÉCcsÉR„3CscsìPßf‚„ÉÉÉìììB„33É3#Sì”„3C#SÉsscêßf‚„3scCScCí„ìSìs#c"„#ÉcÉsSpßf‚”„SSSÉCCccR„SScÉ#c2”„cs#SÉ ßf‚„cCÉìsìÉC2”„cc##É#cí„3sCCC#ccpßf‚„ìCÉscB”„ìscCSÉ#Ç„#sÉsc#`ßf‚„sÉCR”„cc#sì3R„3#cCcS@ßf‚„cc#3CìÉÇ”„sCì33#r”„CS#cCCÄßf‚„S#scC3SR”„sÉSÉ33SB„3#CCCÉì0ßf‚„CìSScÇ”„Écsc3Sccr”„CcsCspßf‚”„CìCsc"”„ÉcsCÉSb”„SÉ#SS3`ßf‚”„CìCsìcìR”„ÉcCÉ3ìí„sÉÉ#Épßf‚„csc#cÉ3Ç„cììC3#sB”„#3#sÉìS ßf‚„c#sìCS#"„sÉ#3#2”„C#3ìsÉì ßf‚„cCì#ÉS„s3ì3s#C2”„#ìScCÉ@ßf‚„cÉcS3333"„s##Éc33B”„sÉÉÉCì#ì@ßf‚„ccC#Éc2„sCìÉcSR”„CcCcSc#pßf‚„s3ìÉÉ2„s3sScB„33É3Éì#`ßf‚„3CÉÉìCR„É33Cs#2„C#ÉSC3ScÄßf‚”„ÉÉ3SSìSÉR„ìì3C###„s#É3ìcÉCÄßf‚”„CÉÉsS#í„ìs3c3sí„CÉcÉ3c#Äßf‚„#SÉs#sSí„ìcÉscì32”„3É#3É0ßf‚„c3ÉìÉÉí”„3Scs#C2„cÉC#Éßf‚„ìCÉscB”„ìscCSÉ#Ç„#sÉsc#`ßf‚„cCÉìsìÉC2”„cc##É#cí„3sCCC#ccpßf‚„ssììÉì3”„c#3ÉSÉ#„cÉs#ìSCêßf‚„ì333cìB”„ììÉCsÇ„3CssÉÉìPßf‚„cìsCÉìsr”„csìcC„sÉCS3@ßf‚„3scCScCí„ìSìs#c"„#ÉcÉsSpßf‚„s#ÉccìCr„S#ì##3ÉSí„C3Ccìì#3pßf‚„3CÉÉìCR„É33Cs#2„C#ÉSC3ScÄßf‚”„ScÉSìc„ì3ÉCcsÉR„3CscsìPßf‚„É3CÉ3Csb„CìsCscc3r”„#3SÉ3ì ßf‚„csc#cÉ3Ç„cììC3#sB”„#3#sÉìS ßf‚„cCì#ÉS„s3ì3s#C2”„#ìScCÉ@ßf‚„ÉìÉ3CS2„3c33#sSr”„#S###c#@ßf‚„ìÉs3s3s"„s#ì3SSsR”„SsCÉ##pßf‚„csÉSì3Sb”„##3Cì"”„s3CcC##êßf‚„ìÉsssìÇ„SsS3É##c"”„CS3C3É0ßf‚„ìÉÉÉccÉcb„ìÉCÉCÉÇ”„CsCs3cÄßf‚„ìÉÉ3SSÉ"„C3sSììr”„CcsÉ#êßf‚„3SCÉìCB”„ÉÉ#S#ìCB„3#Sììßf‚„scìSSí”„SÉcìcSsB„#S333s ßf‚„És#ì#r”„Csc#cC3"„3CÉÉScScÄßf‚„CSc3sìr”„scìÉì3CÇ”„SCSÉsêßf‚„SÉc##s#3Ç„CsCcCC"”„cScSCcC@ßf‚„ccc#Cí„sÉscc3Sí”„CCccÉC#3êßf‚”„c#SsÉCB„sÉ3#CSb”„c####C#ì`ßf‚”„cCsC3sR„CsìììB”„SìÉÉcÉ@ßf‚„s3SÉÉ„sÉìSÉsCR„SC#sìÉpßf‚”„cìcsC3C2„ss#Ésb”„ss3ÉcSs@ßf‚„sìÉS„s#ìÉcìSb„#S3sssìêßf‚”„3cC#ìCÇ„ì3És#ÉìR”„SsÉSÉs#êßf‚”„CÉÉsS#í„ìs3c3sí„CÉcÉ3c#Äßf‚„#SÉs#sSí„ìcÉscì32”„3É#3É0ßf‚„scìSSí”„SÉcìcSsB„#S333s ßf‚„sÉCR”„cc#sì3R„3#cCcS@ßf‚„És#ì#r”„Csc#cC3"„3CÉÉScScÄßf‚„S#scC3SR”„sÉSÉ33SB„3#CCCÉì0ßf‚„CìSScÇ”„Écsc3Sccr”„CcsCspßf‚„CSc3sìr”„scìÉì3CÇ”„SCSÉsêßf‚„ìììsìÉÉ3B”„#sc#3B„CCCS0ßf‚„sC33ìB„cs##C3R”„3ìÉìÉs#0ßf‚„ìììììscb”„SsÉìsr„ScsìsÉìêßf‚„sìÉS„s#ìÉcìSb„#S3sssìêßf‚„s3SÉÉ„sÉìSÉsCR„SC#sìÉpßf‚”„ììììììÉÉ„#ì#CÉ#r”„C3cìì ßf‚”„cCsC3sR„CsìììB”„SìÉÉcÉ@ßf‚”„ÉcCsCÇ„CÉ3#ÉCÇ„3#cìÉßf‚”„cs3C3sS3b„s3ì#CC2”„3#Éì#SCpßf‚„cìsCÉìsr”„csìcC„sÉCS3@ßf‚„Cìcc##b”„#3É#SR„ìsScìÉìêßf‚„SÉì#CìCB”„3ìÉ#3É„ìÉÉC#CcSêßf‚„ssììÉì3”„c#3ÉSÉ#„cÉs#ìSCêßf‚„ccìììb”„CScìsìC2„ÉÉìCsS ßf‚„c3ÉìÉÉí”„3Scs#C2„cÉC#Éßf‚”„ìsÉC"”„És#3sìCr„Cì#c3ìSêßf‚„cCÉìsìÉC2”„cc##É#cí„3sCCC#ccpßf‚„ÉìÉ3CS2„3c33#sSr”„#S###c#@ßf‚„cCì#ÉS„s3ì3s#C2”„#ìScCÉ@ßf‚„ìÉsììSÉ2„SC#Sì”„3SccsSS0ßf‚„ìÉÉScÉ3b„ìCCÉCcÇ”„sCìÉ#c@ßf‚„S3C3#scÉb”„CcÉs#ì3ìí„ÉC3ìscsì`ßf‚„S3SÉÉCCB”„ìsscSs3Ç„É#É#3ìßf‚„csìscr”„sÉCÉ3"„sÉÉÉ#ì0ßf‚„ssÉS#sr”„#ssCsìÉÉr„c#s3ìcÄßf‚„ìÉSÉs#ÉcR„Éc#ccÉSr”„C3SscPßf‚„ìÉÉ3SSÉ"„C3sSììr”„CcsÉ#êßf‚„ìÉsssìÇ„SsS3É##c"”„CS3C3É0ßf‚„ÉìÉ3CS2„3c33#sSr”„#S###c#@ßf‚„ìÉÉScÉ3b„ìCCÉCcÇ”„sCìÉ#c@ßf‚„ìcÉ##sB”„É333CCSÇ„#ScsCÉêßf‚„ÉSCSSCb”„#3ss2„Sì#ÉcSs0ßf‚„ssÉS#sr”„#ssCsìÉÉr„c#s3ìcÄßf‚„ììsÉc#CB„33cCSsí„sCìS#3Cìßf‚„sSCSS#í„SsssìÉs"„c3s33ì3êßf‚„sSCSS#í„SsssìÉs"„c3s33ì3êßf‚„ììsÉc#CB„33cCSsí„sCìS#3Cìßf‚„ìÉ3Sì2„Cì#ì2„C#3ìCPßf‚„SCìÉ3#ÉÇ„SSC#3s#r„c#Cì3ìspßf‚„3Éc#SìscB”„sììc#ìR„SÉÉÉcÉÉ0ßf‚„CSssìÉsí”„cìCCSSÉr„SSSCÉ`ßf‚„c3S3ÉR”„CSCSS#í„cCsÉ3csÄßf‚„CÉcs3C3"”„Csììc3S„s33ÉÉScC`ßf‚„ÉÉÉìììB„33É3#Sì”„3C#SÉsscêßf‚”„cSsÉCCcr„#Cìss#3”„sC#s#CìÄßf‚”„SSSÉCCccR„SScÉ#c2”„cs#SÉ ßf‚„ccì3ìs#3R„#cÉ##ÉsB”„s3ìììSs`ßf‚”„cScscì2„3ÉÉsS3b”„cSìCìCsÄßf‚„ccC3c3Cb„3ÉCì#C#ì2”„cCccsSSÄßf‚”„ccc#sSìÇ„SìSCsCÉb”„CCÉìc#SÄßf‚„ccì3s#C3í„Sì#3É#c”„CCÉ3Sc#sßf‚”„##sCÉc2„#É3É#SÉí„ìSìÉcì# ßf‚„cÉs3S3í„s3c3C3CÉÇ„s3Sc#sÄßf‚”„33cÉ2”„Ssc#ìÉÉR„ììì3ÉS3Spßf‚„s3ìcB„#Sc3sÉ„ìccÉÉÉ#êßf‚„#ì3CÉC"”„ìCSÉcB„3ìcììÉ@ßf‚„CSssìÉsí”„cìCCSSÉr„SSSCÉ`ßf‚„3Éc#SìscB”„sììc#ìR„SÉÉÉcÉÉ0ßf‚„3#É#3”„ì#33„3Sc3ìÉPßf‚„És#ì#r”„Csc#cC3"„3CÉÉScScÄßf‚„3SCÉìCB”„ÉÉ#S#ìCB„3#Sììßf‚„CSc3sìr”„scìÉì3CÇ”„SCSÉsêßf‚„#33SÉC”„ìcÉìCìÉb„ÉSSS0ßf‚„#3É3cÇ”„ìcÉ#ì#3Sb„sCsì#Ésßf‚„S3SÉÉCCB”„ìsscSs3Ç„É#É#3ìßf‚„CÉcs3C3"”„Csììc3S„s33ÉÉScC`ßf‚„c3S3ÉR”„CSCSS#í„cCsÉ3csÄßf‚„csìscr”„sÉCÉ3"„sÉÉÉ#ì0ßf‚„CÉCc#„ìS3C#Cc2„ÉscìcC#ßf‚„S3C3#scÉb”„CcÉs#ì3ìí„ÉC3ìscsì`ßf‚„ssÉS#sr”„#ssCsìÉÉr„c#s3ìcÄßf‚„ÉSCSSCb”„#3ss2„Sì#ÉcSs0ßf‚„sSCSS#í„SsssìÉs"„c3s33ì3êßf‚”„CÉÉsS#í„ìs3c3sí„CÉcÉ3c#Äßf‚„ì333cìB”„ììÉCsÇ„3CssÉÉìPßf‚„ìcÉ##sB”„É333CCSÇ„#ScsCÉêßf‚„ssÉS#sr”„#ssCsìÉÉr„c#s3ìcÄßf‚„csìscr”„sÉCÉ3"„sÉÉÉ#ì0ßf‚„ìCÉscB”„ìscCSÉ#Ç„#sÉsc#`ßf‚„c3S3ÉR”„CSCSS#í„cCsÉ3csÄßf‚”„ÉÉ3SSìSÉR„ìì3C###„s#É3ìcÉCÄßf‚„sssÉsSìR„Sc#3CS3#b„#ÉSÉ3ìêßf‚”„ScÉSìc„ì3ÉCcsÉR„3CscsìPßf‚”„#3ìÉSSb„És#sì2„C#ÉCì#CÉ`ßf‚”„CÉÉsS#í„ìs3c3sí„CÉcÉ3c#Äßf‚„CSssìÉsí”„cìCCSSÉr„SSSCÉ`ßf‚„És#ì#r”„Csc#cC3"„3CÉÉScScÄßf‚„ìCÉscB”„ìscCSÉ#Ç„#sÉsc#`ßf‚„c3S3ÉR”„CSCSS#í„cCsÉ3csÄßf‚„ììsÉc#CB„33cCSsí„sCìS#3Cìßf‚„ìììììss3R„#Cìì#2„sSs3ìsêßf‚„ìÉ3Sì2„Cì#ì2„C#3ìCPßf‚„cÉs3S3í„s3c3C3CÉÇ„s3Sc#sÄßf‚„ììsÉc#CB„33cCSsí„sCìS#3Cìßf‚„cc#Scs”„3ccsÉs2„sCÉìÉÄßf‚„cÉs3S3í„s3c3C3CÉÇ„s3Sc#sÄßf‚„ìcÉ##sB”„É333CCSÇ„#ScsCÉêßf‚„cìsCÉìsr”„csìcC„sÉCS3@ßf‚„ì333cìB”„ììÉCsÇ„3CssÉÉìPßf‚„ccì3s#C3í„Sì#3É#c”„CCÉ3Sc#sßf‚”„ccì3s#csÇ„sÉs#sÇ”„ÉÉcÉÉS@ßf‚”„ccc#sSìÇ„SìSCsCÉb”„CCÉìc#SÄßf‚„csCÉì3ìb„sÉ3CC"”„#csÉ3êßf‚”„cCsC#SìÇ„sS3cì3r„33C#s#spßf‚„cSCÉc3b„sCSÉs#ìsB„##sCÉcPßf‚”„cÉCcCsCb„cCs#Cc3c„33c3CCS@ßf‚„cìÉScsC"„c3cCScsÉÇ„3CìcCÉ#@ßf‚”„cscÉìsCcb„SÉcì3ì2„CCC#CCì#ßf‚„csÉssÉB„SÉ#S3s„CCìÉCìsÉ@ßf‚”„##sCÉc2„#É3É#SÉí„ìSìÉcì# ßf‚„csÉìs#„3#ìCÉCsì„cScÉÉ33Sêßf‚„ììììcsÇ”„#S#ìcÇ„ÉscìSßf‚„ììììììsc"”„cÉSìÉSÉB„3ì#ìScÉ3@ßf‚„ìììììÉì#r„CSÉCìì"„CìSSPßf‚„ììììCÉc#”„sSÉC3C4R”R„C#sÄßf‚„c3ìS#sc2„ììCì##B”„scscÉPßf‚„Cìc3ÉScÇ„Sc3Ésìì"”„cc3Sì0ßf‚„cC3Éc##Ç„C#ìÉí”„cCCcì30ßf‚„cS#3s#Csí„SìsS#sb”„Cs3SÉSCSpßf‚„cSSCÉsC"„s##3S3ì”„#S#ìPßf‚„cSS3Cc„sCSs#S#B„##ÉììÉêßf‚„cÉ33s3Ç„cCìcì#SìR„333ssìpßf‚„s3ìcB„#Sc3sÉ„ìccÉÉÉ#êßf‚„ccCSs#CÇ„SììCCS##B„CCcCìêßf‚”„ììc###cí”„#ÉÉ3É2„ìcscs3c ßf‚”„ÉcÉìcs2”„ìsSs#2„CSS3ÉC3Pßf‚”„cÉC#3#í”„cS3Ccí„C#33ÉS#Pßf‚”„ssÉSc#c”„c33sÉcÉSr„c3ììì30ßf‚„ììcìSÉr”„#ÉÉ3#3#R„ìc3sSìC0ßf‚„ssÉcììR”„c33scÉCìí„cCcCCcPßf‚„cÉ3SìS3Sí”„c3#3s#B„C3cSÉCßf‚„ÉcsS#Ésìb”„ìsCscìR„CScSsSc@ßf‚„SSC3b”„SssSc#CB„c3#ÉìSêßf‚„ScCsC2”„ìs#Écí„ìÉScÉc3Pßf‚„Cì3c3Ésb”„SCcCScÉ3b„ììs#És#s0ßf‚„CSsì#3sÉR”„cC3SÉR„sÉììsìCÄßf‚„cCss#r”„ÉSCSì2„ìì3ìcPßf‚”„#ÉÉc3í”„C#sCcr„ÉSs3S#sêßf‚”„3S3#sC"”„ìÉ#SCCìí„ììCS3C3Pßf‚”„#3cìcSScr„3ì3C3Éìr„ìììc##pßf‚”„csìSCcr”„#Sc#cÉ3B„ìì3ìS3#ßf‚”„c3sììÉr”„S##s"„sÉssìÉ#ÉPßf‚”„ÉÉSCC„CS3CìÇ”„3Sc##Äßf‚”„ÉÉcssìsÉR„C3ìcÉ#R”„C#s3333Pßf‚”„ÉÉsc#ÉcR„CC3ìscÇ”„3Cssì#CPßf‚”„ÉÉcÉ3ìcÉÇ„CCÉSsSB”„#SÉÉìPßf‚”„ssÉ#scÉb„CÉ3ss3sìÇ”„C3C@ßf‚”„ÉScÉì2„CÉCcScc3"”„sìS3É#Äßf‚”„s#Ccì#Sb„S3###"”„C3sì3ccc@ßf‚”„cÉCc#B„CsÉCc3scí”„SSSs3ÉÉPßf‚”„ÉÉSì3SÉR„C3ÉCsccS"”„sCs33C@ßf‚”„ÉÉsc#ÉcR„CC3ìscÇ”„3Cssì#CPßf‚”„ÉÉcssìsÉR„C3ìcÉ#R”„C#s3333Pßf‚”„Éss#33É2„C3ÉìCSs2”„ìcss3 ßf‚”„ÉSCScccì2„C#ÉcìcÉR”„#ì3S3ÉS ßf‚”„Écc33sCsÇ„C3Ccs3”„#CcSScPßf‚”„Éì3ìcssCÇ„3ÉC3ÉC”„#3Ss3C@ßf‚”„Éc3sÉìÇ„CsSC#R”„#ì#C33SÄßf‚”„ìs##ss„#ìCsC#B„#s3CCìC@ßf‚”„ÉìS#3##b„3#CCììr„3SsSCêßf‚”„ÉÉSììÉ3cÇ„33#3#ÉCí„3#33cCCpßf‚”„ììsí„#ÉS#3sS#„#sÉ3É@ßf‚”„ì3É#S3Ç„#S33ÉR„#c3sCsÉCßf‚”„ì3És3c3"„#S#ÉSCcÇ„#c3s#s ßf‚”„ìC#C#B„#Sì#Ésr„##ìÉSSPßf‚”„ì3ÉÉcscÉÇ„#CÉsSÉCR„#3ÉScÄßf‚”„ìCsì##3R„#sCsìsÉb„ccÉSÉsÄßf‚”„ìCìC3ss3r„#ì##cS3b„S#É#Pßf‚”„ì#cÉsÇ„3SCcs3ìÉ"”„##ìSSìc0ßf‚”„ìCSÉcb„3#Csìc„CC3sCCc0ßf‚”„Éì3ìcssCÇ„3ÉC3ÉC”„#3Ss3C@ßf‚”„Éc3sÉìÇ„CsSC#R”„#ì#C33SÄßf‚„ìsccS3„#ÉìcsÉ#Cb„#s3cc3ìÄßf‚„ÉÉsìì##2„33#s#2„3#3sÉSPßf‚„Éìc3ìS2„3#3CSS#R„33É#cÉ3êßf‚„ììSSSÉ„#ÉCÉCs3Cí„#s#3ìCì#Pßf‚„ì3ìS3b„#S3É##É2„#cSS#cPßf‚„ì3cCSÇ„#S3c33ìí„#cSCÉccpßf‚„ìCCÉ3c2„#S3sìsí„##csc3ì@ßf‚„ì3És3#3í„#SCb„#3s#Cìêßf‚„ìCsÉ#c3#b„#sCsS#3Cí„cccsCSßf‚„ìCìcS#sì„#ì#Cì#3"„##ÉCìÉÄßf‚„ì#c3#ì„3ScCSSÉÇ”„#C#cs#cPßf‚„ìCSCsìSR„3#SccsÉÉÇ„3Éì#ì`ßf‚„Éì#ìCSCí„3ÉSìÉ#ì3”„#3cSÉ3É@ßf‚„Éc333#2„C3#Éìr”„#ì#CCìSßf‚„ÉÉSìSCR„C3ÉCÉì"”„sCs3SSC`ßf‚„ÉÉcssÉb„C3ìc3Sìr”„C#s3Cìêßf‚„ÉÉsc#É#Sr„CC3ìì#Éí”„3Cssc3S@ßf‚„Éss#3S3Ç„C3Éìì#É"”„ìcss3c ßf‚„ÉSCScC3cí„C#Écìc#b”„#ì3SC3#êßf‚„Écc33SSs„C3CcsssÇ”„#Cc3cSÄßf‚„Éì#ìCSCí„3ÉSìÉ#ì3”„#3cSÉ3É@ßf‚„Éc333#2„C3#Éìr”„#ì#CCìSßf‚„SSSsìs3cÇ„sìcCCìs#”„c#CSìPßf‚„cc3CÉcsí„ccC#sSCcr”„sCCS3sC0ßf‚„cÉ3ÉC#b„csìÉ#cSí”„s3É33Scêßf‚„SÉCCr„Éì3##B”„SsS3S3Cêßf‚”„Cs3c3cí„cÉÉìì3cR”„s#33s0ßf‚”„ccsSÉSR„cc3sS#SSb”„sCCìsÉ ßf‚”„csc3sCSÉB„csc3S3C2”„s3Écìs ßf‚”„SscSR„csSCìSCÇ”„s3SSCì3êßf‚„C33ìsB„cÉìssìí”„s#3SsÉÉßf‚„CccÉ#Sí„csc#És2”„s3SC3sêßf‚„cÉ3ÉC#b„csìÉ#cSí”„s3É33Scêßf‚„cc3CÉcsí„ccC#sSCcr”„sCCS3sC0ßf‚”„SC3É#c„sìcìSB”„c#SìScÉpßf‚”„SÉcC#r„ÉÉScìssí”„Ss##SPßf‚”„csc3sCSÉB„csc3S3C2”„s3Écìs ßf‚”„ccsSÉSR„cc3sS#SSb”„sCCìsÉ ßf‚”„C3Sì3Sìí”„cÉs3SÉcsr„SÉìCcCpßf‚„C3SC333”„cÉÉ3#Sí„SÉìsì`ßf‚„Cì#sCcB”„C3C#sÉí„ssìÉ#@ßf‚”„CìCCÉb”„C3CÉ3c"„ssÉcSpßf‚„ÉÉ3sB„3sÉC3#3B„CCSCCsÄßf‚„#ìSSÉ#r„cÉcsSsí„s#ìScs30ßf‚„#3c#3CccR„ìsS#ì#b„É#Scpßf‚„ÉSÉÉSìb„S#cSSìc"„ìcÉ#cìcpßf‚„#3#ìÉÉÉcB„ìScCCcC”„sSÉÉS#sPßf‚„É#C33sCÉ"„SScìÉSCìr”„cÉC3ßf‚„#3SìsSS3B„ììSC#r”„3ScÉcpßf‚„ÉScsÉCcC"„CÉÉc#C#R”„cCÉ##CPßf‚„#3###É2„É3scÉ3R”„SS#c3Pßf‚„ÉCì3c##„Cìs3S#ìR”„#ìÉSÉ3@ßf‚„sì3#S3Ç„#3ÉCscs#2”„Sc3c#`ßf‚„#cÉìÉB„3sScììc”„Éìs##3ì@ßf‚„#ì#csscR”„33cÉc##Ç”„ìÉ3ÉSpßf‚„ÉC3ìS3ìr”„sCìsììí”„SsscÉSêßf‚„#ScCCC3”„ì#cs##3”„3CSSs3sÉ0ßf‚„scÉ3ÉcSR”„cC#ÉCÉR”„#sì#ìêßf‚„Écs##3c2”„C3c#SCí„#c#C3cÉ3pßf‚„#S33SCÇ”„S#cScSs2„ÉCcs#Pßf‚„ÉìS#Éí”„3Sì##s2„CÉCSSìCCpßf‚„#S3##3s2”„É33#ìÉR„Cì###Äßf‚„ÉcSììsCR”„C3sìC#Cr„#CC#SCpßf‚„#CÉ#Éc#2”„ÉSsc3ÉSr„Cc3#cÉÄßf‚„Éc3ÉÉÉÉR”„C3#Cììr„#SÉSìcPßf‚„#ìCSÉÉsÇ”„ÉSSccÉìc"„CcÉcÉÉsßf‚„scÉ3ÉcSR”„cC#ÉCÉR”„#sì#ìêßf‚„#ScCCC3”„ì#cs##3”„3CSSs3sÉ0ßf‚„ÉsÉSÉ3ÉCÇ„3ìCCc3ì"”„#cì3cc0ßf‚„#3ì3cìscR„sìCSìcs3"”„SSsìSÉìßf‚„#cÉìÉB„3sScììc”„Éìs##3ì@ßf‚„sì3#S3Ç„#3ÉCscs#2”„Sc3c#`ßf‚„ÉCì3c##„Cìs3S#ìR”„#ìÉSÉ3@ßf‚„#3###É2„É3scÉ3R”„SS#c3Pßf‚„#3ì3cìscR„sìCSìcs3"”„SSsìSÉìßf‚„ÉsÉSÉ3ÉCÇ„3ìCCc3ì"”„#cì3cc0ßf‚„ÉìS#Éí”„3Sì##s2„CÉCSSìCCpßf‚„#S33SCÇ”„S#cScSs2„ÉCcs#Pßf‚„#ìSSÉ#r„cÉcsSsí„s#ìScs30ßf‚„ÉÉ3sB„3sÉC3#3B„CCSCCsÄßf‚„scÉ3ÉcSR”„cC#ÉCÉR”„#sì#ìêßf‚„ììììs2„#ÉÉSs3r”„SììCctR”pßf‚„ÉC3ìS3ìr”„sCìsììí”„SsscÉSêßf‚„Éc3ÉÉÉÉR”„C3#Cììr„#SÉSìcPßf‚„ÉcSììsCR”„C3sìC#Cr„#CC#SCpßf‚„Écs##3c2”„C3c#SCí„#c#C3cÉ3pßf‚„Écs##3c2”„C3c#SCí„#c#C3cÉ3pßf‚„ÉìS#Éí”„3Sì##s2„CÉCSSìCCpßf‚„ÉÉ3sB„3sÉC3#3B„CCSCCsÄßf‚„ììììs2„#ÉÉSs3r”„SììCctR”pßf‚„ÉSÉÉSìb„S#cSSìc"„ìcÉ#cìcpßf‚„É#C33sCÉ"„SScìÉSCìr”„cÉC3ßf‚„ÉScsÉCcC"„CÉÉc#C#R”„cCÉ##CPßf‚„ÉCì3c##„Cìs3S#ìR”„#ìÉSÉ3@ßf‚„ÉsÉSÉ3ÉCÇ„3ìCCc3ì"”„#cì3cc0ßf‚„sì3#S3Ç„#3ÉCscs#2”„Sc3c#`ßf‚„ÉC3ìS3ìr”„sCìsììí”„SsscÉSêßf‚””„ÉCìcÉSÑR”R”ßf‚””„ÉCìcÉSÑR”R”ßf‚””„#ÉÉDR”R”ßf‚””í„3scîR”b”ßf‚””ßf‚””í„3scîR”b”ßf‚””„#ÉÉDR”R”ßf‚””ßf‚”„#ScsR„SìÉ3sÇ”„ÉS33Pßf‚”„ì#CìC3SsB„ÉÉCsìÉscR”„CcSÉÉCìpßf‚”„ì3ss#sB„ÉÉ##3ìsSí”„Csss#cÄßf‚”„#SÉSB„SìcSÉc##r”„É##ÉS`ßf‚”„3Écì$R”R„SSSÉCc#R”„É3#ÉÉSêßf‚”"„CÉìsì#tR”R„ì####b”„3ìc3CS@ßf‚”"„Cì3sÉcTR”R„ì#S#scr”„3ìsìCSc ßf‚”„#ìÉ#34R”R„SSScCCÉ”„É3Cìsc`ßf‚”„cÉÉsCb„S3CC#Cb”„ÉCSìSìCêßf‚”„cìsr„S3Cccìcìr”„ÉCS3#ìêßf‚”„##sCR„ìììsCCìR”„#SSCìÉPßf‚”„##sÉí„ìììsCC#"”„ìSìcCSßf‚”„ìCÉsì3cí„ì33SC3CR„3Sì3ScÉßf‚”„ìCS3ì#"„ì3C3s#Ç„3ScÉSÉcßf‚”„SsSì„ì#3S2„3ÉÉÉSCpßf‚”„cCsccCÉÉR„cìì#B„s#ìs3Cêßf‚”„cSsc3í„sÉ3Ssìb„sSÉS3Ésêßf‚”„CCsÉ#cÉí„ìSS###SCr„#ìSÉÉÉc`ßf‚„3C3Cb”„ScÉ#sì2”„ììÉ3É3S# ßf‚„3C3Cb”„ScÉ#sì2”„ììÉ3É3S# ßf‚„cììCsÉí”„SSÉcSSsí”„ììÉC3É`ßf‚„ccC3CCcB”„SSsSCC3Ç”„ììÉCCC#Sêßf‚”„ì#CìC3SsB„ÉÉCsìÉscR”„CcSÉÉCìpßf‚”„ìCÉsì3cí„ì33SC3CR„3Sì3ScÉßf‚”„ìCS3ì#"„ì3C3s#Ç„3ScÉSÉcßf‚”„ì3ss#sB„ÉÉ##3ìsSí”„Csss#cÄßf‚”„S3ÉCÉSCìr”„#ìc3sSB”„ìì#SììsPßf‚”„Éìr”„É#c#ìs2”„ììcCSs3@ßf‚”„É#sSÉ”„É##ìììì#B”„ììcCC#s3Pßf‚”„SsscìSc#”„#cSSsC"”„ìììC#S#Pßf‚”„#ìì#ì#2„scìCcÉ"„cCscCCpßf‚”„cSsc3í„sÉ3Ssìb„sSÉS3Ésêßf‚”„cCsccCÉÉR„cìì#B„s#ìs3Cêßf‚”„#ìì#ì#sc"„scìì"„cCscì3SPßf‚2„É3C##S$R”R„ìS33Éì#Ér„3sC3#cêßf‚”„#ìì#ì#2„scìCcÉ"„cCscCCpßf‚”„#ìì#ì#sc"„scìì"„cCscì3SPßf‚2„É3CÉcÑR”R„ìS33s#cSr„3sìSSs ßf‚”"„CÉìsì#tR”R„ì####b”„3ìc3CS@ßf‚”"„Cì3sÉcTR”R„ì#S#scr”„3ìsìCSc ßf‚„cììCsÉí”„SSÉcSSsí”„ììÉC3É`ßf‚”„S3ÉCÉSCìr”„#ìc3sSB”„ìì#SììsPßf‚”„SsscìSc#”„#cSSsC"”„ìììC#S#Pßf‚„ccC3CCcB”„SSsSCC3Ç”„ììÉCCC#Sêßf‚”„CCsÉ#cÉí„ìSS###SCr„#ìSÉÉÉc`ßf‚”„É3cì3ì2„ììÉ3SÉSCÇ”„Ss#cSc3S`ßf‚”„É3ccÉcr„ììÉ3SÉìR”„Ss#Sììc ßf‚”„SsSì„ì#3S2„3ÉÉÉSCpßf‚”„#Cìì3Cb„3ÉCsCí”„ì#CCss#sêßf‚”„#ScsR„SìÉ3sÇ”„ÉS33Pßf‚”„#SÉSB„SìcSÉc##r”„É##ÉS`ßf‚”„#CìÉìc3„3sììcCSí”„ì#Ccc3CÉ@ßf‚”„#CS#É33"„CSCsCr”„ìÉìSsìSÄßf‚”„#CS#s3„CCìCcC"”„ìÉìCS0ßf‚”„Éìr”„É#c#ìs2”„ììcCSs3@ßf‚”„É#sSÉ”„É##ìììì#B”„ììcCC#s3Pßf‚”„S3cCCCcB„ììììC„sC#s3`ßf‚”„É3ccÉcr„ììÉ3SÉìR”„Ss#Sììc ßf‚”„É3cì3ì2„ììÉ3SÉSCÇ”„Ss#cSc3S`ßf‚”„S3cCCCsb„ììììC„sC#s3`ßf‚„3cìSÉCSìÇ„##sCcì32”„ìs3ìSÉì@ßf‚„CìCc3ìc2„ììs#scR”„ììSCC#Cpßf‚„CÉsÉÉÇ„ìSì2”„ìì3ÉsS3#Pßf‚„3cìcÉÉí„##s3ì3í”„ìs3Cìpßf‚r„SÉCÉCS4R”R„3#CìììSÇ”„ìCSss#`ßf‚r„SÉCÉCS4R”R„3#CìììSÇ”„ìCSss#`ßf‚„ì3ì#c3C2„#ScÉìÇ”„ìsìS3CSpßf‚„#ÉSCCsÇ„#cscC#"”„ìc3ìÉ0ßf‚„#ÉSCCìb„#cscC#"”„ìc3ìÉ0ßf‚„ìÉìì##ìsB„##ÉsìCB”„ìsìS3sS ßf‚”„3sSs3csí„#É#sÉÇ”„ìì#SS3s0ßf‚„ìì#ÉìÇ„cscR”„ìì3SÉc ßf‚„ìì#ÉìÇ„cscR”„ìì3SÉc ßf‚„CÉsÉÉÇ„ìSì2”„ìì3ÉsS3#Pßf‚„CìCc3ìc2„ììs#scR”„ììSCC#Cpßf‚”„3sSs3csí„#É#sÉÇ”„ìì#SS3s0ßf‚„#c##sCì”„Ss3#CÉ3sí”„ììÉ3S#pßf‚„#ccc#SìÇ”„Ss3#SCCS”„ììÉ3S#pßf‚„3sscìSÇ”„#CsÉssí”„ììCcC30ßf‚„ìs3ÉSs3Ç”„C3##sSÉ3"”„ìììsÉ3Pßf‚„#CCscsB”„3csìÉsr”„ììì3#ì3Äßf‚„#CCscsB”„3csìÉsr”„ììì3#ì3Äßf‚„ìs3ÉSs3Ç”„C3##sSÉ3"”„ìììsÉ3Pßf‚„c3c#É3cÉ”„3CCcsSCCB”„ììì3ÉSSìPßf‚„c3c#É3c3B”„3CCcsSCr”„ììì3ÉSSìPßf‚„SCìÉ3CÇ”„sSCÉsÉB„c3É#sìÉ0ßf‚„CSSSS”„S#cSSS#B„É3ÉCCsì#Äßf‚„C3#CsSr”„Sc##ì"„ÉCCÉì3ìÄßf‚„SÉsc#ÉB”„sSc333Cb„cC#ì3# ßf‚„3É3##ììB”„#33CCcí„ìcs3S3pßf‚„CScsS3ì”„sìcÉ##b„ìÉcssCCCPßf‚„CSccSCÇ”„sSs#b„ìÉcsSC#@ßf‚„3ÉSsc"”„#cCSÉ#Sb„ìcÉSì#cC@ßf‚„CSSSS”„S#cSSS#B„É3ÉCCsì#Äßf‚„C3#CsSr”„Sc##ì"„ÉCCÉì3ìÄßf‚„ÉScS#b”„ì#3ììcR„3cs3C#S3 ßf‚„ìcSSb”„ìs3sCsí„#ìcìSpßf‚„ìcSCì”„ìs3sCsí„#ìcìs ßf‚„ÉC#S3Ç”„ìsSsccB„3S3scCPßf‚„SÉsc#ÉB”„sSc333Cb„cC#ì3# ßf‚„SCìÉ3CÇ”„sSCÉsÉB„c3É#sìÉ0ßf‚„S#cB”„#cs#ìCr„ìÉÉ#ì3#êßf‚„SÉsC3ì”„É3#sC#CS2„ìÉÉSsÉÄßf‚„SÉsCCb”„É3#sC#SCb„ìÉÉSsÉÄßf‚„S#SCc3r”„#SC3ìC2„ìÉÉ3ììì0ßf‚„CScsS3ì”„sìcÉ##b„ìÉcssCCCPßf‚„S#cB”„#cs#ìCr„ìÉÉ#ì3#êßf‚„S#SCc3r”„#SC3ìC2„ìÉÉ3ììì0ßf‚„CSccSCÇ”„sSs#b„ìÉcsSC#@ßf‚”„ÉìsìcCÉ2„3SsS3##c2”„#ÉCS3Pßf‚”„ìì3cCÉB„#sSsCcC3R”„33SsÉ#cêßf‚”„ìÉcc3"„#ss#SCSÉ”„33C#CCêßf‚”„ÉìS3SÉR„3SÉì3#sB”„#sìSìßf‚”„ÉsS#ÉìÉ2„C#É3s3"”„##CÉsÉs@ßf‚”„ÉsS3#3É3"„C#sìÉs3í”„##S#3C`ßf‚”„Éc3c#c„CÉSìCcsÇ”„3C3CÉì`ßf‚”„Éc3ÉC##"„CÉCs3#B”„3s#cìc3ßf‚”„Éc3cCìSCr„S3SìSSB”„##3ìs#30ßf‚”„Éc3Éìb„SC3#SCCí”„#ìS#ÉSC`ßf‚”„ììsSccb”„#cccCÉS"”„3Écs#SÄßf‚”„ì#S3ssSB„SsCcÉ"”„CCìC3s3@ßf‚”„ìSÉìÉsB„C#sSSí”„C#Sìsßf‚”„ÉCìÉÉss#í”„CÉs#SCÉ#Ç”„#cÉ#S3`ßf‚”„ÉìÉ3É#Ç„#ì##3cSìb„3#sÉÉÉ3ßf‚”„ÉCÉC##3CÇ„CSCsScSb„SÉì3cCcPßf‚”„ÉÉsì3#Ér„CSÉcsr„ÉìccÉSC#ßf‚”„ÉÉì#C#ÉÉr„CCsì#C##r„ì#sìS3cpßf‚”„ÉsCccC3r„CÉ#Sc#sr„CìÉssìÉßf‚”„ÉscÉS2„CsìSìc3r„SCSSì#3CPßf‚”„Éc3Éìb„SC3#SCCí”„#ìS#ÉSC`ßf‚”„Éc3cCìSCr„S3SìSSB”„##3ìs#30ßf‚”„ìÉcc3"„#ss#SCSÉ”„33C#CCêßf‚”„ìì3cCÉB„#sSsCcC3R”„33SsÉ#cêßf‚”„ìSccc#r„##ÉÉcSÇ”„3SsSCSÄßf‚”„ìScìscr„##sìSÉÉSÇ”„3SsCss0ßf‚”„ìCìCCsR„S3#ÉS3Ç”„3s3Cc#pßf‚”„ìC3sÉÉÉ„c3Cs3R”„3sS3#ÉPßf‚”„ÉìÉ3É#Ç„#ì##3cSìb„3#sÉÉÉ3ßf‚”„ss#SccC3Ç”„CSScC"„CCsss#s ßf‚”„scìÉÉìss"”„CììScS3ì2„3ìsìì3êßf‚”„ÉCÉC##3CÇ„CSCsScSb„SÉì3cCcPßf‚”„ì#S3ssSB„SsCcÉ"”„CCìC3s3@ßf‚”„ìC3sÉÉÉ„c3Cs3R”„3sS3#ÉPßf‚”„ìCìCCsR„S3#ÉS3Ç”„3s3Cc#pßf‚”„ìSÉìÉsB„C#sSSí”„C#Sìsßf‚”„ììsSccb”„#cccCÉS"”„3Écs#SÄßf‚”„ÉCìÉÉss#í”„CÉs#SCÉ#Ç”„#cÉ#S3`ßf‚”„scìÉÉìss"”„CììScS3ì2„3ìsìì3êßf‚”„ss#SccC3Ç”„CSScC"„CCsss#s ßf‚”„ìììÉìCs3Ç„ìSS#Ssìí„CCsCÉì ßf‚”„ììììì#ÉCr„3SsÉÉ2”„3SSsCPßf‚”„ììÉìsSSR”„s#cì33R„CÉ3#cSì@ßf‚”„ìììììSÉ#Ç„##3#s"„#cÉCsÉ3Äßf‚”„ìììììsìs2„sÉcSc#2„ìsSC3`ßf‚”„ììììììÉÉ”„CcÉCìÉsí„##sÉCSSÄßf‚”„ììììììcC"”„ì3Éì#3B"„#cCÑR”`ßf‚”„ìsìss32”„#S3ÉÉ#CCR„ìÉSÉSßf‚”„ìC#Ccììí”„3SsìS#cB„33ÉcS3ÉÄßf‚”„ìC#Ccììí”„3SsìS#cB„33ÉcS3SÄßf‚”„ìÉcÉS#r”„ì#s3ìC#Sb„ccì3Éßf‚”„ìììÉìCs3Ç„ìSS#Ssìí„CCsCÉì ßf‚”„ììÉìsSSR”„s#cì33R„CÉ3#cSì@ßf‚”„ììssÉCSb”„#S#3ì"„ccìs##`ßf‚”„S#sCSÇ„3ÉCs#ì3#b„ì3CÉêßf‚”„ì#s#sCR”„3Éscí„ììCccSßf‚”„ScsCcí„3ì3sÉÉ3ìr„ìSÉ3cscßf‚„ìì#C”„CS3É#2„ìì3Cc0ßf‚„C#ìsc3Sí”„c3#ÉÉcÉ#r„scì#É3ì ßf‚„3ìì3CÉR”„c#scÉS3B„ssSììÉ`ßf‚”„S#sCSÇ„3ÉCs#ì3#b„ì3CÉêßf‚”„ScsCcí„3ì3sÉÉ3ìr„ìSÉ3cscßf‚”„3#Scs„sC33s#CB„SÉCSS3cSêßf‚”„33c#Cb„sS3s#C3í„Scs3ì#Cêßf‚„C#ìsc3Sí”„c3#ÉÉcÉ#r„scì#É3ì ßf‚„###É3É2”„ÉsìCCsÉ2„C#CÉC30ßf‚„3ìì3CÉR”„c#scÉS3B„ssSììÉ`ßf‚„##cì#s#b”„ÉsÉ#cScí„C#3csccìêßf‚„#sÉ33SìÉí”„ìcCÉ#sr„CC#Scs0ßf‚„#sìcsìS3r”„ìSììcìC”„SC3#ÉsÉ@ßf‚„#cÉSSìÉÇ”„sÉ3ss33c2”„SSììssÉ#êßf‚„#s#ssìR”„sìs3cScí”„S3ìì#3c ßf‚”„CS#Cscb„Éì3c3í„ScScÉ ßf‚”„33c#Cb„sS3s#C3í„Scs3ì#Cêßf‚”„3#Scs„sC33s#CB„SÉCSS3cSêßf‚”„CCsÉÉììSB„ÉìÉsCSR„sSsCC#Éc ßf‚”„CSsc#ìr„É#É3sSSr”„3C#3ÉS3S ßf‚”„CScSìÉ3C„ÉÉc3SS#2”„3CÉ3SÉs#ßf‚”„3c3#ììcìÇ„cSCìs3b”„sÉÉc3 ßf‚”„3SìCìSb„SìsC#3ìB”„ss##ìSPßf‚”„3c3#ììcìÇ„cSCìs3b”„sÉÉc3 ßf‚”„3SìCìSb„SìsC#3ìB”„ss##ìSPßf‚”„ìc3ÉcÉÇ„ìc#CsCìr”„ìì#s3sPßf‚”„3#Cs„##sSSsb”„ìÉSìSìscÄßf‚„CcÉ3cì”„CcC3#b”„ììS#ScPßf‚”„3#Cs„##sSSsb”„ìÉSìSìscÄßf‚”„ìc3ÉcÉÇ„ìc#CsCìr”„ìì#s3sPßf‚„Cì3#CcÇ”„CìCÉCB”„ÉìÉÉì#3C0ßf‚„#cÉSSìÉÇ”„sÉ3ss33c2”„SSììssÉ#êßf‚„#s#ssìR”„sìs3cScí”„S3ìì#3c ßf‚„cÉììÉí”„S3#ì#S2„s#3cccìßf‚„ì#SÉScCs”„33cÉCb„3sscCcss@ßf‚„sScs3S”„CSSSSììR„cS3SÉÉ`ßf‚„ÉìCÉs3R”„3#cCcCÉb„CCc##S#pßf‚„ììc#SsSCB”„ÉSSì#cí„ÉcCìÉC ßf‚„ììÉÉcCsr”„sC3ÉÉìí„Csìc#Pßf‚„ììÉ#3ÉÉ"”„C3CÉì#2”„SìcC#3pßf‚„ììÉ#3ÉÉ"”„C3CÉì#2”„SìcC ßf‚”„css#Ç”„sCB„s3SÉ#ìCÄßf‚”„sSÉ#ìSÉìB”„C#ì#cìb„cSÉ#sìpßf‚”„ìÉ3S#ss"”„3#s3Cì32„És#É##pßf‚”„ìSÉc#s#ÉB”„S3É#b„#ÉCcCì#ßf‚”„ììì#CB„#SìS"”„3ììcìcCì ßf‚”„ììì#CB„#SìR”„3ììcìcCì ßf‚„#CScSí”„3#ìÉìS„ìscC3#É ßf‚„Cssì3#c”„Ss3cc„ÉsÉ#Sc# ßf‚„S3ÉCÉ2”„SÉc3SB„ÉC#CÉì@ßf‚„#ssCS#R”„3sS3#c"„ìc##É33@ßf‚”„3#C3CCR”„ÉcS#cìSCR„ìììÉsSC#`ßf‚”„C#ÉCS2”„Éc#c#ssSb„ìììÉcsc@ßf‚”„3#sc3Sb”„sìsSì#„ìS3S3CÉêßf‚”„#cS##sR”„sSsÉSSSb„ìcCSc#pßf‚”„#cS##sR”„sSsÉSSSb„ìcCSc#pßf‚”„3#sc3Sb”„sìsSì#„ìS3S3CÉêßf‚”„S#É#É3Éb”„3C3Ssr„ÉCìSC0ßf‚”„Cì3####2”„3SsÉÇ„ÉcìÉSS0ßf‚”„sSÉ#ìSÉìB”„C#ì#cìb„cSÉ#sìpßf‚”„css#Ç”„sCB„s3SÉ#ìCÄßf‚„Cssì3#c”„Ss3cc„ÉsÉ#Sc# ßf‚„cÉììÉí”„S3#ì#S2„s#3cccìßf‚„sScs3S”„CSSSSììR„cS3SÉÉ`ßf‚„S3ÉCÉ2”„SÉc3SB„ÉC#CÉì@ßf‚„3ÉCs3C#Ç„CSS#ÉCÇ”„É#C3ìsCpßf‚„cCCCìR”„ìCSìÉcí”„scsÉÉcêßf‚„S#Cì3í„#ììcS33b”„ÉsSÉ3Spßf‚„cSS3sÉÇ”„#ScìÉì”„sSììsêßf‚„3CìcCR”„c3ÉìsÉc”„scìCcpßf‚„ìSC#ÉÇ”„s#S3ìr”„cìSÉì@ßf‚”„s3sssCsB„SCCscCc”„É3S3ì3#êßf‚”„#cScìÉ3CB„Csì#ìì#Cr”„É3cCccs0ßf‚”„CC#CcC"”„S3s33ì3Ç”„sÉì#3ìêßf‚”„SsS##Éì"”„3ìC#CcCSí”„sìcsC3Cêßf‚”„c#Sc#ÉC„3SscCsCcB”„ssì3#C3 ßf‚”„SìÉsscì3r„ì3#33S2”„sssìs3É3ßf‚”„sì#ìSc„Ssì3"”„CCcC3sêßf‚„cc#ÉSSc#R”„c3s3s2„C#ìCìSC ßf‚„scS#cSsr”„s#SCSí„ÉSsììPßf‚”„#sCcCí”„ìS#cc#cCr„3ÉìSSìSßf‚”„3#3ScCCR”„ÉcC32„CìS###@ßf‚”„3ì3SScìB”„scccC##s"„Ssc#ìììßf‚„ccCìccí”„sìS3s2„3s3S3SÉ ßf‚”„3#3ScCCR”„ÉcC32„CìS###@ßf‚”„#sCcCí”„ìS#cc#cCr„3ÉìSSìSßf‚”„ìScCcSc"”„#ÉCs#3ì”„cCì3#3Pßf‚”„ìsìssì#B”„sSìcsìsb„ìS##sìScÄßf‚”„ìÉScCÉìí”„ÉÉS#ìc3Éí„C3s3pßf‚”„3ì3SScìB”„scccC##s"„Ssc#ìììßf‚”„ìì#C3SÇ”„ì3CScìb”„sìcsìC30ßf‚”„S33SÉ3R„cì#sS#ÉÇ”„CÉScCc0ßf‚”„C3ÉCCsS2„cc3sCCcÇ”„cc3êßf‚”„ììì#SÉ2”„3É3#s#ìr„cs#ÉcÉ#@ßf‚”„3sCÉì3#sÇ”„ÉssìcSb„#ìss##SsÄßf‚”„CSCsSì3"”„ÉsÉsC3b„3Éss#Sspßf‚”„CÉS33”„sCìSìì3ìr„S3Éììsßf‚”„ìÉCcSCí„#SìÉSsR„s#Ss3ì@ßf‚„CSCsSìsr„sc3s#ìcr”„S#ìS33Cpßf‚„ìs3cÉB”„ÉsCÉÉcì”„##SS#sCPßf‚„CcsÉCcR„cSÉìÉB”„cCì#ìCßf‚„ìÉ33cÉcìR”„33É3ÉSB”„sìcs@ßf‚„3ÉCÉìÉÉb„sS33ccS2”„S33ì3#0ßf‚„ìsc33ss3”„SssB”„#c#CÉÉpßf‚„ìÉ33cÉcìR”„33É3ÉSB”„sìcs@ßf‚„Ss#ÉÉSÉb”„sS3És#3ìR„3#CSÉ3êßf‚„S3cÉSÉs3r”„ÉCSssÉ#r„#S3ÉCSÉPßf‚„ìs3cÉB”„ÉsCÉÉcì”„##SS#sCPßf‚„ìCccCÉssr”„S#ÉÉs3Sí”„#É3cì#ì#`ßf‚„Ss##ììÉìÇ”„ÉsCìcr„C33ìÉÉ`ßf‚„S3ìSìÉ32„S3S#3R”„cSSSspßf‚„CcsÉCcR„cSÉìÉB”„cCì#ìCßf‚„Ss#ÉÉSÉb”„sS3És#3ìR„3#CSÉ3êßf‚”„CÉS33”„sCìSìì3ìr„S3Éììsßf‚”„CSCsSì3"”„ÉsÉsC3b„3Éss#Sspßf‚„S3cÉSÉs3r”„ÉCSssÉ#r„#S3ÉCSÉPßf‚„Ss##ììÉìÇ”„ÉsCìcr„C33ìÉÉ`ßf‚”„3sCÉì3#sÇ”„ÉssìcSb„#ìss##SsÄßf‚”„ìÉCcSCí„#SìÉSsR„s#Ss3ì@ßf‚”„S3ÉÉì3c"„scìcSsÇ”„3Sì#ssCSpßf‚”„S33SÉ3R„cì#sS#ÉÇ”„CÉScCc0ßf‚”„ììì#SÉ2”„3É3#s#ìr„cs#ÉcÉ#@ßf‚”„S3ÉÉì3c"„scìcSsÇ”„3Sì#ssCSpßf‚„CcsÉCcR„cSÉìÉB”„cCì#ìCßf‚”„S33SÉ3R„cì#sS#ÉÇ”„CÉScCc0ßf‚„CSCsSìsr„sc3s#ìcr”„S#ìS33Cpßf‚”„SìÉcìÉÇ„s3ìsCÉr”„3ììCS#êßf‚„3ÉCÉìÉÉb„sS33ccS2”„S33ì3#0ßf‚„3CìcCR”„c3ÉìsÉc”„scìCcpßf‚„scS#cSsr”„s#SCSí„ÉSsììPßf‚„cSS3sÉÇ”„#ScìÉì”„sSììsêßf‚„cCCCìR”„ìCSìÉcí”„scsÉÉcêßf‚„ìcccSC#"„S3Cs3b”„#SC3ìC ßf‚„S#Cì3í„#ììcS33b”„ÉsSÉ3Spßf‚„3ÉCs3C#Ç„CSS#ÉCÇ”„É#C3ìsCpßf‚„#Éc##í„Écìì##B”„Ss3S#s0ßf‚„3ÉCs3C#Ç„CSS#ÉCÇ”„É#C3ìsCpßf‚„#Éc##í„Écìì##B”„Ss3S#s0ßf‚”„s3sssCsB„SCCscCc”„É3S3ì3#êßf‚”„#cScìÉ3CB„Csì#ìì#Cr”„É3cCccs0ßf‚”„sì#ìSc„Ssì3"”„CCcC3sêßf‚„3CìcCR”„c3ÉìsÉc”„scìCcpßf‚”„#sCcCí”„ìS#cc#cCr„3ÉìSSìSßf‚„scS#cSsr”„s#SCSí„ÉSsììPßf‚„ìSC#ÉÇ”„s#S3ìr”„cìSÉì@ßf‚”„CC#CcC"”„S3s33ì3Ç”„sÉì#3ìêßf‚”„CC#CcC"”„S3s33ì3Ç”„sÉì#3ìêßf‚”„ìScCcSc"”„#ÉCs#3ì”„cCì3#3Pßf‚”„#sCcCí”„ìS#cc#cCr„3ÉìSSìSßf‚”„SsS##Éì"”„3ìC#CcCSí”„sìcsC3Cêßf‚”„c#Sc#ÉC„3SscCsCcB”„ssì3#C3 ßf‚”„sì#ìSc„Ssì3"”„CCcC3sêßf‚”„SìÉsscì3r„ì3#33S2”„sssìs3É3ßf‚„#ìCss#3Ér„ÉsCcSÉ2”„CìSS#Csêßf‚„#Éc##í„Écìì##B”„Ss3S#s0ßf‚„ìcccSC#"„S3Cs3b”„#SC3ìC ßf‚„ìsÉ#cì#sí„É#ÉCÉìr”„ìsÉ3ScÉ ßf‚„scS#cSsr”„s#SCSí„ÉSsììPßf‚„cc#ÉSSc#R”„c3s3s2„C#ìCìSC ßf‚„ccCìccí”„sìS3s2„3s3S3SÉ ßf‚„ìÉ#3ìsSí„3S"”„Sscs#CÄßf‚„SssCìScR”„sCìsC#Sb„3#3#C33Äßf‚„3sìCc#B„sìÉcc”„SCcsì@ßf‚„ìsc33ss3”„SssB”„#c#CÉÉpßf‚„3ÉCÉìÉÉb„sS33ccS2”„S33ì3#0ßf‚”„ìsìssì#B”„sSìcsìsb„ìS##sìScÄßf‚”„ìScCcSc"”„#ÉCs#3ì”„cCì3#3Pßf‚”„sì#ìSc„Ssì3"”„CCcC3sêßf‚”„csìcs33sB„c##sSscs2”„3ÉsSsÉCSÄßf‚”„cSSS#ÉSr„cs3ìsr”„3C3sCcßf‚”„ìÉScCÉìí”„ÉÉS#ìc3Éí„C3s3pßf‚”„SìÉcìÉÇ„s3ìsCÉr”„3ììCS#êßf‚”„ìssì3cì#B„3#CÉ#ì32„#ÉÉsSsPßf‚”„csìcs33sB„c##sSscs2”„3ÉsSsÉCSÄßf‚”„sì#ìSc„Ssì3"”„CCcC3sêßf‚„#Éc##í„Écìì##B”„Ss3S#s0ßf‚„#ìCss#3Ér„ÉsCcSÉ2”„CìSS#Csêßf‚„3sìCc#B„sìÉcc”„SCcsì@ßf‚”„cSSS#ÉSr„cs3ìsr”„3C3sCcßf‚„3ÉCÉìÉÉb„sS33ccS2”„S33ì3#0ßf‚”„SìÉcìÉÇ„s3ìsCÉr”„3ììCS#êßf‚”„C3ÉCCsS2„cc3sCCcÇ”„cc3êßf‚”„S33SÉ3R„cì#sS#ÉÇ”„CÉScCc0ßf‚„CcsÉCcR„cSÉìÉB”„cCì#ìCßf‚„S3ìSìÉ32„S3S#3R”„cSSSspßf‚„ccCìccí”„sìS3s2„3s3S3SÉ ßf‚”„3ì3SScìB”„scccC##s"„Ssc#ìììßf‚”„CSÉÉÉÇ”„s3cÉ#C"„S33ccìS3ßf‚„SssCìScR”„sCìsC#Sb„3#3#C33Äßf‚”„CÉS33”„sCìSìì3ìr„S3Éììsßf‚„Ss#ÉÉSÉb”„sS3És#3ìR„3#CSÉ3êßf‚”„3ì3SScìB”„scccC##s"„Ssc#ìììßf‚”„ìÉScCÉìí”„ÉÉS#ìc3Éí„C3s3pßf‚”„ìssì3cì#B„3#CÉ#ì32„#ÉÉsSsPßf‚”„CSÉÉÉÇ”„s3cÉ#C"„S33ccìS3ßf‚”„ìÉCcSCí„#SìÉSsR„s#Ss3ì@ßf‚”„CÉS33”„sCìSìì3ìr„S3Éììsßf‚”„S3ÉÉì3c"„scìcSsÇ”„3Sì#ssCSpßf‚”„SìÉcìÉÇ„s3ìsCÉr”„3ììCS#êßf‚„ìsc33ss3”„SssB”„#c#CÉÉpßf‚„SssCìScR”„sCìsC#Sb„3#3#C33Äßf‚„Ss#ÉÉSÉb”„sS3És#3ìR„3#CSÉ3êßf‚„ìÉ33cÉcìR”„33É3ÉSB”„sìcs@ßf‚”„#Éì#33í„ìs3É###2”„cìCc3`ßf‚”„ìScìC3ìR„#ÉsSss#"”„3ìCÉcSCcßf‚”„ìCcÉC„33É#ÉìÉr”„3S#ÉcìC ßf‚”„#33c3sc„ìs##cìÉ32”„#333Sßf‚„ccscs3sb„sCsÉìÉ"”„s#SÉ3Äßf‚„csS3CCCcr„s3sCSr”„##ìSscÉßf‚”„ìCcÉC„33É#ÉìÉr”„3S#ÉcìC ßf‚”„ìScìC3ìR„#ÉsSss#"”„3ìCÉcSCcßf‚”„cscCccìC"”„s3csÉccR”„É3ÉìcìSs0ßf‚”„cìSCÉCcb”„ss#CCÇ„C3s3ì3@ßf‚”„cìSCÉCcb”„ss#CCÇ„C3s3ì3@ßf‚”„cscCccìC"”„s3csÉccR”„É3ÉìcìSs0ßf‚„#cs3ìCb”„ìc##3SSb”„ììì#ÉÉ0ßf‚„#cCcS#b”„ìcS3CÉb„cSìSììÉÄßf‚„ìcS#cS3b”„#Sìsr”„s#SCSÉPßf‚„ìcìSCc3í”„#CììsSr”„3scSììPßf‚„ìcìSCc3í”„#CììsSr”„3scSììPßf‚„ìcS#cS3b”„#Sìsr”„s#SCSÉPßf‚„csS3CCCcr„s3sCSr”„##ìSscÉßf‚„ccscs3sb„sCsÉìÉ"”„s#SÉ3Äßf‚„sCccS#"„cìÉìCC3í”„3sìÉCÉC0ßf‚”„#33c3sc„ìs##cìÉ32”„#333Sßf‚„csS3CCCcr„s3sCSr”„##ìSscÉßf‚”„##3s3S32„ìsC33ìc”„#c#3cì#3@ßf‚”„ìScìC3ìR„#ÉsSss#"”„3ìCÉcSCcßf‚”„ìcCcSsì2„#CÉSsCsÇ”„ÉsCCÉìÉêßf‚„ìCììcÉ#í”„#ì##sSsÉb”„cSpßf‚„sCccS#"„cìÉìCC3í”„3sìÉCÉC0ßf‚„csS3CCCcr„s3sCSr”„##ìSscÉßf‚„ìcS#cS3b”„#Sìsr”„s#SCSÉPßf‚„#cc333ìcr”„ìS3sscí”„SCsCsSßf‚„ìCììcÉ#í”„#ì##sSsÉb”„cSpßf‚„ìcS#cS3b”„#Sìsr”„s#SCSÉPßf‚„#cs3ìCb”„ìc##3SSb”„ììì#ÉÉ0ßf‚”„cC3ì3ìb”„sS3sÉ#ìÉÇ”„Cs3CssÄßf‚”„cscCccìC"”„s3csÉccR”„É3ÉìcìSs0ßf‚”„ìcCcSsì2„#CÉSsCsÇ”„ÉsCCÉìÉêßf‚”„cC3ì3ìb”„sS3sÉ#ìÉÇ”„Cs3CssÄßf‚”„cscCccìC"”„s3csÉccR”„É3ÉìcìSs0ßf‚”„ìScìC3ìR„#ÉsSss#"”„3ìCÉcSCcßf‚”„CCìcb”„3É3ÉSb”„ìCìSsSßf‚”„#ìÉ3SìÇ”„ì#c33ìcÉb”„#33ìcìÉ`ßf‚”„#ì#ìC#Cb”„ìccÉÉ”„#CsCÉ#ßf‚”„ÉssSÉÉ2”„#c#3ÉS3Ç”„ìcìÉSÉ3êßf‚”„#ìÉ3SìÇ”„ì#c33ìcÉb”„#33ìcìÉ`ßf‚”„sÉcCcR”„s###S33B„cÉS3ì`ßf‚”„#ì#ìC#Cb”„ìccÉÉ”„#CsCÉ#ßf‚”„#3csSÉb”„cÉÉcCÉ„cìCìÉì3ßf‚”„S3CcÉìc2”„S3Éì#c32„cSì#ì#pßf‚”„csÉÉ#s”„ss3#Éí”„###sCSS3Äßf‚”„#3csSÉb”„cÉÉcCÉ„cìCìÉì3ßf‚”„CcscÇ„#cSs3„ìSÉS#Sspßf‚”„sÉcCcR”„s###S33B„cÉS3ì`ßf‚”„3sss#ÉR„#cs#CÇ„ìssÉÉSìc ßf‚„CÉcssc#í„#ììÉcssÇ„ìì3#3SC@ßf‚”„S3CcÉìc2”„S3Éì#c32„cSì#ì#pßf‚„3sS3##cB„SC3SScìÇ„ìÉìS#êßf‚”„s33sìb”„ììì##cr„cSìsccÄßf‚”„3sss#ÉR„#cs#CÇ„ìssÉÉSìc ßf‚”„#ScSìSR„ì3ÉÉssÉb„##ìÉscêßf‚”„CcscÇ„#cSs3„ìSÉS#Sspßf‚„3s#CCÇ„ìSScs3c3R„#ì#sìsCpßf‚”„##cssìS„sccC3ì#í”„cSìSC#3# ßf‚„ÉCsìccí„c3É#ì#C3"”„scìSs3ì#pßf‚„C33#Sì„CÉ#c#SÉC"”„ss#3Éêßf‚„c3sÉ#í„sCSS2„#ÉÉsÉcC0ßf‚„ÉCsìccí„c3É#ì#C3"”„scìSs3ì#pßf‚”„ÉssSÉÉ2”„#c#3ÉS3Ç”„ìcìÉSÉ3êßf‚”„##cssìS„sccC3ì#í”„cSìSC#3# ßf‚”„CCìcb”„3É3ÉSb”„ìCìSsSßf‚”„#scs3É##b”„#CSìcCCR”„ì3sìc ßf‚„C33#Sì„CÉ#c#SÉC"”„ss#3Éêßf‚”„3C3SÉìb”„s#És3S#S2”„ì3cCCcCÉÄßf‚„c#CSsCc"„Sììcsc”„scCCc#c@ßf‚”„ì33ÉÉ3”„#cÉ33##2”„#3cSs3S3 ßf‚”„csÉÉ#s”„ss3#Éí”„###sCSS3Äßf‚”„#cÉcCÉ#B„Sc##É33b”„ìc3s3cCsPßf‚„cÉÉsScÉB”„cC3Ss3Ç”„s#CÉ#3ßf‚”„#3csÇ„##cCs#b”„ìS3ìcCêßf‚„csìb„ìÉÉsì”„s3SìCìßf‚”„ìCsC3ÉC„csÉ3ÉÉSr”„3csS#3sÉêßf‚”„ìSScSÉÉS2„S#c#sSÇ”„#Éìs3ìÉpßf‚”„Éìsì3#Ç„C#ÉSìcí”„#ÉìSS3sêßf‚”„ìCcÉC„33É#ÉìÉr”„3S#ÉcìC ßf‚”„cìSCÉCcb”„ss#CCÇ„C3s3ì3@ßf‚”„sc#CS”„SÉc3CcCí„#É#sì ßf‚”„ÉÉ#ÉS3sCb„3#CsìssR”„33ì##sìs@ßf‚”„sÉÉ#S3ì2”„#ìì#sìr„S3sscSêßf‚”„sc#CS”„SÉc3CcCí„#É#sì ßf‚”„cìSCÉCcb”„ss#CCÇ„C3s3ì3@ßf‚„#cCcS#b”„ìcS3CÉb„cSìSììÉÄßf‚„#cì#ìS3B”„ìÉ#SìÉb„3#CCìscêßf‚”„sÉÉ#S3ì2”„#ìì#sìr„S3sscSêßf‚„ìcìSCc3í”„#CììsSr”„3scSììPßf‚„#S#ìCÉB”„Sì#3SÉsb„sccÉsÉ0ßf‚„ìÉ#3scR”„ÉÉ33SCB„É3#CÉÉpßf‚„ìsìscÉ3r”„cì3SsÉb„sSì`ßf‚„ìÉ#3scR”„ÉÉ33SCB„É3#CÉÉpßf‚„ìcìSCc3í”„#CììsSr”„3scSììPßf‚„ccscs3sb„sCsÉìÉ"”„s#SÉ3Äßf‚„c#S3#ì„sSssSsìr”„33#ìCÉSêßf‚„ìsìscÉ3r”„cì3SsÉb„sSì`ßf‚„c33C33sB„C#c##cÉR”„cCSÉS`ßf‚„c#S3#ì„sSssSsìr”„33#ìCÉSêßf‚„ccscs3sb„sCsÉìÉ"”„s#SÉ3Äßf‚”„#Éì#33í„ìs3É###2”„cìCc3`ßf‚”„#3ìsc3r„ìCSCsÇ”„3sS3ìSsCPßf‚„c33C33sB„C#c##cÉR”„cCSÉS`ßf‚”„ìCcÉC„33É#ÉìÉr”„3S#ÉcìC ßf‚”„ìSs3cÇ„SÉ#ìc#b”„sÉìc3ÉÉspßf‚”„Éìsì3#Ç„C#ÉSìcí”„#ÉìSS3sêßf‚”„ÉÉ#ÉS3sCb„3#CsìssR”„33ì##sìs@ßf‚”„#3csÇ„##cCs#b”„ìS3ìcCêßf‚”„ÉÉ#ÉS3sCb„3#CsìssR”„33ì##sìs@ßf‚”„ìCsC3ÉC„csÉ3ÉÉSr”„3csS#3sÉêßf‚”„ìSs3cÇ„SÉ#ìc#b”„sÉìc3ÉÉspßf‚„csìb„ìÉÉsì”„s3SìCìßf‚„c33C33sB„C#c##cÉR”„cCSÉS`ßf‚”„ìCsC3ÉC„csÉ3ÉÉSr”„3csS#3sÉêßf‚”„ÉÉ#ÉS3sCb„3#CsìssR”„33ì##sìs@ßf‚”„sÉÉ#S3ì2”„#ìì#sìr„S3sscSêßf‚”„sCÉ3ìSCB”„SCCSìR„ccCcSêßf‚”„sCÉ3ìSCB”„SCCSìR„ccCcSêßf‚”„sÉÉ#S3ì2”„#ìì#sìr„S3sscSêßf‚„#S#ìCÉB”„Sì#3SÉsb„sccÉsÉ0ßf‚„#3sCS3cB”„#ìC3sSí„ìCÉc#ìSSÄßf‚„ìsìscÉ3r”„cì3SsÉb„sSì`ßf‚„ìc3s3#3c"”„3#cÉsssr„#3SCcSÉßf‚„ìc3s3#3c"”„3#cÉsssr„#3SCcSÉßf‚„ìsìscÉ3r”„cì3SsÉb„sSì`ßf‚„c33C33sB„C#c##cÉR”„cCSÉS`ßf‚„csìb„ìÉÉsì”„s3SìCìßf‚„ìcÉS3Ç”„sÉcCsSsÇ„#cCCs3ìÄßf‚„ìc3s3#3c"”„3#cÉsssr„#3SCcSÉßf‚„csìb„ìÉÉsì”„s3SìCìßf‚„cÉÉsScÉB”„cC3Ss3Ç”„s#CÉ#3ßf‚„ì3S3Cc3cR„##Cs#r„#É#Éc#0ßf‚„c#CSsCc"„Sììcsc”„scCCc#c@ßf‚„c3sÉ#í„sCSS2„#ÉÉsÉcC0ßf‚„C33#Sì„CÉ#c#SÉC"”„ss#3Éêßf‚”„s3C3CC3b„ÉìcCcìC„csÉìCCìCPßf‚”„sCÉ3ìSCB”„SCCSìR„ccCcSêßf‚„#3sCS3cB”„#ìC3sSí„ìCÉc#ìSSÄßf‚„##ÉCÉSScí”„Cs32„ìs#3ìsS`ßf‚”„s33sìb”„ììì##cr„cSìsccÄßf‚„ìc3s3#3c"”„3#cÉsssr„#3SCcSÉßf‚„ìcÉS3Ç”„sÉcCsSsÇ„#cCCs3ìÄßf‚„3sS3##cB„SC3SScìÇ„ìÉìS#êßf‚„ì3S3Cc3cR„##Cs#r„#É#Éc#0ßf‚„CÉcssc#í„#ììÉcssÇ„ìì3#3SC@ßf‚„c3sÉ#í„sCSS2„#ÉÉsÉcC0ßf‚”„3sss#ÉR„#cs#CÇ„ìssÉÉSìc ßf‚„3s#CCÇ„ìSScs3c3R„#ì#sìsCpßf‚”„ìSScSÉÉS2„S#c#sSÇ”„#Éìs3ìÉpßf‚”„ìCsC3ÉC„csÉ3ÉÉSr”„3csS#3sÉêßf‚”„sCÉ3ìSCB”„SCCSìR„ccCcSêßf‚”„s3C3CC3b„ÉìcCcìC„csÉìCCìCPßf‚”„ì33ÉÉ3”„#cÉ33##2”„#3cSs3S3 ßf‚”„s33sìb”„ììì##cr„cSìsccÄßf‚”„3C3SÉìb”„s#És3S#S2”„ì3cCCcCÉÄßf‚”„#cÉcCÉ#B„Sc##É33b”„ìc3s3cCsPßf‚”„ìSScSÉÉS2„S#c#sSÇ”„#Éìs3ìÉpßf‚”„ì33ÉÉ3”„#cÉ33##2”„#3cSs3S3 ßf‚”„csÉÉ#s”„ss3#Éí”„###sCSS3Äßf‚”„ì33ÉÉ3”„#cÉ33##2”„#3cSs3S3 ßf‚”„s33sìb”„ììì##cr„cSìsccÄßf‚”„S3CcÉìc2”„S3Éì#c32„cSì#ì#pßf‚”„CCìcb”„3É3ÉSb”„ìCìSsSßf‚”„#scs3É##b”„#CSìcCCR”„ì3sìc ßf‚”„csÉÉ#s”„ss3#Éí”„###sCSS3Äßf‚”„#ìÉ3SìÇ”„ì#c33ìcÉb”„#33ìcìÉ`ßf‚”„CSìcì#”„#c3CÉÉR”„Éc3#CCÉêßf‚”„C3CcsSÉ2”„SSCss”„ÉÉsCCêßf‚”„C3CsÉSsÉ2”„Ss3ìc#r”„ÉÉcs3SCìêßf‚”„CccccÉ#Ç”„#ìS332”„ÉScscÉSêßf‚”„c#3CÉcììb”„Scc#ììÉ”„S3ìCCs3Äßf‚”„SìssSC3r”„Css3ì3c”„cCCsCcsÄßf‚”„3#Sì#cc"”„ss#ÉÉ#B„SCCCCì3Éêßf‚”„3Sì#SÉì"”„ScÉSCì"„sCSìS3ìêßf‚”„3csc3ìC#"”„S#CC„sss#sSPßf‚”„3#S3c#3r”„scSsC2„ScSÉ3É@ßf‚”„SCSc##b”„É3Sì#3cb„s##Cì`ßf‚”„CìcssÇ”„ÉCì3#ssC2„sÉCìccpßf‚”„c#3CÉcììb”„Scc#ììÉ”„S3ìCCs3Äßf‚”„SìssSC3r”„Css3ì3c”„cCCsCcsÄßf‚”„ìSÉccÉS2„ìScsìcb”„3scs#Sêßf‚”„3ìc3S#CÇ„CsÉsìcìR”„sÉ33cCSì@ßf‚”„CSìÉcSsr„C#ìÉsC32”„ÉcCc3C ßf‚”„#Cì#3b„Éìì3#É”„3ÉcìsC3cPßf‚”„#C3ìcC2„ì##3B”„3CsìPßf‚”„#ìsCSS#b„ìS#SCSb”„#ss#êßf‚”„cc3cB„cccSÉì#b„C#CC3Épßf‚”„cC3ì##C2„cÉSsÉcÉÇ„33ì#`ßf‚”„C3CsÉSsÉ2”„Ss3ìc#r”„ÉÉcs3SCìêßf‚”„C3CcsSÉ2”„SSCss”„ÉÉsCCêßf‚”„CSìÉcSsr„C#ìÉsC32”„ÉcCc3C ßf‚”„3ìc3S#CÇ„CsÉsìcìR”„sÉ33cCSì@ßf‚”„C##ÉSsr”„#CcÉ3sí„És#3cC`ßf‚”„3csc3ìC#"”„S#CC„sss#sSPßf‚”„3Sì#SÉì"”„ScÉSCì"„sCSìS3ìêßf‚”„C#ì3C#3Sí”„#cCCì3Ç„ÉscÉ#É0ßf‚”„SCsccs3ÉB„CÉ3Css3"„É3ccÉ#Cßf‚”„SÉ#ìcCr”„#ì3s"„ÉSCÉìÉ#ßf‚”„cc3cB„cccSÉì#b„C#CC3Épßf‚”„cC3ì##C2„cÉSsÉcÉÇ„33ì#`ßf‚”„ìS3CììsìB”„SS3cì3r„#ìc#c3ì30ßf‚”„ìcSÉììÇ”„sC#És"„CcSìssêßf‚”„ì#s#c3B”„SÉ#sÉ3CCb„CCCC#É0ßf‚”„ìCÉìS#SSb”„ìcìSssSB„3c3Sìpßf‚”„És3SÉS2”„c33sCcc"„CSÉSsSSCpßf‚”„ÉìCc"”„##Éìcb„3ÉìÉ3É0ßf‚”„ì33cC3í”„#scSCr„#ì#ìS`ßf‚”„ìcCsCÉr”„3#ìCì#ì2„##s#Épßf‚”„ìsÉcscsìb„SCS#3Ç„3ÉsSÉ#Spßf‚”„ìÉSsSs2”„#cCCcÉí„SìC3Ss0ßf‚”„ìÉSììì#Ç”„3sCÉSr„#3cccßf‚”„ìSS3ÉB”„#cC#Ssì2„c33sSC3pßf‚”„ì33cC3í”„#scSCr„#ì#ìS`ßf‚”„ìcCsCÉr”„3#ìCì#ì2„##s#Épßf‚”„ììììÉììÉb”„SÉs33Ç„CÉccs#c ßf‚”„ììììÉCCR”„CCÉS#C3ì2„3C#ìÉSßf‚” ßf‚” ßf‚” ßf‚” ßf‚”„ìÉÉ#ÉC„3sSss#B„ccìc3s`ßf‚”„ìì#Éìss"„sÉìScSr„SÉ3Éc@ßf‚”„ìc#3És#cB„#CSSìC#ì2„ccCs#êßf‚”„ìsÉcscsìb„SCS#3Ç„3ÉsSÉ#Spßf‚”„ìS###sSb„#c#ìC#b„SS3##SÉ ßf‚”„3Éc3#ÉÉb”„Ss#ìììsb„s##sÉs#cßf‚”„SÉCs#CR”„cÉ##scÉB„S#ccs33spßf‚”„cS#S3SSSÇ”„cccÉCc#b„3SìÉÉÉ3Pßf‚”„3ÉÉsÉcS”„c3Sc3cÇ„s3Sss`ßf‚”„#33ÉÉÉS32”„ììSC3sSR„ìccCÉì#Cßf‚„#C###Ésr”„ìSìÉs3B„C3##s3 ßf‚”„#33sììCR”„ìSCsCÉ332„É3ì3ìc0ßf‚„ìÉcSsìí”„ìÉÉSì#SB„##Éìs@ßf‚„33#cCsìB”„ììS#cr„#S3c3êßf‚„sSìSìb”„cS3#3s#É2„#Cc3cC#Éßf‚”„#33sììCR”„ìSCsCÉ332„É3ì3ìc0ßf‚”„CSì#3ÉìÇ”„ìs#C#ìÇ„É3ìS3 ßf‚”„#33ÉÉÉS32”„ììSC3sSR„ìccCÉì#Cßf‚”„3#ÉÉCsCcÇ”„ì3É#Cí„#s3sìì#pßf‚”„S#SCsCCr”„sÉcC3ìsr„3#Cs#ì#ì@ßf‚”„cS#S3SSSÇ”„cccÉCc#b„3SìÉÉÉ3Pßf‚”„3Éc3#ÉÉb”„Ss#ìììsb„s##sÉs#cßf‚”„cScC3ìÇ”„ScS#sb„ÉC3scS ßf‚”„3ÉÉsÉcS”„c3Sc3cÇ„s3Sss`ßf‚”„s3Cc3ìC”„3#c3ìR„ìCcÉ33ÉCêßf‚„C3c#3R”„S#SSÉC"„sC3C##sCpßf‚„33#cì3B”„C3S3sssr„Éì33É3 ßf‚„3#s#Ccc3b”„SÉCìcCCÇ„sC#sCpßf‚„SSÉSìsì#"”„c#ìcÉcsr„S3ìÉs3ssêßf‚„SSÉSìsì#"”„c#ìcÉcsr„S3ìÉs3ssêßf‚„C3c#3R”„S#SSÉC"„sC3C##sCpßf‚„sc3CìsC"”„Ssscc33R„#ÉÉsSC##Pßf‚„#C###Ésr”„ìSìÉs3B„C3##s3 ßf‚„sSìSìb”„cS3#3s#É2„#Cc3cC#Éßf‚„SCS3CdR”r”ßf‚"„S##ÉÉ#4R”r”ßf‚””ßf‚””ßf‚”2„#3É#SîR”r”ßf‚”„CS3sss$R”r”ßf‚”"„#S4R”r”ßf‚”B„CÉ3É#ÉdR”r”ßf‚”„CS3sss$R”r”ßf‚”„C3ss#ìÑR”r”ßf‚”„Éìs#cDR”r”ßf‚”"„#S4R”r”ßf‚”2„#3É#SîR”r”ßf‚”B„CÉ3É#ÉdR”r”ßf‚”„Sc#ìTR”r”ßf‚”"„ÉsìcdR”r”ßf‚””ßf‚””ßf‚”„Éìs#cDR”r”ßf‚”„C3ss#ìÑR”r”ßf‚„SCS3CdR”r”ßf‚”"„ÉsìcdR”r”ßf‚”„Sc#ìTR”r”ßf‚"„S##ÉÉ#4R”r”ßf‚”„CsìsCb„ÉC#3#Sb„ììSÉ#É ßf‚”„#S3É3cc2„sSs#C#r„c#3C#c`ßf‚”„cssìÉB„3CC#SsSr„sSSÉìSÉ0ßf‚”„SsìÉSÉcí„3cÉCCÉSB„ììÉ3s3cßf‚„#3É3cCsSb”„#ssSSSR„ìssÉC3 ßf‚„ScCsC2”„ìs#Écí„ìÉScÉc3Pßf‚„SSC3b”„SssSc#CB„c3#ÉìSêßf‚„Éì3CCcÉÇ”„3c3cì2„3#ÉCssÉPßf‚„Cs#ÉS#SÉÇ„cìSSCÉ3"„ììcCScÉ ßf‚„3Éì3c3#„3CìSc##b„ììÉc#Spßf‚„ÉCì##ììì„3sìÉ#É3"„C#ÉÉììÉ#Pßf‚„#s3sÉÉcR„É3ÉcS"„S3sC##Äßf‚”„CsìsCb„ÉC#3#Sb„ììSÉ#É ßf‚„Cs#ÉS#SÉÇ„cìSSCÉ3"„ììcCScÉ ßf‚„#s3sÉÉcR„É3ÉcS"„S3sC##Äßf‚”„#S3É3cc2„sSs#C#r„c#3C#c`ßf‚„3Éì3c3#„3CìSc##b„ììÉc#Spßf‚„#3É3cCsSb”„#ssSSSR„ìssÉC3 ßf‚„Éì3CCcÉÇ”„3c3cì2„3#ÉCssÉPßf‚„ÉCì##ììì„3sìÉ#É3"„C#ÉÉììÉ#Pßf‚”„SsìÉSÉcí„3cÉCCÉSB„ììÉ3s3cßf‚”„cssìÉB„3CC#SsSr„sSSÉìSÉ0ßf‚”„c3sììÉr”„S##s"„sÉssìÉ#ÉPßf‚”„csìSCcr”„#Sc#cÉ3B„ìì3ìS3#ßf‚ ßf‚”„CÉ3ÉCtR”b ßf‚ ßf‚„ìììììCSb”„ScìCÉ"„#ì#c#ÉS0ßf‚„ìììììscb”„SsÉìsr„ScsìsÉìêßf‚„ììììÉC#cB”„3ì#ìs3ìÉ"„CÉs3#s@ßf‚„ììììsìÉSB”„#ìscÉcsb„Sc#33ì0ßf‚„ììììs3cSR”„ScsS3b„S#sìsSCpßf‚ ßf‚„ìììììS#3"”„ì3s33Sr„#C3S3CCêßf‚”„S#SsÉÇ”„ÉcCS3ÉsPßf‚”„cSCìcsR”„sSScc##@ßf‚”„cSCìcsR”„sSScc##@ßf‚”„S#SsÉÇ”„ÉcCS3ÉsPßf‚”„33c33Cb”„ìC3sc3pßf‚”„33c33Cb”„ìC3sc3pßf‚”„ì#ÉC2„ìììÉsC3ßf‚”„Sìcì"„ìÉÉSCÉì3@ßf‚”„Sìcì"„ìÉÉSCÉì3@ßf‚”„ì#ÉC2„ìììÉsC3ßf‚””„CssÉÉCÉSí„ììÉÉSsCìÄßf‚””„CssÉÉCÉSí„ììÉÉSsCìÄßf‚„ÉsCìSC$R”r”„sCì33í„ììsìSÄßf‚„ÉsCìSC$R”r”„sCì33í„ììsìSÄßf‚”„ìcÉS3ìS3b„#CÉÉSìÉS0ßf‚”„ìììììÉScí”„cÉ#ìSßf‚”„ìììììÉScí”„cÉ#ìSßf‚”„ìcÉS3ìS3b„#CÉÉSìÉS0ßf‚”„Éc#3s#„Sc#sSSÄßf‚”„Éc#3s#„Sc#sSSÄßf‚”„sÉSÉb„s33sPßf‚”„sÉSÉb„s33sPßf‚””„sC3ì3#ìc"”„ccÉ#SC#S`ßf‚””„ÉÉCcCsB”„Cs3#ìs30ßf‚””„sC3ì3#ìc"”„ccÉ#SC#S`ßf‚””„ÉÉCcCsB”„Cs3#ìs30ßf‚””„ìcìcÉì"”„#sccScCsêßf‚””„ìcìcÉì"”„#sccScCsêßf‚””„ìììììcSR”„CcC3ßf‚””„ìììììcSR”„CcC3ßf‚"„ìì3sSdR”r”„ìS#É##Ç„3ìC#3@ßf‚"„ìì3CTR”r”„ìS#É#Ér„3ì3És`ßf‚R„#ÉcCÉs$R”r”„sss#ì3r„c#ìCcCÉPßf‚R„#ÉcCÉs$R”r”„sss#ì3r„c#ìCcCÉPßf‚”„sÉSÉb„s33sPßf‚”„sÉSÉb„s33sPßf‚”„S3ì3sSÇ„ÉC#ì#c0ßf‚”„S3ì3sSÇ„ÉC#ì#c0ßf‚”„3S3ssì2„ì3Sc#C#pßf‚”„3S3ssì2„ì3Sc#C#pßf‚”„Sìcì"„ìÉÉSCÉì3@ßf‚”„Sìcì"„ìÉÉSCÉì3@ßf‚”„ÉSÉC3É2”„Sì##ÉìÄßf‚”„cSCìcsR”„sSScc##@ßf‚”„cSCìcsR”„sSScc##@ßf‚”„ÉSÉC3É2”„Sì##ÉìÄßf‚”„ì3#ìSS"”„CsÉì30ßf‚”„ì3#ìSS"”„CsÉì30ßf‚”„ìsCSSsc3Ç”„##C3cìCêßf‚”„ìsCSSsc3Ç”„##C3cìCêßf‚”„ìììììÉScí”„cÉ#ìSßf‚”„ìììììÉScí”„cÉ#ìSßf‚”„##sCSR”„ìì3cssìêßf‚”„##sCSR”„ìì3cssìêßf‚”„#cì”„ìì#cspßf‚”„#cì”„ìì#cspßf‚”„É3cìscR”„ìÉ3SìÉÉ#Äßf‚”„É3cìscR”„ìÉ3SìÉÉ#Äßf‚”„33c33Cb”„ìC3sc3pßf‚”„33c33Cb”„ìC3sc3pßf‚”„##sCSR”„ìì3cssìêßf‚”„sCccSsì2”„ììs#S3#3êßf‚”„sCccSsì2”„ììs#S3#3êßf‚”„##sCSR”„ìì3cssìêßf‚”„#3#C#CR”„ìììs#ìÉ ßf‚”„#3#C#CR”„ìììs#ìÉ ßf‚”„sCccSsì2”„ììs#S3#3êßf‚”„sCccSsì2”„ììs#S3#3êßf‚„ÉsCìSC$R”r”„sCì33í„ììsìSÄßf‚„ÉsCìSC$R”r”„sCì33í„ììsìSÄßf‚R„cÉcC3tR”r”„3cÉscìr„ì#ìsSSsCpßf‚R„cÉcÉ3TR”r”„3cÉssS32„ì#ìsSSScêßf‚””„ÉÉ#sSìC"”„ììcìcsPßf‚””„ÉÉ#sSìC"”„ììcìcsPßf‚”„#3#C#CR”„ìììs#ìÉ ßf‚”„#3#C#CR”„ìììs#ìÉ ßf‚””„C#3cSsÉ3R”„ìSÉ###spßf‚””„C#3cSsÉ3R”„ìSÉ###spßf‚””„ÉÉ#sSìC"”„ììcìcsPßf‚””„ÉÉ#sSìC"”„ììcìcsPßf‚””„sC3ì3#ìc"”„ccÉ#SC#S`ßf‚””„sC3ì3#ìc"”„ccÉ#SC#S`ßf‚””„C#3cSsÉ3R”„ìSÉ###spßf‚””„C#3cSsÉ3R”„ìSÉ###spßf‚R„cÉcÉ3TR”r”„3cÉssS32„ì#ìsSSScêßf‚R„cÉcC3tR”r”„3cÉscìr„ì#ìsSSsCpßf‚R„#ÉcCÉs$R”r”„sss#ì3r„c#ìCcCÉPßf‚R„#ÉcCÉs$R”r”„sss#ì3r„c#ìCcCÉPßf‚”„3sÉ#CCb”„ììììSsí„#CsÉpßf‚”„SSCSCSCc"”„É3##ssR„cSC#CcSPßf‚”„SCCc#cÉì"”„É#3ÉCCb„SsC#ìcPßf‚”„cSÉcìí”„ìÉ###CR„ÉÉcCìcßf‚„CsìSSCB”„Écc3Cscs„c3CÉÉPßf‚„CÉs3C3r”„ÉscSììcb„ccC0ßf‚”„Ss3ÉC"”„ÉÉcSR”„33C#S3ßf‚„S#3Ss3SÇ”„ÉCCCÉCScÇ”„CcÉ#cCPßf‚”„3c3ìSc"”„ìì3Cì#sÉ"”„3ÉS3Spßf‚”„cìÉìCR”„cs##ScSÉí”„#cÉCCC@ßf‚„c33S#cB”„s#SS#SCìÇ”„#cìcÉSÉc@ßf‚„ìCSìb”„ìsÉÉÉsÉ”„#C3ìÉsÉßf‚”„ìsS#Sì2„SSì#3CSCR”„#CCÉ0ßf‚”„ìÉcCCS”„SCÉ#Sí”„É3ìs3C@ßf‚”„Cc#3ì#sCr”„##s#ìSCÉÇ”„ÉSsCsÉßf‚”„Éì3sìsì3B„cÉS#cR„C3SSSCìSßf‚”„CCcc##sSí„#3CÉsr”„ÉcCc#C3Éßf‚”„ÉssSccb”„3C#3#Ç„33sìCSs@ßf‚”„CCcSS3#b„c3CC3SB”„c33ìcSCPßf‚”„ìÉSCc3#2„#ììSìB”„ì#Sìscpßf‚”„ìscÉSSÉsB”„S3ÉÉìC3„#cìììsÄßf‚”„ìÉCCÉìc2„CÉs3C3R„s#sìÉì ßf‚”„S#sC#ì3C"„#####c"„É###Cpßf‚”„ìSScC#2”„cÉsìsb”„3ìC#3 ßf‚”„SCsSÉ#3í”„#ÉìCÉÇ„ÉS#Éc#0ßf‚”„ìs#cÉ"„#ÉSccÉc”„#sssCcscpßf‚”„S3ìscCcC2”„SìSs#SS3b„SìCsÉc3pßf‚”„ìÉ3CìcìB”„#c###SÉ„#ìc#3Spßf‚”„ìsÉc3s3R”„ìÉìsc3Ç„SÉSsC3`ßf‚”„ì#3ÉC"„CSìc3B„SsÉss0ßf‚”„S##s3scr”„É#3sc"„#ìscCCÉ`ßf‚”„ìÉS#SC#R”„c3ssÉSC2”„S#cììì ßf‚”„SCsÉ##”„É3#sScì3r”„##sC#C0ßf‚”„ìsccSSSC2„#cÉCCS”„SsìcS3#`ßf‚”„ìÉSCc3#2„#ììSìB”„ì#Sìscpßf‚”„CCcSS3#b„c3CC3SB”„c33ìcSCPßf‚”„ÉssSccb”„3C#3#Ç„33sìCSs@ßf‚”„CScCsÉb„ÉSÉìcSÉB”„#3ìsCPßf‚”„ÉÉsS#c#sB”„CCÉ#SìcÉ”„cSÉScSêßf‚”„CscCc33Ç„ÉS#C##í„##3ìSc3pßf‚”„ìÉSC#3b„cs#C3SB„CCìSìsSßf‚”„ìssìÉcB„SCs#cCÇ„CSCCs@ßf‚”„ìSScC#2”„cÉsìsb”„3ìC#3 ßf‚”„SS#s„csCcìr„cÉsì#`ßf‚”„ìÉCCÉìc2„CÉs3C3R„s#sìÉì ßf‚”„S#sC#ì3C"„#####c"„É###Cpßf‚”„ìsS#ÉCr”„Ssì#C3r”„cSsss#êßf‚”„ìÉS#SC#R”„c3ssÉSC2”„S#cììì ßf‚”„SCsÉ##”„É3#sScì3r”„##sC#C0ßf‚”„ì#3ÉC"„CSìc3B„SsÉss0ßf‚”„CÉCcssSb”„c3c#ìÉsÇ”„c#33ÉÉscpßf‚”„Éì3sìsì3B„cÉS#cR„C3SSSCìSßf‚”„Cc#3ì#sCr”„##s#ìSCÉÇ”„ÉSsCsÉßf‚”„ìÉcCCS”„SCÉ#Sí”„É3ìs3C@ßf‚”„CCsSsC3r„Éì3CìS3Ç”„Cc#SscCÉ`ßf‚”„#SSscÉB„ìcÉsccc2”„sC#ìcì3 ßf‚”„cccÉ#„ìÉ#Csc2„ÉÉS3ìì0ßf‚”„3SCsccsR„ì3É33CÇ„sccsSc0ßf‚”„3sSCÉ#ÉÉr„ì#3cSÉc„sccì#Sìcßf‚”„3ìì3ScSsB„ìSs#cs#”„CC#c#ìpßf‚”„CSÉc33ìR„ÉìÉs#cÉÉ”„3ììSsS0ßf‚”„3ìsÉCcR„ÉÉÉ3ÉÉr”„#3sCSs3Pßf‚”„SCsCsR„É#sÉSìS#”„###ì3ccÄßf‚”„Cì##Cì3B„ssc33ÉB”„3ì3sSìsÉpßf‚”„3cSCCÇ„ÉCssSì3í”„C3sSsSÉPßf‚”„3ììSsÉ„ÉC##ìì#Ç”„3sSsc3ss@ßf‚”„#SC3SìÉC„sCc3#ìr”„cS#ì3ìÄßf‚”„CcCìì#"„scsCìcCr”„CìScìSìsÄßf‚”„CsSCSsìcb„sìÉCCb”„S3#C#ìÄßf‚„É3sÉSs3”„SìsS#S3SÇ„ÉÉCìCÉ@ßf‚„##sScss”„cc3CcsÇ„sCìssc# ßf‚”„#CS3#B”„cÉ#SìÉí„sSCÉÉÉÉì ßf‚”„#ÉìÉSì3SB”„SCìÉS3#r„sÉ33S3sC`ßf‚”„#SCscCÉÉR”„SÉSsCìc#b„scìC3 ßf‚”„3C3sS3Sb”„3ìCSÉs2„ÉSCSCS0ßf‚”„3CÉÉCsS"”„cìS3ì„cCc#C##cßf‚”„SÉC#c”„c3#cS#cB„scSs#s#É ßf‚”„ssÉcc3ÉB”„sSsìì3"„cCÉcC33`ßf‚””„ÉCSì3C"”„SC#C#C3@ßf‚„sSÉCsCsÇ”„CÉÉìsÉÉí”„C3CCì3 ßf‚„cì3S3TR”r”„sCcscSÇ”„ccSSì`ßf‚„cìs#c#cr”„cc3c2”„3ì#SÉÉßf‚”„sSÉCsCsÇ”„CÉÉìsÇ”„C3CSÉßf‚„cìcìr”„c##3#2”„3s#Éìpßf‚”„cìs#c3Ér”„cc3s3"”„3ì#SÉ0ßf‚”"„Sì#csìCîR”r”„ÉSÉ3cC##B”„S3CÉCßf‚”„cìì3R”„c##3É2”„3s#ÉÉìÉPßf‚”„ììS#cÉsc"„s#scÉ#B”„cSS3sCßf‚”„ììScCÉÉb„sCCC#cSR”„SìÉ3ìCÉßf‚”„ììSsSÉ#3R„cìscS3ccb”„SììÉcCÉ30ßf‚”„ììSCcsÉb„s3scC2”„c33s ßf‚”„ììSÉCCsÉ„cÉ##ScSr”„cC3c3cÄßf‚”„ììSC3ÉSb„s3ìc3S##í”„c#c#Ss ßf‚”„ììSSS##C"„cs#sCÉB”„cSìS33#ì ßf‚”„ììSccSB„sScC#Éì2”„c#c#CS# ßf‚”„ììSC3CCc2„cÉcCsÉr”„ccÉì#cpßf‚”„ììCS3Cs3„ss#3ìcc#B”„s#CsÉ#Pßf‚”„ììS#cÉcC2„cìS3CSssB”„csÉc##S ßf‚”„ììCcsC2„sSìccSsC2”„sCcS#SÄßf‚”„ììCÉc#CB„s3Ssccs"”„sìC3ÉSêßf‚”„3cC#CÇ”„Sc#SS#í„sÉ#ìì33Äßf‚”„#ì33S3#”„3ÉS3#b„ìS3SssPßf‚”„#3É#ìCí”„S#CCìÉb„É3C3Ssìpßf‚”„S##sìÇ”„CìC3Ss3Cr„ÉScììÉpßf‚”„CÉsCs3Sr”„SS##cr„s#ÉCSCÄßf‚”„cCSS3sR„É3sÉ32„sSCS#ccÄßf‚”„S#3ìí”„ÉsSCìsr„ÉCCsS3CC@ßf‚”„3SSSc3cC„cÉSscì3R„ì3#sì#Äßf‚”„Cìss3CcB„#s#ì#í„Écs3#sSßf‚„3É3c3b„ììììììsc"”„ccC ßf‚„3É#ììì#3Ç„ììììÉcÉÉr„3C#CcC@ßf‚”„##SsCÉcí„ììììÉSÉB”„CÉC#sScsÄßf‚„C#scÉCs„ììììÉ#É3B„C#ssCCs`ßf‚”„3Ss3ccB„ìììììcsÉ”„#sSCÉÉ@ßf‚”„#3ì#É"„ìììììSÉ"”„3c3C#Éêßf‚”„#Cs3É3ìR„ìììììb”„3sSsÉ#É`ßf‚„Éc3S„ìììììÉ33”„CcSCÉ`ßf‚„SC#S33cí„ììììÉcS#í„sSSìSìêßf‚„CS#3#CÉÇ„ììììÉìS„s##c#Sìêßf‚„S#ìSÉcìr„ìììììÉÉÇb„#c3DR”Pßf‚„ÉSCìCìsb„ììììììcC"”„ì#ìSÉì3@ßf‚„ì3cìcs3r„ìììììÉì2”„##scÉSÄßf‚„Cì#Ss#b„ìììììÉì#r”R„sSìÉ3SstR”Pßf‚„#ìScc3B„#ìc#CcìÉÄßf‚”„SÉSsSsÉìB„ììììììS#2„sc3CÉÉ#Pßf‚”„#É#ì#3b„ìììììcì„SCCÉ@ßf‚”„#3cSSsB„ìììììÉì#r„ÉsSìS`ßf‚„Sì#3##SSB„ììììììcC"”„SìÉsSsCßf‚”„C##ìì3Ç„ììììÉCc#"„3c#CS0ßf‚”„3sSscsR„ììììÉÉC3r„33SC#Äßf‚„###SÉcÉÇ„ììììÉs#CR”„CSC#sìÉpßf‚„cCcsSS3„CìcS3É2”„c#ssCC ßf‚„Sì3Cc#cB„S3ìsr”„c3###3#ßf‚„csÉ33É„ccCcSsR”„3ììÉSCs ßf‚„cSììSsb„Sìs##É3Ç”„CcÉSC3 ßf‚„cCcsSS3„CìcS3É2”„c#ssCC ßf‚„Sì3SSSÇ„CcìSSc"”„cìs3CÉSêßf‚„c#c#Sìb„C##ìC#2”„csssScßf‚„Sì3Cc#cB„S3ìsr”„c3###3#ßf‚„CsC33ÉS3„#ìSÉì#Sìb”„É#ì#c3SÄßf‚„c#c#Sìb„C##ìC#2”„csssScßf‚„Sì3SSSÇ„CcìSSc"”„cìs3CÉSêßf‚„CìsìÉìR„3sSCR”„ÉCì#ss ßf‚„#ÉCììÇ„#ìÉCìs2”„ì3cì3ìCÄßf‚„#S3ìcS„##3CSB”„ìCSÉcÉêßf‚”„3sÉ#ìb„ScSSSS32”„ìÉscC#`ßf‚”„ìc3ìS2„SccÉ3É2”„ìÉsc#SPßf‚”„#ssìsb„ÉìsSSb”„ìC3ìc3CÄßf‚”„#Ccs#2„ÉÉÉ#3b”„ìS#CsÉÉ@ßf‚”„CsS3sccB„#ÉcCS#cÇ”„É33csScÉ0ßf‚”„SScSC#b„#ììCSC3c”„ÉììÉs#ßf‚”„Sì3ìSÉÇ„3É3C#”„ss#ÉScC0ßf‚”„Sì3C#Éb„3sÉ3#s”„sC3cÉ ßf‚”„c3#SsSCr„CCsìS#3"”„c3C#Cì3Pßf‚”„cC#sCSb„CcssÉc”„c#ì#SCßf‚”„SÉsc#3sí„cC3c#3cR„Cì3SCcSpßf‚”„SÉSccÉs"„cC3sÉì#ì„Cì3ccìì`ßf‚”„sC3CcSb„c#cÉ##Cs"„#333sì3Pßf‚”„sCcì3S"„c#sCss##í„#CìSÉêßf‚”„Éssr„SìCcÉsCR”„ssì3#sìs@ßf‚”„É3cCÇ„SìCìÉSÉR”„É3ìÉÉÉßf‚”„#É3ìCR„Sscss#ìB„sÉìÉssìSßf‚”„3ÉÉì#ìì32„c#CCSÉì„cÉÉ#sSÄßf‚”„3sììs3ìCÇ„cì3cì3„cìSìc33#0ßf‚”„#3ÉS#cS3Ç„SìccC3#í„É#SÉ#3#@ßf‚„#CcìSsÉSr„cÉs#Scr„sì#ììcCpßf‚„3#sSsB„cÉÉ#3s„s#SCc#Pßf‚„#3CCc#sí„cì#Sb„sScÉCsS`ßf‚„S#sì3cÉsb„c3#ÉcÉ3Ç„SccC#SÄßf‚„CCcSì2„c3ÉSsìcr„c3ì3É3Sßf‚”„3sììs3ìCÇ„cì3cì3„cìSìc33#0ßf‚”„3ÉÉì#ìì32„c#CCSÉì„cÉÉ#sSÄßf‚”„SÉSccÉs"„cC3sÉì#ì„Cì3ccìì`ßf‚”„SÉsc#3sí„cC3c#3cR„Cì3SCcSpßf‚”„c3#SsSCr„CCsìS#3"”„c3C#Cì3Pßf‚”„sCìC#É#s"„SCÉÉC#ì"”„3s3ìÉ0ßf‚”„cC#sCSb„CcssÉc”„c#ì#SCßf‚”„s3##ssìÉí„S3cìSìscr”„CÉÉSì3ì ßf‚”„É3cCÇ„SìCìÉSÉR”„É3ìÉÉÉßf‚”„Éssr„SìCcÉsCR”„ssì3#sìs@ßf‚„s#ss3SÉsr„c#ì#R„3#cì3cìßf‚„sss3ì#cÉR„c#É#cc#sR”„3cì3cì0ßf‚„sÉCCCSCcR„c#CìB„scìC#`ßf‚„s#sSìÉ„cìS„3ccìCsc#ßf‚„sss3ì#cÉR„c#É#cc#sR”„3cì3cì0ßf‚„cSììSsb„Sìs##É3Ç”„CcÉSC3 ßf‚„csÉ33É„ccCcSsR”„3ììÉSCs ßf‚„sÉCCCSCcR„c#CìB„scìC#`ßf‚„ScC3#B„cC3#Sì2„S#CS3pßf‚„s#ss3SÉsr„c#ì#R„3#cì3cìßf‚„s#sSìÉ„cìS„3ccìCsc#ßf‚„S#sì3cÉsb„c3#ÉcÉ3Ç„SccC#SÄßf‚„CCcSì2„c3ÉSsìcr„c3ì3É3Sßf‚„CsÉCC„cSsCc##b”„sSì#ìSC@ßf‚„#3CSìS2„cscc3sìR”„cìÉ3ìcPßf‚„#333S3R„cs#ssSì#B”„sÉC#sßf‚”„#S#csB„cSsCìÉc"”„sSì#ì##`ßf‚”„#s3Éc„csÉCìcSìí”„s3c#c33Pßf‚”„#33CC#„cÉ#sSsc"”„cì33ì3S#Äßf‚„CcCÉSS"„sSÉsìB”„Ss3#pßf‚„#333S3R„cs#ssSì#B”„sÉC#sßf‚„#3CSìS2„cscc3sìR”„cìÉ3ìcPßf‚„CÉ#3s"„sSCsÉ2”„Sss#cìßf‚„CÉsC#3Écr„s#S3c3Cì2”„CÉcssìPßf‚„CÉsÉSìÇ„s#cs#3#SB”„CÉ3cS##3@ßf‚„S#3#ìc„sSsS3í”„CCSì33êßf‚„SìCcSÇ„sSCìSscsb”„C#ìSs3@ßf‚„CÉÉs#sí„É#Éìcr”„#ì3s#CÉìPßf‚„CÉSc#SÉR„É#ÉìÉCcsÇ”„#ÉC3ìsS0ßf‚”„3ìÉsSìs2„s#3É#SÉ"”„Sc3ssC0ßf‚”„#33CC#„cÉ#sSsc"”„cì33ì3S#Äßf‚”„#s3Éc„csÉCìcSìí”„s3c#c33Pßf‚”„3ìC3sÉÉC„s##C#ÉÉR”„ScsìSC#C ßf‚”„CSS3ìcc#"„sSSC#s3”„CsÉs3Pßf‚”„CSS3c#sr„sScÉc3ss2”„CcÉÉ3ìÉ`ßf‚”„Cs#É3Ér„sÉs3ÉS”„3ìScsìs`ßf‚”„Ccì3ìS3„sÉCCsÉcí”„CS3Cì3êßf‚”„S3ìÉcìÇ„É333CB”„#s3cCSS`ßf‚”„SÉìccsí„ÉS#ÉCìÇ”„#ScÉsSSpßf‚”„SSSCSSìÉ2„É#ì3ScB”„c3s#Äßf‚”„SSSììSÇ„É#ì3ìÉì2”„SS3sc3@ßf‚”„CsSÉSCsSB„ÉScCìC3R„#C#cPßf‚”„SSSCSSìÉ2„É#ì3ScB”„c3s#Äßf‚”„SSSììSÇ„É#ì3ìÉì2”„SS3sc3@ßf‚”„CÉss#cì2„ÉS3cC32„ÉCCS3#pßf‚”„3ÉÉcsr„ÉcSc#32„3#SìÉcpßf‚”„3ÉSCS#sR„ÉcS33Ç„3#SSÉsCSßf‚”„3ìSC#ìí„Éc#cÉcB„CSsc30ßf‚”„33CÉÉSÉ"„Éc#ÉSìcB„CC#c33`ßf‚”„CCÉCCÉb„ÉS###SÉB„S#s#3cì@ßf‚”„CÉsCCCR„ÉS##SCí„SC#Cêßf‚„scSscR„ÉCsìSCCb„S3#ÉS@ßf‚„3CcÉr„ÉCsì3S3í„S3#É33êßf‚„CÉ##sB„ÉS#ÉÉ"„SS#ÉS#0ßf‚„CCÉC#s2„ÉS#ÉcSí„SC333Pßf‚„#ìÉììccB„ÉSì33ÉSÉ"„CCìSÄßf‚„#ìÉ33#3c2„ÉSì#Éc#í„CSCÉì#Pßf‚„3Cs#Cccí„ÉscCcÉ#„3CSì3ÉÉìßf‚„3CcssS#ì2„Ésìsss„3CSs#ìêßf‚„3SsÉ#ÉÇ„ì#3C##R„#ì33#0ßf‚„3SÉcCSR„ì3ÉCS3ìí„c##cc3C@ßf‚„3ì#C#b„ì#csCb”„3Cc3S#pßf‚„3#ììcC„ìC3ss##Ç”„#3#Cs3ìÉ@ßf‚„3#ììcC„ìC3ss##Ç”„#3#Cs3ìÉ@ßf‚„3ì#C#b„ì#csCb”„3Cc3S#pßf‚„CÉÉs#sí„É#Éìcr”„#ì3s#CÉìPßf‚„CÉSc#SÉR„É#ÉìÉCcsÇ”„#ÉC3ìsS0ßf‚” ßf‚” ßf‚” ßf‚” ßf‚””„ìC3ìSì3ÑR”r ßf‚””„ìC3ìSì3ÑR”r ßf‚””„ìC3ìSì3ÑR”r ßf‚””„ìC3ìSì3ÑR”r ßf‚”„CììCsÑR”r ßf‚”„CììCsÑR”r ßf‚”„CììCsÑR”r ßf‚”„CììCsÑR”r ßf‚” ßf‚” ßf‚” ßf‚” ßf‚””„ScìsccîR”b ßf‚””„ScìsccîR”b ßf‚”„3c3#sìSÑR”b ßf‚”„3c3#sìSÑR”b ßf‚” ßf‚” ßf‚””R„CcìcSìtR”r ßf‚””R„CcìcSìtR”r ßf‚”B„S#s#TR”r ßf‚”B„S#s#TR”r ßf‚””2„sÉ3#ÉdR”r ßf‚””2„sÉ3#ÉdR”r ßf‚””2„sÉ3#ÉdR”r ßf‚””2„sÉ3#ÉdR”r ßf‚” ßf‚” ßf‚””R„CCì#ìÑR”r ßf‚””R„CCì#ìÑR”r ßf‚” ßf‚” ßf‚„sCìCR”b ßf‚„sCìCR”b ßf‚„sCìCR”b ßf‚„sCìCR”b ßf‚ ßf‚ ßf‚ ßf‚ ßf‚ ßf‚ ßf‚2„3ìC33dR”b ßf‚2„3ìC33dR”b ßf‚”„3c3#sìSÑR”b ßf‚”„3c3#sìSÑR”b ßf‚r„cSÉC3stR”r ßf‚r„cSÉC3stR”r ßf‚„ì3ì3ÉR”b ßf‚„ì3ì3ÉR”b ßf‚”Ç„3C3CC3R”r ßf‚”Ç„3C3CC3R”r ßf‚ ßf‚ ßf‚ ßf‚ ßf‚ ßf‚ ßf‚”R„CCì#ìÑR”r ßf‚”R„CCì#ìÑR”r ßf‚ ßf‚ ßf‚”B„cc#ÉsTR”b ßf‚”B„cc#ÉsTR”b ßf‚”B„cc#ÉsTR”b ßf‚”B„cc#ÉsTR”b ßf‚„CììC#R”r ßf‚„CììC#R”r ßf‚„CììC#R”r ßf‚„CììC#R”r ¶r6ÜñÁ6uÛ ¶b2Û2Û2"Û"Û"ÛÛ¶bbÛbÛbRÛRÛRBÛBÛ@¶bíÛíÛíÇÛÇÛÇrÛrÛp¶b"Û"Û"ÛÛÛÛ ¶bRÛRÛRBÛBÛB2Û2Û0¶bÇÛÇÛÇrÛrÛrbÛbÛ`¶b#Û#Û##Û#Û#íÛíÛê¶b#2Û#2Û#2#"Û#"Û#"íÛíÛê¶b#bÛ#bÛ#b#RÛ#RÛ#R#BÛ#BÛ#@¶b#íÛ#íÛ#í#ÇÛ#ÇÛ#Ç#rÛ#rÛ#p¶b3"Û3"Û3"3Û3Û33Û3Û3 ¶b3RÛ3RÛ3R3BÛ3BÛ3B32Û32Û30¶b3ÇÛ3ÇÛ3Ç3rÛ3rÛ3r3bÛ3bÛ3`¶bCÛCÛCCÛCÛC3íÛ3íÛ3ê¶bCÛCÛCC"ÛC"ÛC"3íÛ3íÛ3ê¶bC"ÛC"ÛC"C2ÛC2ÛC23íÛ3íÛ3ê¶bC2ÛC2ÛC2CBÛCBÛCB3íÛ3íÛ3ê¶bCBÛCBÛCBC2ÛC2ÛC2CRÛCRÛCP¶bC2ÛC2ÛC2CbÛCbÛCbCRÛCRÛCP¶bCbÛCbÛCbCrÛCrÛCrCRÛCRÛCP¶bCrÛCrÛCrCÇÛCÇÛCÇCRÛCRÛCP¶bSÛSÛSSÛSÛSCíÛCíÛCê¶bS"ÛS"ÛS"SÛSÛSCíÛCíÛCê¶bS2ÛS2ÛS2S"ÛS"ÛS"CíÛCíÛCê¶bSBÛSBÛSBS2ÛS2ÛS2CíÛCíÛCê¶bSÛSÛSS"ÛS"ÛS"SRÛSRÛSP¶bSbÛSbÛSbSÛSÛSSRÛSRÛSP¶bSrÛSrÛSrSBÛSBÛSBCíÛCíÛCê¶bSÇÛSÇÛSÇSrÛSrÛSrCíÛCíÛCê¶bSíÛSíÛSíSbÛSbÛSbSRÛSRÛSP¶bcÛcÛcSíÛSíÛSíSRÛSRÛSP¶bSrÛSrÛSrSÇÛSÇÛSÇcÛcÛc¶bc"Ûc"Ûc"SrÛSrÛSrcÛcÛc¶bSíÛSíÛSícÛcÛcc2Ûc2Ûc0¶bcBÛcBÛcBSíÛSíÛSíc2Ûc2Ûc0¶bcRÛcRÛcRc"Ûc"Ûc"cÛcÛc¶bcbÛcbÛcbcRÛcRÛcRcÛcÛc¶bcrÛcrÛcrcBÛcBÛcBc2Ûc2Ûc0¶bcRÛcRÛcRcbÛcbÛcbcÇÛcÇÛcÄ¶bcíÛcíÛcícRÛcRÛcRcÇÛcÇÛcÄ¶bsÛsÛscíÛcíÛcícÇÛcÇÛcÄ¶bsÛsÛssÛsÛscÇÛcÇÛcÄ¶bsÛsÛssÛsÛss"Ûs"Ûs ¶bs2Ûs2Ûs2sÛsÛss"Ûs"Ûs ¶bsBÛsBÛsBs2Ûs2Ûs2s"Ûs"Ûs ¶bsRÛsRÛsRsBÛsBÛsBs"Ûs"Ûs ¶bsBÛsBÛsBsRÛsRÛsRsbÛsbÛs`¶bsrÛsrÛsrsBÛsBÛsBsbÛsbÛs`¶bsÇÛsÇÛsÇcrÛcrÛcrc2Ûc2Ûc0¶bcrÛcrÛcrsÇÛsÇÛsÇsíÛsíÛsê¶bÉÛÉÛÉcrÛcrÛcrsíÛsíÛsê¶bsÇÛsÇÛsÇÉÛÉÛÉsíÛsíÛsê¶bÉÛÉÛÉÉ"ÛÉ"ÛÉ"síÛsíÛsê¶bÉ2ÛÉ2ÛÉ2srÛsrÛsrsbÛsbÛs`¶bÉ"ÛÉ"ÛÉ"É2ÛÉ2ÛÉ2síÛsíÛsê¶bÉBÛÉBÛÉBÉÛÉÛÉsíÛsíÛsê¶bÉRÛÉRÛÉRÉBÛÉBÛÉBsbÛsbÛs`¶bÉbÛÉbÛÉbÉ2ÛÉ2ÛÉ2sbÛsbÛs`¶bÉ2ÛÉ2ÛÉ2ÉbÛÉbÛÉbsíÛsíÛsê¶bÉBÛÉBÛÉBÉbÛÉbÛÉbsbÛsbÛs`¶bÉbÛÉbÛÉbÉBÛÉBÛÉBsíÛsíÛsê¶bÉíÛÉíÛÉíÉÇÛÉÇÛÉÇÉrÛÉrÛÉp¶bÉÇÛÉÇÛÉÇìÛìÛìÉrÛÉrÛÉp¶bìÛìÛìÉÇÛÉÇÛÉÇìÛìÛì¶bÉÇÛÉÇÛÉÇì"Ûì"Ûì"ìÛìÛì¶bìRÛìRÛìRìBÛìBÛìBì2Ûì2Ûì0¶bìBÛìBÛìBìbÛìbÛìbì2Ûì2Ûì0¶bìbÛìbÛìbìBÛìBÛìBìrÛìrÛìp¶bìBÛìBÛìBìÇÛìÇÛìÇìrÛìrÛìp¶bìÇÛìÇÛìÇìíÛìíÛìíìrÛìrÛìp¶bìíÛìíÛìíÛÛìrÛìrÛìp¶bÛÛìíÛìíÛìíÛÛ¶bìíÛìíÛìí"Û"Û"ÛÛ¶b"Û"Û"2Û2Û2ÛÛ¶b2Û2Û2BÛBÛBÛÛ¶bBÛBÛB2Û2Û2RÛRÛP¶b2Û2Û2bÛbÛbRÛRÛP¶bíÛíÛíÇÛÇÛÇrÛrÛp¶bÛÛíÛíÛírÛrÛp¶bíÛíÛíÛÛÛÛ¶b"Û"Û"íÛíÛíÛÛ¶bRÛRÛRBÛBÛB2Û2Û0¶bBÛBÛBbÛbÛb2Û2Û0¶bbÛbÛbBÛBÛBrÛrÛp¶bBÛBÛBÇÛÇÛÇrÛrÛp¶bÇÛÇÛÇíÛíÛírÛrÛp¶bíÛíÛí#Û#Û#rÛrÛp¶b#Û#Û#íÛíÛí#Û#Û#¶bíÛíÛí#"Û#"Û#"#Û#Û#¶b#"Û#"Û#"#2Û#2Û#2#Û#Û#¶b#2Û#2Û#2#BÛ#BÛ#B#Û#Û#¶b#rÛ#rÛ#r#bÛ#bÛ#b#RÛ#RÛ#P¶b#bÛ#bÛ#b#ÇÛ#ÇÛ#Ç#RÛ#RÛ#P¶b#ÇÛ#ÇÛ#Ç#íÛ#íÛ#í#RÛ#RÛ#P¶b#íÛ#íÛ#í3Û3Û3#RÛ#RÛ#P¶b3Û3Û3#íÛ#íÛ#í3Û3Û3¶b#íÛ#íÛ#í3"Û3"Û3"3Û3Û3¶b3"Û3"Û3"32Û32Û323Û3Û3¶b32Û32Û323BÛ3BÛ3B3Û3Û3¶b3rÛ3rÛ3r3bÛ3bÛ3b3RÛ3RÛ3P¶b3ÇÛ3ÇÛ3Ç3rÛ3rÛ3r3RÛ3RÛ3P¶b3rÛ3rÛ3r3ÇÛ3ÇÛ3Ç3íÛ3íÛ3ê¶bCÛCÛC3rÛ3rÛ3r3íÛ3íÛ3ê¶bCÛCÛCCÛCÛC3íÛ3íÛ3ê¶bC"ÛC"ÛC"CÛCÛC3íÛ3íÛ3ê¶bCÛCÛCC"ÛC"ÛC"C2ÛC2ÛC0¶bCBÛCBÛCBCÛCÛCC2ÛC2ÛC0¶bCRÛCRÛCRCBÛCBÛCBC2ÛC2ÛC0¶bCbÛCbÛCbCRÛCRÛCRC2ÛC2ÛC0¶bCíÛCíÛCíCÇÛCÇÛCÇCrÛCrÛCp¶bSÛSÛSCíÛCíÛCíCrÛCrÛCp¶bSÛSÛSSÛSÛSCrÛCrÛCp¶bS"ÛS"ÛS"SÛSÛSCrÛCrÛCp¶bSRÛSRÛSRSBÛSBÛSBS2ÛS2ÛS0¶bSbÛSbÛSbSRÛSRÛSRS2ÛS2ÛS0¶bSíÛSíÛSíSÇÛSÇÛSÇSrÛSrÛSp¶bSÇÛSÇÛSÇcÛcÛcSrÛSrÛSp¶bcÛcÛcSÇÛSÇÛSÇcÛcÛc¶bSÇÛSÇÛSÇc"Ûc"Ûc"cÛcÛc¶bc"Ûc"Ûc"c2Ûc2Ûc2cÛcÛc¶bc2Ûc2Ûc2cBÛcBÛcBcÛcÛc¶bc2Ûc2Ûc2cRÛcRÛcRcBÛcBÛc@¶bcRÛcRÛcRcbÛcbÛcbcBÛcBÛc@¶bcíÛcíÛcícÇÛcÇÛcÇcrÛcrÛcp¶bsÛsÛscíÛcíÛcícrÛcrÛcp¶bsÛsÛssÛsÛscrÛcrÛcp¶bs"Ûs"Ûs"sÛsÛscrÛcrÛcp¶bs2Ûs2Ûs2sÛsÛss"Ûs"Ûs ¶bsBÛsBÛsBs2Ûs2Ûs2s"Ûs"Ûs ¶bs2Ûs2Ûs2sBÛsBÛsBsRÛsRÛsP¶bsbÛsbÛsbs2Ûs2Ûs2sRÛsRÛsP¶bsíÛsíÛsísÇÛsÇÛsÇsrÛsrÛsp¶bÉÛÉÛÉsíÛsíÛsísrÛsrÛsp¶bÉ2ÛÉ2ÛÉ2É"ÛÉ"ÛÉ"ÉÛÉÛÉ¶bÉBÛÉBÛÉBÉ2ÛÉ2ÛÉ2ÉÛÉÛÉ¶bÉBÛÉBÛÉBÉÛÉÛÉÉRÛÉRÛÉP¶bÉbÛÉbÛÉbÉBÛÉBÛÉBÉRÛÉRÛÉP¶bÉrÛÉrÛÉrÉbÛÉbÛÉbÉRÛÉRÛÉP¶bÉÇÛÉÇÛÉÇÉrÛÉrÛÉrÉRÛÉRÛÉP¶bÉrÛÉrÛÉrÉÇÛÉÇÛÉÇÉíÛÉíÛÉê¶bìÛìÛìÉrÛÉrÛÉrÉíÛÉíÛÉê¶bìÛìÛììÛìÛìÉíÛÉíÛÉê¶bì"Ûì"Ûì"ìÛìÛìÉíÛÉíÛÉê¶bì2Ûì2Ûì2ìÛìÛìì"Ûì"Ûì ¶bìBÛìBÛìBì2Ûì2Ûì2ì"Ûì"Ûì ¶bìrÛìrÛìrìbÛìbÛìbìRÛìRÛìP¶bìÇÛìÇÛìÇìrÛìrÛìrìRÛìRÛìP¶bìrÛìrÛìrìÇÛìÇÛìÇìíÛìíÛìê¶b#Û#Û#ìrÛìrÛìrìíÛìíÛìê¶b#2Û#2Û#2#"Û#"Û#"#Û#Û#¶b#"Û#"Û#"#BÛ#BÛ#B#Û#Û#¶b#BÛ#BÛ#B#RÛ#RÛ#R#Û#Û#¶b#RÛ#RÛ#R#bÛ#bÛ#b#Û#Û#¶b#íÛ#íÛ#í#ÇÛ#ÇÛ#Ç#rÛ#rÛ#p¶b#ÇÛ#ÇÛ#Ç#Û#Û##rÛ#rÛ#p¶b#Û#Û##ÇÛ#ÇÛ#Ç#Û#Û#¶b#ÇÛ#ÇÛ#Ç#"Û#"Û#"#Û#Û#¶b#"Û#"Û#"#2Û#2Û#2#Û#Û#¶b#2Û#2Û#2#BÛ#BÛ#B#Û#Û#¶b#BÛ#BÛ#B#2Û#2Û#2#RÛ#RÛ#P¶b#2Û#2Û#2#bÛ#bÛ#b#RÛ#RÛ#P¶b#bÛ#bÛ#b#rÛ#rÛ#r#RÛ#RÛ#P¶b#rÛ#rÛ#r#ÇÛ#ÇÛ#Ç#RÛ#RÛ#P¶b##Û##Û####Û##Û###íÛ#íÛ#ê¶b##Û##Û####"Û##"Û##"#íÛ#íÛ#ê¶b##Û##Û####2Û##2Û##2##"Û##"Û## ¶b##2Û##2Û##2##BÛ##BÛ##B##"Û##"Û## ¶b##rÛ##rÛ##r##bÛ##bÛ##b##RÛ##RÛ##P¶b##ÇÛ##ÇÛ##Ç##rÛ##rÛ##r##RÛ##RÛ##P¶b#3Û#3Û#3#3Û#3Û#3##íÛ##íÛ##ê¶b#3"Û#3"Û#3"#3Û#3Û#3##íÛ##íÛ##ê¶b#32Û#32Û#32#3Û#3Û#3#3"Û#3"Û#3 ¶b#3BÛ#3BÛ#3B#32Û#32Û#32#3"Û#3"Û#3 ¶b#3rÛ#3rÛ#3r#3bÛ#3bÛ#3b#3RÛ#3RÛ#3P¶b#3bÛ#3bÛ#3b#3ÇÛ#3ÇÛ#3Ç#3RÛ#3RÛ#3P¶b#3ÇÛ#3ÇÛ#3Ç#3íÛ#3íÛ#3í#3RÛ#3RÛ#3P¶b#3íÛ#3íÛ#3í#CÛ#CÛ#C#3RÛ#3RÛ#3P¶b#CÛ#CÛ#C#3íÛ#3íÛ#3í#CÛ#CÛ#C¶b#3íÛ#3íÛ#3í#C"Û#C"Û#C"#CÛ#CÛ#C¶b#C"Û#C"Û#C"#C2Û#C2Û#C2#CÛ#CÛ#C¶b#C2Û#C2Û#C2#CBÛ#CBÛ#CB#CÛ#CÛ#C¶b#CBÛ#CBÛ#CB#C2Û#C2Û#C2#CRÛ#CRÛ#CP¶b#C2Û#C2Û#C2#CbÛ#CbÛ#Cb#CRÛ#CRÛ#CP¶b#CíÛ#CíÛ#Cí#CÇÛ#CÇÛ#CÇ#CrÛ#CrÛ#Cp¶b#SÛ#SÛ#S#CíÛ#CíÛ#Cí#CrÛ#CrÛ#Cp¶b#CíÛ#CíÛ#Cí#SÛ#SÛ#S#SÛ#SÛ#S¶b#S"Û#S"Û#S"#CíÛ#CíÛ#Cí#SÛ#SÛ#S¶b#SRÛ#SRÛ#SR#SBÛ#SBÛ#SB#S2Û#S2Û#S0¶b#SBÛ#SBÛ#SB#SbÛ#SbÛ#Sb#S2Û#S2Û#S0¶b#S2Û#S2Û#S2#SbÛ#SbÛ#Sb#SrÛ#SrÛ#Sp¶b#SbÛ#SbÛ#Sb#SÇÛ#SÇÛ#SÇ#SrÛ#SrÛ#Sp¶b#SÇÛ#SÇÛ#SÇ#SíÛ#SíÛ#Sí#SrÛ#SrÛ#Sp¶b#SíÛ#SíÛ#Sí#cÛ#cÛ#c#SrÛ#SrÛ#Sp¶b#cÛ#cÛ#c#SíÛ#SíÛ#Sí#cÛ#cÛ#c¶b#SíÛ#SíÛ#Sí#c"Û#c"Û#c"#cÛ#cÛ#c¶b#c"Û#c"Û#c"#c2Û#c2Û#c2#cÛ#cÛ#c¶b#c2Û#c2Û#c2#cBÛ#cBÛ#cB#cÛ#cÛ#c¶b#crÛ#crÛ#cr#cbÛ#cbÛ#cb#cRÛ#cRÛ#cP¶b#cÇÛ#cÇÛ#cÇ#crÛ#crÛ#cr#cRÛ#cRÛ#cP¶b#sÛ#sÛ#s#sÛ#sÛ#s#cíÛ#cíÛ#cê¶b#sÛ#sÛ#s#s"Û#s"Û#s"#cíÛ#cíÛ#cê¶b#s"Û#s"Û#s"#s2Û#s2Û#s2#cíÛ#cíÛ#cê¶b#s2Û#s2Û#s2#sBÛ#sBÛ#sB#cíÛ#cíÛ#cê¶b#s2Û#s2Û#s2#sRÛ#sRÛ#sR#sBÛ#sBÛ#s@¶b#sRÛ#sRÛ#sR#sbÛ#sbÛ#sb#sBÛ#sBÛ#s@¶b#síÛ#síÛ#sí#sÇÛ#sÇÛ#sÇ#srÛ#srÛ#sp¶b#ÉÛ#ÉÛ#É#síÛ#síÛ#sí#srÛ#srÛ#sp¶b#síÛ#síÛ#sí#ÉÛ#ÉÛ#É#ÉÛ#ÉÛ#É¶b#É"Û#É"Û#É"#síÛ#síÛ#sí#ÉÛ#ÉÛ#É¶b#É2Û#É2Û#É2#É"Û#É"Û#É"#ÉÛ#ÉÛ#É¶b#ÉBÛ#ÉBÛ#ÉB#É2Û#É2Û#É2#ÉÛ#ÉÛ#É¶b#ÉRÛ#ÉRÛ#ÉR#É2Û#É2Û#É2#ÉBÛ#ÉBÛ#É@¶b#ÉbÛ#ÉbÛ#Éb#ÉRÛ#ÉRÛ#ÉR#ÉBÛ#ÉBÛ#É@¶b#ÉíÛ#ÉíÛ#Éí#ÉÇÛ#ÉÇÛ#ÉÇ#ÉrÛ#ÉrÛ#Ép¶b#ÉÇÛ#ÉÇÛ#ÉÇ#ìÛ#ìÛ#ì#ÉrÛ#ÉrÛ#Ép¶b#ìÛ#ìÛ#ì#ìÛ#ìÛ#ì#ÉrÛ#ÉrÛ#Ép¶b#ìÛ#ìÛ#ì#ì"Û#ì"Û#ì"#ÉrÛ#ÉrÛ#Ép¶b#ì"Û#ì"Û#ì"#ìÛ#ìÛ#ì#ì2Û#ì2Û#ì0¶b#ìÛ#ìÛ#ì#ìBÛ#ìBÛ#ìB#ì2Û#ì2Û#ì0¶b#ìBÛ#ìBÛ#ìB#ìRÛ#ìRÛ#ìR#ì2Û#ì2Û#ì0¶b#ìRÛ#ìRÛ#ìR#ìbÛ#ìbÛ#ìb#ì2Û#ì2Û#ì0¶b#ìbÛ#ìbÛ#ìb#ìRÛ#ìRÛ#ìR#ìrÛ#ìrÛ#ìp¶b#ìRÛ#ìRÛ#ìR#ìÇÛ#ìÇÛ#ìÇ#ìrÛ#ìrÛ#ìp¶b#ìÇÛ#ìÇÛ#ìÇ#ìíÛ#ìíÛ#ìí#ìrÛ#ìrÛ#ìp¶b#ìíÛ#ìíÛ#ìí3Û3Û3#ìrÛ#ìrÛ#ìp¶b3Û3Û3#ìíÛ#ìíÛ#ìí3Û3Û3¶b#ìíÛ#ìíÛ#ìí3"Û3"Û3"3Û3Û3¶b3"Û3"Û3"32Û32Û323Û3Û3¶b32Û32Û323BÛ3BÛ3B3Û3Û3¶b3rÛ3rÛ3r3bÛ3bÛ3b3RÛ3RÛ3P¶b3ÇÛ3ÇÛ3Ç3rÛ3rÛ3r3RÛ3RÛ3P¶b3íÛ3íÛ3í3ÇÛ3ÇÛ3Ç3RÛ3RÛ3P¶b3Û3Û33íÛ3íÛ3í3RÛ3RÛ3P¶b3íÛ3íÛ3í3Û3Û33Û3Û3¶b3"Û3"Û3"3íÛ3íÛ3í3Û3Û3¶b32Û32Û323"Û3"Û3"3Û3Û3¶b3BÛ3BÛ3B32Û32Û323Û3Û3¶b32Û32Û323BÛ3BÛ3B3RÛ3RÛ3P¶b3bÛ3bÛ3b32Û32Û323RÛ3RÛ3P¶b3rÛ3rÛ3r3bÛ3bÛ3b3RÛ3RÛ3P¶b3ÇÛ3ÇÛ3Ç3rÛ3rÛ3r3RÛ3RÛ3P¶b3rÛ3rÛ3r3ÇÛ3ÇÛ3Ç3íÛ3íÛ3ê¶b3#Û3#Û3#3rÛ3rÛ3r3íÛ3íÛ3ê¶b3#Û3#Û3#3#Û3#Û3#3íÛ3íÛ3ê¶b3#"Û3#"Û3#"3#Û3#Û3#3íÛ3íÛ3ê¶b3#RÛ3#RÛ3#R3#BÛ3#BÛ3#B3#2Û3#2Û3#0¶b3#BÛ3#BÛ3#B3#bÛ3#bÛ3#b3#2Û3#2Û3#0¶b3#2Û3#2Û3#23#bÛ3#bÛ3#b3#rÛ3#rÛ3#p¶b3#bÛ3#bÛ3#b3#ÇÛ3#ÇÛ3#Ç3#rÛ3#rÛ3#p¶b3#ÇÛ3#ÇÛ3#Ç3#bÛ3#bÛ3#b3#íÛ3#íÛ3#ê¶b33Û33Û333#ÇÛ3#ÇÛ3#Ç3#íÛ3#íÛ3#ê¶b33Û33Û333#íÛ3#íÛ3#í3#bÛ3#bÛ3#`¶b33"Û33"Û33"33Û33Û333#bÛ3#bÛ3#`¶b33RÛ33RÛ33R33BÛ33BÛ33B332Û332Û330¶b33bÛ33bÛ33b33RÛ33RÛ33R332Û332Û330¶b33íÛ33íÛ33í33ÇÛ33ÇÛ33Ç33rÛ33rÛ33p¶b3CÛ3CÛ3C33íÛ33íÛ33í33rÛ33rÛ33p¶b33íÛ33íÛ33í3CÛ3CÛ3C3CÛ3CÛ3C¶b3C"Û3C"Û3C"33íÛ33íÛ33í3CÛ3CÛ3C¶b3CRÛ3CRÛ3CR3CBÛ3CBÛ3CB3C2Û3C2Û3C0¶b3CBÛ3CBÛ3CB3CbÛ3CbÛ3Cb3C2Û3C2Û3C0¶b3CbÛ3CbÛ3Cb3CrÛ3CrÛ3Cr3C2Û3C2Û3C0¶b3CrÛ3CrÛ3Cr3CÇÛ3CÇÛ3CÇ3C2Û3C2Û3C0¶b3SÛ3SÛ3S3SÛ3SÛ3S3CíÛ3CíÛ3Cê¶b3SÛ3SÛ3S3S"Û3S"Û3S"3CíÛ3CíÛ3Cê¶b3S"Û3S"Û3S"3S2Û3S2Û3S23CíÛ3CíÛ3Cê¶b3S2Û3S2Û3S23SBÛ3SBÛ3SB3CíÛ3CíÛ3Cê¶b3SbÛ3SbÛ3Sb3CíÛ3CíÛ3Cí3SRÛ3SRÛ3SP¶b3CíÛ3CíÛ3Cí3SrÛ3SrÛ3Sr3SRÛ3SRÛ3SP¶b3SrÛ3SrÛ3Sr3SÇÛ3SÇÛ3SÇ3SRÛ3SRÛ3SP¶b3SÇÛ3SÇÛ3SÇ3SrÛ3SrÛ3Sr3SíÛ3SíÛ3Sê¶b3cÛ3cÛ3c3SÇÛ3SÇÛ3SÇ3SíÛ3SíÛ3Sê¶b3SíÛ3SíÛ3Sí3cÛ3cÛ3c3cÛ3cÛ3c ¶b3cÛ3cÛ3c3c"Û3c"Û3c"3cÛ3cÛ3c ¶b3c2Û3c2Û3c23cÛ3cÛ3c3SRÛ3SRÛ3SP¶b3cÛ3cÛ3c3c"Û3c"Û3c"3cBÛ3cBÛ3c@¶b3cÛ3cÛ3c3cBÛ3cBÛ3cB3SRÛ3SRÛ3SP¶b3c"Û3c"Û3c"3cRÛ3cRÛ3cR3cBÛ3cBÛ3c@¶b3cRÛ3cRÛ3cR3cbÛ3cbÛ3cb3cBÛ3cBÛ3c@¶b3cbÛ3cbÛ3cb3crÛ3crÛ3cr3cBÛ3cBÛ3c@¶b3cBÛ3cBÛ3cB3crÛ3crÛ3cr3SRÛ3SRÛ3SP¶b3cbÛ3cbÛ3cb3cÇÛ3cÇÛ3cÇ3crÛ3crÛ3cp¶b3cÇÛ3cÇÛ3cÇ3cíÛ3cíÛ3cí3crÛ3crÛ3cp¶b3SbÛ3SbÛ3Sb3sÛ3sÛ3s3cíÛ3cíÛ3cê¶b3sÛ3sÛ3s3SbÛ3SbÛ3Sb3SRÛ3SRÛ3SP¶b3crÛ3crÛ3cr3sÛ3sÛ3s3SRÛ3SRÛ3SP¶b3sÛ3sÛ3s3crÛ3crÛ3cr3cíÛ3cíÛ3cê¶b3s2Û3s2Û3s23s"Û3s"Û3s"3sÛ3sÛ3s¶b3sBÛ3sBÛ3sB3s2Û3s2Û3s23sÛ3sÛ3s¶b3srÛ3srÛ3sr3sbÛ3sbÛ3sb3sRÛ3sRÛ3sP¶b3sbÛ3sbÛ3sb3sÇÛ3sÇÛ3sÇ3sRÛ3sRÛ3sP¶b3sbÛ3sbÛ3sb3síÛ3síÛ3sí3sÇÛ3sÇÛ3sÄ¶b3síÛ3síÛ3sí3ÉÛ3ÉÛ3É3sÇÛ3sÇÛ3sÄ¶b3ÉÛ3ÉÛ3É3ÉÛ3ÉÛ3É3sÇÛ3sÇÛ3sÄ¶b3ÉÛ3ÉÛ3É3É"Û3É"Û3É"3sÇÛ3sÇÛ3sÄ¶b3ÉÛ3ÉÛ3É3síÛ3síÛ3sí3É2Û3É2Û3É0¶b3ÉÛ3ÉÛ3É3ÉÛ3ÉÛ3É3É2Û3É2Û3É0¶b3ÉBÛ3ÉBÛ3ÉB3ÉÛ3ÉÛ3É3É2Û3É2Û3É0¶b3síÛ3síÛ3sí3ÉRÛ3ÉRÛ3ÉR3É2Û3É2Û3É0¶b3É2Û3É2Û3É23ÉRÛ3ÉRÛ3ÉR3ÉbÛ3ÉbÛ3É`¶b3ÉRÛ3ÉRÛ3ÉR3ÉrÛ3ÉrÛ3Ér3ÉbÛ3ÉbÛ3É`¶b3ìÛ3ìÛ3ì3ÉíÛ3ÉíÛ3Éí3ÉÇÛ3ÉÇÛ3ÉÄ¶b3ìÛ3ìÛ3ì3ìÛ3ìÛ3ì3ÉÇÛ3ÉÇÛ3ÉÄ¶b3ìÛ3ìÛ3ì3ìÛ3ìÛ3ì3ì"Û3ì"Û3ì ¶b3ì2Û3ì2Û3ì23ìÛ3ìÛ3ì3ì"Û3ì"Û3ì ¶b3ìbÛ3ìbÛ3ìb3ìRÛ3ìRÛ3ìR3ìBÛ3ìBÛ3ì@¶b3ìrÛ3ìrÛ3ìr3ìbÛ3ìbÛ3ìb3ìBÛ3ìBÛ3ì@¶b3ìÇÛ3ìÇÛ3ìÇ3ìbÛ3ìbÛ3ìb3ìrÛ3ìrÛ3ìp¶b3ìíÛ3ìíÛ3ìí3ìÇÛ3ìÇÛ3ìÇ3ìrÛ3ìrÛ3ìp¶bCÛCÛC3ìÇÛ3ìÇÛ3ìÇ3ìíÛ3ìíÛ3ìê¶bCÛCÛCCÛCÛC3ìíÛ3ìíÛ3ìê¶bC"ÛC"ÛC"CÛCÛCCÛCÛC¶bC2ÛC2ÛC2C"ÛC"ÛC"CÛCÛC¶bCBÛCBÛCBC"ÛC"ÛC"C2ÛC2ÛC0¶bCRÛCRÛCRCBÛCBÛCBC2ÛC2ÛC0¶bCÇÛCÇÛCÇCrÛCrÛCrCbÛCbÛC`¶bCíÛCíÛCíCÇÛCÇÛCÇCbÛCbÛC`¶bC"ÛC"ÛC"CÛCÛCCÛCÛC ¶bC2ÛC2ÛC2C"ÛC"ÛC"CÛCÛC ¶bC2ÛC2ÛC2CÛCÛCCBÛCBÛC@¶bCRÛCRÛCRC"ÛC"ÛC"C2ÛC2ÛC0¶bCbÛCbÛCbC2ÛC2ÛC2CBÛCBÛC@¶bCrÛCrÛCrCRÛCRÛCRC2ÛC2ÛC0¶bC2ÛC2ÛC2CbÛCbÛCbCrÛCrÛCp¶bCbÛCbÛCbCÇÛCÇÛCÇCrÛCrÛCp¶bC#ÛC#ÛC#C#ÛC#ÛC#CíÛCíÛCê¶bC#"ÛC#"ÛC#"C#ÛC#ÛC#CíÛCíÛCê¶bC#RÛC#RÛC#RC#BÛC#BÛC#BC#2ÛC#2ÛC#0¶bC#bÛC#bÛC#bC#RÛC#RÛC#RC#2ÛC#2ÛC#0¶bC#íÛC#íÛC#íC#ÇÛC#ÇÛC#ÇC#rÛC#rÛC#p¶bC3ÛC3ÛC3C#íÛC#íÛC#íC#rÛC#rÛC#p¶bC3ÛC3ÛC3C#íÛC#íÛC#íC3ÛC3ÛC3 ¶bC3"ÛC3"ÛC3"C3ÛC3ÛC3C3ÛC3ÛC3 ¶bC3RÛC3RÛC3RC3BÛC3BÛC3BC32ÛC32ÛC30¶bC3bÛC3bÛC3bC3BÛC3BÛC3BC3RÛC3RÛC3P¶bC3RÛC3RÛC3RC3rÛC3rÛC3rC3bÛC3bÛC3`¶bC3ÇÛC3ÇÛC3ÇC3rÛC3rÛC3rC3RÛC3RÛC3P¶bCCÛCCÛCCCCÛCCÛCCC3íÛC3íÛC3ê¶bCC"ÛCC"ÛCC"CCÛCCÛCCC3íÛC3íÛC3ê¶bCC2ÛCC2ÛCC2CC"ÛCC"ÛCC"C3íÛC3íÛC3ê¶bCCBÛCCBÛCCBCCÛCCÛCCCC"ÛCC"ÛCC ¶bCCRÛCCRÛCCRCCÛCCÛCCCCBÛCCBÛCC@¶bCCBÛCCBÛCCBCCbÛCCbÛCCbCCRÛCCRÛCCP¶bCCrÛCCrÛCCrCCBÛCCBÛCCBCC"ÛCC"ÛCC ¶bCCbÛCCbÛCCbCCBÛCCBÛCCBCCrÛCCrÛCCp¶bCCÇÛCCÇÛCCÇCC"ÛCC"ÛCC"CC2ÛCC2ÛCC0¶bCCÇÛCCÇÛCCÇCCrÛCCrÛCCrCC"ÛCC"ÛCC ¶bCCíÛCCíÛCCíCCbÛCCbÛCCbCCrÛCCrÛCCp¶bCCÇÛCCÇÛCCÇCCíÛCCíÛCCíCCrÛCCrÛCCp¶bCSÛCSÛCSCCbÛCCbÛCCbCCíÛCCíÛCCê¶bCSÛCSÛCSCCbÛCCbÛCCbCSÛCSÛCS ¶bCS"ÛCS"ÛCS"CSÛCSÛCSCCíÛCCíÛCCê¶bCS2ÛCS2ÛCS2CS"ÛCS"ÛCS"CCíÛCCíÛCCê¶bCS2ÛCS2ÛCS2CCíÛCCíÛCCíCCÇÛCCÇÛCCÄ¶bCSBÛCSBÛCSBCS2ÛCS2ÛCS2CCÇÛCCÇÛCCÄ¶bCSRÛCSRÛCSRCCÇÛCCÇÛCCÇCC2ÛCC2ÛCC0¶bCSRÛCSRÛCSRCSBÛCSBÛCSBCCÇÛCCÇÛCCÄ¶bCSbÛCSbÛCSbCSBÛCSBÛCSBCSRÛCSRÛCSP¶bCSrÛCSrÛCSrCSRÛCSRÛCSRCC2ÛCC2ÛCC0¶bCSÇÛCSÇÛCSÇCSbÛCSbÛCSbCSRÛCSRÛCSP¶bCSÇÛCSÇÛCSÇCSRÛCSRÛCSRCSrÛCSrÛCSp¶bCSíÛCSíÛCSíCSÇÛCSÇÛCSÇCSrÛCSrÛCSp¶bCc"ÛCc"ÛCc"CcÛCcÛCcCcÛCcÛCc ¶bCc2ÛCc2ÛCc2Cc"ÛCc"ÛCc"CcÛCcÛCc ¶bCcBÛCcBÛCcBCc2ÛCc2ÛCc2CcÛCcÛCc ¶bCcbÛCcbÛCcbCcRÛCcRÛCcRCcBÛCcBÛCc@¶bCcrÛCcrÛCcrCcbÛCcbÛCcbCcBÛCcBÛCc@¶bCsÛCsÛCsCcíÛCcíÛCcíCcÇÛCcÇÛCcÄ¶bCsÛCsÛCsCsÛCsÛCsCcÇÛCcÇÛCcÄ¶bCsÛCsÛCsCcÇÛCcÇÛCcÇCs"ÛCs"ÛCs ¶bCs2ÛCs2ÛCs2CsÛCsÛCsCs"ÛCs"ÛCs ¶bCs"ÛCs"ÛCs"CcÇÛCcÇÛCcÇCsBÛCsBÛCs@¶bCcÇÛCcÇÛCcÇCsRÛCsRÛCsRCsBÛCsBÛCs@¶bCsBÛCsBÛCsBCsRÛCsRÛCsRCsbÛCsbÛCs`¶bCsRÛCsRÛCsRCsrÛCsrÛCsrCsbÛCsbÛCs`¶bCsrÛCsrÛCsrCsÇÛCsÇÛCsÇCsbÛCsbÛCs`¶bCsbÛCsbÛCsbCsÇÛCsÇÛCsÇCsíÛCsíÛCsê¶bCsrÛCsrÛCsrCÉÛCÉÛCÉCsÇÛCsÇÛCsÄ¶bCÉ2ÛCÉ2ÛCÉ2CÉ"ÛCÉ"ÛCÉ"CÉÛCÉÛCÉ¶bCÉBÛCÉBÛCÉBCÉ2ÛCÉ2ÛCÉ2CÉÛCÉÛCÉ¶bCÉrÛCÉrÛCÉrCÉbÛCÉbÛCÉbCÉRÛCÉRÛCÉP¶bCÉbÛCÉbÛCÉbCÉÇÛCÉÇÛCÉÇCÉRÛCÉRÛCÉP¶bCÉbÛCÉbÛCÉbCÉíÛCÉíÛCÉíCÉÇÛCÉÇÛCÉÄ¶bCÉíÛCÉíÛCÉíCìÛCìÛCìCÉÇÛCÉÇÛCÉÄ¶bCì2ÛCì2ÛCì2Cì"ÛCì"ÛCì"CìÛCìÛCì¶bCìBÛCìBÛCìBCì2ÛCì2ÛCì2CìÛCìÛCì¶bCìrÛCìrÛCìrCìbÛCìbÛCìbCìRÛCìRÛCìP¶bCìÇÛCìÇÛCìÇCìrÛCìrÛCìrCìRÛCìRÛCìP¶bSÛSÛSSÛSÛSCìíÛCìíÛCìê¶bSÛSÛSS"ÛS"ÛS"CìíÛCìíÛCìê¶bSÛSÛSS2ÛS2ÛS2S"ÛS"ÛS ¶bS2ÛS2ÛS2SBÛSBÛSBS"ÛS"ÛS ¶bSBÛSBÛSBSRÛSRÛSRS"ÛS"ÛS ¶bSRÛSRÛSRSbÛSbÛSbS"ÛS"ÛS ¶bSíÛSíÛSíSÇÛSÇÛSÇSrÛSrÛSp¶bSÛSÛSSíÛSíÛSíSrÛSrÛSp¶bSÛSÛSSíÛSíÛSíSÛSÛS ¶bS"ÛS"ÛS"SÛSÛSSÛSÛS ¶bS2ÛS2ÛS2S"ÛS"ÛS"SÛSÛS ¶bSBÛSBÛSBS2ÛS2ÛS2SÛSÛS ¶bSBÛSBÛSBSÛSÛSSrÛSrÛSp¶bSRÛSRÛSRSBÛSBÛSBSrÛSrÛSp¶bSBÛSBÛSBSRÛSRÛSRSbÛSbÛS`¶bSrÛSrÛSrSBÛSBÛSBSbÛSbÛS`¶bSÇÛSÇÛSÇSrÛSrÛSrSbÛSbÛS`¶bSíÛSíÛSíSÇÛSÇÛSÇSbÛSbÛS`¶bS#"ÛS#"ÛS#"S#ÛS#ÛS#S#ÛS#ÛS# ¶bS#2ÛS#2ÛS#2S#"ÛS#"ÛS#"S#ÛS#ÛS# ¶bS#BÛS#BÛS#BS#2ÛS#2ÛS#2S#ÛS#ÛS# ¶bS#RÛS#RÛS#RS#BÛS#BÛS#BS#ÛS#ÛS# ¶bS#BÛS#BÛS#BS#RÛS#RÛS#RS#bÛS#bÛS#`¶bS#rÛS#rÛS#rS#BÛS#BÛS#BS#bÛS#bÛS#`¶bS#ÇÛS#ÇÛS#ÇS#rÛS#rÛS#rS#bÛS#bÛS#`¶bS#íÛS#íÛS#íS#ÇÛS#ÇÛS#ÇS#bÛS#bÛS#`¶bS#bÛS#bÛS#bS#RÛS#RÛS#RS3ÛS3ÛS3 ¶bS#íÛS#íÛS#íS#bÛS#bÛS#bS3ÛS3ÛS3 ¶bS#RÛS#RÛS#RS3ÛS3ÛS3S3ÛS3ÛS3 ¶bS3"ÛS3"ÛS3"S#íÛS#íÛS#íS3ÛS3ÛS3 ¶bS3RÛS3RÛS3RS3BÛS3BÛS3BS32ÛS32ÛS30¶bS3bÛS3bÛS3bS3RÛS3RÛS3RS32ÛS32ÛS30¶bS3rÛS3rÛS3rS3bÛS3bÛS3bS32ÛS32ÛS30¶bS3ÇÛS3ÇÛS3ÇS3rÛS3rÛS3rS32ÛS32ÛS30¶bS3rÛS3rÛS3rS3ÇÛS3ÇÛS3ÇS3íÛS3íÛS3ê¶bSCÛSCÛSCS3rÛS3rÛS3rS3íÛS3íÛS3ê¶bSCÛSCÛSCSCÛSCÛSCS3íÛS3íÛS3ê¶bSC"ÛSC"ÛSC"SCÛSCÛSCS3íÛS3íÛS3ê¶bSCRÛSCRÛSCRSCBÛSCBÛSCBSC2ÛSC2ÛSC0¶bSCbÛSCbÛSCbSCRÛSCRÛSCRSC2ÛSC2ÛSC0¶bSCrÛSCrÛSCrSCRÛSCRÛSCRSCbÛSCbÛSC`¶bSCÇÛSCÇÛSCÇSCrÛSCrÛSCrSCbÛSCbÛSC`¶bSCíÛSCíÛSCíSCÇÛSCÇÛSCÇSCbÛSCbÛSC`¶bSSÛSSÛSSSCíÛSCíÛSCíSCbÛSCbÛSC`¶bSSÛSSÛSSSCbÛSCbÛSCbSC2ÛSC2ÛSC0¶bSSÛSSÛSSSSÛSSÛSSSC2ÛSC2ÛSC0¶bSSBÛSSBÛSSBSS2ÛSS2ÛSS2SS"ÛSS"ÛSS ¶bSSRÛSSRÛSSRSSBÛSSBÛSSBSS"ÛSS"ÛSS ¶bSSbÛSSbÛSSbSSBÛSSBÛSSBSSRÛSSRÛSSP¶bSSrÛSSrÛSSrSSbÛSSbÛSSbSSRÛSSRÛSSP¶bSSÇÛSSÇÛSSÇSSrÛSSrÛSSrSSRÛSSRÛSSP¶bSSíÛSSíÛSSíSSÇÛSSÇÛSSÇSSRÛSSRÛSSP¶bSSíÛSSíÛSSíSSRÛSSRÛSSRSS"ÛSS"ÛSS ¶bScÛScÛScSSíÛSSíÛSSíSS"ÛSS"ÛSS ¶bSc2ÛSc2ÛSc2Sc"ÛSc"ÛSc"ScÛScÛSc¶bScBÛScBÛScBSc2ÛSc2ÛSc2ScÛScÛSc¶bScRÛScRÛScRScBÛScBÛScBScÛScÛSc¶bScbÛScbÛScbScRÛScRÛScRScÛScÛSc¶bScRÛScRÛScRScrÛScrÛScrScBÛScBÛSc@¶bScrÛScrÛScrScÇÛScÇÛScÇScBÛScBÛSc@¶bSsÛSsÛSsSsÛSsÛSsScíÛScíÛScê¶bSs"ÛSs"ÛSs"SsÛSsÛSsScíÛScíÛScê¶bSs2ÛSs2ÛSs2SsÛSsÛSsSs"ÛSs"ÛSs ¶bSsBÛSsBÛSsBSs2ÛSs2ÛSs2Ss"ÛSs"ÛSs ¶bSsrÛSsrÛSsrSsbÛSsbÛSsbSsRÛSsRÛSsP¶bSsÇÛSsÇÛSsÇSsrÛSsrÛSsrSsRÛSsRÛSsP¶bSsíÛSsíÛSsíSsÇÛSsÇÛSsÇSsRÛSsRÛSsP¶bSÉÛSÉÛSÉSsíÛSsíÛSsíSsRÛSsRÛSsP¶bSÉ2ÛSÉ2ÛSÉ2SÉ"ÛSÉ"ÛSÉ"SÉÛSÉÛSÉ¶bSÉÛSÉÛSÉSÉRÛSÉRÛSÉRSÉBÛSÉBÛSÉ@¶bSÉbÛSÉbÛSÉbSÉRÛSÉRÛSÉRSÉÛSÉÛSÉ¶bSÉbÛSÉbÛSÉbSÉ"ÛSÉ"ÛSÉ"SÉrÛSÉrÛSÉp¶bSÉ"ÛSÉ"ÛSÉ"SÉÇÛSÉÇÛSÉÇSÉrÛSÉrÛSÉp¶bSÉRÛSÉRÛSÉRSÉbÛSÉbÛSÉbSÉíÛSÉíÛSÉê¶bSÉbÛSÉbÛSÉbSÉrÛSÉrÛSÉrSÉíÛSÉíÛSÉê¶bSÉrÛSÉrÛSÉrSÉÇÛSÉÇÛSÉÇSìÛSìÛSì ¶bSìÛSìÛSìSÉíÛSÉíÛSÉíSÉrÛSÉrÛSÉp¶bSìÛSìÛSìSÉÇÛSÉÇÛSÉÇSìÛSìÛSì¶bSìÛSìÛSìSìÛSìÛSìSì"ÛSì"ÛSì ¶bSì"ÛSì"ÛSì"Sì2ÛSì2ÛSì2SìÛSìÛSì ¶bSì2ÛSì2ÛSì2SÉíÛSÉíÛSÉíSìÛSìÛSì ¶bSìBÛSìBÛSìBSì2ÛSì2ÛSì2Sì"ÛSì"ÛSì ¶bSìRÛSìRÛSìRSì2ÛSì2ÛSì2SìBÛSìBÛSì@¶bSìRÛSìRÛSìRSÉíÛSÉíÛSÉíSì2ÛSì2ÛSì0¶bSìbÛSìbÛSìbSÉíÛSÉíÛSÉíSìRÛSìRÛSìP¶bSÉRÛSÉRÛSÉRSÉíÛSÉíÛSÉíSìbÛSìbÛSì`¶bSìrÛSìrÛSìrSÉRÛSÉRÛSÉRSìbÛSìbÛSì`¶bcÛcÛcSìíÛSìíÛSìíSìÇÛSìÇÛSìÄ¶bcÛcÛcSìíÛSìíÛSìícÛcÛc ¶bSìíÛSìíÛSìícÛcÛcc"Ûc"Ûc ¶bSìíÛSìíÛSìíc"Ûc"Ûc"c2Ûc2Ûc0¶bcBÛcBÛcBSìíÛSìíÛSìíc2Ûc2Ûc0¶bc2Ûc2Ûc2c"Ûc"Ûc"cRÛcRÛcP¶bcÛcÛccbÛcbÛcbc"Ûc"Ûc ¶bcÛcÛccrÛcrÛcrcbÛcbÛc`¶bcÇÛcÇÛcÇcrÛcrÛcrcÛcÛc ¶bcrÛcrÛcrcíÛcíÛcícbÛcbÛc`¶bcbÛcbÛcbcíÛcíÛcícÛcÛc ¶bcÛcÛcc"Ûc"Ûc"cbÛcbÛc`¶bcÛcÛccíÛcíÛcícÛcÛc¶bcRÛcRÛcRc"Ûc"Ûc"c"Ûc"Ûc ¶bc"Ûc"Ûc"c"Ûc"Ûc"cÛcÛc ¶bcRÛcRÛcRc"Ûc"Ûc"c2Ûc2Ûc0¶bc2Ûc2Ûc2c"Ûc"Ûc"cBÛcBÛc@¶bcBÛcBÛcBc"Ûc"Ûc"cÛcÛc ¶bcÛcÛccÛcÛccBÛcBÛc@¶bcBÛcBÛcBcÛcÛccRÛcRÛcP¶bcBÛcBÛcBcRÛcRÛcRcbÛcbÛc`¶bcRÛcRÛcRcrÛcrÛcrcbÛcbÛc`¶bc#Ûc#Ûc#cíÛcíÛcícÇÛcÇÛcÄ¶bc#Ûc#Ûc#c#Ûc#Ûc#cÇÛcÇÛcÄ¶bc#BÛc#BÛc#Bc#2Ûc#2Ûc#2c#"Ûc#"Ûc# ¶bc#BÛc#BÛc#Bc#"Ûc#"Ûc#"c#RÛc#RÛc#P¶bc#bÛc#bÛc#bc#BÛc#BÛc#Bc#RÛc#RÛc#P¶bc#RÛc#RÛc#Rc#"Ûc#"Ûc#"c#rÛc#rÛc#p¶bc#"Ûc#"Ûc#"c#ÇÛc#ÇÛc#Çc#rÛc#rÛc#p¶bc#íÛc#íÛc#íc#bÛc#bÛc#bc#RÛc#RÛc#P¶bc3Ûc3Ûc3c#bÛc#bÛc#bc#íÛc#íÛc#ê¶bc3Ûc3Ûc3c3Ûc3Ûc3c#íÛc#íÛc#ê¶bc3Ûc3Ûc3c#íÛc#íÛc#íc3"Ûc3"Ûc3 ¶bc32Ûc32Ûc32c3Ûc3Ûc3c3"Ûc3"Ûc3 ¶bc3"Ûc3"Ûc3"c#íÛc#íÛc#íc3BÛc3BÛc3@¶bc#íÛc#íÛc#íc#RÛc#RÛc#Rc3BÛc3BÛc3@¶bc#RÛc#RÛc#Rc3RÛc3RÛc3Rc3BÛc3BÛc3@¶bc#RÛc#RÛc#Rc#rÛc#rÛc#rc3RÛc3RÛc3P¶bc#rÛc#rÛc#rc3bÛc3bÛc3bc3RÛc3RÛc3P¶bc#ÇÛc#ÇÛc#Çc3bÛc3bÛc3bc#rÛc#rÛc#p¶bc3bÛc3bÛc3bc3rÛc3rÛc3rc3RÛc3RÛc3P¶bc3bÛc3bÛc3bc#ÇÛc#ÇÛc#Çc3ÇÛc3ÇÛc3Ä¶bc3ÇÛc3ÇÛc3Çc3rÛc3rÛc3rc3bÛc3bÛc3`¶bc3ÇÛc3ÇÛc3Çc#ÇÛc#ÇÛc#Çc3íÛc3íÛc3ê¶bc3íÛc3íÛc3íc#ÇÛc#ÇÛc#ÇcCÛcCÛcC ¶bcCÛcCÛcCc3rÛc3rÛc3rc3ÇÛc3ÇÛc3Ä¶bcC"ÛcC"ÛcC"c3rÛc3rÛc3rcCÛcCÛcC¶bcCRÛcCRÛcCRcCBÛcCBÛcCBcC2ÛcC2ÛcC0¶bcC2ÛcC2ÛcC2cCBÛcCBÛcCBcCbÛcCbÛcC`¶bcCrÛcCrÛcCrcC2ÛcC2ÛcC2cCbÛcCbÛcC`¶bcCÇÛcCÇÛcCÇcCrÛcCrÛcCrcCbÛcCbÛcC`¶bcCíÛcCíÛcCícC2ÛcC2ÛcC2cCrÛcCrÛcCp¶bcCÇÛcCÇÛcCÇcSÛcSÛcScCrÛcCrÛcCp¶bcSÛcSÛcScCíÛcCíÛcCícCrÛcCrÛcCp¶bcS2ÛcS2ÛcS2cS"ÛcS"ÛcS"cSÛcSÛcS¶bcS2ÛcS2ÛcS2cSÛcSÛcScSBÛcSBÛcS@¶bcSÛcSÛcScSRÛcSRÛcSRcSBÛcSBÛcS@¶bcSÇÛcSÇÛcSÇcSrÛcSrÛcSrcSbÛcSbÛcS`¶bcSíÛcSíÛcSícSÇÛcSÇÛcSÇcSbÛcSbÛcS`¶bcSíÛcSíÛcSícSbÛcSbÛcSbccÛccÛcc ¶bccÛccÛcccSíÛcSíÛcSíccÛccÛcc ¶bccÛccÛccccÛccÛcccc"Ûcc"Ûcc ¶bcc2Ûcc2Ûcc2ccÛccÛcccc"Ûcc"Ûcc ¶bcc2Ûcc2Ûcc2cc"Ûcc"Ûcc"ccBÛccBÛcc@¶bccRÛccRÛccRcc2Ûcc2Ûcc2ccBÛccBÛcc@¶bccÇÛccÇÛccÇccrÛccrÛccrccbÛccbÛcc`¶bccrÛccrÛccrccíÛccíÛccíccbÛccbÛcc`¶bccbÛccbÛccbccíÛccíÛccícsÛcsÛcs ¶bccíÛccíÛccícsÛcsÛcscsÛcsÛcs ¶bcsBÛcsBÛcsBcs2Ûcs2Ûcs2cs"Ûcs"Ûcs ¶bcsRÛcsRÛcsRcsBÛcsBÛcsBcs"Ûcs"Ûcs ¶bcsRÛcsRÛcsRcs"Ûcs"Ûcs"csbÛcsbÛcs`¶bcsrÛcsrÛcsrcsRÛcsRÛcsRcsbÛcsbÛcs`¶bcsrÛcsrÛcsrcsbÛcsbÛcsbcsÇÛcsÇÛcsÄ¶bcsíÛcsíÛcsícsrÛcsrÛcsrcsÇÛcsÇÛcsÄ¶bcsíÛcsíÛcsícsÇÛcsÇÛcsÇcÉÛcÉÛcÉ ¶bcÉÛcÉÛcÉcsíÛcsíÛcsícÉÛcÉÛcÉ ¶bcÉBÛcÉBÛcÉBcÉ2ÛcÉ2ÛcÉ2cÉ"ÛcÉ"ÛcÉ ¶bcÉRÛcÉRÛcÉRcÉBÛcÉBÛcÉBcÉ"ÛcÉ"ÛcÉ ¶bcÉRÛcÉRÛcÉRcÉ"ÛcÉ"ÛcÉ"cÉbÛcÉbÛcÉ`¶bcÉrÛcÉrÛcÉrcÉRÛcÉRÛcÉRcÉbÛcÉbÛcÉ`¶bcÉÇÛcÉÇÛcÉÇcÉrÛcÉrÛcÉrcÉbÛcÉbÛcÉ`¶bcÉíÛcÉíÛcÉícÉÇÛcÉÇÛcÉÇcÉbÛcÉbÛcÉ`¶bcì"Ûcì"Ûcì"cìÛcìÛcìcìÛcìÛcì ¶bcìÛcìÛcìcì2Ûcì2Ûcì2cìÛcìÛcì ¶bcì2Ûcì2Ûcì2cìBÛcìBÛcìBcìÛcìÛcì ¶bcìBÛcìBÛcìBcìRÛcìRÛcìRcìÛcìÛcì ¶bcìÇÛcìÇÛcìÇcìrÛcìrÛcìrcìbÛcìbÛcì`¶bcìíÛcìíÛcìícìÇÛcìÇÛcìÇcìbÛcìbÛcì`¶bs"Ûs"Ûs"sÛsÛssÛsÛs ¶bs2Ûs2Ûs2s"Ûs"Ûs"sÛsÛs ¶bs"Ûs"Ûs"s2Ûs2Ûs2sBÛsBÛs@¶bsRÛsRÛsRs"Ûs"Ûs"sBÛsBÛs@¶bsÇÛsÇÛsÇsrÛsrÛsrsbÛsbÛs`¶bsíÛsíÛsísÇÛsÇÛsÇsbÛsbÛs`¶bs"Ûs"Ûs"sÛsÛssÛsÛs ¶bsÛsÛss2Ûs2Ûs2sÛsÛs ¶bsÛsÛss2Ûs2Ûs2sBÛsBÛs@¶bs2Ûs2Ûs2sRÛsRÛsRsBÛsBÛs@¶bs2Ûs2Ûs2sbÛsbÛsbsRÛsRÛsP¶bsbÛsbÛsbsrÛsrÛsrsRÛsRÛsP¶bsrÛsrÛsrsÇÛsÇÛsÇsRÛsRÛsP¶bsRÛsRÛsRsÇÛsÇÛsÇsíÛsíÛsê¶bs#"Ûs#"Ûs#"s#Ûs#Ûs#s#Ûs#Ûs# ¶bs#2Ûs#2Ûs#2s#"Ûs#"Ûs#"s#Ûs#Ûs# ¶bs#bÛs#bÛs#bs#RÛs#RÛs#Rs#BÛs#BÛs#@¶bs#BÛs#BÛs#Bs#RÛs#RÛs#Rs#rÛs#rÛs#p¶bs#rÛs#rÛs#rs#RÛs#RÛs#Rs#ÇÛs#ÇÛs#Ä¶bs#rÛs#rÛs#rs#íÛs#íÛs#ís#BÛs#BÛs#@¶bs#íÛs#íÛs#ís3Ûs3Ûs3s#BÛs#BÛs#@¶bs#íÛs#íÛs#ís3Ûs3Ûs3s3Ûs3Ûs3 ¶bs3Ûs3Ûs3s3"Ûs3"Ûs3"s3Ûs3Ûs3 ¶bs3RÛs3RÛs3Rs3BÛs3BÛs3Bs32Ûs32Ûs30¶bs3bÛs3bÛs3bs3RÛs3RÛs3Rs32Ûs32Ûs30¶bs3íÛs3íÛs3ís3ÇÛs3ÇÛs3Çs3rÛs3rÛs3p¶bs3rÛs3rÛs3rs3ÇÛs3ÇÛs3ÇsCÛsCÛsC ¶bs3ÇÛs3ÇÛs3ÇsCÛsCÛsCsCÛsCÛsC ¶bsCÛsCÛsCsC"ÛsC"ÛsC"sCÛsCÛsC ¶bsC"ÛsC"ÛsC"sC2ÛsC2ÛsC2sCÛsCÛsC ¶bsCbÛsCbÛsCbsCRÛsCRÛsCRsCBÛsCBÛsC@¶bsCrÛsCrÛsCrsCbÛsCbÛsCbsCBÛsCBÛsC@¶bsSÛsSÛsSsCíÛsCíÛsCísCÇÛsCÇÛsCÄ¶bsCíÛsCíÛsCísSÛsSÛsSsCÇÛsCÇÛsCÄ¶bsSÛsSÛsSsS"ÛsS"ÛsS"sCÇÛsCÇÛsCÄ¶bsS"ÛsS"ÛsS"sS2ÛsS2ÛsS2sCÇÛsCÇÛsCÄ¶bsSBÛsSBÛsSBsS2ÛsS2ÛsS2sS"ÛsS"ÛsS ¶bsSrÛsSrÛsSrsSbÛsSbÛsSbsSRÛsSRÛsSP¶bsSÇÛsSÇÛsSÇsSrÛsSrÛsSrsSRÛsSRÛsSP¶bscÛscÛscscÛscÛscsSíÛsSíÛsSê¶bsc"Ûsc"Ûsc"scÛscÛscsSíÛsSíÛsSê¶bscRÛscRÛscRscBÛscBÛscBsc2Ûsc2Ûsc0¶bscRÛscRÛscRsc2Ûsc2Ûsc2scbÛscbÛsc`¶bscrÛscrÛscrscRÛscRÛscRscbÛscbÛsc`¶bscÇÛscÇÛscÇscrÛscrÛscrscbÛscbÛsc`¶bscíÛscíÛscíscÇÛscÇÛscÇscbÛscbÛsc`¶bssÛssÛssscíÛscíÛscíscbÛscbÛsc`¶bsc2Ûsc2Ûsc2ssÛssÛssscbÛscbÛsc`¶bss"Ûss"Ûss"ssÛssÛsssc2Ûsc2Ûsc0¶bss"Ûss"Ûss"ss2Ûss2Ûss2ssÛssÛss¶bssBÛssBÛssBssÛssÛssscbÛscbÛsc`¶bssÛssÛssssBÛssBÛssBscbÛscbÛsc`¶bss2Ûss2Ûss2ssBÛssBÛssBssÛssÛss¶bssRÛssRÛssRssÛssÛssssBÛssBÛss@¶bssbÛssbÛssbssBÛssBÛssBss2Ûss2Ûss0¶bssbÛssbÛssbssRÛssRÛssRssBÛssBÛss@¶bssíÛssíÛssíssÇÛssÇÛssÇssrÛssrÛssp¶bsÉÛsÉÛsÉssíÛssíÛssíssrÛssrÛssp¶bsÉ2ÛsÉ2ÛsÉ2sÉ"ÛsÉ"ÛsÉ"sÉÛsÉÛsÉ¶bsÉBÛsÉBÛsÉBsÉ2ÛsÉ2ÛsÉ2sÉÛsÉÛsÉ¶bsÉrÛsÉrÛsÉrsÉbÛsÉbÛsÉbsÉRÛsÉRÛsÉP¶bsÉÇÛsÉÇÛsÉÇsÉrÛsÉrÛsÉrsÉRÛsÉRÛsÉP¶bsìÛsìÛsìsìÛsìÛsìsÉíÛsÉíÛsÉê¶bsì"Ûsì"Ûsì"sìÛsìÛsìsÉíÛsÉíÛsÉê¶bsìRÛsìRÛsìRsìBÛsìBÛsìBsì2Ûsì2Ûsì0¶bsìbÛsìbÛsìbsìRÛsìRÛsìRsì2Ûsì2Ûsì0¶bsìbÛsìbÛsìbsìrÛsìrÛsìrsìRÛsìRÛsìP¶bsìRÛsìRÛsìRsìrÛsìrÛsìrsìÇÛsìÇÛsìÄ¶bsìíÛsìíÛsìísìrÛsìrÛsìrsìbÛsìbÛsì`¶bsìbÛsìbÛsìbÉÛÉÛÉsìíÛsìíÛsìê¶bÉÛÉÛÉÉÛÉÛÉsìíÛsìíÛsìê¶bsìrÛsìrÛsìrÉ"ÛÉ"ÛÉ"sìÇÛsìÇÛsìÄ¶bsìíÛsìíÛsìíÉ"ÛÉ"ÛÉ"sìrÛsìrÛsìp¶bsìÇÛsìÇÛsìÇÉ"ÛÉ"ÛÉ"É2ÛÉ2ÛÉ0¶bÉBÛÉBÛÉBÉ2ÛÉ2ÛÉ2É"ÛÉ"ÛÉ ¶bsìíÛsìíÛsìíÉÛÉÛÉÉRÛÉRÛÉP¶bÉRÛÉRÛÉRÉ"ÛÉ"ÛÉ"sìíÛsìíÛsìê¶bÉbÛÉbÛÉbÉBÛÉBÛÉBÉ"ÛÉ"ÛÉ ¶bÉbÛÉbÛÉbÉ"ÛÉ"ÛÉ"ÉRÛÉRÛÉP¶bÉBÛÉBÛÉBÉbÛÉbÛÉbÉrÛÉrÛÉp¶bÉrÛÉrÛÉrÉbÛÉbÛÉbÉÇÛÉÇÛÉÄ¶bÉíÛÉíÛÉíÉbÛÉbÛÉbÉRÛÉRÛÉP¶bÉíÛÉíÛÉíÉRÛÉRÛÉRÉÛÉÛÉ¶bÉíÛÉíÛÉíÉÛÉÛÉÉÇÛÉÇÛÉÄ¶bÉÛÉÛÉÉíÛÉíÛÉíÉÛÉÛÉ¶bÉ2ÛÉ2ÛÉ2É"ÛÉ"ÛÉ"ÉÛÉÛÉ¶bÉBÛÉBÛÉBÉ2ÛÉ2ÛÉ2ÉÛÉÛÉ¶bÉrÛÉrÛÉrÉbÛÉbÛÉbÉRÛÉRÛÉP¶bÉÇÛÉÇÛÉÇÉrÛÉrÛÉrÉRÛÉRÛÉP¶bÉ#ÛÉ#ÛÉ#É#ÛÉ#ÛÉ#ÉíÛÉíÛÉê¶bÉ#"ÛÉ#"ÛÉ#"É#ÛÉ#ÛÉ#ÉíÛÉíÛÉê¶bÉ#RÛÉ#RÛÉ#RÉ#BÛÉ#BÛÉ#BÉ#2ÛÉ#2ÛÉ#0¶bÉ#bÛÉ#bÛÉ#bÉ#RÛÉ#RÛÉ#RÉ#2ÛÉ#2ÛÉ#0¶bÉ#bÛÉ#bÛÉ#bÉ#2ÛÉ#2ÛÉ#2É#rÛÉ#rÛÉ#p¶bÉ#ÇÛÉ#ÇÛÉ#ÇÉ#bÛÉ#bÛÉ#bÉ#rÛÉ#rÛÉ#p¶bÉ#bÛÉ#bÛÉ#bÉ#ÇÛÉ#ÇÛÉ#ÇÉ#íÛÉ#íÛÉ#ê¶bÉ3ÛÉ3ÛÉ3É#bÛÉ#bÛÉ#bÉ#íÛÉ#íÛÉ#ê¶bÉ#bÛÉ#bÛÉ#bÉ3ÛÉ3ÛÉ3É#RÛÉ#RÛÉ#P¶bÉ3ÛÉ3ÛÉ3É3ÛÉ3ÛÉ3É#RÛÉ#RÛÉ#P¶bÉ3BÛÉ3BÛÉ3BÉ32ÛÉ32ÛÉ32É3"ÛÉ3"ÛÉ3 ¶bÉ3RÛÉ3RÛÉ3RÉ3BÛÉ3BÛÉ3BÉ3"ÛÉ3"ÛÉ3 ¶bÉ3ÇÛÉ3ÇÛÉ3ÇÉ3rÛÉ3rÛÉ3rÉ3bÛÉ3bÛÉ3`¶bÉ3rÛÉ3rÛÉ3rÉ3íÛÉ3íÛÉ3íÉ3bÛÉ3bÛÉ3`¶bÉ3rÛÉ3rÛÉ3rÉCÛÉCÛÉCÉ3íÛÉ3íÛÉ3ê¶bÉCÛÉCÛÉCÉCÛÉCÛÉCÉ3íÛÉ3íÛÉ3ê¶bÉC"ÛÉC"ÛÉC"ÉCÛÉCÛÉCÉ3rÛÉ3rÛÉ3p¶bÉC2ÛÉC2ÛÉC2ÉC"ÛÉC"ÛÉC"É3rÛÉ3rÛÉ3p¶bÉCbÛÉCbÛÉCbÉCRÛÉCRÛÉCRÉCBÛÉCBÛÉC@¶bÉCrÛÉCrÛÉCrÉCbÛÉCbÛÉCbÉCBÛÉCBÛÉC@¶bÉSÛÉSÛÉSÉCíÛÉCíÛÉCíÉCÇÛÉCÇÛÉCÄ¶bÉSÛÉSÛÉSÉSÛÉSÛÉSÉCÇÛÉCÇÛÉCÄ¶bÉSBÛÉSBÛÉSBÉS2ÛÉS2ÛÉS2ÉS"ÛÉS"ÛÉS ¶bÉSRÛÉSRÛÉSRÉSBÛÉSBÛÉSBÉS"ÛÉS"ÛÉS ¶bÉSÇÛÉSÇÛÉSÇÉSrÛÉSrÛÉSrÉSbÛÉSbÛÉS`¶bÉSíÛÉSíÛÉSíÉSÇÛÉSÇÛÉSÇÉSbÛÉSbÛÉS`¶bÉc"ÛÉc"ÛÉc"ÉcÛÉcÛÉcÉcÛÉcÛÉc ¶bÉcÛÉcÛÉcÉc2ÛÉc2ÛÉc2ÉcÛÉcÛÉc ¶bÉcÛÉcÛÉcÉc2ÛÉc2ÛÉc2ÉcBÛÉcBÛÉc@¶bÉc2ÛÉc2ÛÉc2ÉcRÛÉcRÛÉcRÉcBÛÉcBÛÉc@¶bÉcbÛÉcbÛÉcbÉc2ÛÉc2ÛÉc2ÉcÛÉcÛÉc¶bÉcrÛÉcrÛÉcrÉcbÛÉcbÛÉcbÉcÛÉcÛÉc¶bÉsÛÉsÛÉsÉcíÛÉcíÛÉcíÉcÇÛÉcÇÛÉcÄ¶bÉsÛÉsÛÉsÉsÛÉsÛÉsÉcÇÛÉcÇÛÉcÄ¶bÉsBÛÉsBÛÉsBÉs2ÛÉs2ÛÉs2És"ÛÉs"ÛÉs ¶bÉsRÛÉsRÛÉsRÉsBÛÉsBÛÉsBÉs"ÛÉs"ÛÉs ¶bÉsÇÛÉsÇÛÉsÇÉsrÛÉsrÛÉsrÉsbÛÉsbÛÉs`¶bÉsíÛÉsíÛÉsíÉsÇÛÉsÇÛÉsÇÉsbÛÉsbÛÉs`¶bÉsÇÛÉsÇÛÉsÇÉsíÛÉsíÛÉsíÉÉÛÉÉÛÉÉ ¶bÉÉÛÉÉÛÉÉÉsÇÛÉsÇÛÉsÇÉÉÛÉÉÛÉÉ ¶bÉÉÛÉÉÛÉÉÉsíÛÉsíÛÉsíÉÉ"ÛÉÉ"ÛÉÉ ¶bÉsíÛÉsíÛÉsíÉÉ2ÛÉÉ2ÛÉÉ2ÉÉ"ÛÉÉ"ÛÉÉ ¶bÉÉÛÉÉÛÉÉÉÉ"ÛÉÉ"ÛÉÉ"ÉÉBÛÉÉBÛÉÉ@¶bÉÉRÛÉÉRÛÉÉRÉÉÛÉÉÛÉÉÉÉBÛÉÉBÛÉÉ@¶bÉÉÛÉÉÛÉÉÉÉÛÉÉÛÉÉÉÉRÛÉÉRÛÉÉP¶bÉÉbÛÉÉbÛÉÉbÉÉÛÉÉÛÉÉÉÉRÛÉÉRÛÉÉP¶bÉÉíÛÉÉíÛÉÉíÉÉÇÛÉÉÇÛÉÉÇÉÉrÛÉÉrÛÉÉp¶bÉÉÇÛÉÉÇÛÉÉÇÉìÛÉìÛÉìÉÉrÛÉÉrÛÉÉp¶bÉìÛÉìÛÉìÉìÛÉìÛÉìÉÉrÛÉÉrÛÉÉp¶bÉìÛÉìÛÉìÉì"ÛÉì"ÛÉì"ÉÉrÛÉÉrÛÉÉp¶bÉìRÛÉìRÛÉìRÉìBÛÉìBÛÉìBÉì2ÛÉì2ÛÉì0¶bÉìBÛÉìBÛÉìBÉìbÛÉìbÛÉìbÉì2ÛÉì2ÛÉì0¶bÉìbÛÉìbÛÉìbÉìBÛÉìBÛÉìBÉìrÛÉìrÛÉìp¶bÉìBÛÉìBÛÉìBÉìÇÛÉìÇÛÉìÇÉìrÛÉìrÛÉìp¶bìÛìÛììÛìÛìÉìíÛÉìíÛÉìê¶bì"Ûì"Ûì"ìÛìÛìÉìíÛÉìíÛÉìê¶bì2Ûì2Ûì2ì"Ûì"Ûì"ÉìíÛÉìíÛÉìê¶bìBÛìBÛìBì2Ûì2Ûì2ÉìíÛÉìíÛÉìê¶bì2Ûì2Ûì2ìBÛìBÛìBìRÛìRÛìP¶bìbÛìbÛìbì2Ûì2Ûì2ìRÛìRÛìP¶bìrÛìrÛìrìbÛìbÛìbìRÛìRÛìP¶bìÇÛìÇÛìÇìrÛìrÛìrìRÛìRÛìP¶bìrÛìrÛìrìÇÛìÇÛìÇìíÛìíÛìê¶bìÛìÛììrÛìrÛìrìíÛìíÛìê¶bìÛìÛììÛìÛììíÛìíÛìê¶bì"Ûì"Ûì"ìÛìÛììíÛìíÛìê¶bìRÛìRÛìRìBÛìBÛìBì2Ûì2Ûì0¶bìbÛìbÛìbìRÛìRÛìRì2Ûì2Ûì0¶bìRÛìRÛìRìbÛìbÛìbìrÛìrÛìp¶bìÇÛìÇÛìÇìRÛìRÛìRìrÛìrÛìp¶bìíÛìíÛìíìÇÛìÇÛìÇìrÛìrÛìp¶bì#Ûì#Ûì#ìíÛìíÛìíìrÛìrÛìp¶bì#Ûì#Ûì#ìíÛìíÛìíì#Ûì#Ûì# ¶bì#"Ûì#"Ûì#"ì#Ûì#Ûì#ì#Ûì#Ûì# ¶bì#RÛì#RÛì#Rì#BÛì#BÛì#Bì#2Ûì#2Ûì#0¶bì#bÛì#bÛì#bì#RÛì#RÛì#Rì#2Ûì#2Ûì#0¶bì#bÛì#bÛì#bì#2Ûì#2Ûì#2ì#rÛì#rÛì#p¶bì#ÇÛì#ÇÛì#Çì#bÛì#bÛì#bì#rÛì#rÛì#p¶bì#íÛì#íÛì#íì#ÇÛì#ÇÛì#Çì#rÛì#rÛì#p¶bì3Ûì3Ûì3ì#íÛì#íÛì#íì#rÛì#rÛì#p¶bì#íÛì#íÛì#íì3Ûì3Ûì3ì3Ûì3Ûì3¶bì3"Ûì3"Ûì3"ì#íÛì#íÛì#íì3Ûì3Ûì3¶bì32Ûì32Ûì32ì3"Ûì3"Ûì3"ì3Ûì3Ûì3¶bì3BÛì3BÛì3Bì32Ûì32Ûì32ì3Ûì3Ûì3¶bì3rÛì3rÛì3rì3bÛì3bÛì3bì3RÛì3RÛì3P¶bì3bÛì3bÛì3bì3ÇÛì3ÇÛì3Çì3RÛì3RÛì3P¶bì3ÇÛì3ÇÛì3Çì3bÛì3bÛì3bì3íÛì3íÛì3ê¶bì3bÛì3bÛì3bìCÛìCÛìCì3íÛì3íÛì3ê¶bìCÛìCÛìCìCÛìCÛìCì3íÛì3íÛì3ê¶bìCÛìCÛìCìC"ÛìC"ÛìC"ì3íÛì3íÛì3ê¶bìCÛìCÛìCìC2ÛìC2ÛìC2ìC"ÛìC"ÛìC ¶bìC2ÛìC2ÛìC2ìCBÛìCBÛìCBìC"ÛìC"ÛìC ¶bìCrÛìCrÛìCrìCbÛìCbÛìCbìCRÛìCRÛìCP¶bìCbÛìCbÛìCbìCÇÛìCÇÛìCÇìCRÛìCRÛìCP¶bìCÇÛìCÇÛìCÇìCíÛìCíÛìCíìCRÛìCRÛìCP¶bìCíÛìCíÛìCíìSÛìSÛìSìCRÛìCRÛìCP¶bìSÛìSÛìSìCíÛìCíÛìCíìSÛìSÛìS¶bìCíÛìCíÛìCíìS"ÛìS"ÛìS"ìSÛìSÛìS¶bìS"ÛìS"ÛìS"ìS2ÛìS2ÛìS2ìSÛìSÛìS¶bìS2ÛìS2ÛìS2ìSBÛìSBÛìSBìSÛìSÛìS¶bìSBÛìSBÛìSBìS2ÛìS2ÛìS2ìSRÛìSRÛìSP¶bìS2ÛìS2ÛìS2ìSbÛìSbÛìSbìSRÛìSRÛìSP¶bìSbÛìSbÛìSbìSrÛìSrÛìSrìSRÛìSRÛìSP¶bìSrÛìSrÛìSrìSÇÛìSÇÛìSÇìSRÛìSRÛìSP¶bìcÛìcÛìcìcÛìcÛìcìSíÛìSíÛìSê¶bìc"Ûìc"Ûìc"ìcÛìcÛìcìSíÛìSíÛìSê¶bìcRÛìcRÛìcRìcBÛìcBÛìcBìc2Ûìc2Ûìc0¶bìcbÛìcbÛìcbìcRÛìcRÛìcRìc2Ûìc2Ûìc0¶bìcrÛìcrÛìcrìcbÛìcbÛìcbìc2Ûìc2Ûìc0¶bìcÇÛìcÇÛìcÇìcrÛìcrÛìcrìc2Ûìc2Ûìc0¶bìsÛìsÛìsìsÛìsÛìsìcíÛìcíÛìcê¶bìsÛìsÛìsìs"Ûìs"Ûìs"ìcíÛìcíÛìcê¶bìs"Ûìs"Ûìs"ìs2Ûìs2Ûìs2ìcíÛìcíÛìcê¶bìs2Ûìs2Ûìs2ìsBÛìsBÛìsBìcíÛìcíÛìcê¶bìsrÛìsrÛìsrìsbÛìsbÛìsbìsRÛìsRÛìsP¶bìsÇÛìsÇÛìsÇìsrÛìsrÛìsrìsRÛìsRÛìsP¶bìÉÛìÉÛìÉìÉÛìÉÛìÉìsíÛìsíÛìsê¶bìÉ"ÛìÉ"ÛìÉ"ìÉÛìÉÛìÉìsíÛìsíÛìsê¶bìÉRÛìÉRÛìÉRìÉBÛìÉBÛìÉBìÉ2ÛìÉ2ÛìÉ0¶bìÉBÛìÉBÛìÉBìÉbÛìÉbÛìÉbìÉ2ÛìÉ2ÛìÉ0¶bìÉbÛìÉbÛìÉbìÉrÛìÉrÛìÉrìÉ2ÛìÉ2ÛìÉ0¶bìÉrÛìÉrÛìÉrìÉÇÛìÉÇÛìÉÇìÉ2ÛìÉ2ÛìÉ0¶bììÛììÛììììÛììÛìììÉíÛìÉíÛìÉê¶bìì"Ûìì"Ûìì"ììÛììÛìììÉíÛìÉíÛìÉê¶bìì2Ûìì2Ûìì2ìì"Ûìì"Ûìì"ìÉíÛìÉíÛìÉê¶bììBÛììBÛììBìì2Ûìì2Ûìì2ìÉíÛìÉíÛìÉê¶bìì2Ûìì2Ûìì2ììBÛììBÛììBììRÛììRÛììP¶bììbÛììbÛììbìì2Ûìì2Ûìì2ììRÛììRÛììP¶bììrÛììrÛììrììbÛììbÛììbììRÛììRÛììP¶bììÇÛììÇÛììÇììrÛììrÛììrììRÛììRÛììP¶bÛÛÛÛììíÛììíÛììê¶b"Û"Û"ÛÛììíÛììíÛììê¶b2Û2Û2"Û"Û"ììíÛììíÛììê¶bBÛBÛB2Û2Û2ììíÛììíÛììê¶b2Û2Û2BÛBÛBRÛRÛP¶bbÛbÛb2Û2Û2RÛRÛP¶brÛrÛrbÛbÛbRÛRÛP¶bÇÛÇÛÇrÛrÛrRÛRÛP¶bÛÛÛÛíÛíÛê¶bÛÛ"Û"Û"íÛíÛê¶b"Û"Û"2Û2Û2íÛíÛê¶b2Û2Û2BÛBÛBíÛíÛê¶brÛrÛrbÛbÛbRÛRÛP¶bÇÛÇÛÇrÛrÛrRÛRÛP¶bíÛíÛíÇÛÇÛÇRÛRÛP¶b#Û#Û#íÛíÛíRÛRÛP¶bíÛíÛí#Û#Û##Û#Û#¶b#"Û#"Û#"íÛíÛí#Û#Û#¶b#2Û#2Û#2#"Û#"Û#"#Û#Û#¶b#BÛ#BÛ#B#2Û#2Û#2#Û#Û#¶b#rÛ#rÛ#r#bÛ#bÛ#b#RÛ#RÛ#P¶b#ÇÛ#ÇÛ#Ç#rÛ#rÛ#r#RÛ#RÛ#P¶b3Û3Û33Û3Û3#íÛ#íÛ#ê¶b3"Û3"Û3"3Û3Û3#íÛ#íÛ#ê¶b3"Û3"Û3"#íÛ#íÛ#í32Û32Û30¶b3BÛ3BÛ3B3"Û3"Û3"32Û32Û30¶b3rÛ3rÛ3r3bÛ3bÛ3b3RÛ3RÛ3P¶b3ÇÛ3ÇÛ3Ç3rÛ3rÛ3r3RÛ3RÛ3P¶bCÛCÛCCÛCÛC3íÛ3íÛ3ê¶bC"ÛC"ÛC"CÛCÛC3íÛ3íÛ3ê¶bCRÛCRÛCRCBÛCBÛCBC2ÛC2ÛC0¶bCbÛCbÛCbCRÛCRÛCRC2ÛC2ÛC0¶bCíÛCíÛCíCÇÛCÇÛCÇCrÛCrÛCp¶bSÛSÛSCíÛCíÛCíCrÛCrÛCp¶bS2ÛS2ÛS2S"ÛS"ÛS"SÛSÛS¶bSBÛSBÛSBS2ÛS2ÛS2SÛSÛS¶bSrÛSrÛSrSbÛSbÛSbSRÛSRÛSP¶bSÇÛSÇÛSÇSrÛSrÛSrSRÛSRÛSP¶bcÛcÛccÛcÛcSíÛSíÛSê¶bc"Ûc"Ûc"cÛcÛcSíÛSíÛSê¶bcRÛcRÛcRcBÛcBÛcBc2Ûc2Ûc0¶bcbÛcbÛcbcRÛcRÛcRc2Ûc2Ûc0¶bcíÛcíÛcícÇÛcÇÛcÇcrÛcrÛcp¶bsÛsÛscíÛcíÛcícrÛcrÛcp¶bsÛsÛscíÛcíÛcísÛsÛs ¶bs"Ûs"Ûs"sÛsÛssÛsÛs ¶bsRÛsRÛsRsBÛsBÛsBs2Ûs2Ûs0¶bsbÛsbÛsbsRÛsRÛsRs2Ûs2Ûs0¶bsbÛsbÛsbs2Ûs2Ûs2srÛsrÛsp¶bsÇÛsÇÛsÇsbÛsbÛsbsrÛsrÛsp¶bÉÛÉÛÉÉÛÉÛÉsíÛsíÛsê¶bÉ"ÛÉ"ÛÉ"ÉÛÉÛÉsíÛsíÛsê¶bÉRÛÉRÛÉRÉBÛÉBÛÉBÉ2ÛÉ2ÛÉ0¶bÉbÛÉbÛÉbÉRÛÉRÛÉRÉ2ÛÉ2ÛÉ0¶bÉíÛÉíÛÉíÉÇÛÉÇÛÉÇÉrÛÉrÛÉp¶bìÛìÛìÉrÛÉrÛÉrÉÇÛÉÇÛÉÄ¶bìÛìÛìÉÇÛÉÇÛÉÇÉíÛÉíÛÉê¶bì"Ûì"Ûì"ìÛìÛìÉíÛÉíÛÉê¶bì2Ûì2Ûì2ìÛìÛìì"Ûì"Ûì ¶bìBÛìBÛìBìÛìÛìì2Ûì2Ûì0¶bìBÛìBÛìBÉÇÛÉÇÛÉÇìÛìÛì¶bì2Ûì2Ûì2ìRÛìRÛìRìBÛìBÛì@¶bìRÛìRÛìRìbÛìbÛìbìBÛìBÛì@¶bìrÛìrÛìrìÛìÛìÉÇÛÉÇÛÉÄ¶bìÛìÛììrÛìrÛìrìÇÛìÇÛìÄ¶bìÇÛìÇÛìÇìrÛìrÛìrìíÛìíÛìê¶bÛÛÉÇÛÉÇÛÉÇìBÛìBÛì@¶bìrÛìrÛìrÉÇÛÉÇÛÉÇÛÛ ¶bìBÛìBÛìBìbÛìbÛìbÛÛ ¶bÛÛìrÛìrÛìrÛÛ ¶bÛÛÛÛìbÛìbÛì`¶bÛÛ"Û"Û"ìíÛìíÛìê¶b"Û"Û"ÛÛìbÛìbÛì`¶bRÛRÛRBÛBÛB2Û2Û0¶bbÛbÛbRÛRÛR2Û2Û0¶bBÛBÛBrÛrÛr2Û2Û0¶bÇÛÇÛÇbÛbÛb2Û2Û0¶brÛrÛríÛíÛí2Û2Û0¶bÛÛÇÛÇÛÇ2Û2Û0¶bíÛíÛíÛÛ2Û2Û0¶b"Û"Û"ÛÛ2Û2Û0¶bÛÛ2Û2Û22Û2Û0¶bBÛBÛB"Û"Û"2Û2Û0¶b2Û2Û2RÛRÛR2Û2Û0¶bbÛbÛbBÛBÛB2Û2Û0¶bRÛRÛRrÛrÛr2Û2Û0¶bÇÛÇÛÇbÛbÛb2Û2Û0¶brÛrÛríÛíÛí2Û2Û0¶bíÛíÛíÇÛÇÛÇ2Û2Û0¶r6ÜñÁ6uÛ¶b#"Û#"Û#"#Û#Û##Û#Û# ¶b#RÛ#RÛ#R#BÛ#BÛ#B#2Û#2Û#0¶b#rÛ#rÛ#r#bÛ#bÛ#b#2Û#2Û#0¶b#ÇÛ#ÇÛ#Ç#rÛ#rÛ#r#2Û#2Û#0¶b3Û3Û33Û3Û3#íÛ#íÛ#ê¶b3BÛ3BÛ3B32Û32Û323"Û3"Û3 ¶b3rÛ3rÛ3r3bÛ3bÛ3b3RÛ3RÛ3P¶bCÛCÛC3íÛ3íÛ3í3ÇÛ3ÇÛ3Ä¶bCÛCÛCC"ÛC"ÛC"CÛCÛC¶bC"ÛC"ÛC"C2ÛC2ÛC2CÛCÛC¶bCbÛCbÛCbCRÛCRÛCRCBÛCBÛC@¶bCÇÛCÇÛCÇCrÛCrÛCrCRÛCRÛCP¶bCíÛCíÛCíCÇÛCÇÛCÇCRÛCRÛCP¶bSÛSÛSCíÛCíÛCíSÛSÛS ¶bSBÛSBÛSBS2ÛS2ÛS2S"ÛS"ÛS ¶bSrÛSrÛSrSbÛSbÛSbSRÛSRÛSP¶bcÛcÛcSíÛSíÛSíSÇÛSÇÛSÄ¶bSÇÛSÇÛSÇc"Ûc"Ûc"cÛcÛc¶bc2Ûc2Ûc2SÇÛSÇÛSÇcÛcÛc¶bcBÛcBÛcBc2Ûc2Ûc2cÛcÛc¶bcrÛcrÛcrcbÛcbÛcbcRÛcRÛcP¶bsÛsÛscíÛcíÛcícÇÛcÇÛcÄ¶bs"Ûs"Ûs"sÛsÛscíÛcíÛcê¶bcíÛcíÛcísBÛsBÛsBs2Ûs2Ûs0¶bsRÛsRÛsRcíÛcíÛcís2Ûs2Ûs0¶bsÇÛsÇÛsÇsrÛsrÛsrsbÛsbÛs`¶bÉÛÉÛÉÉÛÉÛÉsíÛsíÛsê¶bÉBÛÉBÛÉBÉ2ÛÉ2ÛÉ2É"ÛÉ"ÛÉ ¶bÉrÛÉrÛÉrÉbÛÉbÛÉbÉRÛÉRÛÉP¶bìÛìÛìÉíÛÉíÛÉíÉÇÛÉÇÛÉÄ¶bì2Ûì2Ûì2ì"Ûì"Ûì"ìÛìÛì¶bìbÛìbÛìbìRÛìRÛìRìBÛìBÛì@¶bìBÛìBÛìBìÇÛìÇÛìÇìrÛìrÛìp¶bìÇÛìÇÛìÇìíÛìíÛìíìrÛìrÛìp¶b#"Û#"Û#"#Û#Û##Û#Û# ¶b#RÛ#RÛ#R#BÛ#BÛ#B#2Û#2Û#0¶b#ÇÛ#ÇÛ#Ç#rÛ#rÛ#r#bÛ#bÛ#`¶b#Û#Û##Û#Û##íÛ#íÛ#ê¶b#BÛ#BÛ#B#2Û#2Û#2#"Û#"Û# ¶b#rÛ#rÛ#r#bÛ#bÛ#b#RÛ#RÛ#P¶b##Û##Û###íÛ#íÛ#í#ÇÛ#ÇÛ#Ä¶b##2Û##2Û##2##"Û##"Û##"##Û##Û##¶b##bÛ##bÛ##b##RÛ##RÛ##R##BÛ##BÛ##@¶b##íÛ##íÛ##í##ÇÛ##ÇÛ##Ç##rÛ##rÛ##p¶b##rÛ##rÛ##r#3Û#3Û#3#3Û#3Û#3 ¶b#3Û#3Û#3#3"Û#3"Û#3"#3Û#3Û#3 ¶b#3RÛ#3RÛ#3R#3BÛ#3BÛ#3B#32Û#32Û#30¶b#3ÇÛ#3ÇÛ#3Ç#3rÛ#3rÛ#3r#3bÛ#3bÛ#3`¶b#CÛ#CÛ#C#CÛ#CÛ#C#3íÛ#3íÛ#3ê¶b#CBÛ#CBÛ#CB#C2Û#C2Û#C2#C"Û#C"Û#C ¶b#CrÛ#CrÛ#Cr#CbÛ#CbÛ#Cb#CRÛ#CRÛ#CP¶b#SÛ#SÛ#S#CíÛ#CíÛ#Cí#CÇÛ#CÇÛ#CÄ¶b#S2Û#S2Û#S2#S"Û#S"Û#S"#SÛ#SÛ#S¶b#SbÛ#SbÛ#Sb#SRÛ#SRÛ#SR#SBÛ#SBÛ#S@¶b#SíÛ#SíÛ#Sí#SÇÛ#SÇÛ#SÇ#SrÛ#SrÛ#Sp¶b#c"Û#c"Û#c"#cÛ#cÛ#c#cÛ#cÛ#c ¶b#cRÛ#cRÛ#cR#cBÛ#cBÛ#cB#c2Û#c2Û#c0¶b#crÛ#crÛ#cr#cbÛ#cbÛ#cb#c2Û#c2Û#c0¶b#cÇÛ#cÇÛ#cÇ#crÛ#crÛ#cr#c2Û#c2Û#c0¶b#sÛ#sÛ#s#sÛ#sÛ#s#cíÛ#cíÛ#cê¶b#sBÛ#sBÛ#sB#s2Û#s2Û#s2#s"Û#s"Û#s ¶b#srÛ#srÛ#sr#sbÛ#sbÛ#sb#sRÛ#sRÛ#sP¶b#ÉÛ#ÉÛ#É#síÛ#síÛ#sí#sÇÛ#sÇÛ#sÄ¶b#É2Û#É2Û#É2#É"Û#É"Û#É"#ÉÛ#ÉÛ#É¶b#ÉbÛ#ÉbÛ#Éb#ÉRÛ#ÉRÛ#ÉR#ÉBÛ#ÉBÛ#É@¶b#ÉíÛ#ÉíÛ#Éí#ÉÇÛ#ÉÇÛ#ÉÇ#ÉrÛ#ÉrÛ#Ép¶b#ì"Û#ì"Û#ì"#ìÛ#ìÛ#ì#ìÛ#ìÛ#ì ¶b#ìRÛ#ìRÛ#ìR#ìBÛ#ìBÛ#ìB#ì2Û#ì2Û#ì0¶b#ìÇÛ#ìÇÛ#ìÇ#ìrÛ#ìrÛ#ìr#ìbÛ#ìbÛ#ì`¶b3Û3Û33Û3Û3#ìíÛ#ìíÛ#ìê¶b3BÛ3BÛ3B32Û32Û323"Û3"Û3 ¶b3rÛ3rÛ3r3bÛ3bÛ3b3RÛ3RÛ3P¶b3RÛ3RÛ3R3íÛ3íÛ3í3ÇÛ3ÇÛ3Ä¶b3ÇÛ3ÇÛ3Ç3Û3Û33Û3Û3 ¶b3Û3Û332Û32Û323"Û3"Û3 ¶b3bÛ3bÛ3b3RÛ3RÛ3R3BÛ3BÛ3@¶b3BÛ3BÛ3B3ÇÛ3ÇÛ3Ç3rÛ3rÛ3p¶b3rÛ3rÛ3r3ÇÛ3ÇÛ3Ç3íÛ3íÛ3ê¶b3#"Û3#"Û3#"3#Û3#Û3#3#Û3#Û3# ¶b3#RÛ3#RÛ3#R3#BÛ3#BÛ3#B3#2Û3#2Û3#0¶b3#ÇÛ3#ÇÛ3#Ç3#rÛ3#rÛ3#r3#bÛ3#bÛ3#`¶b33Û33Û3333Û33Û333#íÛ3#íÛ3#ê¶b33BÛ33BÛ33B332Û332Û33233"Û33"Û33 ¶b33rÛ33rÛ33r33bÛ33bÛ33b33RÛ33RÛ33P¶b3CÛ3CÛ3C33íÛ33íÛ33í33ÇÛ33ÇÛ33Ä¶b3C2Û3C2Û3C23C"Û3C"Û3C"3CÛ3CÛ3C¶b3CbÛ3CbÛ3Cb3CRÛ3CRÛ3CR3CBÛ3CBÛ3C@¶b3CíÛ3CíÛ3Cí3CÇÛ3CÇÛ3CÇ3CrÛ3CrÛ3Cp¶b3S"Û3S"Û3S"3SÛ3SÛ3S3SÛ3SÛ3S ¶b3SRÛ3SRÛ3SR3SBÛ3SBÛ3SB3S2Û3S2Û3S0¶b3SÇÛ3SÇÛ3SÇ3SrÛ3SrÛ3Sr3SbÛ3SbÛ3S`¶b3cÛ3cÛ3c3SíÛ3SíÛ3Sí3SbÛ3SbÛ3S`¶b3cÛ3cÛ3c3cÛ3cÛ3c3SbÛ3SbÛ3S`¶b3cBÛ3cBÛ3cB3c2Û3c2Û3c23c"Û3c"Û3c ¶b3crÛ3crÛ3cr3cbÛ3cbÛ3cb3cRÛ3cRÛ3cP¶b3sÛ3sÛ3s3cíÛ3cíÛ3cí3cÇÛ3cÇÛ3cÄ¶b3s2Û3s2Û3s23s"Û3s"Û3s"3sÛ3sÛ3s¶b3sbÛ3sbÛ3sb3sRÛ3sRÛ3sR3sBÛ3sBÛ3s@¶b3síÛ3síÛ3sí3sÇÛ3sÇÛ3sÇ3srÛ3srÛ3sp¶b3É"Û3É"Û3É"3ÉÛ3ÉÛ3É3ÉÛ3ÉÛ3É ¶b3ÉRÛ3ÉRÛ3ÉR3ÉBÛ3ÉBÛ3ÉB3É2Û3É2Û3É0¶b3ÉrÛ3ÉrÛ3Ér3ÉbÛ3ÉbÛ3Éb3É2Û3É2Û3É0¶b3ÉbÛ3ÉbÛ3Éb3ÉÇÛ3ÉÇÛ3ÉÇ3É2Û3É2Û3É0¶b3ÉÇÛ3ÉÇÛ3ÉÇ3ÉíÛ3ÉíÛ3Éí3É2Û3É2Û3É0¶b3ÉíÛ3ÉíÛ3Éí3ìÛ3ìÛ3ì3É2Û3É2Û3É0¶b3ì2Û3ì2Û3ì23ì"Û3ì"Û3ì"3ìÛ3ìÛ3ì¶b3ìRÛ3ìRÛ3ìR3ì"Û3ì"Û3ì"3ìBÛ3ìBÛ3ì@¶b3ìbÛ3ìbÛ3ìb3ìRÛ3ìRÛ3ìR3ìBÛ3ìBÛ3ì@¶b3ìíÛ3ìíÛ3ìí3ìÇÛ3ìÇÛ3ìÇ3ìrÛ3ìrÛ3ìp¶bC"ÛC"ÛC"CÛCÛCCÛCÛC ¶bCÛCÛCC2ÛC2ÛC2CÛCÛC ¶bC2ÛC2ÛC2CBÛCBÛCBCÛCÛC ¶bCBÛCBÛCBCRÛCRÛCRCÛCÛC ¶bCRÛCRÛCRCBÛCBÛCBCbÛCbÛC`¶bCBÛCBÛCBCrÛCrÛCrCbÛCbÛC`¶bCrÛCrÛCrCÇÛCÇÛCÇCbÛCbÛC`¶bCÇÛCÇÛCÇCíÛCíÛCíCbÛCbÛC`¶bC"ÛC"ÛC"CÛCÛCCÛCÛC ¶bC2ÛC2ÛC2C"ÛC"ÛC"CÛCÛC ¶bCBÛCBÛCBC2ÛC2ÛC2CÛCÛC ¶bCRÛCRÛCRCBÛCBÛCBCÛCÛC ¶bCBÛCBÛCBCRÛCRÛCRCbÛCbÛC`¶bCrÛCrÛCrCBÛCBÛCBCbÛCbÛC`¶bCÇÛCÇÛCÇCrÛCrÛCrCbÛCbÛC`¶bCíÛCíÛCíCÇÛCÇÛCÇCbÛCbÛC`¶bC#"ÛC#"ÛC#"C#ÛC#ÛC#C#ÛC#ÛC# ¶bC#ÛC#ÛC#C#2ÛC#2ÛC#2C#ÛC#ÛC# ¶bC#2ÛC#2ÛC#2C#BÛC#BÛC#BC#ÛC#ÛC# ¶bC#BÛC#BÛC#BC#RÛC#RÛC#RC#ÛC#ÛC# ¶bC#RÛC#RÛC#RC#BÛC#BÛC#BC#bÛC#bÛC#`¶bC#2ÛC#2ÛC#2C#ÛC#ÛC#C#rÛC#rÛC#p¶bC#BÛC#BÛC#BC#2ÛC#2ÛC#2C#rÛC#rÛC#p¶bC#ÛC#ÛC#C#ÇÛC#ÇÛC#ÇC#rÛC#rÛC#p¶bC#ÇÛC#ÇÛC#ÇC#ÛC#ÛC#C#íÛC#íÛC#ê¶bC#ÛC#ÛC#C3ÛC3ÛC3C#íÛC#íÛC#ê¶bC3ÛC3ÛC3C#BÛC#BÛC#BC#rÛC#rÛC#p¶bC#BÛC#BÛC#BC3ÛC3ÛC3C3"ÛC3"ÛC3 ¶bC#BÛC#BÛC#BC32ÛC32ÛC32C#bÛC#bÛC#`¶bC32ÛC32ÛC32C#BÛC#BÛC#BC3"ÛC3"ÛC3 ¶bC32ÛC32ÛC32C3BÛC3BÛC3BC#bÛC#bÛC#`¶bC3BÛC3BÛC3BC32ÛC32ÛC32C3"ÛC3"ÛC3 ¶bC3BÛC3BÛC3BC3RÛC3RÛC3RC#bÛC#bÛC#`¶bC3bÛC3bÛC3bC3BÛC3BÛC3BC3"ÛC3"ÛC3 ¶bC3BÛC3BÛC3BC3bÛC3bÛC3bC3rÛC3rÛC3p¶bC3ÇÛC3ÇÛC3ÇC3BÛC3BÛC3BC3rÛC3rÛC3p¶bCCÛCCÛCCCCÛCCÛCCC3íÛC3íÛC3ê¶bCCÛCCÛCCCC"ÛCC"ÛCC"C3íÛC3íÛC3ê¶bCC"ÛCC"ÛCC"CC2ÛCC2ÛCC2C3íÛC3íÛC3ê¶bCC2ÛCC2ÛCC2CCBÛCCBÛCCBC3íÛC3íÛC3ê¶bCCBÛCCBÛCCBCC2ÛCC2ÛCC2CCRÛCCRÛCCP¶bCC"ÛCC"ÛCC"CCÛCCÛCCCCbÛCCbÛCC`¶bCC2ÛCC2ÛCC2CC"ÛCC"ÛCC"CCbÛCCbÛCC`¶bCC2ÛCC2ÛCC2CCrÛCCrÛCCrCCRÛCCRÛCCP¶bCCrÛCCrÛCCrCCÇÛCCÇÛCCÇCCRÛCCRÛCCP¶bCCÇÛCCÇÛCCÇCCíÛCCíÛCCíCCRÛCCRÛCCP¶bCCrÛCCrÛCCrCC2ÛCC2ÛCC2CSÛCSÛCS ¶bCCÇÛCCÇÛCCÇCCrÛCCrÛCCrCSÛCSÛCS ¶bCSÛCSÛCSCC2ÛCC2ÛCC2CCbÛCCbÛCC`¶bCC2ÛCC2ÛCC2CSÛCSÛCSCSÛCSÛCS ¶bCCÛCCÛCCCS"ÛCS"ÛCS"CCbÛCCbÛCC`¶bCSÛCSÛCSCCbÛCCbÛCCbCS2ÛCS2ÛCS0¶bCCbÛCCbÛCCbCS"ÛCS"ÛCS"CS2ÛCS2ÛCS0¶bCSBÛCSBÛCSBCSÛCSÛCSCS2ÛCS2ÛCS0¶bCS"ÛCS"ÛCS"CSRÛCSRÛCSRCS2ÛCS2ÛCS0¶bCSÛCSÛCSCSBÛCSBÛCSBCSbÛCSbÛCS`¶bCSÛCSÛCSCSÛCSÛCSCSbÛCSbÛCS`¶bCSRÛCSRÛCSRCS"ÛCS"ÛCS"CSrÛCSrÛCSp¶bCS"ÛCS"ÛCS"CCÛCCÛCCCSÇÛCSÇÛCSÄ¶bCS"ÛCS"ÛCS"CSÇÛCSÇÛCSÇCSrÛCSrÛCSp¶bCCÛCCÛCCCSíÛCSíÛCSíCSÇÛCSÇÛCSÄ¶bCSíÛCSíÛCSíCcÛCcÛCcCSÇÛCSÇÛCSÄ¶bCcÛCcÛCcCcÛCcÛCcCSÇÛCSÇÛCSÄ¶bCSÇÛCSÇÛCSÇCcÛCcÛCcCSrÛCSrÛCSp¶bCcÛCcÛCcCc"ÛCc"ÛCc"CSrÛCSrÛCSp¶bCc"ÛCc"ÛCc"CcÛCcÛCcCc2ÛCc2ÛCc0¶bCcÛCcÛCcCcBÛCcBÛCcBCc2ÛCc2ÛCc0¶bCcBÛCcBÛCcBCcRÛCcRÛCcRCc2ÛCc2ÛCc0¶bCcRÛCcRÛCcRCcbÛCcbÛCcbCc2ÛCc2ÛCc0¶bCcbÛCcbÛCcbCcRÛCcRÛCcRCcrÛCcrÛCcp¶bCcRÛCcRÛCcRCcÇÛCcÇÛCcÇCcrÛCcrÛCcp¶bCcÇÛCcÇÛCcÇCcíÛCcíÛCcíCcrÛCcrÛCcp¶bCcíÛCcíÛCcíCsÛCsÛCsCcrÛCcrÛCcp¶bCsÛCsÛCsCcíÛCcíÛCcíCsÛCsÛCs¶bCcíÛCcíÛCcíCs"ÛCs"ÛCs"CsÛCsÛCs¶bCs"ÛCs"ÛCs"Cs2ÛCs2ÛCs2CsÛCsÛCs¶bCs2ÛCs2ÛCs2CsBÛCsBÛCsBCsÛCsÛCs¶bCsBÛCsBÛCsBCs2ÛCs2ÛCs2CsRÛCsRÛCsP¶bCs2ÛCs2ÛCs2CsbÛCsbÛCsbCsRÛCsRÛCsP¶bCsbÛCsbÛCsbCsrÛCsrÛCsrCsRÛCsRÛCsP¶bCsrÛCsrÛCsrCsÇÛCsÇÛCsÇCsRÛCsRÛCsP¶bCsÇÛCsÇÛCsÇCsrÛCsrÛCsrCsíÛCsíÛCsê¶bCsrÛCsrÛCsrCÉÛCÉÛCÉCsíÛCsíÛCsê¶bCsrÛCsrÛCsrCÉÛCÉÛCÉCÉÛCÉÛCÉ ¶bCÉÛCÉÛCÉCÉ"ÛCÉ"ÛCÉ"CÉÛCÉÛCÉ ¶bCÉ"ÛCÉ"ÛCÉ"CCÇÛCCÇÛCCÇCÉÛCÉÛCÉ ¶bCÉÛCÉÛCÉCÉ2ÛCÉ2ÛCÉ2CsíÛCsíÛCsê¶bCCÇÛCCÇÛCCÇCÉ2ÛCÉ2ÛCÉ2CÉÛCÉÛCÉ ¶bCÉ2ÛCÉ2ÛCÉ2CÉBÛCÉBÛCÉBCsíÛCsíÛCsê¶bCÉ2ÛCÉ2ÛCÉ2CCÇÛCCÇÛCCÇCSÛCSÛCS ¶bCÉBÛCÉBÛCÉBCÉ2ÛCÉ2ÛCÉ2CSbÛCSbÛCS`¶bCÉ2ÛCÉ2ÛCÉ2CSÛCSÛCSCSbÛCSbÛCS`¶bCÉrÛCÉrÛCÉrCÉbÛCÉbÛCÉbCÉRÛCÉRÛCÉP¶bCÉbÛCÉbÛCÉbCÉÇÛCÉÇÛCÉÇCÉRÛCÉRÛCÉP¶bCÉÇÛCÉÇÛCÉÇCÉíÛCÉíÛCÉíCÉRÛCÉRÛCÉP¶bCÉíÛCÉíÛCÉíCìÛCìÛCìCÉRÛCÉRÛCÉP¶bCì2ÛCì2ÛCì2Cì"ÛCì"ÛCì"CìÛCìÛCì¶bCì"ÛCì"ÛCì"CìBÛCìBÛCìBCìÛCìÛCì¶bCìBÛCìBÛCìBCìRÛCìRÛCìRCìÛCìÛCì¶bCìRÛCìRÛCìRCìbÛCìbÛCìbCìÛCìÛCì¶bCìRÛCìRÛCìRCìBÛCìBÛCìBCìrÛCìrÛCìp¶bCìBÛCìBÛCìBCì"ÛCì"ÛCì"CìrÛCìrÛCìp¶bCìÇÛCìÇÛCìÇCìRÛCìRÛCìRCìrÛCìrÛCìp¶bCì"ÛCì"ÛCì"CìíÛCìíÛCìíCìrÛCìrÛCìp¶bCì"ÛCì"ÛCì"SÛSÛSCìíÛCìíÛCìê¶bSÛSÛSSÛSÛSCìíÛCìíÛCìê¶bSBÛSBÛSBS2ÛS2ÛS2S"ÛS"ÛS ¶bS2ÛS2ÛS2SRÛSRÛSRS"ÛS"ÛS ¶bSRÛSRÛSRSbÛSbÛSbS"ÛS"ÛS ¶bSbÛSbÛSbSrÛSrÛSrS"ÛS"ÛS ¶bSÛSÛSSíÛSíÛSíSÇÛSÇÛSÄ¶bSÛSÛSSÛSÛSSÇÛSÇÛSÄ¶bS"ÛS"ÛS"SÛSÛSSÇÛSÇÛSÄ¶bS2ÛS2ÛS2S"ÛS"ÛS"SÇÛSÇÛSÄ¶bSbÛSbÛSbSRÛSRÛSRSBÛSBÛS@¶bSrÛSrÛSrSbÛSbÛSbSBÛSBÛS@¶bSÇÛSÇÛSÇSrÛSrÛSrSBÛSBÛS@¶bSíÛSíÛSíSÇÛSÇÛSÇSBÛSBÛS@¶bS#"ÛS#"ÛS#"S#ÛS#ÛS#S#ÛS#ÛS# ¶bS#2ÛS#2ÛS#2S#"ÛS#"ÛS#"S#ÛS#ÛS# ¶bS#BÛS#BÛS#BS#2ÛS#2ÛS#2S#ÛS#ÛS# ¶bS#RÛS#RÛS#RS#BÛS#BÛS#BS#ÛS#ÛS# ¶bS#ÇÛS#ÇÛS#ÇS#rÛS#rÛS#rS#bÛS#bÛS#`¶bS#rÛS#rÛS#rS#íÛS#íÛS#íS#bÛS#bÛS#`¶bS#íÛS#íÛS#íS3ÛS3ÛS3S#bÛS#bÛS#`¶bS3ÛS3ÛS3S3ÛS3ÛS3S#bÛS#bÛS#`¶bS3BÛS3BÛS3BS32ÛS32ÛS32S3"ÛS3"ÛS3 ¶bS32ÛS32ÛS32S3RÛS3RÛS3RS3"ÛS3"ÛS3 ¶bS3RÛS3RÛS3RS3bÛS3bÛS3bS3"ÛS3"ÛS3 ¶bS3bÛS3bÛS3bS3rÛS3rÛS3rS3"ÛS3"ÛS3 ¶bSCÛSCÛSCS3íÛS3íÛS3íS3ÇÛS3ÇÛS3Ä¶bSCÛSCÛSCSCÛSCÛSCS3ÇÛS3ÇÛS3Ä¶bSCBÛSCBÛSCBSC2ÛSC2ÛSC2SC"ÛSC"ÛSC ¶bSCRÛSCRÛSCRSCBÛSCBÛSCBSC"ÛSC"ÛSC ¶bSCÇÛSCÇÛSCÇSCrÛSCrÛSCrSCbÛSCbÛSC`¶bSCrÛSCrÛSCrSCíÛSCíÛSCíSCbÛSCbÛSC`¶bSCíÛSCíÛSCíSSÛSSÛSSSCbÛSCbÛSC`¶bSSÛSSÛSSSSÛSSÛSSSCbÛSCbÛSC`¶bSSBÛSSBÛSSBSS2ÛSS2ÛSS2SS"ÛSS"ÛSS ¶bSSRÛSSRÛSSRSSBÛSSBÛSSBSS"ÛSS"ÛSS ¶bSSÇÛSSÇÛSSÇSSrÛSSrÛSSrSSbÛSSbÛSS`¶bSSíÛSSíÛSSíSSÇÛSSÇÛSSÇSSbÛSSbÛSS`¶bSc"ÛSc"ÛSc"ScÛScÛScScÛScÛSc ¶bScÛScÛScSc2ÛSc2ÛSc2ScÛScÛSc ¶bSc2ÛSc2ÛSc2ScBÛScBÛScBScÛScÛSc ¶bScBÛScBÛScBScRÛScRÛScRScÛScÛSc ¶bScÇÛScÇÛScÇScrÛScrÛScrScbÛScbÛSc`¶bScrÛScrÛScrScíÛScíÛScíScbÛScbÛSc`¶bScíÛScíÛScíSsÛSsÛSsScbÛScbÛSc`¶bSsÛSsÛSsSsÛSsÛSsScbÛScbÛSc`¶bSsBÛSsBÛSsBSs2ÛSs2ÛSs2Ss"ÛSs"ÛSs ¶bSsRÛSsRÛSsRSsBÛSsBÛSsBSs"ÛSs"ÛSs ¶bSsbÛSsbÛSsbSsRÛSsRÛSsRSs"ÛSs"ÛSs ¶bSsrÛSsrÛSsrSsbÛSsbÛSsbSs"ÛSs"ÛSs ¶bSsbÛSsbÛSsbSsrÛSsrÛSsrSsÇÛSsÇÛSsÄ¶bSsíÛSsíÛSsíSsbÛSsbÛSsbSsÇÛSsÇÛSsÄ¶bSÉÛSÉÛSÉSsíÛSsíÛSsíSsÇÛSsÇÛSsÄ¶bSÉÛSÉÛSÉSÉÛSÉÛSÉSsÇÛSsÇÛSsÄ¶bSÉÛSÉÛSÉSÉÛSÉÛSÉSÉ"ÛSÉ"ÛSÉ ¶bSÉ2ÛSÉ2ÛSÉ2SÉÛSÉÛSÉSÉ"ÛSÉ"ÛSÉ ¶bSÉBÛSÉBÛSÉBSÉ2ÛSÉ2ÛSÉ2SÉ"ÛSÉ"ÛSÉ ¶bSÉRÛSÉRÛSÉRSÉBÛSÉBÛSÉBSÉ"ÛSÉ"ÛSÉ ¶bSÉÇÛSÉÇÛSÉÇSÉrÛSÉrÛSÉrSÉbÛSÉbÛSÉ`¶bSÉrÛSÉrÛSÉrSÉíÛSÉíÛSÉíSÉbÛSÉbÛSÉ`¶bSÉíÛSÉíÛSÉíSìÛSìÛSìSÉbÛSÉbÛSÉ`¶bSìÛSìÛSìSìÛSìÛSìSÉbÛSÉbÛSÉ`¶bSìBÛSìBÛSìBSì2ÛSì2ÛSì2Sì"ÛSì"ÛSì ¶bSì2ÛSì2ÛSì2SìRÛSìRÛSìRSì"ÛSì"ÛSì ¶bSìRÛSìRÛSìRSìbÛSìbÛSìbSì"ÛSì"ÛSì ¶bSìbÛSìbÛSìbSìrÛSìrÛSìrSì"ÛSì"ÛSì ¶bcÛcÛcSìíÛSìíÛSìíSìÇÛSìÇÛSìÄ¶bcÛcÛccÛcÛcSìÇÛSìÇÛSìÄ¶bcBÛcBÛcBc2Ûc2Ûc2c"Ûc"Ûc ¶bc2Ûc2Ûc2cRÛcRÛcRc"Ûc"Ûc ¶bc"Ûc"Ûc"cRÛcRÛcRcbÛcbÛc`¶bcRÛcRÛcRcrÛcrÛcrcbÛcbÛc`¶bcÛcÛccíÛcíÛcícÇÛcÇÛcÄ¶bcÛcÛccÛcÛccÇÛcÇÛcÄ¶bcBÛcBÛcBc2Ûc2Ûc2c"Ûc"Ûc ¶bcRÛcRÛcRcBÛcBÛcBc"Ûc"Ûc ¶bcÇÛcÇÛcÇcrÛcrÛcrcbÛcbÛc`¶bcíÛcíÛcícÇÛcÇÛcÇcbÛcbÛc`¶bc#"Ûc#"Ûc#"c#Ûc#Ûc#c#Ûc#Ûc# ¶bc#2Ûc#2Ûc#2c#"Ûc#"Ûc#"c#Ûc#Ûc# ¶bc#"Ûc#"Ûc#"c#2Ûc#2Ûc#2c#BÛc#BÛc#@¶bc#RÛc#RÛc#Rc#"Ûc#"Ûc#"c#BÛc#BÛc#@¶bc#ÇÛc#ÇÛc#Çc#rÛc#rÛc#rc#bÛc#bÛc#`¶bc#íÛc#íÛc#íc#ÇÛc#ÇÛc#Çc#bÛc#bÛc#`¶bc3"Ûc3"Ûc3"c3Ûc3Ûc3c3Ûc3Ûc3 ¶bc32Ûc32Ûc32c3"Ûc3"Ûc3"c3Ûc3Ûc3 ¶bc3BÛc3BÛc3Bc32Ûc32Ûc32c3Ûc3Ûc3 ¶bc3RÛc3RÛc3Rc3BÛc3BÛc3Bc3Ûc3Ûc3 ¶bc3ÇÛc3ÇÛc3Çc3rÛc3rÛc3rc3bÛc3bÛc3`¶bc3rÛc3rÛc3rc3íÛc3íÛc3íc3bÛc3bÛc3`¶bc3íÛc3íÛc3ícCÛcCÛcCc3bÛc3bÛc3`¶bcCÛcCÛcCcCÛcCÛcCc3bÛc3bÛc3`¶bcCÛcCÛcCcCÛcCÛcCcC"ÛcC"ÛcC ¶bcCÛcCÛcCcC2ÛcC2ÛcC2cC"ÛcC"ÛcC ¶bcCbÛcCbÛcCbcCRÛcCRÛcCRcCBÛcCBÛcC@¶bcCRÛcCRÛcCRcCrÛcCrÛcCrcCBÛcCBÛcC@¶bcCrÛcCrÛcCrcCÇÛcCÇÛcCÇcCBÛcCBÛcC@¶bcCÇÛcCÇÛcCÇcCíÛcCíÛcCícCBÛcCBÛcC@¶bcCíÛcCíÛcCícSÛcSÛcScCBÛcCBÛcC@¶bcCÇÛcCÇÛcCÇcCrÛcCrÛcCrcSÛcSÛcS¶bcCrÛcCrÛcCrcCRÛcCRÛcCRcSÛcSÛcS¶bcS"ÛcS"ÛcS"cCÇÛcCÇÛcCÇcSÛcSÛcS¶bcCRÛcCRÛcCRcS2ÛcS2ÛcS2cSÛcSÛcS¶bcCRÛcCRÛcCRcSBÛcSBÛcSBcS2ÛcS2ÛcS0¶bcSBÛcSBÛcSBcSRÛcSRÛcSRcS2ÛcS2ÛcS0¶bcSÇÛcSÇÛcSÇcSrÛcSrÛcSrcSbÛcSbÛcS`¶bcSíÛcSíÛcSícSÇÛcSÇÛcSÇcSbÛcSbÛcS`¶bcc"Ûcc"Ûcc"ccÛccÛccccÛccÛcc ¶bcc2Ûcc2Ûcc2cc"Ûcc"Ûcc"ccÛccÛcc ¶bccbÛccbÛccbccRÛccRÛccRccBÛccBÛcc@¶bccrÛccrÛccrccbÛccbÛccbccBÛccBÛcc@¶bccÇÛccÇÛccÇccrÛccrÛccrccBÛccBÛcc@¶bccíÛccíÛccíccÇÛccÇÛccÇccBÛccBÛcc@¶bccÇÛccÇÛccÇccíÛccíÛccícsÛcsÛcs ¶bccíÛccíÛccícsÛcsÛcscsÛcsÛcs ¶bcs"Ûcs"Ûcs"ccÇÛccÇÛccÇcsÛcsÛcs ¶bcsRÛcsRÛcsRcsBÛcsBÛcsBcs2Ûcs2Ûcs0¶bcsBÛcsBÛcsBcsbÛcsbÛcsbcs2Ûcs2Ûcs0¶bcsbÛcsbÛcsbcsBÛcsBÛcsBcsrÛcsrÛcsp¶bcsBÛcsBÛcsBcsÇÛcsÇÛcsÇcsrÛcsrÛcsp¶bcsÇÛcsÇÛcsÇcsíÛcsíÛcsícsrÛcsrÛcsp¶bcsíÛcsíÛcsícÉÛcÉÛcÉcsrÛcsrÛcsp¶bcÉ2ÛcÉ2ÛcÉ2cÉ"ÛcÉ"ÛcÉ"cÉÛcÉÛcÉ¶bcÉBÛcÉBÛcÉBcÉ2ÛcÉ2ÛcÉ2cÉÛcÉÛcÉ¶bcÉrÛcÉrÛcÉrcÉbÛcÉbÛcÉbcÉRÛcÉRÛcÉP¶bcÉÇÛcÉÇÛcÉÇcÉrÛcÉrÛcÉrcÉRÛcÉRÛcÉP¶bcìÛcìÛcìcìÛcìÛcìcÉíÛcÉíÛcÉê¶bcìÛcìÛcìcì"Ûcì"Ûcì"cÉíÛcÉíÛcÉê¶bcì"Ûcì"Ûcì"cì2Ûcì2Ûcì2cÉíÛcÉíÛcÉê¶bcì2Ûcì2Ûcì2cìBÛcìBÛcìBcÉíÛcÉíÛcÉê¶bcìBÛcìBÛcìBcì2Ûcì2Ûcì2cìRÛcìRÛcìP¶bcì2Ûcì2Ûcì2cìbÛcìbÛcìbcìRÛcìRÛcìP¶bcìbÛcìbÛcìbcìrÛcìrÛcìrcìRÛcìRÛcìP¶bcìrÛcìrÛcìrcìÇÛcìÇÛcìÇcìRÛcìRÛcìP¶bsÛsÛssÛsÛscìíÛcìíÛcìê¶bs"Ûs"Ûs"sÛsÛscìíÛcìíÛcìê¶bsRÛsRÛsRsBÛsBÛsBs2Ûs2Ûs0¶bsbÛsbÛsbsRÛsRÛsRs2Ûs2Ûs0¶bsíÛsíÛsísÇÛsÇÛsÇsrÛsrÛsp¶bsÛsÛssíÛsíÛsísrÛsrÛsp¶bsÛsÛssíÛsíÛsísÛsÛs ¶bs"Ûs"Ûs"sÛsÛssÛsÛs ¶bsRÛsRÛsRsBÛsBÛsBs2Ûs2Ûs0¶bsBÛsBÛsBsbÛsbÛsbs2Ûs2Ûs0¶bs2Ûs2Ûs2sbÛsbÛsbsrÛsrÛsp¶bsbÛsbÛsbsÇÛsÇÛsÇsrÛsrÛsp¶bs#Ûs#Ûs#s#Ûs#Ûs#síÛsíÛsê¶bs#"Ûs#"Ûs#"s#Ûs#Ûs#síÛsíÛsê¶bs#"Ûs#"Ûs#"síÛsíÛsís#2Ûs#2Ûs#0¶bs#BÛs#BÛs#Bs#"Ûs#"Ûs#"s#2Ûs#2Ûs#0¶bs#rÛs#rÛs#rs#bÛs#bÛs#bs#RÛs#RÛs#P¶bs#ÇÛs#ÇÛs#Çs#rÛs#rÛs#rs#RÛs#RÛs#P¶bs3Ûs3Ûs3s3Ûs3Ûs3s#íÛs#íÛs#ê¶bs3"Ûs3"Ûs3"s3Ûs3Ûs3s#íÛs#íÛs#ê¶bs#íÛs#íÛs#ís3BÛs3BÛs3Bs32Ûs32Ûs30¶bs3RÛs3RÛs3Rs#íÛs#íÛs#ís32Ûs32Ûs30¶bs3RÛs3RÛs3Rs32Ûs32Ûs32s3bÛs3bÛs3`¶bs3rÛs3rÛs3rs3RÛs3RÛs3Rs3bÛs3bÛs3`¶bs3ÇÛs3ÇÛs3Çs3rÛs3rÛs3rs3bÛs3bÛs3`¶bs32Ûs32Ûs32s3íÛs3íÛs3ís3bÛs3bÛs3`¶bs3íÛs3íÛs3ísCÛsCÛsCs3bÛs3bÛs3`¶bsC2ÛsC2ÛsC2sC"ÛsC"ÛsC"sCÛsCÛsC¶bsCBÛsCBÛsCBsC2ÛsC2ÛsC2sCÛsCÛsC¶bsC2ÛsC2ÛsC2sCBÛsCBÛsCBsCRÛsCRÛsCP¶bsCbÛsCbÛsCbsC2ÛsC2ÛsC2sCRÛsCRÛsCP¶bsCrÛsCrÛsCrsCbÛsCbÛsCbsCRÛsCRÛsCP¶bsCÇÛsCÇÛsCÇsCrÛsCrÛsCrsCRÛsCRÛsCP¶bsCÇÛsCÇÛsCÇsCRÛsCRÛsCRsCíÛsCíÛsCê¶bsSÛsSÛsSsCÇÛsCÇÛsCÇsCíÛsCíÛsCê¶bsS2ÛsS2ÛsS2sS"ÛsS"ÛsS"sSÛsSÛsS¶bsS"ÛsS"ÛsS"sSBÛsSBÛsSBsSÛsSÛsS¶bsSBÛsSBÛsSBsSRÛsSRÛsSRsSÛsSÛsS¶bsSÇÛsSÇÛsSÇsSrÛsSrÛsSrsSbÛsSbÛsS`¶bsSíÛsSíÛsSísSÇÛsSÇÛsSÇsSbÛsSbÛsS`¶bsSÇÛsSÇÛsSÇsSíÛsSíÛsSíscÛscÛsc ¶bscÛscÛscsSÇÛsSÇÛsSÇscÛscÛsc ¶bscBÛscBÛscBsc2Ûsc2Ûsc2sc"Ûsc"Ûsc ¶bscRÛscRÛscRscBÛscBÛscBsc"Ûsc"Ûsc ¶bscRÛscRÛscRsc"Ûsc"Ûsc"scbÛscbÛsc`¶bscrÛscrÛscrscRÛscRÛscRscbÛscbÛsc`¶bssÛssÛssscíÛscíÛscíscÇÛscÇÛscÄ¶bssÛssÛssssÛssÛssscÇÛscÇÛscÄ¶bssBÛssBÛssBss2Ûss2Ûss2ss"Ûss"Ûss ¶bssRÛssRÛssRssBÛssBÛssBss"Ûss"Ûss ¶bssrÛssrÛssrssBÛssBÛssBssbÛssbÛss`¶bssÇÛssÇÛssÇssrÛssrÛssrssbÛssbÛss`¶bsÉÛsÉÛsÉsÉÛsÉÛsÉssíÛssíÛssê¶bsÉÛsÉÛsÉsÉ"ÛsÉ"ÛsÉ"ssíÛssíÛssê¶bssíÛssíÛssísÉ"ÛsÉ"ÛsÉ"sÉ2ÛsÉ2ÛsÉ0¶bsÉ"ÛsÉ"ÛsÉ"sÉBÛsÉBÛsÉBsÉ2ÛsÉ2ÛsÉ0¶bsÉrÛsÉrÛsÉrsÉbÛsÉbÛsÉbsÉRÛsÉRÛsÉP¶bsÉÇÛsÉÇÛsÉÇsÉrÛsÉrÛsÉrsÉRÛsÉRÛsÉP¶bsÉrÛsÉrÛsÉrsÉÇÛsÉÇÛsÉÇsÉíÛsÉíÛsÉê¶bsìÛsìÛsìsÉrÛsÉrÛsÉrsÉíÛsÉíÛsÉê¶bsì2Ûsì2Ûsì2sì"Ûsì"Ûsì"sìÛsìÛsì¶bsìBÛsìBÛsìBsì2Ûsì2Ûsì2sìÛsìÛsì¶bsìrÛsìrÛsìrsìbÛsìbÛsìbsìRÛsìRÛsìP¶bsìbÛsìbÛsìbsìÇÛsìÇÛsìÇsìRÛsìRÛsìP¶bsìbÛsìbÛsìbsìíÛsìíÛsìísìÇÛsìÇÛsìÄ¶bsìíÛsìíÛsìíÉÛÉÛÉsìÇÛsìÇÛsìÄ¶bÉ2ÛÉ2ÛÉ2É"ÛÉ"ÛÉ"ÉÛÉÛÉ¶bÉBÛÉBÛÉBÉ2ÛÉ2ÛÉ2ÉÛÉÛÉ¶bÉrÛÉrÛÉrÉbÛÉbÛÉbÉRÛÉRÛÉP¶bÉÇÛÉÇÛÉÇÉrÛÉrÛÉrÉRÛÉRÛÉP¶bÉÛÉÛÉÉÛÉÛÉÉíÛÉíÛÉê¶bÉÛÉÛÉÉ"ÛÉ"ÛÉ"ÉíÛÉíÛÉê¶bÉ"ÛÉ"ÛÉ"ÉÛÉÛÉÉ2ÛÉ2ÛÉ0¶bÉÛÉÛÉÉBÛÉBÛÉBÉ2ÛÉ2ÛÉ0¶bÉBÛÉBÛÉBÉRÛÉRÛÉRÉ2ÛÉ2ÛÉ0¶bÉRÛÉRÛÉRÉbÛÉbÛÉbÉ2ÛÉ2ÛÉ0¶bÉíÛÉíÛÉíÉÇÛÉÇÛÉÇÉrÛÉrÛÉp¶bÉÇÛÉÇÛÉÇÉ#ÛÉ#ÛÉ#ÉrÛÉrÛÉp¶bÉ#ÛÉ#ÛÉ#ÉÇÛÉÇÛÉÇÉ#ÛÉ#ÛÉ#¶bÉÇÛÉÇÛÉÇÉ#"ÛÉ#"ÛÉ#"É#ÛÉ#ÛÉ#¶bÉ#"ÛÉ#"ÛÉ#"É#2ÛÉ#2ÛÉ#2É#ÛÉ#ÛÉ#¶bÉ#bÛÉ#bÛÉ#bÉ#RÛÉ#RÛÉ#RÉ#BÛÉ#BÛÉ#@¶bÉ#rÛÉ#rÛÉ#rÉ#bÛÉ#bÛÉ#bÉ#BÛÉ#BÛÉ#@¶bÉ3ÛÉ3ÛÉ3É#íÛÉ#íÛÉ#íÉ#ÇÛÉ#ÇÛÉ#Ä¶bÉ3ÛÉ3ÛÉ3É3ÛÉ3ÛÉ3É#ÇÛÉ#ÇÛÉ#Ä¶bÉ3ÛÉ3ÛÉ3É3ÛÉ3ÛÉ3É3"ÛÉ3"ÛÉ3 ¶bÉ32ÛÉ32ÛÉ32É3ÛÉ3ÛÉ3É3"ÛÉ3"ÛÉ3 ¶bÉ3BÛÉ3BÛÉ3BÉ32ÛÉ32ÛÉ32É3"ÛÉ3"ÛÉ3 ¶bÉ3rÛÉ3rÛÉ3rÉ3bÛÉ3bÛÉ3bÉ3RÛÉ3RÛÉ3P¶bÉ3bÛÉ3bÛÉ3bÉ3ÇÛÉ3ÇÛÉ3ÇÉ3RÛÉ3RÛÉ3P¶bÉ3bÛÉ3bÛÉ3bÉ3íÛÉ3íÛÉ3íÉ3ÇÛÉ3ÇÛÉ3Ä¶bÉ3íÛÉ3íÛÉ3íÉCÛÉCÛÉCÉ3ÇÛÉ3ÇÛÉ3Ä¶bÉ3íÛÉ3íÛÉ3íÉ3bÛÉ3bÛÉ3bÉCÛÉCÛÉC¶bÉC"ÛÉC"ÛÉC"É3íÛÉ3íÛÉ3íÉCÛÉCÛÉC¶bÉCRÛÉCRÛÉCRÉCBÛÉCBÛÉCBÉC2ÛÉC2ÛÉC0¶bÉCbÛÉCbÛÉCbÉCRÛÉCRÛÉCRÉC2ÛÉC2ÛÉC0¶bÉCrÛÉCrÛÉCrÉCbÛÉCbÛÉCbÉC2ÛÉC2ÛÉC0¶bÉCÇÛÉCÇÛÉCÇÉCrÛÉCrÛÉCrÉC2ÛÉC2ÛÉC0¶bÉSÛÉSÛÉSÉSÛÉSÛÉSÉCíÛÉCíÛÉCê¶bÉSÛÉSÛÉSÉS"ÛÉS"ÛÉS"ÉCíÛÉCíÛÉCê¶bÉS"ÛÉS"ÛÉS"ÉS2ÛÉS2ÛÉS2ÉCíÛÉCíÛÉCê¶bÉS2ÛÉS2ÛÉS2ÉSBÛÉSBÛÉSBÉCíÛÉCíÛÉCê¶bÉSBÛÉSBÛÉSBÉS2ÛÉS2ÛÉS2ÉSRÛÉSRÛÉSP¶bÉSÇÛÉSÇÛÉSÇÉSrÛÉSrÛÉSrÉSbÛÉSbÛÉS`¶bÉSíÛÉSíÛÉSíÉSÇÛÉSÇÛÉSÇÉSbÛÉSbÛÉS`¶bÉc"ÛÉc"ÛÉc"ÉcÛÉcÛÉcÉcÛÉcÛÉc ¶bÉcÛÉcÛÉcÉc2ÛÉc2ÛÉc2ÉcÛÉcÛÉc ¶bÉc2ÛÉc2ÛÉc2ÉcÛÉcÛÉcÉcBÛÉcBÛÉc@¶bÉcÛÉcÛÉcÉcRÛÉcRÛÉcRÉcBÛÉcBÛÉc@¶bÉcÇÛÉcÇÛÉcÇÉcrÛÉcrÛÉcrÉcbÛÉcbÛÉc`¶bÉcíÛÉcíÛÉcíÉcÇÛÉcÇÛÉcÇÉcbÛÉcbÛÉc`¶bÉsÛÉsÛÉsÉcíÛÉcíÛÉcíÉcbÛÉcbÛÉc`¶bÉsÛÉsÛÉsÉsÛÉsÛÉsÉcbÛÉcbÛÉc`¶bÉsÛÉsÛÉsÉsÛÉsÛÉsÉs"ÛÉs"ÛÉs ¶bÉsRÛÉsRÛÉsRÉsBÛÉsBÛÉsBÉs2ÛÉs2ÛÉs0¶bÉsbÛÉsbÛÉsbÉsRÛÉsRÛÉsRÉs2ÛÉs2ÛÉs0¶bÉsíÛÉsíÛÉsíÉsÇÛÉsÇÛÉsÇÉsrÛÉsrÛÉsp¶bÉÉÛÉÉÛÉÉÉsíÛÉsíÛÉsíÉsrÛÉsrÛÉsp¶bÉsíÛÉsíÛÉsíÉÉÛÉÉÛÉÉÉÉÛÉÉÛÉÉ¶bÉÉ"ÛÉÉ"ÛÉÉ"ÉsíÛÉsíÛÉsíÉÉÛÉÉÛÉÉ¶bÉÉ2ÛÉÉ2ÛÉÉ2ÉÉ"ÛÉÉ"ÛÉÉ"ÉÉÛÉÉÛÉÉ¶bÉÉBÛÉÉBÛÉÉBÉÉ2ÛÉÉ2ÛÉÉ2ÉÉÛÉÉÛÉÉ¶bÉÉRÛÉÉRÛÉÉRÉÉ2ÛÉÉ2ÛÉÉ2ÉÉBÛÉÉBÛÉÉ@¶bÉÉbÛÉÉbÛÉÉbÉÉRÛÉÉRÛÉÉRÉÉBÛÉÉBÛÉÉ@¶bÉÉíÛÉÉíÛÉÉíÉÉÇÛÉÉÇÛÉÉÇÉÉrÛÉÉrÛÉÉp¶bÉÉÇÛÉÉÇÛÉÉÇÉìÛÉìÛÉìÉÉrÛÉÉrÛÉÉp¶bÉìÛÉìÛÉìÉìÛÉìÛÉìÉÉrÛÉÉrÛÉÉp¶bÉìÛÉìÛÉìÉì"ÛÉì"ÛÉì"ÉÉrÛÉÉrÛÉÉp¶bÉÉrÛÉÉrÛÉÉrÉì"ÛÉì"ÛÉì"Éì2ÛÉì2ÛÉì0¶bÉì"ÛÉì"ÛÉì"ÉìBÛÉìBÛÉìBÉì2ÛÉì2ÛÉì0¶bÉìBÛÉìBÛÉìBÉìRÛÉìRÛÉìRÉì2ÛÉì2ÛÉì0¶bÉìRÛÉìRÛÉìRÉìBÛÉìBÛÉìBÉìbÛÉìbÛÉì`¶bÉìBÛÉìBÛÉìBÉìrÛÉìrÛÉìrÉìbÛÉìbÛÉì`¶bÉìrÛÉìrÛÉìrÉìÇÛÉìÇÛÉìÇÉìbÛÉìbÛÉì`¶bÉìÇÛÉìÇÛÉìÇÉìíÛÉìíÛÉìíÉìbÛÉìbÛÉì`¶bÉìíÛÉìíÛÉìíÉìÇÛÉìÇÛÉìÇìÛìÛì ¶bÉìÇÛÉìÇÛÉìÇìÛìÛììÛìÛì ¶bìÛìÛìì"Ûì"Ûì"ìÛìÛì ¶bì"Ûì"Ûì"ì2Ûì2Ûì2ìÛìÛì ¶bìbÛìbÛìbìRÛìRÛìRìBÛìBÛì@¶bìrÛìrÛìrìbÛìbÛìbìBÛìBÛì@¶bìÇÛìÇÛìÇìbÛìbÛìbìrÛìrÛìp¶bìíÛìíÛìíìÇÛìÇÛìÇìrÛìrÛìp¶bìÛìÛììíÛìíÛìíìrÛìrÛìp¶bì2Ûì2Ûì2ì"Ûì"Ûì"ìÛìÛì¶bì"Ûì"Ûì"ìBÛìBÛìBìÛìÛì¶bìÛìÛììBÛìBÛìBìRÛìRÛìP¶bìBÛìBÛìBìbÛìbÛìbìRÛìRÛìP¶bìbÛìbÛìbìBÛìBÛìBìrÛìrÛìp¶bìBÛìBÛìBìÇÛìÇÛìÇìrÛìrÛìp¶bìBÛìBÛìBì"Ûì"Ûì"ìÇÛìÇÛìÄ¶bì"Ûì"Ûì"ìíÛìíÛìíìÇÛìÇÛìÄ¶bì#"Ûì#"Ûì#"ì#Ûì#Ûì#ì#Ûì#Ûì# ¶bì#Ûì#Ûì#ì#2Ûì#2Ûì#2ì#Ûì#Ûì# ¶bì#2Ûì#2Ûì#2ì#BÛì#BÛì#Bì#Ûì#Ûì# ¶bì#BÛì#BÛì#Bì#RÛì#RÛì#Rì#Ûì#Ûì# ¶bì#bÛì#bÛì#bì#BÛì#BÛì#Bì#2Ûì#2Ûì#0¶bì#rÛì#rÛì#rì#bÛì#bÛì#bì#2Ûì#2Ûì#0¶bì#Ûì#Ûì#ì#ÇÛì#ÇÛì#Çì#2Ûì#2Ûì#0¶bì#ÇÛì#ÇÛì#Çì#rÛì#rÛì#rì#2Ûì#2Ûì#0¶bì#íÛì#íÛì#íì#rÛì#rÛì#rì#ÇÛì#ÇÛì#Ä¶bì3Ûì3Ûì3ì#íÛì#íÛì#íì#ÇÛì#ÇÛì#Ä¶bì#Ûì#Ûì#ì3Ûì3Ûì3ì#ÇÛì#ÇÛì#Ä¶bì3"Ûì3"Ûì3"ì3Ûì3Ûì3ì#ÇÛì#ÇÛì#Ä¶bì3Ûì3Ûì3ì3"Ûì3"Ûì3"ì#ÇÛì#ÇÛì#Ä¶bì32Ûì32Ûì32ì3Ûì3Ûì3ì3"Ûì3"Ûì3 ¶bì3BÛì3BÛì3Bì32Ûì32Ûì32ì3"Ûì3"Ûì3 ¶bì3RÛì3RÛì3Rì3BÛì3BÛì3Bì3"Ûì3"Ûì3 ¶bì3Ûì3Ûì3ì3RÛì3RÛì3Rì3"Ûì3"Ûì3 ¶bì3RÛì3RÛì3Rì3Ûì3Ûì3ì3bÛì3bÛì3`¶bì3íÛì3íÛì3íì3ÇÛì3ÇÛì3Çì3rÛì3rÛì3p¶bì3ÇÛì3ÇÛì3ÇìCÛìCÛìCì3rÛì3rÛì3p¶bìCÛìCÛìCìCÛìCÛìCì3rÛì3rÛì3p¶bìCÛìCÛìCìC"ÛìC"ÛìC"ì3rÛì3rÛì3p¶bìCÛìCÛìCì3ÇÛì3ÇÛì3ÇìC2ÛìC2ÛìC0¶bìCÛìCÛìCìCÛìCÛìCìC2ÛìC2ÛìC0¶bì3ÇÛì3ÇÛì3ÇìCBÛìCBÛìCBìC2ÛìC2ÛìC0¶bìCRÛìCRÛìCRìCÛìCÛìCìC2ÛìC2ÛìC0¶bìCÇÛìCÇÛìCÇìCrÛìCrÛìCrìCbÛìCbÛìC`¶bìCrÛìCrÛìCrìCíÛìCíÛìCíìCbÛìCbÛìC`¶bìCíÛìCíÛìCíìSÛìSÛìSìCbÛìCbÛìC`¶bìSÛìSÛìSìSÛìSÛìSìCbÛìCbÛìC`¶bìSÛìSÛìSìS"ÛìS"ÛìS"ìSÛìSÛìS¶bìS"ÛìS"ÛìS"ìS2ÛìS2ÛìS2ìSÛìSÛìS¶bìS"ÛìS"ÛìS"ìSBÛìSBÛìSBìS2ÛìS2ÛìS0¶bìS2ÛìS2ÛìS2ìSRÛìSRÛìSRìSÛìSÛìS¶bìSRÛìSRÛìSRìSbÛìSbÛìSbìSÛìSÛìS¶bìSÛìSÛìSìSbÛìSbÛìSbìCbÛìCbÛìC`¶bìSbÛìSbÛìSbìSrÛìSrÛìSrìCbÛìCbÛìC`¶bìCbÛìCbÛìCbìSrÛìSrÛìSrìSÇÛìSÇÛìSÄ¶bìSrÛìSrÛìSrìSíÛìSíÛìSíìSÇÛìSÇÛìSÄ¶bìc"Ûìc"Ûìc"ìcÛìcÛìcìcÛìcÛìc ¶bìc2Ûìc2Ûìc2ìc"Ûìc"Ûìc"ìcÛìcÛìc ¶bìcBÛìcBÛìcBìc2Ûìc2Ûìc2ìcÛìcÛìc ¶bìcRÛìcRÛìcRìcBÛìcBÛìcBìcÛìcÛìc ¶bìcÇÛìcÇÛìcÇìcrÛìcrÛìcrìcbÛìcbÛìc`¶bìcíÛìcíÛìcíìcÇÛìcÇÛìcÇìcbÛìcbÛìc`¶bìcíÛìcíÛìcíìsÛìsÛìsìsÛìsÛìs ¶bìcíÛìcíÛìcíìsÛìsÛìsìs"Ûìs"Ûìs ¶bìs2Ûìs2Ûìs2ìcíÛìcíÛìcíìs"Ûìs"Ûìs ¶bìs"Ûìs"Ûìs"ìsBÛìsBÛìsBìs2Ûìs2Ûìs0¶bìsrÛìsrÛìsrìsbÛìsbÛìsbìsRÛìsRÛìsP¶bìsÇÛìsÇÛìsÇìsrÛìsrÛìsrìsRÛìsRÛìsP¶bìÉÛìÉÛìÉìÉÛìÉÛìÉìsíÛìsíÛìsê¶bìÉ"ÛìÉ"ÛìÉ"ìÉÛìÉÛìÉìsíÛìsíÛìsê¶bìÉRÛìÉRÛìÉRìÉBÛìÉBÛìÉBìÉ2ÛìÉ2ÛìÉ0¶bìÉbÛìÉbÛìÉbìÉRÛìÉRÛìÉRìÉ2ÛìÉ2ÛìÉ0¶bìÉbÛìÉbÛìÉbìÉ2ÛìÉ2ÛìÉ2ìÉrÛìÉrÛìÉp¶bìÉÇÛìÉÇÛìÉÇìÉRÛìÉRÛìÉRìÉbÛìÉbÛìÉ`¶bìÉíÛìÉíÛìÉíìÉbÛìÉbÛìÉbìÉrÛìÉrÛìÉp¶bììÛììÛìììÉÇÛìÉÇÛìÉÇìÉbÛìÉbÛìÉ`¶bììÛììÛìììÉbÛìÉbÛìÉbìÉíÛìÉíÛìÉê¶bììÛììÛììììÛììÛìììÉíÛìÉíÛìÉê¶bììBÛììBÛììBìì2Ûìì2Ûìì2ìì"Ûìì"Ûìì ¶bììRÛììRÛììRììBÛììBÛììBìì"Ûìì"Ûìì ¶bììRÛììRÛììRìì"Ûìì"Ûìì"ììbÛììbÛìì`¶bììrÛììrÛììrììBÛììBÛììBììRÛììRÛììP¶bììÇÛììÇÛììÇììrÛììrÛììrììRÛììRÛììP¶bììíÛììíÛììíììRÛììRÛììRììbÛììbÛìì`¶bììÇÛììÇÛììÇììRÛììRÛììRììíÛììíÛììê¶b#Û#Û#ììÇÛììÇÛììÇììíÛììíÛììê¶b#Û#Û##Û#Û#ììíÛììíÛììê¶b#"Û#"Û#"#Û#Û#ììíÛììíÛììê¶b#RÛ#RÛ#R#BÛ#BÛ#B#2Û#2Û#0¶b#bÛ#bÛ#b#RÛ#RÛ#R#2Û#2Û#0¶b#RÛ#RÛ#R#bÛ#bÛ#b#rÛ#rÛ#p¶b#ÇÛ#ÇÛ#Ç#RÛ#RÛ#R#rÛ#rÛ#p¶b#ÇÛ#ÇÛ#Ç#rÛ#rÛ#r#íÛ#íÛ#ê¶b#Û#Û##ÇÛ#ÇÛ#Ç#íÛ#íÛ#ê¶b#2Û#2Û#2#"Û#"Û#"#Û#Û#¶b#"Û#"Û#"#BÛ#BÛ#B#Û#Û#¶b#BÛ#BÛ#B#"Û#"Û#"#RÛ#RÛ#P¶b#"Û#"Û#"#bÛ#bÛ#b#RÛ#RÛ#P¶b#RÛ#RÛ#R#bÛ#bÛ#b#rÛ#rÛ#p¶b#bÛ#bÛ#b#ÇÛ#ÇÛ#Ç#rÛ#rÛ#p¶b#ÇÛ#ÇÛ#Ç#íÛ#íÛ#í#rÛ#rÛ#p¶b##"Û##"Û##"##Û##Û####Û##Û## ¶b##Û##Û####2Û##2Û##2##Û##Û## ¶b##2Û##2Û##2##BÛ##BÛ##B##Û##Û## ¶b##BÛ##BÛ##B##RÛ##RÛ##R##Û##Û## ¶b##RÛ##RÛ##R##bÛ##bÛ##b##Û##Û## ¶b##ÇÛ##ÇÛ##Ç##2Û##2Û##2##rÛ##rÛ##p¶b##íÛ##íÛ##í##ÇÛ##ÇÛ##Ç##rÛ##rÛ##p¶b#3"Û#3"Û#3"#3Û#3Û#3#3Û#3Û#3 ¶b#32Û#32Û#32#3Û#3Û#3#3"Û#3"Û#3 ¶b#3BÛ#3BÛ#3B#32Û#32Û#32#3"Û#3"Û#3 ¶b#3rÛ#3rÛ#3r#3bÛ#3bÛ#3b#3RÛ#3RÛ#3P¶b#3ÇÛ#3ÇÛ#3Ç#3rÛ#3rÛ#3r#3RÛ#3RÛ#3P¶b#3ÇÛ#3ÇÛ#3Ç#3RÛ#3RÛ#3R#3íÛ#3íÛ#3ê¶b#CÛ#CÛ#C#3ÇÛ#3ÇÛ#3Ç#3íÛ#3íÛ#3ê¶b#CÛ#CÛ#C#3íÛ#3íÛ#3í#CÛ#CÛ#C¶b#C"Û#C"Û#C"#CÛ#CÛ#C#CÛ#CÛ#C¶b#C2Û#C2Û#C2#C"Û#C"Û#C"#CÛ#CÛ#C¶b#CBÛ#CBÛ#CB#C2Û#C2Û#C2#CÛ#CÛ#C¶b#C2Û#C2Û#C2#CRÛ#CRÛ#CR#C"Û#C"Û#C ¶b#CÇÛ#CÇÛ#CÇ#CrÛ#CrÛ#Cr#CbÛ#CbÛ#C`¶b#CíÛ#CíÛ#Cí#CÇÛ#CÇÛ#CÇ#CbÛ#CbÛ#C`¶b#S"Û#S"Û#S"#SÛ#SÛ#S#SÛ#SÛ#S ¶b#S2Û#S2Û#S2#S"Û#S"Û#S"#SÛ#SÛ#S ¶b#SBÛ#SBÛ#SB#S"Û#S"Û#S"#S2Û#S2Û#S0¶b#SRÛ#SRÛ#SR#SBÛ#SBÛ#SB#S2Û#S2Û#S0¶b#SRÛ#SRÛ#SR#S2Û#S2Û#S2#SbÛ#SbÛ#S`¶b#SrÛ#SrÛ#Sr#SRÛ#SRÛ#SR#SbÛ#SbÛ#S`¶b#cÛ#cÛ#c#SíÛ#SíÛ#Sí#SÇÛ#SÇÛ#SÄ¶b#SÇÛ#SÇÛ#SÇ#SíÛ#SíÛ#Sí#cÛ#cÛ#c¶b#SíÛ#SíÛ#Sí#c"Û#c"Û#c"#cÛ#cÛ#c¶b#c"Û#c"Û#c"#c2Û#c2Û#c2#cÛ#cÛ#c¶b#c2Û#c2Û#c2#cBÛ#cBÛ#cB#cÛ#cÛ#c¶b#cBÛ#cBÛ#cB#cRÛ#cRÛ#cR#cÛ#cÛ#c¶b#cRÛ#cRÛ#cR#cbÛ#cbÛ#cb#cÛ#cÛ#c¶b#cbÛ#cbÛ#cb#crÛ#crÛ#cr#cÛ#cÛ#c¶b#sÛ#sÛ#s#cíÛ#cíÛ#cí#cÇÛ#cÇÛ#cÄ¶b#sÛ#sÛ#s#sÛ#sÛ#s#cÇÛ#cÇÛ#cÄ¶b#sÛ#sÛ#s#cÇÛ#cÇÛ#cÇ#s"Û#s"Û#s ¶b#s2Û#s2Û#s2#sÛ#sÛ#s#s"Û#s"Û#s ¶b#s2Û#s2Û#s2#s"Û#s"Û#s"#sBÛ#sBÛ#s@¶b#sRÛ#sRÛ#sR#s2Û#s2Û#s2#sBÛ#sBÛ#s@¶b#sbÛ#sbÛ#sb#sRÛ#sRÛ#sR#sBÛ#sBÛ#s@¶b#srÛ#srÛ#sr#sbÛ#sbÛ#sb#sBÛ#sBÛ#s@¶b#ÉÛ#ÉÛ#É#síÛ#síÛ#sí#sÇÛ#sÇÛ#sÄ¶b#síÛ#síÛ#sí#ÉÛ#ÉÛ#É#sÇÛ#sÇÛ#sÄ¶b#ÉÛ#ÉÛ#É#É"Û#É"Û#É"#sÇÛ#sÇÛ#sÄ¶b#É"Û#É"Û#É"#É2Û#É2Û#É2#sÇÛ#sÇÛ#sÄ¶b#É2Û#É2Û#É2#ÉBÛ#ÉBÛ#ÉB#sÇÛ#sÇÛ#sÄ¶b#ÉrÛ#ÉrÛ#Ér#ÉbÛ#ÉbÛ#Éb#ÉRÛ#ÉRÛ#ÉP¶b#ÉÇÛ#ÉÇÛ#ÉÇ#ÉrÛ#ÉrÛ#Ér#ÉRÛ#ÉRÛ#ÉP¶b#ìÛ#ìÛ#ì#ìÛ#ìÛ#ì#ÉíÛ#ÉíÛ#Éê¶b#ÉíÛ#ÉíÛ#Éí#ìÛ#ìÛ#ì#ì"Û#ì"Û#ì ¶b#ìRÛ#ìRÛ#ìR#ìBÛ#ìBÛ#ìB#ì2Û#ì2Û#ì0¶b#ìbÛ#ìbÛ#ìb#ìRÛ#ìRÛ#ìR#ì2Û#ì2Û#ì0¶b#ìrÛ#ìrÛ#ìr#ìbÛ#ìbÛ#ìb#ì2Û#ì2Û#ì0¶b#ìÇÛ#ìÇÛ#ìÇ#ìbÛ#ìbÛ#ìb#ìrÛ#ìrÛ#ìp¶b#ìíÛ#ìíÛ#ìí#ìÇÛ#ìÇÛ#ìÇ#ìrÛ#ìrÛ#ìp¶b#"Û#"Û#"#Û#Û##Û#Û# ¶b#2Û#2Û#2#"Û#"Û#"#Û#Û# ¶b#bÛ#bÛ#b#RÛ#RÛ#R#BÛ#BÛ#@¶b#rÛ#rÛ#r#bÛ#bÛ#b#BÛ#BÛ#@¶b#ÇÛ#ÇÛ#Ç#rÛ#rÛ#r#BÛ#BÛ#@¶b#íÛ#íÛ#í#ÇÛ#ÇÛ#Ç#BÛ#BÛ#@¶b#"Û#"Û#"#Û#Û##Û#Û# ¶b#2Û#2Û#2#"Û#"Û#"#Û#Û# ¶b#2Û#2Û#2#Û#Û##BÛ#BÛ#@¶b#"Û#"Û#"#2Û#2Û#2#RÛ#RÛ#P¶b#bÛ#bÛ#b#"Û#"Û#"#RÛ#RÛ#P¶b#RÛ#RÛ#R#2Û#2Û#2#rÛ#rÛ#p¶b#ÇÛ#ÇÛ#Ç#2Û#2Û#2#BÛ#BÛ#@¶b#2Û#2Û#2#ÇÛ#ÇÛ#Ç#rÛ#rÛ#p¶b#rÛ#rÛ#r#ÇÛ#ÇÛ#Ç#íÛ#íÛ#ê¶b#ÇÛ#ÇÛ#Ç##Û##Û###íÛ#íÛ#ê¶b#ÇÛ#ÇÛ#Ç#BÛ#BÛ#B##Û##Û##¶b##Û##Û###ÇÛ#ÇÛ#Ç##Û##Û##¶b##"Û##"Û##"##Û##Û####Û##Û##¶b##2Û##2Û##2##"Û##"Û##"##Û##Û##¶b##bÛ##bÛ##b##RÛ##RÛ##R##BÛ##BÛ##@¶b##RÛ##RÛ##R##rÛ##rÛ##r##BÛ##BÛ##@¶b##BÛ##BÛ##B##rÛ##rÛ##r##ÇÛ##ÇÛ##Ä¶b##rÛ##rÛ##r##íÛ##íÛ##í##ÇÛ##ÇÛ##Ä¶b##ÇÛ##ÇÛ##Ç##íÛ##íÛ##í#3Û#3Û#3 ¶b##íÛ##íÛ##í#3Û#3Û#3#3Û#3Û#3 ¶b#3Û#3Û#3#3"Û#3"Û#3"#3Û#3Û#3 ¶b#3"Û#3"Û#3"#32Û#32Û#32#3Û#3Û#3 ¶b#3bÛ#3bÛ#3b#3RÛ#3RÛ#3R#3BÛ#3BÛ#3@¶b#3RÛ#3RÛ#3R#3rÛ#3rÛ#3r#3BÛ#3BÛ#3@¶b#3rÛ#3rÛ#3r#3RÛ#3RÛ#3R#3ÇÛ#3ÇÛ#3Ä¶b#3RÛ#3RÛ#3R#3íÛ#3íÛ#3í#3ÇÛ#3ÇÛ#3Ä¶b#C"Û#C"Û#C"#CÛ#CÛ#C#CÛ#CÛ#C ¶b#CÛ#CÛ#C#C2Û#C2Û#C2#CÛ#CÛ#C ¶b#C2Û#C2Û#C2#CÛ#CÛ#C#CBÛ#CBÛ#C@¶b#CÛ#CÛ#C#CRÛ#CRÛ#CR#CBÛ#CBÛ#C@¶b#CÇÛ#CÇÛ#CÇ#CrÛ#CrÛ#Cr#CbÛ#CbÛ#C`¶b#CíÛ#CíÛ#Cí#CÇÛ#CÇÛ#CÇ#CbÛ#CbÛ#C`¶b#S"Û#S"Û#S"#SÛ#SÛ#S#SÛ#SÛ#S ¶b#S2Û#S2Û#S2#S"Û#S"Û#S"#SÛ#SÛ#S ¶b#S"Û#S"Û#S"#S2Û#S2Û#S2#SBÛ#SBÛ#S@¶b#SRÛ#SRÛ#SR#S"Û#S"Û#S"#SBÛ#SBÛ#S@¶b#SÇÛ#SÇÛ#SÇ#SrÛ#SrÛ#Sr#SbÛ#SbÛ#S`¶b#SrÛ#SrÛ#Sr#SíÛ#SíÛ#Sí#SbÛ#SbÛ#S`¶b#SíÛ#SíÛ#Sí#SrÛ#SrÛ#Sr#cÛ#cÛ#c ¶b#SrÛ#SrÛ#Sr#cÛ#cÛ#c#cÛ#cÛ#c ¶b#cBÛ#cBÛ#cB#c2Û#c2Û#c2#c"Û#c"Û#c ¶b#cRÛ#cRÛ#cR#cBÛ#cBÛ#cB#c"Û#c"Û#c ¶b#cÇÛ#cÇÛ#cÇ#crÛ#crÛ#cr#cbÛ#cbÛ#c`¶b#cíÛ#cíÛ#cí#cÇÛ#cÇÛ#cÇ#cbÛ#cbÛ#c`¶b#sÛ#sÛ#s#cíÛ#cíÛ#cí#cbÛ#cbÛ#c`¶b#s2Û#s2Û#s2#s"Û#s"Û#s"#sÛ#sÛ#s¶b#sBÛ#sBÛ#sB#s2Û#s2Û#s2#sÛ#sÛ#s¶b#srÛ#srÛ#sr#sbÛ#sbÛ#sb#sRÛ#sRÛ#sP¶b#sRÛ#sRÛ#sR#sbÛ#sbÛ#sb#sÇÛ#sÇÛ#sÄ¶b#sbÛ#sbÛ#sb#síÛ#síÛ#sí#sÇÛ#sÇÛ#sÄ¶b#síÛ#síÛ#sí#ÉÛ#ÉÛ#É#sÇÛ#sÇÛ#sÄ¶b#sRÛ#sRÛ#sR#sÇÛ#sÇÛ#sÇ#ÉÛ#ÉÛ#É¶b#sÇÛ#sÇÛ#sÇ#ÉÛ#ÉÛ#É#ÉÛ#ÉÛ#É¶b#É"Û#É"Û#É"#sRÛ#sRÛ#sR#ÉÛ#ÉÛ#É¶b#ÉÛ#ÉÛ#É#É2Û#É2Û#É2#ÉÛ#ÉÛ#É¶b#ÉbÛ#ÉbÛ#Éb#ÉRÛ#ÉRÛ#ÉR#ÉBÛ#ÉBÛ#É@¶b#ÉrÛ#ÉrÛ#Ér#ÉbÛ#ÉbÛ#Éb#ÉBÛ#ÉBÛ#É@¶b#ÉbÛ#ÉbÛ#Éb#ÉrÛ#ÉrÛ#Ér#ÉÇÛ#ÉÇÛ#ÉÄ¶b#ÉíÛ#ÉíÛ#Éí#ÉbÛ#ÉbÛ#Éb#ÉÇÛ#ÉÇÛ#ÉÄ¶b#ì"Û#ì"Û#ì"#ìÛ#ìÛ#ì#ìÛ#ìÛ#ì ¶b#ì2Û#ì2Û#ì2#ì"Û#ì"Û#ì"#ìÛ#ìÛ#ì ¶b#ìbÛ#ìbÛ#ìb#ìRÛ#ìRÛ#ìR#ìBÛ#ìBÛ#ì@¶b#ìrÛ#ìrÛ#ìr#ìbÛ#ìbÛ#ìb#ìBÛ#ìBÛ#ì@¶b##Û##Û###ìíÛ#ìíÛ#ìí#ìÇÛ#ìÇÛ#ìÄ¶b##Û##Û####Û##Û###ìÇÛ#ìÇÛ#ìÄ¶b##BÛ##BÛ##B##2Û##2Û##2##"Û##"Û## ¶b##2Û##2Û##2##RÛ##RÛ##R##"Û##"Û## ¶b##RÛ##RÛ##R##bÛ##bÛ##b##"Û##"Û## ¶b##bÛ##bÛ##b##rÛ##rÛ##r##"Û##"Û## ¶b##rÛ##rÛ##r##ÇÛ##ÇÛ##Ç##"Û##"Û## ¶b##ÇÛ##ÇÛ##Ç##íÛ##íÛ##í##"Û##"Û## ¶b##Û##Û####Û##Û####ÇÛ##ÇÛ##Ä¶b##"Û##"Û##"##Û##Û####ÇÛ##ÇÛ##Ä¶b##RÛ##RÛ##R##BÛ##BÛ##B##2Û##2Û##0¶b##BÛ##BÛ##B##bÛ##bÛ##b##2Û##2Û##0¶b##2Û##2Û##2##bÛ##bÛ##b##rÛ##rÛ##p¶b##bÛ##bÛ##b##ÇÛ##ÇÛ##Ç##rÛ##rÛ##p¶b##ÇÛ##ÇÛ##Ç##íÛ##íÛ##í##rÛ##rÛ##p¶b##íÛ##íÛ##í###Û###Û#####rÛ##rÛ##p¶b###2Û###2Û###2###"Û###"Û###"###Û###Û###¶b###2Û###2Û###2###Û###Û######BÛ###BÛ###@¶b###rÛ###rÛ###r###bÛ###bÛ###b###RÛ###RÛ###P¶b###ÇÛ###ÇÛ###Ç###rÛ###rÛ###r###RÛ###RÛ###P¶b###íÛ###íÛ###í###ÇÛ###ÇÛ###Ç###RÛ###RÛ###P¶b##3Û##3Û##3###íÛ###íÛ###í###RÛ###RÛ###P¶b##32Û##32Û##32##3"Û##3"Û##3"##3Û##3Û##3¶b##32Û##32Û##32##3Û##3Û##3##3BÛ##3BÛ##3@¶b##3RÛ##3RÛ##3R##32Û##32Û##32##3BÛ##3BÛ##3@¶b##32Û##32Û##32##3RÛ##3RÛ##3R##3bÛ##3bÛ##3`¶b##3rÛ##3rÛ##3r##32Û##32Û##32##3bÛ##3bÛ##3`¶b##3ÇÛ##3ÇÛ##3Ç##32Û##32Û##32##3rÛ##3rÛ##3p¶b##CÛ##CÛ##C##CÛ##CÛ##C##3íÛ##3íÛ##3ê¶b##C"Û##C"Û##C"##CÛ##CÛ##C##3íÛ##3íÛ##3ê¶b##C2Û##C2Û##C2##C"Û##C"Û##C"##3íÛ##3íÛ##3ê¶b##CBÛ##CBÛ##CB##C2Û##C2Û##C2##3íÛ##3íÛ##3ê¶b##CrÛ##CrÛ##Cr##CbÛ##CbÛ##Cb##CRÛ##CRÛ##CP¶b##CÇÛ##CÇÛ##CÇ##CrÛ##CrÛ##Cr##CRÛ##CRÛ##CP¶b##CRÛ##CRÛ##CR##CíÛ##CíÛ##Cí##CÇÛ##CÇÛ##CÄ¶b##CíÛ##CíÛ##Cí##SÛ##SÛ##S##CÇÛ##CÇÛ##CÄ¶b##SÛ##SÛ##S##SÛ##SÛ##S##CÇÛ##CÇÛ##CÄ¶b##CÇÛ##CÇÛ##CÇ##SÛ##SÛ##S##CrÛ##CrÛ##Cp¶b##SÛ##SÛ##S##S"Û##S"Û##S"##CrÛ##CrÛ##Cp¶b##SRÛ##SRÛ##SR##SBÛ##SBÛ##SB##S2Û##S2Û##S0¶b##SBÛ##SBÛ##SB##SbÛ##SbÛ##Sb##S2Û##S2Û##S0¶b##S2Û##S2Û##S2##SbÛ##SbÛ##Sb##SrÛ##SrÛ##Sp¶b##SbÛ##SbÛ##Sb##SÇÛ##SÇÛ##SÇ##SrÛ##SrÛ##Sp¶b##cÛ##cÛ##c##cÛ##cÛ##c##SíÛ##SíÛ##Sê¶b##c"Û##c"Û##c"##cÛ##cÛ##c##SíÛ##SíÛ##Sê¶b##cRÛ##cRÛ##cR##cBÛ##cBÛ##cB##c2Û##c2Û##c0¶b##cRÛ##cRÛ##cR##c2Û##c2Û##c2##cbÛ##cbÛ##c`¶b##cíÛ##cíÛ##cí##cÇÛ##cÇÛ##cÇ##crÛ##crÛ##cp¶b##sÛ##sÛ##s##cíÛ##cíÛ##cí##crÛ##crÛ##cp¶b##s2Û##s2Û##s2##s"Û##s"Û##s"##sÛ##sÛ##s¶b##sBÛ##sBÛ##sB##s2Û##s2Û##s2##sÛ##sÛ##s¶b##srÛ##srÛ##sr##sbÛ##sbÛ##sb##sRÛ##sRÛ##sP¶b##sÇÛ##sÇÛ##sÇ##srÛ##srÛ##sr##sRÛ##sRÛ##sP¶b##síÛ##síÛ##sí##sÇÛ##sÇÛ##sÇ##sRÛ##sRÛ##sP¶b##ÉÛ##ÉÛ##É##srÛ##srÛ##sr##sÇÛ##sÇÛ##sÄ¶b##síÛ##síÛ##sí##ÉÛ##ÉÛ##É##sÇÛ##sÇÛ##sÄ¶b##É"Û##É"Û##É"##ÉÛ##ÉÛ##É##sÇÛ##sÇÛ##sÄ¶b##ÉÛ##ÉÛ##É##É"Û##É"Û##É"##sÇÛ##sÇÛ##sÄ¶b##ÉRÛ##ÉRÛ##ÉR##ÉBÛ##ÉBÛ##ÉB##É2Û##É2Û##É0¶b##ÉbÛ##ÉbÛ##Éb##ÉRÛ##ÉRÛ##ÉR##É2Û##É2Û##É0¶b##ÉrÛ##ÉrÛ##Ér##ÉbÛ##ÉbÛ##Éb##É2Û##É2Û##É0¶b##ìÛ##ìÛ##ì##ÉíÛ##ÉíÛ##Éí##ÉÇÛ##ÉÇÛ##ÉÄ¶b##ìÛ##ìÛ##ì##ìÛ##ìÛ##ì##ÉÇÛ##ÉÇÛ##ÉÄ¶b##ìBÛ##ìBÛ##ìB##ì2Û##ì2Û##ì2##ì"Û##ì"Û##ì ¶b##ìRÛ##ìRÛ##ìR##ìBÛ##ìBÛ##ìB##ì"Û##ì"Û##ì ¶b##ìÇÛ##ìÇÛ##ìÇ##ìrÛ##ìrÛ##ìr##ìbÛ##ìbÛ##ì`¶b##ìíÛ##ìíÛ##ìí##ìÇÛ##ìÇÛ##ìÇ##ìbÛ##ìbÛ##ì`¶b#3"Û#3"Û#3"#3Û#3Û#3#3Û#3Û#3 ¶b#32Û#32Û#32#3"Û#3"Û#3"#3Û#3Û#3 ¶b#3bÛ#3bÛ#3b#3RÛ#3RÛ#3R#3BÛ#3BÛ#3@¶b#3RÛ#3RÛ#3R#3rÛ#3rÛ#3r#3BÛ#3BÛ#3@¶b#3rÛ#3rÛ#3r#3ÇÛ#3ÇÛ#3Ç#3BÛ#3BÛ#3@¶b#3ÇÛ#3ÇÛ#3Ç#3íÛ#3íÛ#3í#3BÛ#3BÛ#3@¶b#3ÇÛ#3ÇÛ#3Ç#3Û#3Û#3#3íÛ#3íÛ#3ê¶b#3Û#3Û#3#3Û#3Û#3#3íÛ#3íÛ#3ê¶b#3BÛ#3BÛ#3B#32Û#32Û#32#3"Û#3"Û#3 ¶b#3RÛ#3RÛ#3R#3BÛ#3BÛ#3B#3"Û#3"Û#3 ¶b#3ÇÛ#3ÇÛ#3Ç#3rÛ#3rÛ#3r#3bÛ#3bÛ#3`¶b#3íÛ#3íÛ#3í#3ÇÛ#3ÇÛ#3Ç#3bÛ#3bÛ#3`¶b#3#"Û#3#"Û#3#"#3#Û#3#Û#3##3#Û#3#Û#3# ¶b#3#Û#3#Û#3##3#2Û#3#2Û#3#2#3#Û#3#Û#3# ¶b#3#2Û#3#2Û#3#2#3#BÛ#3#BÛ#3#B#3#Û#3#Û#3# ¶b#3#2Û#3#2Û#3#2#3#Û#3#Û#3##3#RÛ#3#RÛ#3#P¶b#3#Û#3#Û#3##3#bÛ#3#bÛ#3#b#3#RÛ#3#RÛ#3#P¶b#3#íÛ#3#íÛ#3#í#3#ÇÛ#3#ÇÛ#3#Ç#3#rÛ#3#rÛ#3#p¶b#33Û#33Û#33#3#íÛ#3#íÛ#3#í#3#rÛ#3#rÛ#3#p¶b#33Û#33Û#33#3#rÛ#3#rÛ#3#r#33Û#33Û#33¶b#33"Û#33"Û#33"#33Û#33Û#33#33Û#33Û#33¶b#33"Û#33"Û#33"#33Û#33Û#33#332Û#332Û#330¶b#33BÛ#33BÛ#33B#33"Û#33"Û#33"#332Û#332Û#330¶b#33RÛ#33RÛ#33R#33BÛ#33BÛ#33B#332Û#332Û#330¶b#33bÛ#33bÛ#33b#33RÛ#33RÛ#33R#332Û#332Û#330¶b#33íÛ#33íÛ#33í#33ÇÛ#33ÇÛ#33Ç#33rÛ#33rÛ#33p¶b#3CÛ#3CÛ#3C#33íÛ#33íÛ#33í#33rÛ#33rÛ#33p¶b#3C2Û#3C2Û#3C2#3C"Û#3C"Û#3C"#3CÛ#3CÛ#3C¶b#3CBÛ#3CBÛ#3CB#3C2Û#3C2Û#3C2#3CÛ#3CÛ#3C¶b#3CrÛ#3CrÛ#3Cr#3CbÛ#3CbÛ#3Cb#3CRÛ#3CRÛ#3CP¶b#3CÇÛ#3CÇÛ#3CÇ#3CrÛ#3CrÛ#3Cr#3CRÛ#3CRÛ#3CP¶b#3SÛ#3SÛ#3S#3SÛ#3SÛ#3S#3CíÛ#3CíÛ#3Cê¶b#3S"Û#3S"Û#3S"#3SÛ#3SÛ#3S#3CíÛ#3CíÛ#3Cê¶b#3S2Û#3S2Û#3S2#3S"Û#3S"Û#3S"#3CíÛ#3CíÛ#3Cê¶b#3CíÛ#3CíÛ#3Cí#3SBÛ#3SBÛ#3SB#3S2Û#3S2Û#3S0¶b#3SBÛ#3SBÛ#3SB#3SRÛ#3SRÛ#3SR#3S2Û#3S2Û#3S0¶b#3SRÛ#3SRÛ#3SR#3SbÛ#3SbÛ#3Sb#3S2Û#3S2Û#3S0¶b#3SíÛ#3SíÛ#3Sí#3SÇÛ#3SÇÛ#3SÇ#3SrÛ#3SrÛ#3Sp¶b#3SÇÛ#3SÇÛ#3SÇ#3cÛ#3cÛ#3c#3SrÛ#3SrÛ#3Sp¶b#3cÛ#3cÛ#3c#3cÛ#3cÛ#3c#3SrÛ#3SrÛ#3Sp¶b#3cÛ#3cÛ#3c#3c"Û#3c"Û#3c"#3SrÛ#3SrÛ#3Sp¶b#3cRÛ#3cRÛ#3cR#3cBÛ#3cBÛ#3cB#3c2Û#3c2Û#3c0¶b#3cbÛ#3cbÛ#3cb#3cRÛ#3cRÛ#3cR#3c2Û#3c2Û#3c0¶b#3cíÛ#3cíÛ#3cí#3cÇÛ#3cÇÛ#3cÇ#3crÛ#3crÛ#3cp¶b#3sÛ#3sÛ#3s#3cíÛ#3cíÛ#3cí#3crÛ#3crÛ#3cp¶b#3s2Û#3s2Û#3s2#3s"Û#3s"Û#3s"#3sÛ#3sÛ#3s¶b#3sBÛ#3sBÛ#3sB#3s2Û#3s2Û#3s2#3sÛ#3sÛ#3s¶b#3srÛ#3srÛ#3sr#3sbÛ#3sbÛ#3sb#3sRÛ#3sRÛ#3sP¶b#3sÇÛ#3sÇÛ#3sÇ#3srÛ#3srÛ#3sr#3sRÛ#3sRÛ#3sP¶b#3ÉÛ#3ÉÛ#3É#3ÉÛ#3ÉÛ#3É#3síÛ#3síÛ#3sê¶b#3É"Û#3É"Û#3É"#3ÉÛ#3ÉÛ#3É#3síÛ#3síÛ#3sê¶b#3ÉRÛ#3ÉRÛ#3ÉR#3ÉBÛ#3ÉBÛ#3ÉB#3É2Û#3É2Û#3É0¶b#3ÉbÛ#3ÉbÛ#3Éb#3ÉRÛ#3ÉRÛ#3ÉR#3É2Û#3É2Û#3É0¶b#3ÉíÛ#3ÉíÛ#3Éí#3ÉÇÛ#3ÉÇÛ#3ÉÇ#3ÉrÛ#3ÉrÛ#3Ép¶b#3ìÛ#3ìÛ#3ì#3ÉíÛ#3ÉíÛ#3Éí#3ÉrÛ#3ÉrÛ#3Ép¶b#3ìÛ#3ìÛ#3ì#3ÉíÛ#3ÉíÛ#3Éí#3ìÛ#3ìÛ#3ì ¶b#3ì"Û#3ì"Û#3ì"#3ìÛ#3ìÛ#3ì#3ìÛ#3ìÛ#3ì ¶b#3ì2Û#3ì2Û#3ì2#3ì"Û#3ì"Û#3ì"#3ìÛ#3ìÛ#3ì ¶b#3ìBÛ#3ìBÛ#3ìB#3ì2Û#3ì2Û#3ì2#3ìÛ#3ìÛ#3ì ¶b#3ìrÛ#3ìrÛ#3ìr#3ìbÛ#3ìbÛ#3ìb#3ìRÛ#3ìRÛ#3ìP¶b#3ìbÛ#3ìbÛ#3ìb#3ìÇÛ#3ìÇÛ#3ìÇ#3ìRÛ#3ìRÛ#3ìP¶b#3ìÇÛ#3ìÇÛ#3ìÇ#3ìíÛ#3ìíÛ#3ìí#3ìRÛ#3ìRÛ#3ìP¶b#C"Û#C"Û#C"#CÛ#CÛ#C#CÛ#CÛ#C ¶b#C2Û#C2Û#C2#C"Û#C"Û#C"#CÛ#CÛ#C ¶b#CbÛ#CbÛ#Cb#CRÛ#CRÛ#CR#CBÛ#CBÛ#C@¶b#CrÛ#CrÛ#Cr#CbÛ#CbÛ#Cb#CBÛ#CBÛ#C@¶b#CÛ#CÛ#C#CíÛ#CíÛ#Cí#CÇÛ#CÇÛ#CÄ¶b#CíÛ#CíÛ#Cí#CÛ#CÛ#C#CÇÛ#CÇÛ#CÄ¶b#CíÛ#CíÛ#Cí#C"Û#C"Û#C"#CÛ#CÛ#C¶b#C"Û#C"Û#C"#C2Û#C2Û#C2#CÛ#CÛ#C¶b#C2Û#C2Û#C2#CBÛ#CBÛ#CB#CÛ#CÛ#C¶b#CrÛ#CrÛ#Cr#CbÛ#CbÛ#Cb#CRÛ#CRÛ#CP¶b#CbÛ#CbÛ#Cb#CÇÛ#CÇÛ#CÇ#CRÛ#CRÛ#CP¶b#CbÛ#CbÛ#Cb#CíÛ#CíÛ#Cí#CÇÛ#CÇÛ#CÄ¶b#CíÛ#CíÛ#Cí#C#Û#C#Û#C##CÇÛ#CÇÛ#CÄ¶b#C#Û#C#Û#C##C#Û#C#Û#C##CÇÛ#CÇÛ#CÄ¶b#C#Û#C#Û#C##C#"Û#C#"Û#C#"#CÇÛ#CÇÛ#CÄ¶b#C#"Û#C#"Û#C#"#C#2Û#C#2Û#C#2#CÇÛ#CÇÛ#CÄ¶b#CÇÛ#CÇÛ#CÇ#C#2Û#C#2Û#C#2#CRÛ#CRÛ#CP¶b#C#2Û#C#2Û#C#2#C#BÛ#C#BÛ#C#B#CRÛ#CRÛ#CP¶b#C#rÛ#C#rÛ#C#r#C#bÛ#C#bÛ#C#b#C#RÛ#C#RÛ#C#P¶b#C#ÇÛ#C#ÇÛ#C#Ç#C#rÛ#C#rÛ#C#r#C#RÛ#C#RÛ#C#P¶b#C3Û#C3Û#C3#C3Û#C3Û#C3#C#íÛ#C#íÛ#C#ê¶b#C3Û#C3Û#C3#C3"Û#C3"Û#C3"#C#íÛ#C#íÛ#C#ê¶b#C#íÛ#C#íÛ#C#í#C3"Û#C3"Û#C3"#C32Û#C32Û#C30¶b#C3"Û#C3"Û#C3"#C3BÛ#C3BÛ#C3B#C32Û#C32Û#C30¶b#C3BÛ#C3BÛ#C3B#C3RÛ#C3RÛ#C3R#C32Û#C32Û#C30¶b#C3RÛ#C3RÛ#C3R#C3BÛ#C3BÛ#C3B#C3bÛ#C3bÛ#C3`¶b#C3BÛ#C3BÛ#C3B#C3rÛ#C3rÛ#C3r#C3bÛ#C3bÛ#C3`¶b#C3bÛ#C3bÛ#C3b#C3rÛ#C3rÛ#C3r#C3ÇÛ#C3ÇÛ#C3Ä¶b#C3rÛ#C3rÛ#C3r#C3íÛ#C3íÛ#C3í#C3ÇÛ#C3ÇÛ#C3Ä¶b#C3íÛ#C3íÛ#C3í#CCÛ#CCÛ#CC#C3ÇÛ#C3ÇÛ#C3Ä¶b#CCÛ#CCÛ#CC#CCÛ#CCÛ#CC#C3ÇÛ#C3ÇÛ#C3Ä¶b#CCÛ#CCÛ#CC#CCÛ#CCÛ#CC#CC"Û#CC"Û#CC ¶b#CCÛ#CCÛ#CC#CC2Û#CC2Û#CC2#CC"Û#CC"Û#CC ¶b#CC2Û#CC2Û#CC2#CCBÛ#CCBÛ#CCB#CC"Û#CC"Û#CC ¶b#CCBÛ#CCBÛ#CCB#CC2Û#CC2Û#CC2#CCRÛ#CCRÛ#CCP¶b#CC2Û#CC2Û#CC2#CCbÛ#CCbÛ#CCb#CCRÛ#CCRÛ#CCP¶b#CCbÛ#CCbÛ#CCb#CCrÛ#CCrÛ#CCr#CCRÛ#CCRÛ#CCP¶b#CCrÛ#CCrÛ#CCr#CCÇÛ#CCÇÛ#CCÇ#C#íÛ#C#íÛ#C#ê¶b#CCÇÛ#CCÇÛ#CCÇ#CCíÛ#CCíÛ#CCí#C#íÛ#C#íÛ#C#ê¶b#CS"Û#CS"Û#CS"#CSÛ#CSÛ#CS#CSÛ#CSÛ#CS ¶b#CSÛ#CSÛ#CS#CS2Û#CS2Û#CS2#CSÛ#CSÛ#CS ¶b#CS2Û#CS2Û#CS2#CSBÛ#CSBÛ#CSB#CSÛ#CSÛ#CS ¶b#CS2Û#CS2Û#CS2#CSRÛ#CSRÛ#CSR#CSBÛ#CSBÛ#CS@¶b#CSRÛ#CSRÛ#CSR#CS2Û#CS2Û#CS2#CSbÛ#CSbÛ#CS`¶b#CSíÛ#CSíÛ#CSí#CSÇÛ#CSÇÛ#CSÇ#CSrÛ#CSrÛ#CSp¶b#CSÇÛ#CSÇÛ#CSÇ#CcÛ#CcÛ#Cc#CSrÛ#CSrÛ#CSp¶b#CcÛ#CcÛ#Cc#CcÛ#CcÛ#Cc#CSrÛ#CSrÛ#CSp¶b#CcÛ#CcÛ#Cc#Cc"Û#Cc"Û#Cc"#CSrÛ#CSrÛ#CSp¶b#Cc"Û#Cc"Û#Cc"#Cc2Û#Cc2Û#Cc2#CSrÛ#CSrÛ#CSp¶b#CSrÛ#CSrÛ#CSr#Cc2Û#Cc2Û#Cc2#CcBÛ#CcBÛ#Cc@¶b#Cc2Û#Cc2Û#Cc2#CcRÛ#CcRÛ#CcR#CcBÛ#CcBÛ#Cc@¶b#CcRÛ#CcRÛ#CcR#CcbÛ#CcbÛ#Ccb#CcBÛ#CcBÛ#Cc@¶b#CcbÛ#CcbÛ#Ccb#CcrÛ#CcrÛ#Ccr#CcBÛ#CcBÛ#Cc@¶b#CcrÛ#CcrÛ#Ccr#CcÇÛ#CcÇÛ#CcÇ#CcBÛ#CcBÛ#Cc@¶b#CcÇÛ#CcÇÛ#CcÇ#CcíÛ#CcíÛ#Ccí#CcBÛ#CcBÛ#Cc@¶b#Cs"Û#Cs"Û#Cs"#CsÛ#CsÛ#Cs#CsÛ#CsÛ#Cs ¶b#Cs2Û#Cs2Û#Cs2#Cs"Û#Cs"Û#Cs"#CsÛ#CsÛ#Cs ¶b#Cs"Û#Cs"Û#Cs"#Cs2Û#Cs2Û#Cs2#CsBÛ#CsBÛ#Cs@¶b#CsrÛ#CsrÛ#Csr#CsbÛ#CsbÛ#Csb#CsRÛ#CsRÛ#CsP¶b#CsrÛ#CsrÛ#Csr#CsRÛ#CsRÛ#CsR#CsÇÛ#CsÇÛ#CsÄ¶b#CsRÛ#CsRÛ#CsR#CsíÛ#CsíÛ#Csí#CsÇÛ#CsÇÛ#CsÄ¶b#CsíÛ#CsíÛ#Csí#CsRÛ#CsRÛ#CsR#CÉÛ#CÉÛ#CÉ ¶b#CÉÛ#CÉÛ#CÉ#CsíÛ#CsíÛ#Csí#CÉÛ#CÉÛ#CÉ ¶b#CsRÛ#CsRÛ#CsR#CÉ"Û#CÉ"Û#CÉ"#CÉÛ#CÉÛ#CÉ ¶b#CÉRÛ#CÉRÛ#CÉR#CÉBÛ#CÉBÛ#CÉB#CÉ2Û#CÉ2Û#CÉ0¶b#CÉRÛ#CÉRÛ#CÉR#CÉ2Û#CÉ2Û#CÉ2#CÉbÛ#CÉbÛ#CÉ`¶b#CÉíÛ#CÉíÛ#CÉí#CÉÇÛ#CÉÇÛ#CÉÇ#CÉrÛ#CÉrÛ#CÉp¶b#CÉÇÛ#CÉÇÛ#CÉÇ#CìÛ#CìÛ#Cì#CÉrÛ#CÉrÛ#CÉp¶b#CìÛ#CìÛ#Cì#CìÛ#CìÛ#Cì#CÉÇÛ#CÉÇÛ#CÉÄ¶b#CÉrÛ#CÉrÛ#CÉr#CìÛ#CìÛ#Cì#Cì"Û#Cì"Û#Cì ¶b#Cì"Û#Cì"Û#Cì"#Cì2Û#Cì2Û#Cì2#CÉrÛ#CÉrÛ#CÉp¶b#Cì2Û#Cì2Û#Cì2#CìBÛ#CìBÛ#CìB#CÉrÛ#CÉrÛ#CÉp¶b#CìrÛ#CìrÛ#Cìr#CìbÛ#CìbÛ#Cìb#CìRÛ#CìRÛ#CìP¶b#CìÇÛ#CìÇÛ#CìÇ#CìrÛ#CìrÛ#Cìr#CìRÛ#CìRÛ#CìP¶b#SÛ#SÛ#S#SÛ#SÛ#S#CìíÛ#CìíÛ#Cìê¶b#S"Û#S"Û#S"#SÛ#SÛ#S#CìíÛ#CìíÛ#Cìê¶b#SRÛ#SRÛ#SR#SBÛ#SBÛ#SB#S2Û#S2Û#S0¶b#SbÛ#SbÛ#Sb#SRÛ#SRÛ#SR#S2Û#S2Û#S0¶b#SíÛ#SíÛ#Sí#SÇÛ#SÇÛ#SÇ#SrÛ#SrÛ#Sp¶b#SrÛ#SrÛ#Sr#SÇÛ#SÇÛ#SÇ#SÛ#SÛ#S ¶b#S2Û#S2Û#S2#S"Û#S"Û#S"#SÛ#SÛ#S¶b#SBÛ#SBÛ#SB#S2Û#S2Û#S2#SÛ#SÛ#S¶b#SrÛ#SrÛ#Sr#SbÛ#SbÛ#Sb#SRÛ#SRÛ#SP¶b#SbÛ#SbÛ#Sb#SÇÛ#SÇÛ#SÇ#SRÛ#SRÛ#SP¶b#SÇÛ#SÇÛ#SÇ#SíÛ#SíÛ#Sí#SRÛ#SRÛ#SP¶b#SíÛ#SíÛ#Sí#SÇÛ#SÇÛ#SÇ#S#Û#S#Û#S# ¶b#S#2Û#S#2Û#S#2#S#"Û#S#"Û#S#"#S#Û#S#Û#S#¶b#S#"Û#S#"Û#S#"#S#2Û#S#2Û#S#2#S#BÛ#S#BÛ#S#@¶b#S#RÛ#S#RÛ#S#R#S#"Û#S#"Û#S#"#S#BÛ#S#BÛ#S#@¶b#S#bÛ#S#bÛ#S#b#S#RÛ#S#RÛ#S#R#S#BÛ#S#BÛ#S#@¶b#S#íÛ#S#íÛ#S#í#S#ÇÛ#S#ÇÛ#S#Ç#S#rÛ#S#rÛ#S#p¶b#S3Û#S3Û#S3#S#ÇÛ#S#ÇÛ#S#Ç#S#íÛ#S#íÛ#S#ê¶b#S3Û#S3Û#S3#S3Û#S3Û#S3#S#ÇÛ#S#ÇÛ#S#Ä¶b#S3Û#S3Û#S3#S3Û#S3Û#S3#S3"Û#S3"Û#S3 ¶b#S3Û#S3Û#S3#S3"Û#S3"Û#S3"#S32Û#S32Û#S30¶b#S32Û#S32Û#S32#S3"Û#S3"Û#S3"#S3BÛ#S3BÛ#S3@¶b#S32Û#S32Û#S32#S3BÛ#S3BÛ#S3B#S3RÛ#S3RÛ#S3P¶b#S32Û#S32Û#S32#S3bÛ#S3bÛ#S3b#S3Û#S3Û#S3¶b#S32Û#S32Û#S32#S3rÛ#S3rÛ#S3r#S3bÛ#S3bÛ#S3`¶b#S3rÛ#S3rÛ#S3r#S3ÇÛ#S3ÇÛ#S3Ç#S3bÛ#S3bÛ#S3`¶b#S3ÇÛ#S3ÇÛ#S3Ç#S3íÛ#S3íÛ#S3í#S3bÛ#S3bÛ#S3`¶b#SC"Û#SC"Û#SC"#SCÛ#SCÛ#SC#SCÛ#SCÛ#SC ¶b#SC2Û#SC2Û#SC2#SC"Û#SC"Û#SC"#SCÛ#SCÛ#SC ¶b#SCbÛ#SCbÛ#SCb#SCRÛ#SCRÛ#SCR#SCBÛ#SCBÛ#SC@¶b#SCRÛ#SCRÛ#SCR#SCrÛ#SCrÛ#SCr#SCBÛ#SCBÛ#SC@¶b#SCrÛ#SCrÛ#SCr#SCÇÛ#SCÇÛ#SCÇ#SCBÛ#SCBÛ#SC@¶b#SCÇÛ#SCÇÛ#SCÇ#SCíÛ#SCíÛ#SCí#SCBÛ#SCBÛ#SC@¶b#SCíÛ#SCíÛ#SCí#SCÇÛ#SCÇÛ#SCÇ#SSÛ#SSÛ#SS ¶b#SCÇÛ#SCÇÛ#SCÇ#SSÛ#SSÛ#SS#SSÛ#SSÛ#SS ¶b#SSÛ#SSÛ#SS#SS"Û#SS"Û#SS"#SSÛ#SSÛ#SS ¶b#SS"Û#SS"Û#SS"#SS2Û#SS2Û#SS2#SSÛ#SSÛ#SS ¶b#SS2Û#SS2Û#SS2#SS"Û#SS"Û#SS"#SSBÛ#SSBÛ#SS@¶b#SS"Û#SS"Û#SS"#SSRÛ#SSRÛ#SSR#SSBÛ#SSBÛ#SS@¶b#SSRÛ#SSRÛ#SSR#SSbÛ#SSbÛ#SSb#SSBÛ#SSBÛ#SS@¶b#SSbÛ#SSbÛ#SSb#SSrÛ#SSrÛ#SSr#SSBÛ#SSBÛ#SS@¶b#ScÛ#ScÛ#Sc#SSíÛ#SSíÛ#SSí#SSÇÛ#SSÇÛ#SSÄ¶b#ScÛ#ScÛ#Sc#ScÛ#ScÛ#Sc#SSÇÛ#SSÇÛ#SSÄ¶b#ScBÛ#ScBÛ#ScB#Sc2Û#Sc2Û#Sc2#Sc"Û#Sc"Û#Sc ¶b#ScRÛ#ScRÛ#ScR#ScBÛ#ScBÛ#ScB#Sc"Û#Sc"Û#Sc ¶b#ScÇÛ#ScÇÛ#ScÇ#ScrÛ#ScrÛ#Scr#ScbÛ#ScbÛ#Sc`¶b#ScíÛ#ScíÛ#Scí#ScÇÛ#ScÇÛ#ScÇ#ScbÛ#ScbÛ#Sc`¶b#Ss"Û#Ss"Û#Ss"#SsÛ#SsÛ#Ss#SsÛ#SsÛ#Ss ¶b#SsÛ#SsÛ#Ss#Ss2Û#Ss2Û#Ss2#SsÛ#SsÛ#Ss ¶b#Ss2Û#Ss2Û#Ss2#SsBÛ#SsBÛ#SsB#SsÛ#SsÛ#Ss ¶b#SsBÛ#SsBÛ#SsB#SsRÛ#SsRÛ#SsR#SsÛ#SsÛ#Ss ¶b#Ss2Û#Ss2Û#Ss2#SsbÛ#SsbÛ#Ssb#SsBÛ#SsBÛ#Ss@¶b#SsbÛ#SsbÛ#Ssb#SsrÛ#SsrÛ#Ssr#SsBÛ#SsBÛ#Ss@¶b#SsÇÛ#SsÇÛ#SsÇ#SsRÛ#SsRÛ#SsR#SsBÛ#SsBÛ#Ss@¶b#SsrÛ#SsrÛ#Ssr#SsíÛ#SsíÛ#Ssí#SsBÛ#SsBÛ#Ss@¶b#SsíÛ#SsíÛ#Ssí#SsÇÛ#SsÇÛ#SsÇ#SsBÛ#SsBÛ#Ss@¶b#SsrÛ#SsrÛ#Ssr#SÉÛ#SÉÛ#SÉ#SsíÛ#SsíÛ#Ssê¶b#SÉÛ#SÉÛ#SÉ#SÉÛ#SÉÛ#SÉ#SsíÛ#SsíÛ#Ssê¶b#SÉÛ#SÉÛ#SÉ#SsÇÛ#SsÇÛ#SsÇ#SsíÛ#SsíÛ#Ssê¶b#SsÇÛ#SsÇÛ#SsÇ#SÉÛ#SÉÛ#SÉ#SÉ"Û#SÉ"Û#SÉ ¶b#SÉ2Û#SÉ2Û#SÉ2#SsÇÛ#SsÇÛ#SsÇ#SÉ"Û#SÉ"Û#SÉ ¶b#SÉbÛ#SÉbÛ#SÉb#SÉRÛ#SÉRÛ#SÉR#SÉBÛ#SÉBÛ#SÉ@¶b#SÉBÛ#SÉBÛ#SÉB#SÉRÛ#SÉRÛ#SÉR#SÉrÛ#SÉrÛ#SÉp¶b#SÉÇÛ#SÉÇÛ#SÉÇ#SÉBÛ#SÉBÛ#SÉB#SÉrÛ#SÉrÛ#SÉp¶b#SÉRÛ#SÉRÛ#SÉR#SÉíÛ#SÉíÛ#SÉí#SÉrÛ#SÉrÛ#SÉp¶b#SÉíÛ#SÉíÛ#SÉí#SìÛ#SìÛ#Sì#SÉrÛ#SÉrÛ#SÉp¶b#SìÛ#SìÛ#Sì#SÉÇÛ#SÉÇÛ#SÉÇ#SÉrÛ#SÉrÛ#SÉp¶b#SìÛ#SìÛ#Sì#SìÛ#SìÛ#Sì#SÉrÛ#SÉrÛ#SÉp¶b#SìÛ#SìÛ#Sì#Sì"Û#Sì"Û#Sì"#SìÛ#SìÛ#Sì¶b#Sì"Û#Sì"Û#Sì"#Sì2Û#Sì2Û#Sì2#SìÛ#SìÛ#Sì¶b#SìbÛ#SìbÛ#Sìb#SìRÛ#SìRÛ#SìR#SìBÛ#SìBÛ#Sì@¶b#SìrÛ#SìrÛ#Sìr#SìbÛ#SìbÛ#Sìb#SìBÛ#SìBÛ#Sì@¶b#cÛ#cÛ#c#SìíÛ#SìíÛ#Sìí#SìÇÛ#SìÇÛ#SìÄ¶b#cÛ#cÛ#c#cÛ#cÛ#c#SìÇÛ#SìÇÛ#SìÄ¶b#cBÛ#cBÛ#cB#c2Û#c2Û#c2#c"Û#c"Û#c ¶b#c2Û#c2Û#c2#cRÛ#cRÛ#cR#c"Û#c"Û#c ¶b#cRÛ#cRÛ#cR#c2Û#c2Û#c2#cbÛ#cbÛ#c`¶b#c2Û#c2Û#c2#crÛ#crÛ#cr#cbÛ#cbÛ#c`¶b#cÇÛ#cÇÛ#cÇ#cRÛ#cRÛ#cR#cbÛ#cbÛ#c`¶b#crÛ#crÛ#cr#cíÛ#cíÛ#cí#cbÛ#cbÛ#c`¶b#cÛ#cÛ#c#cÇÛ#cÇÛ#cÇ#cbÛ#cbÛ#c`¶b#cíÛ#cíÛ#cí#cÛ#cÛ#c#cbÛ#cbÛ#c`¶b#c"Û#c"Û#c"#cÛ#cÛ#c#cbÛ#cbÛ#c`¶b#cÛ#cÛ#c#c"Û#c"Û#c"#cbÛ#cbÛ#c`¶b#cRÛ#cRÛ#cR#cBÛ#cBÛ#cB#c2Û#c2Û#c0¶b#cbÛ#cbÛ#cb#cRÛ#cRÛ#cR#c2Û#c2Û#c0¶b#cíÛ#cíÛ#cí#cÇÛ#cÇÛ#cÇ#crÛ#crÛ#cp¶b#c#Û#c#Û#c##cíÛ#cíÛ#cí#crÛ#crÛ#cp¶b#c#2Û#c#2Û#c#2#c#"Û#c#"Û#c#"#c#Û#c#Û#c#¶b#c#BÛ#c#BÛ#c#B#c#2Û#c#2Û#c#2#c#Û#c#Û#c#¶b#c#rÛ#c#rÛ#c#r#c#bÛ#c#bÛ#c#b#c#RÛ#c#RÛ#c#P¶b#c#ÇÛ#c#ÇÛ#c#Ç#c#rÛ#c#rÛ#c#r#c#RÛ#c#RÛ#c#P¶b#c3Û#c3Û#c3#c3Û#c3Û#c3#c#íÛ#c#íÛ#c#ê¶b#c3Û#c3Û#c3#c3"Û#c3"Û#c3"#c#íÛ#c#íÛ#c#ê¶b#c3Û#c3Û#c3#c32Û#c32Û#c32#c3"Û#c3"Û#c3 ¶b#c32Û#c32Û#c32#c3BÛ#c3BÛ#c3B#c3"Û#c3"Û#c3 ¶b#c3rÛ#c3rÛ#c3r#c3bÛ#c3bÛ#c3b#c3RÛ#c3RÛ#c3P¶b#c3ÇÛ#c3ÇÛ#c3Ç#c3rÛ#c3rÛ#c3r#c3RÛ#c3RÛ#c3P¶b#c3íÛ#c3íÛ#c3í#c3ÇÛ#c3ÇÛ#c3Ç#c3RÛ#c3RÛ#c3P¶b#c3ÇÛ#c3ÇÛ#c3Ç#c3íÛ#c3íÛ#c3í#cCÛ#cCÛ#cC ¶b#cC2Û#cC2Û#cC2#cC"Û#cC"Û#cC"#cCÛ#cCÛ#cC¶b#cC"Û#cC"Û#cC"#cCBÛ#cCBÛ#cCB#cCÛ#cCÛ#cC¶b#cCÛ#cCÛ#cC#cCBÛ#cCBÛ#cCB#cCRÛ#cCRÛ#cCP¶b#cCBÛ#cCBÛ#cCB#cCbÛ#cCbÛ#cCb#cCRÛ#cCRÛ#cCP¶b#cCbÛ#cCbÛ#cCb#cCrÛ#cCrÛ#cCr#cCRÛ#cCRÛ#cCP¶b#cCrÛ#cCrÛ#cCr#cCÇÛ#cCÇÛ#cCÇ#cCRÛ#cCRÛ#cCP¶b#cCÇÛ#cCÇÛ#cCÇ#cCrÛ#cCrÛ#cCr#cCíÛ#cCíÛ#cCê¶b#cCrÛ#cCrÛ#cCr#cSÛ#cSÛ#cS#cCíÛ#cCíÛ#cCê¶b#cS2Û#cS2Û#cS2#cS"Û#cS"Û#cS"#cSÛ#cSÛ#cS¶b#cS"Û#cS"Û#cS"#cSBÛ#cSBÛ#cSB#cSÛ#cSÛ#cS¶b#cSBÛ#cSBÛ#cSB#cSRÛ#cSRÛ#cSR#cSÛ#cSÛ#cS¶b#cSÛ#cSÛ#cS#cSRÛ#cSRÛ#cSR#cSbÛ#cSbÛ#cS`¶b#cSrÛ#cSrÛ#cSr#cSbÛ#cSbÛ#cSb#cSRÛ#cSRÛ#cSP¶b#cSrÛ#cSrÛ#cSr#cSRÛ#cSRÛ#cSR#cSÇÛ#cSÇÛ#cSÄ¶b#cSÇÛ#cSÇÛ#cSÇ#cSRÛ#cSRÛ#cSR#cSíÛ#cSíÛ#cSê¶b#ccÛ#ccÛ#cc#cSbÛ#cSbÛ#cSb#cSrÛ#cSrÛ#cSp¶b#cSbÛ#cSbÛ#cSb#ccÛ#ccÛ#cc#ccÛ#ccÛ#cc¶b#ccÛ#ccÛ#cc#ccÛ#ccÛ#cc#cc"Û#cc"Û#cc ¶b#ccÛ#ccÛ#cc#cc"Û#cc"Û#cc"#cc2Û#cc2Û#cc0¶b#ccbÛ#ccbÛ#ccb#ccRÛ#ccRÛ#ccR#ccBÛ#ccBÛ#cc@¶b#ccrÛ#ccrÛ#ccr#ccbÛ#ccbÛ#ccb#ccBÛ#ccBÛ#cc@¶b#ccÇÛ#ccÇÛ#ccÇ#ccbÛ#ccbÛ#ccb#ccrÛ#ccrÛ#ccp¶b#ccíÛ#ccíÛ#ccí#ccÇÛ#ccÇÛ#ccÇ#ccrÛ#ccrÛ#ccp¶b#cs"Û#cs"Û#cs"#csÛ#csÛ#cs#csÛ#csÛ#cs ¶b#csÛ#csÛ#cs#cs"Û#cs"Û#cs"#cs2Û#cs2Û#cs0¶b#cs"Û#cs"Û#cs"#csBÛ#csBÛ#csB#cs2Û#cs2Û#cs0¶b#csBÛ#csBÛ#csB#csRÛ#csRÛ#csR#cs2Û#cs2Û#cs0¶b#csÇÛ#csÇÛ#csÇ#csrÛ#csrÛ#csr#csbÛ#csbÛ#cs`¶b#csíÛ#csíÛ#csí#csÇÛ#csÇÛ#csÇ#csbÛ#csbÛ#cs`¶b#csíÛ#csíÛ#csí#csbÛ#csbÛ#csb#cÉÛ#cÉÛ#cÉ ¶b#cÉÛ#cÉÛ#cÉ#csíÛ#csíÛ#csí#cÉÛ#cÉÛ#cÉ ¶b#cÉ"Û#cÉ"Û#cÉ"#cÉÛ#cÉÛ#cÉ#cÉÛ#cÉÛ#cÉ ¶b#cÉ2Û#cÉ2Û#cÉ2#cÉ"Û#cÉ"Û#cÉ"#cÉÛ#cÉÛ#cÉ ¶b#cÉ"Û#cÉ"Û#cÉ"#cÉ2Û#cÉ2Û#cÉ2#cÉBÛ#cÉBÛ#cÉ@¶b#cÉRÛ#cÉRÛ#cÉR#cÉ"Û#cÉ"Û#cÉ"#cÉBÛ#cÉBÛ#cÉ@¶b#cÉÇÛ#cÉÇÛ#cÉÇ#cÉrÛ#cÉrÛ#cÉr#cÉbÛ#cÉbÛ#cÉ`¶b#cÉíÛ#cÉíÛ#cÉí#cÉÇÛ#cÉÇÛ#cÉÇ#cÉbÛ#cÉbÛ#cÉ`¶b#cì"Û#cì"Û#cì"#cìÛ#cìÛ#cì#cìÛ#cìÛ#cì ¶b#cì2Û#cì2Û#cì2#cì"Û#cì"Û#cì"#cìÛ#cìÛ#cì ¶b#cìbÛ#cìbÛ#cìb#cìRÛ#cìRÛ#cìR#cìBÛ#cìBÛ#cì@¶b#cìrÛ#cìrÛ#cìr#cìbÛ#cìbÛ#cìb#cìBÛ#cìBÛ#cì@¶b#sÛ#sÛ#s#cìíÛ#cìíÛ#cìí#cìÇÛ#cìÇÛ#cìÄ¶b#sÛ#sÛ#s#sÛ#sÛ#s#cìÇÛ#cìÇÛ#cìÄ¶b#sÛ#sÛ#s#sÛ#sÛ#s#s"Û#s"Û#s ¶b#s2Û#s2Û#s2#sÛ#sÛ#s#s"Û#s"Û#s ¶b#sBÛ#sBÛ#sB#s2Û#s2Û#s2#s"Û#s"Û#s ¶b#sRÛ#sRÛ#sR#sBÛ#sBÛ#sB#s"Û#s"Û#s ¶b#sBÛ#sBÛ#sB#sRÛ#sRÛ#sR#sbÛ#sbÛ#s`¶b#srÛ#srÛ#sr#sBÛ#sBÛ#sB#sbÛ#sbÛ#s`¶b#srÛ#srÛ#sr#sbÛ#sbÛ#sb#sÇÛ#sÇÛ#sÄ¶b#síÛ#síÛ#sí#srÛ#srÛ#sr#sÇÛ#sÇÛ#sÄ¶b#s"Û#s"Û#s"#sÛ#sÛ#s#sÛ#sÛ#s ¶b#s2Û#s2Û#s2#s"Û#s"Û#s"#sÛ#sÛ#s ¶b#sbÛ#sbÛ#sb#sRÛ#sRÛ#sR#sBÛ#sBÛ#s@¶b#srÛ#srÛ#sr#sbÛ#sbÛ#sb#sBÛ#sBÛ#s@¶b#s#Û#s#Û#s##síÛ#síÛ#sí#sÇÛ#sÇÛ#sÄ¶b#síÛ#síÛ#sí#s#Û#s#Û#s##sÇÛ#sÇÛ#sÄ¶b#síÛ#síÛ#sí#s#"Û#s#"Û#s#"#s#Û#s#Û#s#¶b#s#"Û#s#"Û#s#"#s#2Û#s#2Û#s#2#s#Û#s#Û#s#¶b#s#bÛ#s#bÛ#s#b#s#RÛ#s#RÛ#s#R#s#BÛ#s#BÛ#s#@¶b#s#RÛ#s#RÛ#s#R#s#rÛ#s#rÛ#s#r#s#BÛ#s#BÛ#s#@¶b#s#rÛ#s#rÛ#s#r#s#RÛ#s#RÛ#s#R#s#ÇÛ#s#ÇÛ#s#Ä¶b#s#RÛ#s#RÛ#s#R#s#íÛ#s#íÛ#s#í#s#ÇÛ#s#ÇÛ#s#Ä¶b#s3"Û#s3"Û#s3"#s3Û#s3Û#s3#s3Û#s3Û#s3 ¶b#s32Û#s32Û#s32#s3"Û#s3"Û#s3"#s3Û#s3Û#s3 ¶b#s3bÛ#s3bÛ#s3b#s3RÛ#s3RÛ#s3R#s3BÛ#s3BÛ#s3@¶b#s3RÛ#s3RÛ#s3R#s3rÛ#s3rÛ#s3r#s3BÛ#s3BÛ#s3@¶b#s3RÛ#s3RÛ#s3R#s3ÇÛ#s3ÇÛ#s3Ç#s3rÛ#s3rÛ#s3p¶b#s3ÇÛ#s3ÇÛ#s3Ç#s3íÛ#s3íÛ#s3í#s3rÛ#s3rÛ#s3p¶b#sC"Û#sC"Û#sC"#sCÛ#sCÛ#sC#sCÛ#sCÛ#sC ¶b#sCÛ#sCÛ#sC#sC2Û#sC2Û#sC2#sCÛ#sCÛ#sC ¶b#sC2Û#sC2Û#sC2#sCBÛ#sCBÛ#sCB#sCÛ#sCÛ#sC ¶b#sCBÛ#sCBÛ#sCB#sCRÛ#sCRÛ#sCR#sCÛ#sCÛ#sC ¶b#sCÇÛ#sCÇÛ#sCÇ#sCrÛ#sCrÛ#sCr#sCbÛ#sCbÛ#sC`¶b#sCíÛ#sCíÛ#sCí#sCÇÛ#sCÇÛ#sCÇ#sCbÛ#sCbÛ#sC`¶b#sCíÛ#sCíÛ#sCí#sCbÛ#sCbÛ#sCb#sSÛ#sSÛ#sS ¶b#sSÛ#sSÛ#sS#sCíÛ#sCíÛ#sCí#sSÛ#sSÛ#sS ¶b#sSÛ#sSÛ#sS#sSÛ#sSÛ#sS#sS"Û#sS"Û#sS ¶b#sS2Û#sS2Û#sS2#sSÛ#sSÛ#sS#sS"Û#sS"Û#sS ¶b#sSBÛ#sSBÛ#sSB#sS2Û#sS2Û#sS2#sS"Û#sS"Û#sS ¶b#sSRÛ#sSRÛ#sSR#sSBÛ#sSBÛ#sSB#sS"Û#sS"Û#sS ¶b#sSÇÛ#sSÇÛ#sSÇ#sSrÛ#sSrÛ#sSr#sSbÛ#sSbÛ#sS`¶b#sSíÛ#sSíÛ#sSí#sSÇÛ#sSÇÛ#sSÇ#sSbÛ#sSbÛ#sS`¶b#sc"Û#sc"Û#sc"#scÛ#scÛ#sc#scÛ#scÛ#sc ¶b#sc2Û#sc2Û#sc2#sc"Û#sc"Û#sc"#scÛ#scÛ#sc ¶b#sc"Û#sc"Û#sc"#sc2Û#sc2Û#sc2#scBÛ#scBÛ#sc@¶b#scRÛ#scRÛ#scR#sc"Û#sc"Û#sc"#scBÛ#scBÛ#sc@¶b#scbÛ#scbÛ#scb#scRÛ#scRÛ#scR#scBÛ#scBÛ#sc@¶b#scrÛ#scrÛ#scr#scbÛ#scbÛ#scb#scBÛ#scBÛ#sc@¶b#scÇÛ#scÇÛ#scÇ#scbÛ#scbÛ#scb#scrÛ#scrÛ#scp¶b#scíÛ#scíÛ#scí#scÇÛ#scÇÛ#scÇ#scrÛ#scrÛ#scp¶b#ssÛ#ssÛ#ss#scÇÛ#scÇÛ#scÇ#scíÛ#scíÛ#scê¶b#ssÛ#ssÛ#ss#ssÛ#ssÛ#ss#scíÛ#scíÛ#scê¶b#ssBÛ#ssBÛ#ssB#ss2Û#ss2Û#ss2#ss"Û#ss"Û#ss ¶b#ssRÛ#ssRÛ#ssR#ssBÛ#ssBÛ#ssB#ss"Û#ss"Û#ss ¶b#ssbÛ#ssbÛ#ssb#ssBÛ#ssBÛ#ssB#ssRÛ#ssRÛ#ssP¶b#ssrÛ#ssrÛ#ssr#ssbÛ#ssbÛ#ssb#ssRÛ#ssRÛ#ssP¶b#sÉÛ#sÉÛ#sÉ#ssíÛ#ssíÛ#ssí#ssÇÛ#ssÇÛ#ssÄ¶b#sÉÛ#sÉÛ#sÉ#sÉÛ#sÉÛ#sÉ#ssÇÛ#ssÇÛ#ssÄ¶b#sÉ"Û#sÉ"Û#sÉ"#sÉÛ#sÉÛ#sÉ#sÉÛ#sÉÛ#sÉ¶b#sÉ2Û#sÉ2Û#sÉ2#sÉ"Û#sÉ"Û#sÉ"#sÉÛ#sÉÛ#sÉ¶b#sÉBÛ#sÉBÛ#sÉB#sÉ"Û#sÉ"Û#sÉ"#sÉ2Û#sÉ2Û#sÉ0¶b#sÉRÛ#sÉRÛ#sÉR#sÉBÛ#sÉBÛ#sÉB#sÉ2Û#sÉ2Û#sÉ0¶b#sÉBÛ#sÉBÛ#sÉB#sÉRÛ#sÉRÛ#sÉR#sÉbÛ#sÉbÛ#sÉ`¶b#sÉrÛ#sÉrÛ#sÉr#sÉBÛ#sÉBÛ#sÉB#sÉbÛ#sÉbÛ#sÉ`¶b#sìÛ#sìÛ#sì#sÉíÛ#sÉíÛ#sÉí#sÉÇÛ#sÉÇÛ#sÉÄ¶b#sìÛ#sìÛ#sì#sìÛ#sìÛ#sì#sÉÇÛ#sÉÇÛ#sÉÄ¶b#sìBÛ#sìBÛ#sìB#sì2Û#sì2Û#sì2#sì"Û#sì"Û#sì ¶b#sìRÛ#sìRÛ#sìR#sìBÛ#sìBÛ#sìB#sì"Û#sì"Û#sì ¶b#sìBÛ#sìBÛ#sìB#sìRÛ#sìRÛ#sìR#sìbÛ#sìbÛ#sì`¶b#sìrÛ#sìrÛ#sìr#sìBÛ#sìBÛ#sìB#sìbÛ#sìbÛ#sì`¶b#ÉÛ#ÉÛ#É#sìíÛ#sìíÛ#sìí#sìÇÛ#sìÇÛ#sìÄ¶b#ÉÛ#ÉÛ#É#ÉÛ#ÉÛ#É#sìÇÛ#sìÇÛ#sìÄ¶b#ÉBÛ#ÉBÛ#ÉB#É2Û#É2Û#É2#É"Û#É"Û#É ¶b#ÉRÛ#ÉRÛ#ÉR#ÉBÛ#ÉBÛ#ÉB#É"Û#É"Û#É ¶b#ÉbÛ#ÉbÛ#Éb#ÉBÛ#ÉBÛ#ÉB#ÉRÛ#ÉRÛ#ÉP¶b#ÉrÛ#ÉrÛ#Ér#ÉbÛ#ÉbÛ#Éb#ÉRÛ#ÉRÛ#ÉP¶b#ÉÛ#ÉÛ#É#ÉíÛ#ÉíÛ#Éí#ÉÇÛ#ÉÇÛ#ÉÄ¶b#ÉÛ#ÉÛ#É#ÉÛ#ÉÛ#É#ÉÇÛ#ÉÇÛ#ÉÄ¶b#ÉBÛ#ÉBÛ#ÉB#É2Û#É2Û#É2#É"Û#É"Û#É ¶b#ÉRÛ#ÉRÛ#ÉR#ÉBÛ#ÉBÛ#ÉB#É"Û#É"Û#É ¶b#ÉÇÛ#ÉÇÛ#ÉÇ#ÉrÛ#ÉrÛ#Ér#ÉbÛ#ÉbÛ#É`¶b#ÉíÛ#ÉíÛ#Éí#ÉÇÛ#ÉÇÛ#ÉÇ#ÉbÛ#ÉbÛ#É`¶b#É#"Û#É#"Û#É#"#É#Û#É#Û#É##É#Û#É#Û#É# ¶b#É#2Û#É#2Û#É#2#É#"Û#É#"Û#É#"#É#Û#É#Û#É# ¶b#É#bÛ#É#bÛ#É#b#É#RÛ#É#RÛ#É#R#É#BÛ#É#BÛ#É#@¶b#É#rÛ#É#rÛ#É#r#É#bÛ#É#bÛ#É#b#É#BÛ#É#BÛ#É#@¶b#É3Û#É3Û#É3#É#íÛ#É#íÛ#É#í#É#ÇÛ#É#ÇÛ#É#Ä¶b#É3Û#É3Û#É3#É3Û#É3Û#É3#É#ÇÛ#É#ÇÛ#É#Ä¶b#É3BÛ#É3BÛ#É3B#É32Û#É32Û#É32#É3"Û#É3"Û#É3 ¶b#É3RÛ#É3RÛ#É3R#É3BÛ#É3BÛ#É3B#É3"Û#É3"Û#É3 ¶b#É3ÇÛ#É3ÇÛ#É3Ç#É3rÛ#É3rÛ#É3r#É3bÛ#É3bÛ#É3`¶b#É3íÛ#É3íÛ#É3í#É3ÇÛ#É3ÇÛ#É3Ç#É3bÛ#É3bÛ#É3`¶b#ÉC"Û#ÉC"Û#ÉC"#ÉCÛ#ÉCÛ#ÉC#ÉCÛ#ÉCÛ#ÉC ¶b#ÉC2Û#ÉC2Û#ÉC2#ÉC"Û#ÉC"Û#ÉC"#ÉCÛ#ÉCÛ#ÉC ¶b#ÉCBÛ#ÉCBÛ#ÉCB#ÉC2Û#ÉC2Û#ÉC2#ÉCÛ#ÉCÛ#ÉC ¶b#ÉCRÛ#ÉCRÛ#ÉCR#ÉCBÛ#ÉCBÛ#ÉCB#ÉCÛ#ÉCÛ#ÉC ¶b#ÉCBÛ#ÉCBÛ#ÉCB#ÉCRÛ#ÉCRÛ#ÉCR#ÉCbÛ#ÉCbÛ#ÉC`¶b#ÉCrÛ#ÉCrÛ#ÉCr#ÉCBÛ#ÉCBÛ#ÉCB#ÉCbÛ#ÉCbÛ#ÉC`¶b#ÉSÛ#ÉSÛ#ÉS#ÉCíÛ#ÉCíÛ#ÉCí#ÉCÇÛ#ÉCÇÛ#ÉCÄ¶b#ÉSÛ#ÉSÛ#ÉS#ÉCÇÛ#ÉCÇÛ#ÉCÇ#ÉSÛ#ÉSÛ#ÉS¶b#ÉS"Û#ÉS"Û#ÉS"#ÉSÛ#ÉSÛ#ÉS#ÉSÛ#ÉSÛ#ÉS¶b#ÉS2Û#ÉS2Û#ÉS2#ÉS"Û#ÉS"Û#ÉS"#ÉSÛ#ÉSÛ#ÉS¶b#ÉSbÛ#ÉSbÛ#ÉSb#ÉSRÛ#ÉSRÛ#ÉSR#ÉSBÛ#ÉSBÛ#ÉS@¶b#ÉSrÛ#ÉSrÛ#ÉSr#ÉSbÛ#ÉSbÛ#ÉSb#ÉSBÛ#ÉSBÛ#ÉS@¶b#ÉSbÛ#ÉSbÛ#ÉSb#ÉSrÛ#ÉSrÛ#ÉSr#ÉSÇÛ#ÉSÇÛ#ÉSÄ¶b#ÉSíÛ#ÉSíÛ#ÉSí#ÉSbÛ#ÉSbÛ#ÉSb#ÉSÇÛ#ÉSÇÛ#ÉSÄ¶b#ÉcÛ#ÉcÛ#Éc#ÉSíÛ#ÉSíÛ#ÉSí#ÉSÇÛ#ÉSÇÛ#ÉSÄ¶b#ÉcÛ#ÉcÛ#Éc#ÉcÛ#ÉcÛ#Éc#ÉSÇÛ#ÉSÇÛ#ÉSÄ¶b#ÉcÛ#ÉcÛ#Éc#ÉcÛ#ÉcÛ#Éc#Éc"Û#Éc"Û#Éc ¶b#Éc2Û#Éc2Û#Éc2#ÉcÛ#ÉcÛ#Éc#Éc"Û#Éc"Û#Éc ¶b#ÉcBÛ#ÉcBÛ#ÉcB#Éc2Û#Éc2Û#Éc2#Éc"Û#Éc"Û#Éc ¶b#ÉcRÛ#ÉcRÛ#ÉcR#ÉcBÛ#ÉcBÛ#ÉcB#Éc"Û#Éc"Û#Éc ¶b#ÉcBÛ#ÉcBÛ#ÉcB#ÉcRÛ#ÉcRÛ#ÉcR#ÉcbÛ#ÉcbÛ#Éc`¶b#ÉcrÛ#ÉcrÛ#Écr#ÉcBÛ#ÉcBÛ#ÉcB#ÉcbÛ#ÉcbÛ#Éc`¶b#ÉcÇÛ#ÉcÇÛ#ÉcÇ#ÉcrÛ#ÉcrÛ#Écr#ÉcbÛ#ÉcbÛ#Éc`¶b#ÉcíÛ#ÉcíÛ#Écí#ÉcÇÛ#ÉcÇÛ#ÉcÇ#ÉcbÛ#ÉcbÛ#Éc`¶b#És"Û#És"Û#És"#ÉsÛ#ÉsÛ#És#ÉsÛ#ÉsÛ#És ¶b#És2Û#És2Û#És2#És"Û#És"Û#És"#ÉsÛ#ÉsÛ#És ¶b#És2Û#És2Û#És2#ÉsÛ#ÉsÛ#És#ÉsBÛ#ÉsBÛ#És@¶b#ÉsRÛ#ÉsRÛ#ÉsR#És2Û#És2Û#És2#ÉsBÛ#ÉsBÛ#És@¶b#ÉsbÛ#ÉsbÛ#Ésb#ÉsRÛ#ÉsRÛ#ÉsR#ÉsBÛ#ÉsBÛ#És@¶b#ÉsrÛ#ÉsrÛ#Ésr#ÉsbÛ#ÉsbÛ#Ésb#ÉsBÛ#ÉsBÛ#És@¶b#ÉsbÛ#ÉsbÛ#Ésb#ÉsrÛ#ÉsrÛ#Ésr#ÉsÇÛ#ÉsÇÛ#ÉsÄ¶b#ÉsíÛ#ÉsíÛ#Ésí#ÉsbÛ#ÉsbÛ#Ésb#ÉsÇÛ#ÉsÇÛ#ÉsÄ¶b#ÉÉÛ#ÉÉÛ#ÉÉ#ÉsíÛ#ÉsíÛ#Ésí#ÉsÇÛ#ÉsÇÛ#ÉsÄ¶b#ÉÉÛ#ÉÉÛ#ÉÉ#ÉÉÛ#ÉÉÛ#ÉÉ#ÉsÇÛ#ÉsÇÛ#ÉsÄ¶b#ÉÉ"Û#ÉÉ"Û#ÉÉ"#ÉÉÛ#ÉÉÛ#ÉÉ#ÉÉÛ#ÉÉÛ#ÉÉ¶b#ÉÉ2Û#ÉÉ2Û#ÉÉ2#ÉÉ"Û#ÉÉ"Û#ÉÉ"#ÉÉÛ#ÉÉÛ#ÉÉ¶b#ÉÉbÛ#ÉÉbÛ#ÉÉb#ÉÉRÛ#ÉÉRÛ#ÉÉR#ÉÉBÛ#ÉÉBÛ#ÉÉ@¶b#ÉÉrÛ#ÉÉrÛ#ÉÉr#ÉÉbÛ#ÉÉbÛ#ÉÉb#ÉÉBÛ#ÉÉBÛ#ÉÉ@¶b#ÉìÛ#ÉìÛ#Éì#ÉÉíÛ#ÉÉíÛ#ÉÉí#ÉÉÇÛ#ÉÉÇÛ#ÉÉÄ¶b#ÉìÛ#ÉìÛ#Éì#ÉìÛ#ÉìÛ#Éì#ÉÉÇÛ#ÉÉÇÛ#ÉÉÄ¶b#ÉìÛ#ÉìÛ#Éì#ÉÉÇÛ#ÉÉÇÛ#ÉÉÇ#Éì"Û#Éì"Û#Éì ¶b#Éì2Û#Éì2Û#Éì2#ÉìÛ#ÉìÛ#Éì#Éì"Û#Éì"Û#Éì ¶b#ÉìBÛ#ÉìBÛ#ÉìB#Éì2Û#Éì2Û#Éì2#Éì"Û#Éì"Û#Éì ¶b#ÉìRÛ#ÉìRÛ#ÉìR#ÉìBÛ#ÉìBÛ#ÉìB#Éì"Û#Éì"Û#Éì ¶b#ÉìBÛ#ÉìBÛ#ÉìB#ÉìRÛ#ÉìRÛ#ÉìR#ÉìbÛ#ÉìbÛ#Éì`¶b#ÉìrÛ#ÉìrÛ#Éìr#ÉìBÛ#ÉìBÛ#ÉìB#ÉìbÛ#ÉìbÛ#Éì`¶b#ÉìÇÛ#ÉìÇÛ#ÉìÇ#ÉìrÛ#ÉìrÛ#Éìr#ÉìbÛ#ÉìbÛ#Éì`¶b#ÉìíÛ#ÉìíÛ#Éìí#ÉìÇÛ#ÉìÇÛ#ÉìÇ#ÉìbÛ#ÉìbÛ#Éì`¶b#ì"Û#ì"Û#ì"#ìÛ#ìÛ#ì#ìÛ#ìÛ#ì ¶b#ì2Û#ì2Û#ì2#ì"Û#ì"Û#ì"#ìÛ#ìÛ#ì ¶b#ìbÛ#ìbÛ#ìb#ìRÛ#ìRÛ#ìR#ìBÛ#ìBÛ#ì@¶b#ìBÛ#ìBÛ#ìB#ìrÛ#ìrÛ#ìr#ìbÛ#ìbÛ#ì`¶b#ìBÛ#ìBÛ#ìB#ìÇÛ#ìÇÛ#ìÇ#ìrÛ#ìrÛ#ìp¶b#ìÛ#ìÛ#ì#ìÛ#ìÛ#ì#ìíÛ#ìíÛ#ìê¶b#ì"Û#ì"Û#ì"#ìÛ#ìÛ#ì#ìíÛ#ìíÛ#ìê¶b#ì2Û#ì2Û#ì2#ì"Û#ì"Û#ì"#ìíÛ#ìíÛ#ìê¶b#ìBÛ#ìBÛ#ìB#ì"Û#ì"Û#ì"#ì2Û#ì2Û#ì0¶b#ìrÛ#ìrÛ#ìr#ìbÛ#ìbÛ#ìb#ìRÛ#ìRÛ#ìP¶b#ìÇÛ#ìÇÛ#ìÇ#ìrÛ#ìrÛ#ìr#ìRÛ#ìRÛ#ìP¶b#ì#Û#ì#Û#ì##ì#Û#ì#Û#ì##ìíÛ#ìíÛ#ìê¶b#ì#Û#ì#Û#ì##ì#"Û#ì#"Û#ì#"#ìíÛ#ìíÛ#ìê¶b#ì#"Û#ì#"Û#ì#"#ì#Û#ì#Û#ì##ì#2Û#ì#2Û#ì#0¶b#ì#Û#ì#Û#ì##ì#BÛ#ì#BÛ#ì#B#ì#2Û#ì#2Û#ì#0¶b#ì#BÛ#ì#BÛ#ì#B#ì#RÛ#ì#RÛ#ì#R#ì#2Û#ì#2Û#ì#0¶b#ì#RÛ#ì#RÛ#ì#R#ì#bÛ#ì#bÛ#ì#b#ì#2Û#ì#2Û#ì#0¶b#ì#bÛ#ì#bÛ#ì#b#ì#RÛ#ì#RÛ#ì#R#ì#rÛ#ì#rÛ#ì#p¶b#ì#RÛ#ì#RÛ#ì#R#ì#ÇÛ#ì#ÇÛ#ì#Ç#ì#rÛ#ì#rÛ#ì#p¶b#ì#ÇÛ#ì#ÇÛ#ì#Ç#ì#íÛ#ì#íÛ#ì#í#ì#rÛ#ì#rÛ#ì#p¶b#ì#íÛ#ì#íÛ#ì#í#ì3Û#ì3Û#ì3#ì#rÛ#ì#rÛ#ì#p¶b#ì3Û#ì3Û#ì3#ì#íÛ#ì#íÛ#ì#í#ì3Û#ì3Û#ì3¶b#ì#íÛ#ì#íÛ#ì#í#ì3"Û#ì3"Û#ì3"#ì3Û#ì3Û#ì3¶b#ì3"Û#ì3"Û#ì3"#ì32Û#ì32Û#ì32#ì3Û#ì3Û#ì3¶b#ì32Û#ì32Û#ì32#ì3BÛ#ì3BÛ#ì3B#ì3Û#ì3Û#ì3¶b#ì3rÛ#ì3rÛ#ì3r#ì3bÛ#ì3bÛ#ì3b#ì3RÛ#ì3RÛ#ì3P¶b#ì3RÛ#ì3RÛ#ì3R#ì3ÇÛ#ì3ÇÛ#ì3Ç#ì3rÛ#ì3rÛ#ì3p¶b#ì3ÇÛ#ì3ÇÛ#ì3Ç#ì3íÛ#ì3íÛ#ì3í#ì3rÛ#ì3rÛ#ì3p¶b#ìC"Û#ìC"Û#ìC"#ìCÛ#ìCÛ#ìC#ìCÛ#ìCÛ#ìC ¶b#ìCÛ#ìCÛ#ìC#ìC2Û#ìC2Û#ìC2#ìCÛ#ìCÛ#ìC ¶b#ìC2Û#ìC2Û#ìC2#ìCÛ#ìCÛ#ìC#ìCBÛ#ìCBÛ#ìC@¶b#ìCÛ#ìCÛ#ìC#ìCRÛ#ìCRÛ#ìCR#ìCBÛ#ìCBÛ#ìC@¶b#ìCÇÛ#ìCÇÛ#ìCÇ#ìCrÛ#ìCrÛ#ìCr#ìCbÛ#ìCbÛ#ìC`¶b#ìCrÛ#ìCrÛ#ìCr#ìCíÛ#ìCíÛ#ìCí#ìCbÛ#ìCbÛ#ìC`¶b#ìCíÛ#ìCíÛ#ìCí#ìSÛ#ìSÛ#ìS#ìCbÛ#ìCbÛ#ìC`¶b#ìSÛ#ìSÛ#ìS#ìSÛ#ìSÛ#ìS#ìCbÛ#ìCbÛ#ìC`¶b#ìSBÛ#ìSBÛ#ìSB#ìS2Û#ìS2Û#ìS2#ìS"Û#ìS"Û#ìS ¶b#ìSRÛ#ìSRÛ#ìSR#ìSBÛ#ìSBÛ#ìSB#ìS"Û#ìS"Û#ìS ¶b#ìSBÛ#ìSBÛ#ìSB#ìSRÛ#ìSRÛ#ìSR#ìSbÛ#ìSbÛ#ìS`¶b#ìSrÛ#ìSrÛ#ìSr#ìSBÛ#ìSBÛ#ìSB#ìSbÛ#ìSbÛ#ìS`¶b#ìSÇÛ#ìSÇÛ#ìSÇ#ìSrÛ#ìSrÛ#ìSr#ìSbÛ#ìSbÛ#ìS`¶b#ìSíÛ#ìSíÛ#ìSí#ìSÇÛ#ìSÇÛ#ìSÇ#ìSbÛ#ìSbÛ#ìS`¶b#ìc"Û#ìc"Û#ìc"#ìcÛ#ìcÛ#ìc#ìcÛ#ìcÛ#ìc ¶b#ìc2Û#ìc2Û#ìc2#ìc"Û#ìc"Û#ìc"#ìcÛ#ìcÛ#ìc ¶b#ìc2Û#ìc2Û#ìc2#ìcÛ#ìcÛ#ìc#ìcBÛ#ìcBÛ#ìc@¶b#ìcRÛ#ìcRÛ#ìcR#ìc2Û#ìc2Û#ìc2#ìcBÛ#ìcBÛ#ìc@¶b#ìcbÛ#ìcbÛ#ìcb#ìcRÛ#ìcRÛ#ìcR#ìcBÛ#ìcBÛ#ìc@¶b#ìcrÛ#ìcrÛ#ìcr#ìcbÛ#ìcbÛ#ìcb#ìcBÛ#ìcBÛ#ìc@¶b#ìsÛ#ìsÛ#ìs#ìcíÛ#ìcíÛ#ìcí#ìcÇÛ#ìcÇÛ#ìcÄ¶b#ìcíÛ#ìcíÛ#ìcí#ìsÛ#ìsÛ#ìs#ìcÇÛ#ìcÇÛ#ìcÄ¶b#ìsÛ#ìsÛ#ìs#ìs"Û#ìs"Û#ìs"#ìcÇÛ#ìcÇÛ#ìcÄ¶b#ìs"Û#ìs"Û#ìs"#ìs2Û#ìs2Û#ìs2#ìcÇÛ#ìcÇÛ#ìcÄ¶b#ìsbÛ#ìsbÛ#ìsb#ìsRÛ#ìsRÛ#ìsR#ìsBÛ#ìsBÛ#ìs@¶b#ìsrÛ#ìsrÛ#ìsr#ìsbÛ#ìsbÛ#ìsb#ìsBÛ#ìsBÛ#ìs@¶b#ìsÇÛ#ìsÇÛ#ìsÇ#ìsrÛ#ìsrÛ#ìsr#ìsBÛ#ìsBÛ#ìs@¶b#ìsíÛ#ìsíÛ#ìsí#ìsÇÛ#ìsÇÛ#ìsÇ#ìsBÛ#ìsBÛ#ìs@¶b#ìÉ"Û#ìÉ"Û#ìÉ"#ìÉÛ#ìÉÛ#ìÉ#ìÉÛ#ìÉÛ#ìÉ ¶b#ìÉÛ#ìÉÛ#ìÉ#ìÉ2Û#ìÉ2Û#ìÉ2#ìÉÛ#ìÉÛ#ìÉ ¶b#ìÉ2Û#ìÉ2Û#ìÉ2#ìÉBÛ#ìÉBÛ#ìÉB#ìÉÛ#ìÉÛ#ìÉ ¶b#ìÉBÛ#ìÉBÛ#ìÉB#ìÉRÛ#ìÉRÛ#ìÉR#ìÉÛ#ìÉÛ#ìÉ ¶b#ìÉÇÛ#ìÉÇÛ#ìÉÇ#ìÉrÛ#ìÉrÛ#ìÉr#ìÉbÛ#ìÉbÛ#ìÉ`¶b#ìÉrÛ#ìÉrÛ#ìÉr#ìÉíÛ#ìÉíÛ#ìÉí#ìÉbÛ#ìÉbÛ#ìÉ`¶b#ììÛ#ììÛ#ìì#ìÉbÛ#ìÉbÛ#ìÉb#ìÉíÛ#ìÉíÛ#ìÉê¶b#ììÛ#ììÛ#ìì#ììÛ#ììÛ#ìì#ìÉíÛ#ìÉíÛ#ìÉê¶b#ììBÛ#ììBÛ#ììB#ìì2Û#ìì2Û#ìì2#ìì"Û#ìì"Û#ìì ¶b#ìì2Û#ìì2Û#ìì2#ììRÛ#ììRÛ#ììR#ìì"Û#ìì"Û#ìì ¶b#ìì"Û#ìì"Û#ìì"#ììRÛ#ììRÛ#ììR#ììbÛ#ììbÛ#ìì`¶b#ììrÛ#ììrÛ#ììr#ìì"Û#ìì"Û#ìì"#ììbÛ#ììbÛ#ìì`¶b#ììrÛ#ììrÛ#ììr#ììbÛ#ììbÛ#ììb#ììÇÛ#ììÇÛ#ììÄ¶b#ììíÛ#ììíÛ#ììí#ììrÛ#ììrÛ#ììr#ììÇÛ#ììÇÛ#ììÄ¶b3"Û3"Û3"3Û3Û33Û3Û3 ¶b3Û3Û332Û32Û323Û3Û3 ¶b3Û3Û332Û32Û323BÛ3BÛ3@¶b3RÛ3RÛ3R3Û3Û33BÛ3BÛ3@¶b3RÛ3RÛ3R3BÛ3BÛ3B3bÛ3bÛ3`¶b3rÛ3rÛ3r3RÛ3RÛ3R3bÛ3bÛ3`¶b3Û3Û33RÛ3RÛ3R3ÇÛ3ÇÛ3Ä¶b3íÛ3íÛ3í3Û3Û33ÇÛ3ÇÛ3Ä¶b3"Û3"Û3"3Û3Û33Û3Û3 ¶b32Û32Û323"Û3"Û3"3Û3Û3 ¶b3bÛ3bÛ3b3RÛ3RÛ3R3BÛ3BÛ3@¶b3rÛ3rÛ3r3bÛ3bÛ3b3BÛ3BÛ3@¶b3rÛ3rÛ3r3BÛ3BÛ3B3ÇÛ3ÇÛ3Ä¶b3íÛ3íÛ3í3rÛ3rÛ3r3ÇÛ3ÇÛ3Ä¶b3íÛ3íÛ3í3ÇÛ3ÇÛ3Ç3#Û3#Û3# ¶b3#Û3#Û3#3íÛ3íÛ3í3#Û3#Û3# ¶b3#Û3#Û3#3#"Û3#"Û3#"3#Û3#Û3#¶b3#"Û3#"Û3#"3#2Û3#2Û3#23#Û3#Û3#¶b3#bÛ3#bÛ3#b3#RÛ3#RÛ3#R3#BÛ3#BÛ3#@¶b3#rÛ3#rÛ3#r3#bÛ3#bÛ3#b3#BÛ3#BÛ3#@¶b3#bÛ3#bÛ3#b3#rÛ3#rÛ3#r3#ÇÛ3#ÇÛ3#Ä¶b3#íÛ3#íÛ3#í3#bÛ3#bÛ3#b3#ÇÛ3#ÇÛ3#Ä¶b3#ÇÛ3#ÇÛ3#Ç3#rÛ3#rÛ3#r33Û33Û33 ¶b33Û33Û333#rÛ3#rÛ3#r3#BÛ3#BÛ3#@¶b3#rÛ3#rÛ3#r33Û33Û3333Û33Û33 ¶b33"Û33"Û33"33Û33Û333#BÛ3#BÛ3#@¶b33Û33Û3333"Û33"Û33"332Û332Û330¶b33"Û33"Û33"33BÛ33BÛ33B332Û332Û330¶b33Û33Û33332Û332Û33233RÛ33RÛ33P¶b33Û33Û3333Û33Û3333RÛ33RÛ33P¶b33bÛ33bÛ33b33Û33Û3333RÛ33RÛ33P¶b33rÛ33rÛ33r33bÛ33bÛ33b33RÛ33RÛ33P¶b3CÛ3CÛ3C33íÛ33íÛ33í33ÇÛ33ÇÛ33Ä¶b33íÛ33íÛ33í3CÛ3CÛ3C33ÇÛ33ÇÛ33Ä¶b33ÇÛ33ÇÛ33Ç3CÛ3CÛ3C3C"Û3C"Û3C ¶b3C2Û3C2Û3C233ÇÛ33ÇÛ33Ç3C"Û3C"Û3C ¶b3C"Û3C"Û3C"3CÛ3CÛ3C3CBÛ3CBÛ3C@¶b3CÛ3CÛ3C3CRÛ3CRÛ3CR3CBÛ3CBÛ3C@¶b3CÛ3CÛ3C33íÛ33íÛ33í3CRÛ3CRÛ3CP¶b3CBÛ3CBÛ3CB3CRÛ3CRÛ3CR3CbÛ3CbÛ3C`¶b33íÛ33íÛ33í3CrÛ3CrÛ3Cr3CRÛ3CRÛ3CP¶b33íÛ33íÛ33í3CÇÛ3CÇÛ3CÇ3CrÛ3CrÛ3Cp¶b3CÇÛ3CÇÛ3CÇ3CíÛ3CíÛ3Cí3CrÛ3CrÛ3Cp¶b3CRÛ3CRÛ3CR3SÛ3SÛ3S3CbÛ3CbÛ3C`¶b3CbÛ3CbÛ3Cb3SÛ3SÛ3S3SÛ3SÛ3S¶b3S"Û3S"Û3S"3SÛ3SÛ3S3CRÛ3CRÛ3CP¶b3S"Û3S"Û3S"3CRÛ3CRÛ3CR3S2Û3S2Û3S0¶b3SBÛ3SBÛ3SB3S"Û3S"Û3S"3S2Û3S2Û3S0¶b3SÛ3SÛ3S3SRÛ3SRÛ3SR3SÛ3SÛ3S¶b3SRÛ3SRÛ3SR3SÛ3SÛ3S3S"Û3S"Û3S ¶b3SÛ3SÛ3S3SRÛ3SRÛ3SR3SbÛ3SbÛ3S`¶b3SrÛ3SrÛ3Sr3SRÛ3SRÛ3SR3S"Û3S"Û3S ¶b3SRÛ3SRÛ3SR3SÇÛ3SÇÛ3SÇ3SbÛ3SbÛ3S`¶b3SÇÛ3SÇÛ3SÇ3SRÛ3SRÛ3SR3SrÛ3SrÛ3Sp¶b3SíÛ3SíÛ3Sí3SÇÛ3SÇÛ3SÇ3SrÛ3SrÛ3Sp¶b3c"Û3c"Û3c"3cÛ3cÛ3c3cÛ3cÛ3c ¶b3c2Û3c2Û3c23c"Û3c"Û3c"3cÛ3cÛ3c ¶b3c"Û3c"Û3c"3c2Û3c2Û3c23cBÛ3cBÛ3c@¶b3crÛ3crÛ3cr3cbÛ3cbÛ3cb3cRÛ3cRÛ3cP¶b3cÇÛ3cÇÛ3cÇ3crÛ3crÛ3cr3cRÛ3cRÛ3cP¶b3cíÛ3cíÛ3cí3crÛ3crÛ3cr3cÇÛ3cÇÛ3cÄ¶b3sÛ3sÛ3s3cíÛ3cíÛ3cí3cÇÛ3cÇÛ3cÄ¶b3s2Û3s2Û3s23s"Û3s"Û3s"3sÛ3sÛ3s¶b3sBÛ3sBÛ3sB3s2Û3s2Û3s23sÛ3sÛ3s¶b3sBÛ3sBÛ3sB3sÛ3sÛ3s3sRÛ3sRÛ3sP¶b3sÛ3sÛ3s3sbÛ3sbÛ3sb3sRÛ3sRÛ3sP¶b3síÛ3síÛ3sí3sÇÛ3sÇÛ3sÇ3srÛ3srÛ3sp¶b3ÉÛ3ÉÛ3É3síÛ3síÛ3sí3srÛ3srÛ3sp¶b3srÛ3srÛ3sr3ÉÛ3ÉÛ3É3ÉÛ3ÉÛ3É ¶b3ÉÛ3ÉÛ3É3É"Û3É"Û3É"3ÉÛ3ÉÛ3É ¶b3ÉÛ3ÉÛ3É3É2Û3É2Û3É23É"Û3É"Û3É ¶b3É2Û3É2Û3É23ÉBÛ3ÉBÛ3ÉB3É"Û3É"Û3É ¶b3ÉrÛ3ÉrÛ3Ér3ÉbÛ3ÉbÛ3Éb3ÉRÛ3ÉRÛ3ÉP¶b3ÉbÛ3ÉbÛ3Éb3ÉÇÛ3ÉÇÛ3ÉÇ3ÉRÛ3ÉRÛ3ÉP¶b3ÉRÛ3ÉRÛ3ÉR3ÉÇÛ3ÉÇÛ3ÉÇ3ÉíÛ3ÉíÛ3Éê¶b3ÉÇÛ3ÉÇÛ3ÉÇ3ìÛ3ìÛ3ì3ÉíÛ3ÉíÛ3Éê¶b3ì2Û3ì2Û3ì23ì"Û3ì"Û3ì"3ìÛ3ìÛ3ì¶b3ìBÛ3ìBÛ3ìB3ì2Û3ì2Û3ì23ìÛ3ìÛ3ì¶b3ìbÛ3ìbÛ3ìb3ìRÛ3ìRÛ3ìR3ì2Û3ì2Û3ì0¶b3ìrÛ3ìrÛ3ìr3ìbÛ3ìbÛ3ìb3ì2Û3ì2Û3ì0¶b3ìrÛ3ìrÛ3ìr3ìíÛ3ìíÛ3ìí3ìÇÛ3ìÇÛ3ìÄ¶b3Û3Û33ìrÛ3ìrÛ3ìr3ìÇÛ3ìÇÛ3ìÄ¶b32Û32Û323"Û3"Û3"3Û3Û3¶b3BÛ3BÛ3B32Û32Û323Û3Û3¶b3rÛ3rÛ3r3bÛ3bÛ3b3RÛ3RÛ3P¶b3bÛ3bÛ3b3ÇÛ3ÇÛ3Ç3RÛ3RÛ3P¶b3RÛ3RÛ3R3ÇÛ3ÇÛ3Ç3íÛ3íÛ3ê¶b3ÇÛ3ÇÛ3Ç3bÛ3bÛ3b3Û3Û3 ¶b3bÛ3bÛ3b3Û3Û33Û3Û3 ¶b3Û3Û33Û3Û33"Û3"Û3 ¶b3ÇÛ3ÇÛ3Ç3Û3Û33"Û3"Û3 ¶b3Û3Û332Û32Û323"Û3"Û3 ¶b3ÇÛ3ÇÛ3Ç3BÛ3BÛ3B3íÛ3íÛ3ê¶b3BÛ3BÛ3B3ÇÛ3ÇÛ3Ç3"Û3"Û3 ¶b3íÛ3íÛ3í3BÛ3BÛ3B3RÛ3RÛ3P¶b3BÛ3BÛ3B3"Û3"Û3"3bÛ3bÛ3`¶b3BÛ3BÛ3B3rÛ3rÛ3r3RÛ3RÛ3P¶b3rÛ3rÛ3r3BÛ3BÛ3B3bÛ3bÛ3`¶b3#Û3#Û3#3íÛ3íÛ3í3ÇÛ3ÇÛ3Ä¶b3#Û3#Û3#3#Û3#Û3#3ÇÛ3ÇÛ3Ä¶b3#"Û3#"Û3#"3#Û3#Û3#3#Û3#Û3#¶b3#RÛ3#RÛ3#R3#BÛ3#BÛ3#B3#2Û3#2Û3#0¶b3#bÛ3#bÛ3#b3#RÛ3#RÛ3#R3#2Û3#2Û3#0¶b3#rÛ3#rÛ3#r3#bÛ3#bÛ3#b3#2Û3#2Û3#0¶b3#ÇÛ3#ÇÛ3#Ç3#rÛ3#rÛ3#r3#2Û3#2Û3#0¶b33Û33Û3333Û33Û333#íÛ3#íÛ3#ê¶b33Û33Û3333"Û33"Û33"3#íÛ3#íÛ3#ê¶b3#íÛ3#íÛ3#í33"Û33"Û33"332Û332Û330¶b33"Û33"Û33"33BÛ33BÛ33B332Û332Û330¶b33rÛ33rÛ33r33bÛ33bÛ33b33RÛ33RÛ33P¶b33ÇÛ33ÇÛ33Ç33rÛ33rÛ33r33RÛ33RÛ33P¶b33RÛ33RÛ33R33íÛ33íÛ33í33ÇÛ33ÇÛ33Ä¶b33íÛ33íÛ33í3CÛ3CÛ3C33ÇÛ33ÇÛ33Ä¶b33ÇÛ33ÇÛ33Ç3CÛ3CÛ3C33rÛ33rÛ33p¶b33ÇÛ33ÇÛ33Ç3CÛ3CÛ3C3CÛ3CÛ3C¶b3CÛ3CÛ3C3C"Û3C"Û3C"33rÛ33rÛ33p¶b3CÛ3CÛ3C3C2Û3C2Û3C23CÛ3CÛ3C¶b3CBÛ3CBÛ3CB3C2Û3C2Û3C23CÛ3CÛ3C ¶b3CRÛ3CRÛ3CR3CBÛ3CBÛ3CB3CÛ3CÛ3C ¶b3CbÛ3CbÛ3Cb3CBÛ3CBÛ3CB3CRÛ3CRÛ3CP¶b3CrÛ3CrÛ3Cr3CbÛ3CbÛ3Cb3CRÛ3CRÛ3CP¶b3SÛ3SÛ3S3CíÛ3CíÛ3Cí3CÇÛ3CÇÛ3CÄ¶b3SÛ3SÛ3S3SÛ3SÛ3S3CÇÛ3CÇÛ3CÄ¶b3SÛ3SÛ3S3SÛ3SÛ3S3S"Û3S"Û3S ¶b3S2Û3S2Û3S23SÛ3SÛ3S3S"Û3S"Û3S ¶b3S"Û3S"Û3S"3SÛ3SÛ3S3SBÛ3SBÛ3S@¶b3SÛ3SÛ3S3SRÛ3SRÛ3SR3SBÛ3SBÛ3S@¶b3SRÛ3SRÛ3SR3SbÛ3SbÛ3Sb3SBÛ3SBÛ3S@¶b3SrÛ3SrÛ3Sr3SbÛ3SbÛ3Sb3SRÛ3SRÛ3SP¶b3cÛ3cÛ3c3SíÛ3SíÛ3Sí3SÇÛ3SÇÛ3SÄ¶b3cÛ3cÛ3c3cÛ3cÛ3c3SÇÛ3SÇÛ3SÄ¶b3cÛ3cÛ3c3SÇÛ3SÇÛ3SÇ3c"Û3c"Û3c ¶b3c2Û3c2Û3c23cÛ3cÛ3c3c"Û3c"Û3c ¶b3cbÛ3cbÛ3cb3cRÛ3cRÛ3cR3cBÛ3cBÛ3c@¶b3cRÛ3cRÛ3cR3crÛ3crÛ3cr3cBÛ3cBÛ3c@¶b3cBÛ3cBÛ3cB3crÛ3crÛ3cr3cÇÛ3cÇÛ3cÄ¶b3crÛ3crÛ3cr3cíÛ3cíÛ3cí3cÇÛ3cÇÛ3cÄ¶b3s"Û3s"Û3s"3sÛ3sÛ3s3sÛ3sÛ3s ¶b3s2Û3s2Û3s23s"Û3s"Û3s"3sÛ3sÛ3s ¶b3s2Û3s2Û3s23sÛ3sÛ3s3sBÛ3sBÛ3s@¶b3sRÛ3sRÛ3sR3s"Û3s"Û3s"3s2Û3s2Û3s0¶b3sbÛ3sbÛ3sb3s2Û3s2Û3s23sBÛ3sBÛ3s@¶b3srÛ3srÛ3sr3sRÛ3sRÛ3sR3s2Û3s2Û3s0¶b3srÛ3srÛ3sr3s2Û3s2Û3s23sbÛ3sbÛ3s`¶b3sÇÛ3sÇÛ3sÇ3srÛ3srÛ3sr3sbÛ3sbÛ3s`¶b3ÉÛ3ÉÛ3É3ÉÛ3ÉÛ3É3síÛ3síÛ3sê¶b3É"Û3É"Û3É"3ÉÛ3ÉÛ3É3síÛ3síÛ3sê¶b3síÛ3síÛ3sí3É2Û3É2Û3É23É"Û3É"Û3É ¶b3É2Û3É2Û3É23ÉBÛ3ÉBÛ3ÉB3É"Û3É"Û3É ¶b3É"Û3É"Û3É"3ÉBÛ3ÉBÛ3ÉB3ÉRÛ3ÉRÛ3ÉP¶b3ÉBÛ3ÉBÛ3ÉB3ÉbÛ3ÉbÛ3Éb3ÉRÛ3ÉRÛ3ÉP¶b3ÉBÛ3ÉBÛ3ÉB3ÉrÛ3ÉrÛ3Ér3ÉbÛ3ÉbÛ3É`¶b3ÉrÛ3ÉrÛ3Ér3ÉÇÛ3ÉÇÛ3ÉÇ3ÉbÛ3ÉbÛ3É`¶b3ÉíÛ3ÉíÛ3Éí3ÉrÛ3ÉrÛ3Ér3ÉBÛ3ÉBÛ3É@¶b3É2Û3É2Û3É23ÉíÛ3ÉíÛ3Éí3ÉBÛ3ÉBÛ3É@¶b3ìÛ3ìÛ3ì3ÉíÛ3ÉíÛ3Éí3É2Û3É2Û3É0¶b3ìÛ3ìÛ3ì3ìÛ3ìÛ3ì3É2Û3É2Û3É0¶b3ìBÛ3ìBÛ3ìB3ì2Û3ì2Û3ì23ì"Û3ì"Û3ì ¶b3ì2Û3ì2Û3ì23ìRÛ3ìRÛ3ìR3ì"Û3ì"Û3ì ¶b3ì"Û3ì"Û3ì"3ìRÛ3ìRÛ3ìR3ìbÛ3ìbÛ3ì`¶b3ìRÛ3ìRÛ3ìR3ìrÛ3ìrÛ3ìr3ìbÛ3ìbÛ3ì`¶b3ìbÛ3ìbÛ3ìb3ìrÛ3ìrÛ3ìr3ìÇÛ3ìÇÛ3ìÄ¶b3ìrÛ3ìrÛ3ìr3ìíÛ3ìíÛ3ìí3ìÇÛ3ìÇÛ3ìÄ¶b3ìrÛ3ìrÛ3ìr3#Û3#Û3#3ìíÛ3ìíÛ3ìê¶b3#Û3#Û3#3#Û3#Û3#3ìíÛ3ìíÛ3ìê¶b3#BÛ3#BÛ3#B3#2Û3#2Û3#23#"Û3#"Û3# ¶b3#2Û3#2Û3#23#RÛ3#RÛ3#R3#"Û3#"Û3# ¶b3#"Û3#"Û3#"3#RÛ3#RÛ3#R3#bÛ3#bÛ3#`¶b3#RÛ3#RÛ3#R3#rÛ3#rÛ3#r3#bÛ3#bÛ3#`¶b3#Û3#Û3#3#íÛ3#íÛ3#í3#ÇÛ3#ÇÛ3#Ä¶b3#íÛ3#íÛ3#í3#Û3#Û3#3#ÇÛ3#ÇÛ3#Ä¶b3#ÇÛ3#ÇÛ3#Ç3#Û3#Û3#3#"Û3#"Û3# ¶b3#Û3#Û3#3#2Û3#2Û3#23#"Û3#"Û3# ¶b3#bÛ3#bÛ3#b3#RÛ3#RÛ3#R3#BÛ3#BÛ3#@¶b3#rÛ3#rÛ3#r3#bÛ3#bÛ3#b3#BÛ3#BÛ3#@¶b3##Û3##Û3##3#íÛ3#íÛ3#í3#ÇÛ3#ÇÛ3#Ä¶b3#íÛ3#íÛ3#í3##Û3##Û3##3#ÇÛ3#ÇÛ3#Ä¶b3#íÛ3#íÛ3#í3##"Û3##"Û3##"3##Û3##Û3##¶b3##"Û3##"Û3##"3##2Û3##2Û3##23##Û3##Û3##¶b3##"Û3##"Û3##"3##BÛ3##BÛ3##B3##2Û3##2Û3##0¶b3##BÛ3##BÛ3##B3##RÛ3##RÛ3##R3##2Û3##2Û3##0¶b3##ÇÛ3##ÇÛ3##Ç3##rÛ3##rÛ3##r3##bÛ3##bÛ3##`¶b3##íÛ3##íÛ3##í3##ÇÛ3##ÇÛ3##Ç3##bÛ3##bÛ3##`¶b3#3"Û3#3"Û3#3"3#3Û3#3Û3#33#3Û3#3Û3#3 ¶b3#32Û3#32Û3#323#3"Û3#3"Û3#3"3#3Û3#3Û3#3 ¶b3#32Û3#32Û3#323#3Û3#3Û3#33#3BÛ3#3BÛ3#3@¶b3#3Û3#3Û3#33#3RÛ3#3RÛ3#3R3#3BÛ3#3BÛ3#3@¶b3#32Û3#32Û3#323#3BÛ3#3BÛ3#3B3#3bÛ3#3bÛ3#3`¶b3#3rÛ3#3rÛ3#3r3#32Û3#32Û3#323#3bÛ3#3bÛ3#3`¶b3#3"Û3#3"Û3#3"3#32Û3#32Û3#323#3rÛ3#3rÛ3#3p¶b3#3rÛ3#3rÛ3#3r3#3bÛ3#3bÛ3#3b3#3ÇÛ3#3ÇÛ3#3Ä¶b3#3íÛ3#3íÛ3#3í3#3"Û3#3"Û3#3"3#3rÛ3#3rÛ3#3p¶b3#CÛ3#CÛ3#C3#3"Û3#3"Û3#3"3#3íÛ3#3íÛ3#3ê¶b3#CÛ3#CÛ3#C3#CÛ3#CÛ3#C3#3íÛ3#3íÛ3#3ê¶b3#3rÛ3#3rÛ3#3r3#C"Û3#C"Û3#C"3#3íÛ3#3íÛ3#3ê¶b3#C2Û3#C2Û3#C23#3rÛ3#3rÛ3#3r3#3ÇÛ3#3ÇÛ3#3Ä¶b3#3rÛ3#3rÛ3#3r3#C2Û3#C2Û3#C23#C"Û3#C"Û3#C ¶b3#C2Û3#C2Û3#C23#3ÇÛ3#3ÇÛ3#3Ç3#CBÛ3#CBÛ3#C@¶b3#C2Û3#C2Û3#C23#CRÛ3#CRÛ3#CR3#C"Û3#C"Û3#C ¶b3#CbÛ3#CbÛ3#Cb3#C2Û3#C2Û3#C23#CBÛ3#CBÛ3#C@¶b3#C2Û3#C2Û3#C23#CbÛ3#CbÛ3#Cb3#CRÛ3#CRÛ3#CP¶b3#CbÛ3#CbÛ3#Cb3#CBÛ3#CBÛ3#CB3#CrÛ3#CrÛ3#Cp¶b3#CbÛ3#CbÛ3#Cb3#CÇÛ3#CÇÛ3#CÇ3#CRÛ3#CRÛ3#CP¶b3#CíÛ3#CíÛ3#Cí3#CbÛ3#CbÛ3#Cb3#CrÛ3#CrÛ3#Cp¶b3#CbÛ3#CbÛ3#Cb3#CíÛ3#CíÛ3#Cí3#CÇÛ3#CÇÛ3#CÄ¶b3#CíÛ3#CíÛ3#Cí3#SÛ3#SÛ3#S3#CÇÛ3#CÇÛ3#CÄ¶b3#S2Û3#S2Û3#S23#S"Û3#S"Û3#S"3#SÛ3#SÛ3#S¶b3#SBÛ3#SBÛ3#SB3#S2Û3#S2Û3#S23#SÛ3#SÛ3#S¶b3#SbÛ3#SbÛ3#Sb3#S2Û3#S2Û3#S23#SRÛ3#SRÛ3#SP¶b3#SrÛ3#SrÛ3#Sr3#SbÛ3#SbÛ3#Sb3#SRÛ3#SRÛ3#SP¶b3#SÇÛ3#SÇÛ3#SÇ3#SbÛ3#SbÛ3#Sb3#SrÛ3#SrÛ3#Sp¶b3#SíÛ3#SíÛ3#Sí3#SÇÛ3#SÇÛ3#SÇ3#SrÛ3#SrÛ3#Sp¶b3#SrÛ3#SrÛ3#Sr3#SRÛ3#SRÛ3#SR3#cÛ3#cÛ3#c ¶b3#SRÛ3#SRÛ3#SR3#cÛ3#cÛ3#c3#cÛ3#cÛ3#c ¶b3#SRÛ3#SRÛ3#SR3#c"Û3#c"Û3#c"3#cÛ3#cÛ3#c¶b3#c"Û3#c"Û3#c"3#c2Û3#c2Û3#c23#cÛ3#cÛ3#c¶b3#cbÛ3#cbÛ3#cb3#cRÛ3#cRÛ3#cR3#cBÛ3#cBÛ3#c@¶b3#crÛ3#crÛ3#cr3#cbÛ3#cbÛ3#cb3#cBÛ3#cBÛ3#c@¶b3#cÇÛ3#cÇÛ3#cÇ3#crÛ3#crÛ3#cr3#cBÛ3#cBÛ3#c@¶b3#cíÛ3#cíÛ3#cí3#cÇÛ3#cÇÛ3#cÇ3#cBÛ3#cBÛ3#c@¶b3#s"Û3#s"Û3#s"3#sÛ3#sÛ3#s3#sÛ3#sÛ3#s ¶b3#sÛ3#sÛ3#s3#s2Û3#s2Û3#s23#sÛ3#sÛ3#s ¶b3#sBÛ3#sBÛ3#sB3#s2Û3#s2Û3#s23#sÛ3#sÛ3#s¶b3#sRÛ3#sRÛ3#sR3#sBÛ3#sBÛ3#sB3#sÛ3#sÛ3#s¶b3#sÇÛ3#sÇÛ3#sÇ3#srÛ3#srÛ3#sr3#sbÛ3#sbÛ3#s`¶b3#síÛ3#síÛ3#sí3#sÇÛ3#sÇÛ3#sÇ3#sbÛ3#sbÛ3#s`¶b3#É"Û3#É"Û3#É"3#ÉÛ3#ÉÛ3#É3#ÉÛ3#ÉÛ3#É ¶b3#ÉÛ3#ÉÛ3#É3#É2Û3#É2Û3#É23#ÉÛ3#ÉÛ3#É ¶b3#ÉÛ3#ÉÛ3#É3#É2Û3#É2Û3#É23#ÉBÛ3#ÉBÛ3#É@¶b3#É2Û3#É2Û3#É23#ÉRÛ3#ÉRÛ3#ÉR3#ÉBÛ3#ÉBÛ3#É@¶b3#ÉBÛ3#ÉBÛ3#ÉB3#ÉRÛ3#ÉRÛ3#ÉR3#ÉbÛ3#ÉbÛ3#É`¶b3#ÉRÛ3#ÉRÛ3#ÉR3#ÉrÛ3#ÉrÛ3#Ér3#ÉbÛ3#ÉbÛ3#É`¶b3#ìÛ3#ìÛ3#ì3#ÉíÛ3#ÉíÛ3#Éí3#ÉÇÛ3#ÉÇÛ3#ÉÄ¶b3#ìÛ3#ìÛ3#ì3#ìÛ3#ìÛ3#ì3#ÉÇÛ3#ÉÇÛ3#ÉÄ¶b3#ì"Û3#ì"Û3#ì"3#ìÛ3#ìÛ3#ì3#ìÛ3#ìÛ3#ì¶b3#ì2Û3#ì2Û3#ì23#ì"Û3#ì"Û3#ì"3#ìÛ3#ìÛ3#ì¶b3#ì2Û3#ì2Û3#ì23#ìBÛ3#ìBÛ3#ìB3#ì"Û3#ì"Û3#ì ¶b3#ìBÛ3#ìBÛ3#ìB3#ìRÛ3#ìRÛ3#ìR3#ì"Û3#ì"Û3#ì ¶b3#ìÇÛ3#ìÇÛ3#ìÇ3#ìrÛ3#ìrÛ3#ìr3#ìbÛ3#ìbÛ3#ì`¶b3#ìíÛ3#ìíÛ3#ìí3#ìÇÛ3#ìÇÛ3#ìÇ3#ìbÛ3#ìbÛ3#ì`¶b33"Û33"Û33"33Û33Û3333Û33Û33 ¶b33Û33Û33332Û332Û33233Û33Û33 ¶b33BÛ33BÛ33B332Û332Û33233Û33Û33¶b33RÛ33RÛ33R33BÛ33BÛ33B33Û33Û33¶b33bÛ33bÛ33b33BÛ33BÛ33B33RÛ33RÛ33P¶b33rÛ33rÛ33r33bÛ33bÛ33b33RÛ33RÛ33P¶b33Û33Û3333íÛ33íÛ33í33ÇÛ33ÇÛ33Ä¶b33íÛ33íÛ33í33Û33Û3333ÇÛ33ÇÛ33Ä¶b33íÛ33íÛ33í33"Û33"Û33"33Û33Û33¶b33"Û33"Û33"332Û332Û33233Û33Û33¶b33Û33Û33332Û332Û33233ÇÛ33ÇÛ33Ä¶b332Û332Û33233BÛ33BÛ33B33ÇÛ33ÇÛ33Ä¶b33ÇÛ33ÇÛ33Ç33BÛ33BÛ33B33RÛ33RÛ33P¶b33BÛ33BÛ33B33bÛ33bÛ33b33RÛ33RÛ33P¶b33íÛ33íÛ33í33ÇÛ33ÇÛ33Ç33rÛ33rÛ33p¶b33ÇÛ33ÇÛ33Ç33#Û33#Û33#33rÛ33rÛ33p¶b33rÛ33rÛ33r33#Û33#Û33#33#Û33#Û33#¶b33#Û33#Û33#33#"Û33#"Û33#"33#Û33#Û33#¶b33#Û33#Û33#33#"Û33#"Û33#"33#2Û33#2Û33#0¶b33#"Û33#"Û33#"33#BÛ33#BÛ33#B33#2Û33#2Û33#0¶b33#rÛ33#rÛ33#r33#bÛ33#bÛ33#b33#RÛ33#RÛ33#P¶b33#ÇÛ33#ÇÛ33#Ç33#rÛ33#rÛ33#r33#RÛ33#RÛ33#P¶b33#ÇÛ33#ÇÛ33#Ç33#RÛ33#RÛ33#R33#íÛ33#íÛ33#ê¶b333Û333Û33333#ÇÛ33#ÇÛ33#Ç33#íÛ33#íÛ33#ê¶b3332Û3332Û3332333"Û333"Û333"333Û333Û333¶b333BÛ333BÛ333B3332Û3332Û3332333Û333Û333¶b333RÛ333RÛ333R3332Û3332Û3332333BÛ333BÛ333@¶b333bÛ333bÛ333b333RÛ333RÛ333R333BÛ333BÛ333@¶b333íÛ333íÛ333í333ÇÛ333ÇÛ333Ç333rÛ333rÛ333p¶b33CÛ33CÛ33C333íÛ333íÛ333í333rÛ333rÛ333p¶b33C2Û33C2Û33C233C"Û33C"Û33C"33CÛ33CÛ33C¶b33C"Û33C"Û33C"33CBÛ33CBÛ33CB33CÛ33CÛ33C¶b33CBÛ33CBÛ33CB33CRÛ33CRÛ33CR33CÛ33CÛ33C¶b33CRÛ33CRÛ33CR33CbÛ33CbÛ33Cb33CÛ33CÛ33C¶b33CbÛ33CbÛ33Cb33CRÛ33CRÛ33CR33CrÛ33CrÛ33Cp¶b33CÇÛ33CÇÛ33CÇ33CbÛ33CbÛ33Cb33CrÛ33CrÛ33Cp¶b33CrÛ33CrÛ33Cr33CRÛ33CRÛ33CR33CíÛ33CíÛ33Cê¶b33SÛ33SÛ33S33CÇÛ33CÇÛ33CÇ33CrÛ33CrÛ33Cp¶b33SÛ33SÛ33S33CrÛ33CrÛ33Cr33CíÛ33CíÛ33Cê¶b33SÛ33SÛ33S33SÛ33SÛ33S33CrÛ33CrÛ33Cp¶b33SBÛ33SBÛ33SB33S2Û33S2Û33S233S"Û33S"Û33S ¶b33SRÛ33SRÛ33SR33SBÛ33SBÛ33SB33S"Û33S"Û33S ¶b33SÇÛ33SÇÛ33SÇ33SrÛ33SrÛ33Sr33SbÛ33SbÛ33S`¶b33SíÛ33SíÛ33Sí33SÇÛ33SÇÛ33SÇ33SbÛ33SbÛ33S`¶b33SbÛ33SbÛ33Sb33cÛ33cÛ33c33SíÛ33SíÛ33Sê¶b33cÛ33cÛ33c33cÛ33cÛ33c33SíÛ33SíÛ33Sê¶b33c"Û33c"Û33c"33SÇÛ33SÇÛ33SÇ33SíÛ33SíÛ33Sê¶b33c2Û33c2Û33c233c"Û33c"Û33c"33SíÛ33SíÛ33Sê¶b33c2Û33c2Û33c233cBÛ33cBÛ33cB33c"Û33c"Û33c ¶b33cBÛ33cBÛ33cB33cRÛ33cRÛ33cR33c"Û33c"Û33c ¶b33cÇÛ33cÇÛ33cÇ33crÛ33crÛ33cr33cbÛ33cbÛ33c`¶b33cíÛ33cíÛ33cí33cÇÛ33cÇÛ33cÇ33cbÛ33cbÛ33c`¶b33cíÛ33cíÛ33cí33cbÛ33cbÛ33cb33sÛ33sÛ33s ¶b33sÛ33sÛ33s33cbÛ33cbÛ33cb33sÛ33sÛ33s¶b33cbÛ33cbÛ33cb33s"Û33s"Û33s"33sÛ33sÛ33s¶b33sÛ33sÛ33s33s"Û33s"Û33s"33s2Û33s2Û33s0¶b33s"Û33s"Û33s"33sBÛ33sBÛ33sB33s2Û33s2Û33s0¶b33sÛ33sÛ33s33s2Û33s2Û33s233sRÛ33sRÛ33sP¶b33sÛ33sÛ33s33sÛ33sÛ33s33sRÛ33sRÛ33sP¶b33s2Û33s2Û33s233sbÛ33sbÛ33sb33sRÛ33sRÛ33sP¶b33srÛ33srÛ33sr33sbÛ33sbÛ33sb33s2Û33s2Û33s0¶b33sÛ33sÛ33s33sRÛ33sRÛ33sR33sÇÛ33sÇÛ33sÄ¶b33síÛ33síÛ33sí33sÛ33sÛ33s33sÇÛ33sÇÛ33sÄ¶b33síÛ33síÛ33sí33cíÛ33cíÛ33cí33sÛ33sÛ33s ¶b33cíÛ33cíÛ33cí33síÛ33síÛ33sí33ÉÛ33ÉÛ33É ¶b33ÉÛ33ÉÛ33É33síÛ33síÛ33sí33ÉÛ33ÉÛ33É¶b33É"Û33É"Û33É"33cíÛ33cíÛ33cí33ÉÛ33ÉÛ33É ¶b33É2Û33É2Û33É233ÉÛ33ÉÛ33É33ÉÛ33ÉÛ33É¶b33ÉBÛ33ÉBÛ33ÉB33ÉÛ33ÉÛ33É33É2Û33É2Û33É0¶b33ÉRÛ33ÉRÛ33ÉR33ÉBÛ33ÉBÛ33ÉB33É2Û33É2Û33É0¶b33ÉbÛ33ÉbÛ33Éb33ÉRÛ33ÉRÛ33ÉR33É2Û33É2Û33É0¶b33ÉrÛ33ÉrÛ33Ér33ÉbÛ33ÉbÛ33Éb33É2Û33É2Û33É0¶b33ÉÇÛ33ÉÇÛ33ÉÇ33ÉbÛ33ÉbÛ33Éb33ÉrÛ33ÉrÛ33Ép¶b33ÉíÛ33ÉíÛ33Éí33ÉÇÛ33ÉÇÛ33ÉÇ33ÉrÛ33ÉrÛ33Ép¶b33ÉíÛ33ÉíÛ33Éí33ÉrÛ33ÉrÛ33Ér33ìÛ33ìÛ33ì ¶b33ÉrÛ33ÉrÛ33Ér33ìÛ33ìÛ33ì33ìÛ33ìÛ33ì ¶b33É"Û33É"Û33É"33ì2Û33ì2Û33ì233ì"Û33ì"Û33ì ¶b33ì2Û33ì2Û33ì233ìBÛ33ìBÛ33ìB33ì"Û33ì"Û33ì ¶b33ìRÛ33ìRÛ33ìR33ì"Û33ì"Û33ì"33ìBÛ33ìBÛ33ì@¶b33ìbÛ33ìbÛ33ìb33ìRÛ33ìRÛ33ìR33ìBÛ33ìBÛ33ì@¶b33ìíÛ33ìíÛ33ìí33ìÇÛ33ìÇÛ33ìÇ33ìrÛ33ìrÛ33ìp¶b33ìÇÛ33ìÇÛ33ìÇ3CÛ3CÛ3C33ìrÛ33ìrÛ33ìp¶b33ìrÛ33ìrÛ33ìr3CÛ3CÛ3C3CÛ3CÛ3C¶b3CÛ3CÛ3C3C"Û3C"Û3C"3CÛ3CÛ3C¶b33ìÇÛ33ìÇÛ33ìÇ3C2Û3C2Û3C23CÛ3CÛ3C ¶b3C2Û3C2Û3C23CBÛ3CBÛ3CB3CÛ3CÛ3C ¶b3CrÛ3CrÛ3Cr3CbÛ3CbÛ3Cb3CRÛ3CRÛ3CP¶b3CbÛ3CbÛ3Cb3CÇÛ3CÇÛ3CÇ3CRÛ3CRÛ3CP¶b3CíÛ3CíÛ3Cí3CRÛ3CRÛ3CR3CÇÛ3CÇÛ3CÄ¶b3CÛ3CÛ3C3CíÛ3CíÛ3Cí3CÇÛ3CÇÛ3CÄ¶b3CÛ3CÛ3C3CÇÛ3CÇÛ3CÇ3CÛ3CÛ3C¶b3C"Û3C"Û3C"3CÛ3CÛ3C3CÛ3CÛ3C¶b3C2Û3C2Û3C23CÛ3CÛ3C3C"Û3C"Û3C ¶b3CBÛ3CBÛ3CB3C2Û3C2Û3C23C"Û3C"Û3C ¶b3C2Û3C2Û3C23CRÛ3CRÛ3CR3CÛ3CÛ3C ¶b3CRÛ3CRÛ3CR3CíÛ3CíÛ3Cí3CÛ3CÛ3C ¶b3CRÛ3CRÛ3CR3CbÛ3CbÛ3Cb3CíÛ3CíÛ3Cê¶b3CbÛ3CbÛ3Cb3CrÛ3CrÛ3Cr3CíÛ3CíÛ3Cê¶b3C#Û3C#Û3C#3CíÛ3CíÛ3Cí3CÇÛ3CÇÛ3CÄ¶b3C#Û3C#Û3C#3C#Û3C#Û3C#3CÇÛ3CÇÛ3CÄ¶b3C#Û3C#Û3C#3CÇÛ3CÇÛ3CÇ3C#"Û3C#"Û3C# ¶b3C#2Û3C#2Û3C#23C#Û3C#Û3C#3C#"Û3C#"Û3C# ¶b3C#bÛ3C#bÛ3C#b3C#RÛ3C#RÛ3C#R3C#BÛ3C#BÛ3C#@¶b3C#RÛ3C#RÛ3C#R3C#rÛ3C#rÛ3C#r3C#BÛ3C#BÛ3C#@¶b3C#RÛ3C#RÛ3C#R3C#ÇÛ3C#ÇÛ3C#Ç3C#rÛ3C#rÛ3C#p¶b3C#ÇÛ3C#ÇÛ3C#Ç3C#íÛ3C#íÛ3C#í3C#rÛ3C#rÛ3C#p¶b3C3Û3C3Û3C33C3Û3C3Û3C33C#BÛ3C#BÛ3C#@¶b3C3"Û3C3"Û3C3"3C3Û3C3Û3C33C#BÛ3C#BÛ3C#@¶b3C3RÛ3C3RÛ3C3R3C3BÛ3C3BÛ3C3B3C32Û3C32Û3C30¶b3C3bÛ3C3bÛ3C3b3C3RÛ3C3RÛ3C3R3C32Û3C32Û3C30¶b3C3bÛ3C3bÛ3C3b3C32Û3C32Û3C323C3rÛ3C3rÛ3C3p¶b3C3ÇÛ3C3ÇÛ3C3Ç3C3bÛ3C3bÛ3C3b3C3rÛ3C3rÛ3C3p¶b3CCÛ3CCÛ3CC3CCÛ3CCÛ3CC3C3íÛ3C3íÛ3C3ê¶b3CC"Û3CC"Û3CC"3CCÛ3CCÛ3CC3C3íÛ3C3íÛ3C3ê¶b3CCRÛ3CCRÛ3CCR3CCBÛ3CCBÛ3CCB3CC2Û3CC2Û3CC0¶b3CCBÛ3CCBÛ3CCB3CCbÛ3CCbÛ3CCb3CC2Û3CC2Û3CC0¶b3CCrÛ3CCrÛ3CCr3CCbÛ3CCbÛ3CCb3CCBÛ3CCBÛ3CC@¶b3CCÇÛ3CCÇÛ3CCÇ3CCrÛ3CCrÛ3CCr3CCBÛ3CCBÛ3CC@¶b3CCÇÛ3CCÇÛ3CCÇ3CCíÛ3CCíÛ3CCí3CCrÛ3CCrÛ3CCp¶b3CCíÛ3CCíÛ3CCí3CSÛ3CSÛ3CS3CCrÛ3CCrÛ3CCp¶b3CS2Û3CS2Û3CS23CS"Û3CS"Û3CS"3CSÛ3CSÛ3CS¶b3CSBÛ3CSBÛ3CSB3CS2Û3CS2Û3CS23CSÛ3CSÛ3CS¶b3CSBÛ3CSBÛ3CSB3CSÛ3CSÛ3CS3CSRÛ3CSRÛ3CSP¶b3CSbÛ3CSbÛ3CSb3CSBÛ3CSBÛ3CSB3CSRÛ3CSRÛ3CSP¶b3CS2Û3CS2Û3CS23CSBÛ3CSBÛ3CSB3CSrÛ3CSrÛ3CSp¶b3CSBÛ3CSBÛ3CSB3CSÇÛ3CSÇÛ3CSÇ3CSrÛ3CSrÛ3CSp¶b3CSrÛ3CSrÛ3CSr3CSÇÛ3CSÇÛ3CSÇ3CSíÛ3CSíÛ3CSê¶b3CcÛ3CcÛ3Cc3CSrÛ3CSrÛ3CSr3CSíÛ3CSíÛ3CSê¶b3Cc2Û3Cc2Û3Cc23Cc"Û3Cc"Û3Cc"3CcÛ3CcÛ3Cc¶b3CcBÛ3CcBÛ3CcB3Cc2Û3Cc2Û3Cc23CcÛ3CcÛ3Cc¶b3CcRÛ3CcRÛ3CcR3CcBÛ3CcBÛ3CcB3CcÛ3CcÛ3Cc¶b3CcBÛ3CcBÛ3CcB3CcRÛ3CcRÛ3CcR3CcbÛ3CcbÛ3Cc`¶b3CcBÛ3CcBÛ3CcB3CcbÛ3CcbÛ3Ccb3CcrÛ3CcrÛ3Ccp¶b3CcRÛ3CcRÛ3CcR3CcÇÛ3CcÇÛ3CcÇ3CcbÛ3CcbÛ3Cc`¶b3CcbÛ3CcbÛ3Ccb3CcíÛ3CcíÛ3Ccí3CcrÛ3CcrÛ3Ccp¶b3CcÇÛ3CcÇÛ3CcÇ3CsÛ3CsÛ3Cs3CcbÛ3CcbÛ3Cc`¶b3CsÛ3CsÛ3Cs3CcíÛ3CcíÛ3Ccí3CcbÛ3CcbÛ3Cc`¶b3Cs2Û3Cs2Û3Cs23Cs"Û3Cs"Û3Cs"3CsÛ3CsÛ3Cs¶b3CsBÛ3CsBÛ3CsB3Cs2Û3Cs2Û3Cs23CsÛ3CsÛ3Cs¶b3CsBÛ3CsBÛ3CsB3CsÛ3CsÛ3Cs3CsRÛ3CsRÛ3CsP¶b3CsÛ3CsÛ3Cs3CsbÛ3CsbÛ3Csb3CsRÛ3CsRÛ3CsP¶b3CsíÛ3CsíÛ3Csí3CsÇÛ3CsÇÛ3CsÇ3CsrÛ3CsrÛ3Csp¶b3CÉÛ3CÉÛ3CÉ3CsíÛ3CsíÛ3Csí3CsrÛ3CsrÛ3Csp¶b3CsíÛ3CsíÛ3Csí3CÉ"Û3CÉ"Û3CÉ"3CÉÛ3CÉÛ3CÉ¶b3CÉ"Û3CÉ"Û3CÉ"3CÉ2Û3CÉ2Û3CÉ23CÉÛ3CÉÛ3CÉ¶b3CÉ"Û3CÉ"Û3CÉ"3CÉBÛ3CÉBÛ3CÉB3CÉ2Û3CÉ2Û3CÉ0¶b3CÉBÛ3CÉBÛ3CÉB3CÉRÛ3CÉRÛ3CÉR3CÉ2Û3CÉ2Û3CÉ0¶b3CÉÛ3CÉÛ3CÉ3CÉ2Û3CÉ2Û3CÉ23CÉbÛ3CÉbÛ3CÉ`¶b3CÉrÛ3CÉrÛ3CÉr3CÉÛ3CÉÛ3CÉ3CÉbÛ3CÉbÛ3CÉ`¶b3CÉÇÛ3CÉÇÛ3CÉÇ3CÉÛ3CÉÛ3CÉ3CÉrÛ3CÉrÛ3CÉp¶b3CÉíÛ3CÉíÛ3CÉí3CÉÇÛ3CÉÇÛ3CÉÇ3CÉrÛ3CÉrÛ3CÉp¶b3Cì"Û3Cì"Û3Cì"3CìÛ3CìÛ3Cì3CìÛ3CìÛ3Cì ¶b3Cì2Û3Cì2Û3Cì23Cì"Û3Cì"Û3Cì"3CìÛ3CìÛ3Cì ¶b3Cì2Û3Cì2Û3Cì23CìBÛ3CìBÛ3CìB3Cì"Û3Cì"Û3Cì ¶b3CìBÛ3CìBÛ3CìB3CìRÛ3CìRÛ3CìR3Cì"Û3Cì"Û3Cì ¶b3CìbÛ3CìbÛ3Cìb3CìRÛ3CìRÛ3CìR3CìBÛ3CìBÛ3Cì@¶b3CìíÛ3CìíÛ3Cìí3CìÇÛ3CìÇÛ3CìÇ3CìrÛ3CìrÛ3Cìp¶b3SÛ3SÛ3S3CìíÛ3CìíÛ3Cìí3CìrÛ3CìrÛ3Cìp¶b3SÛ3SÛ3S3CìrÛ3CìrÛ3Cìr3SÛ3SÛ3S¶b3S"Û3S"Û3S"3SÛ3SÛ3S3SÛ3SÛ3S¶b3S2Û3S2Û3S23SÛ3SÛ3S3S"Û3S"Û3S ¶b3SBÛ3SBÛ3SB3S2Û3S2Û3S23S"Û3S"Û3S ¶b3SBÛ3SBÛ3SB3SRÛ3SRÛ3SR3S2Û3S2Û3S0¶b3SRÛ3SRÛ3SR3SbÛ3SbÛ3Sb3S2Û3S2Û3S0¶b3SbÛ3SbÛ3Sb3SrÛ3SrÛ3Sr3S2Û3S2Û3S0¶b3SrÛ3SrÛ3Sr3SÇÛ3SÇÛ3SÇ3S2Û3S2Û3S0¶b3SÛ3SÛ3S3SÛ3SÛ3S3SíÛ3SíÛ3Sê¶b3SÛ3SÛ3S3S"Û3S"Û3S"3SíÛ3SíÛ3Sê¶b3SíÛ3SíÛ3Sí3S"Û3S"Û3S"3S2Û3S2Û3S0¶b3SBÛ3SBÛ3SB3SíÛ3SíÛ3Sí3S2Û3S2Û3S0¶b3SRÛ3SRÛ3SR3S2Û3S2Û3S23S"Û3S"Û3S ¶b3SbÛ3SbÛ3Sb3SRÛ3SRÛ3SR3S"Û3S"Û3S ¶b3SbÛ3SbÛ3Sb3S"Û3S"Û3S"3SÛ3SÛ3S ¶b3SrÛ3SrÛ3Sr3SbÛ3SbÛ3Sb3SÛ3SÛ3S ¶b3SrÛ3SrÛ3Sr3SÇÛ3SÇÛ3SÇ3SbÛ3SbÛ3S`¶b3SÇÛ3SÇÛ3SÇ3SíÛ3SíÛ3Sí3SbÛ3SbÛ3S`¶b3SÇÛ3SÇÛ3SÇ3S#Û3S#Û3S#3SíÛ3SíÛ3Sê¶b3S#Û3S#Û3S#3S#Û3S#Û3S#3SíÛ3SíÛ3Sê¶b3S#BÛ3S#BÛ3S#B3S#2Û3S#2Û3S#23S#"Û3S#"Û3S# ¶b3S#2Û3S#2Û3S#23S#RÛ3S#RÛ3S#R3S#"Û3S#"Û3S# ¶b3S#bÛ3S#bÛ3S#b3S#"Û3S#"Û3S#"3S#RÛ3S#RÛ3S#P¶b3S#rÛ3S#rÛ3S#r3S#bÛ3S#bÛ3S#b3S#RÛ3S#RÛ3S#P¶b3S#bÛ3S#bÛ3S#b3S#ÇÛ3S#ÇÛ3S#Ç3S#"Û3S#"Û3S# ¶b3S#ÇÛ3S#ÇÛ3S#Ç3S#íÛ3S#íÛ3S#í3S#"Û3S#"Û3S# ¶b3S3Û3S3Û3S33S#íÛ3S#íÛ3S#í3S#ÇÛ3S#ÇÛ3S#Ä¶b3S3Û3S3Û3S33S3Û3S3Û3S33S#ÇÛ3S#ÇÛ3S#Ä¶b3S3BÛ3S3BÛ3S3B3S32Û3S32Û3S323S3"Û3S3"Û3S3 ¶b3S3RÛ3S3RÛ3S3R3S3BÛ3S3BÛ3S3B3S3"Û3S3"Û3S3 ¶b3S3ÇÛ3S3ÇÛ3S3Ç3S3rÛ3S3rÛ3S3r3S3bÛ3S3bÛ3S3`¶b3S3íÛ3S3íÛ3S3í3S3ÇÛ3S3ÇÛ3S3Ç3S3bÛ3S3bÛ3S3`¶b3SC"Û3SC"Û3SC"3SCÛ3SCÛ3SC3SCÛ3SCÛ3SC ¶b3SC2Û3SC2Û3SC23SC"Û3SC"Û3SC"3SCÛ3SCÛ3SC ¶b3SC2Û3SC2Û3SC23SCBÛ3SCBÛ3SCB3SC"Û3SC"Û3SC ¶b3SCBÛ3SCBÛ3SCB3SCRÛ3SCRÛ3SCR3SC"Û3SC"Û3SC ¶b3SCÇÛ3SCÇÛ3SCÇ3SCrÛ3SCrÛ3SCr3SCbÛ3SCbÛ3SC`¶b3SCíÛ3SCíÛ3SCí3SCÇÛ3SCÇÛ3SCÇ3SCbÛ3SCbÛ3SC`¶b3SS"Û3SS"Û3SS"3SSÛ3SSÛ3SS3SSÛ3SSÛ3SS ¶b3SS2Û3SS2Û3SS23SS"Û3SS"Û3SS"3SSÛ3SSÛ3SS ¶b3SSbÛ3SSbÛ3SSb3SSRÛ3SSRÛ3SSR3SSBÛ3SSBÛ3SS@¶b3SSRÛ3SSRÛ3SSR3SSrÛ3SSrÛ3SSr3SSBÛ3SSBÛ3SS@¶b3SSRÛ3SSRÛ3SSR3SSÇÛ3SSÇÛ3SSÇ3SSrÛ3SSrÛ3SSp¶b3SSÇÛ3SSÇÛ3SSÇ3SSíÛ3SSíÛ3SSí3SSrÛ3SSrÛ3SSp¶b3Sc"Û3Sc"Û3Sc"3ScÛ3ScÛ3Sc3ScÛ3ScÛ3Sc ¶b3ScÛ3ScÛ3Sc3Sc2Û3Sc2Û3Sc23ScÛ3ScÛ3Sc ¶b3ScÛ3ScÛ3Sc3ScBÛ3ScBÛ3ScB3Sc2Û3Sc2Û3Sc0¶b3ScBÛ3ScBÛ3ScB3ScRÛ3ScRÛ3ScR3Sc2Û3Sc2Û3Sc0¶b3ScÇÛ3ScÇÛ3ScÇ3ScrÛ3ScrÛ3Scr3ScbÛ3ScbÛ3Sc`¶b3ScíÛ3ScíÛ3Scí3ScÇÛ3ScÇÛ3ScÇ3ScbÛ3ScbÛ3Sc`¶b3ScíÛ3ScíÛ3Scí3ScbÛ3ScbÛ3Scb3SsÛ3SsÛ3Ss ¶b3SsÛ3SsÛ3Ss3ScíÛ3ScíÛ3Scí3SsÛ3SsÛ3Ss ¶b3SsÛ3SsÛ3Ss3SsÛ3SsÛ3Ss3Ss"Û3Ss"Û3Ss ¶b3Ss2Û3Ss2Û3Ss23SsÛ3SsÛ3Ss3Ss"Û3Ss"Û3Ss ¶b3SsbÛ3SsbÛ3Ssb3SsRÛ3SsRÛ3SsR3SsBÛ3SsBÛ3Ss@¶b3SsrÛ3SsrÛ3Ssr3SsbÛ3SsbÛ3Ssb3SsBÛ3SsBÛ3Ss@¶b3SÉÛ3SÉÛ3SÉ3SsíÛ3SsíÛ3Ssí3SsÇÛ3SsÇÛ3SsÄ¶b3SÉÛ3SÉÛ3SÉ3SÉÛ3SÉÛ3SÉ3SsÇÛ3SsÇÛ3SsÄ¶b3SÉBÛ3SÉBÛ3SÉB3SÉ2Û3SÉ2Û3SÉ23SÉ"Û3SÉ"Û3SÉ ¶b3SÉRÛ3SÉRÛ3SÉR3SÉBÛ3SÉBÛ3SÉB3SÉ"Û3SÉ"Û3SÉ ¶b3SÉRÛ3SÉRÛ3SÉR3SÉbÛ3SÉbÛ3SÉb3SÉBÛ3SÉBÛ3SÉ@¶b3SÉbÛ3SÉbÛ3SÉb3SÉrÛ3SÉrÛ3SÉr3SÉBÛ3SÉBÛ3SÉ@¶b3SÉrÛ3SÉrÛ3SÉr3SÉbÛ3SÉbÛ3SÉb3SÉÇÛ3SÉÇÛ3SÉÄ¶b3SÉíÛ3SÉíÛ3SÉí3SÉrÛ3SÉrÛ3SÉr3SÉÇÛ3SÉÇÛ3SÉÄ¶b3SÉÇÛ3SÉÇÛ3SÉÇ3SÉbÛ3SÉbÛ3SÉb3SìÛ3SìÛ3Sì ¶b3SÉbÛ3SÉbÛ3SÉb3SìÛ3SìÛ3Sì3SìÛ3SìÛ3Sì ¶b3SìBÛ3SìBÛ3SìB3Sì2Û3Sì2Û3Sì23Sì"Û3Sì"Û3Sì ¶b3Sì2Û3Sì2Û3Sì23SìRÛ3SìRÛ3SìR3Sì"Û3Sì"Û3Sì ¶b3SìbÛ3SìbÛ3Sìb3SìRÛ3SìRÛ3SìR3Sì2Û3Sì2Û3Sì0¶b3SìrÛ3SìrÛ3Sìr3SìbÛ3SìbÛ3Sìb3Sì2Û3Sì2Û3Sì0¶b3SìrÛ3SìrÛ3Sìr3Sì2Û3Sì2Û3Sì23SìÇÛ3SìÇÛ3SìÄ¶b3SìíÛ3SìíÛ3Sìí3SìrÛ3SìrÛ3Sìr3SìÇÛ3SìÇÛ3SìÄ¶b3cÛ3cÛ3c3SìíÛ3SìíÛ3Sìí3SìÇÛ3SìÇÛ3SìÄ¶b3cÛ3cÛ3c3cÛ3cÛ3c3SìÇÛ3SìÇÛ3SìÄ¶b3cÛ3cÛ3c3SìÇÛ3SìÇÛ3SìÇ3c"Û3c"Û3c ¶b3c2Û3c2Û3c23cÛ3cÛ3c3c"Û3c"Û3c ¶b3c2Û3c2Û3c23cBÛ3cBÛ3cB3cÛ3cÛ3c¶b3cBÛ3cBÛ3cB3cRÛ3cRÛ3cR3cÛ3cÛ3c¶b3cRÛ3cRÛ3cR3cBÛ3cBÛ3cB3cbÛ3cbÛ3c`¶b3cBÛ3cBÛ3cB3c2Û3c2Û3c23crÛ3crÛ3cp¶b3crÛ3crÛ3cr3c2Û3c2Û3c23cÇÛ3cÇÛ3cÄ¶b3cíÛ3cíÛ3cí3crÛ3crÛ3cr3cÇÛ3cÇÛ3cÄ¶b3cÛ3cÛ3c3cBÛ3cBÛ3cB3crÛ3crÛ3cp¶b3cÛ3cÛ3c3crÛ3crÛ3cr3cíÛ3cíÛ3cê¶b3cÛ3cÛ3c3crÛ3crÛ3cr3cÛ3cÛ3c¶b3c"Û3c"Û3c"3cBÛ3cBÛ3cB3cÛ3cÛ3c ¶b3c2Û3c2Û3c23cBÛ3cBÛ3cB3c"Û3c"Û3c ¶b3cÛ3cÛ3c3cBÛ3cBÛ3cB3c"Û3c"Û3c ¶b3cBÛ3cBÛ3cB3cÛ3cÛ3c3cÛ3cÛ3c¶b3cRÛ3cRÛ3cR3cÛ3cÛ3c3cíÛ3cíÛ3cê¶b3cBÛ3cBÛ3cB3cÛ3cÛ3c3cRÛ3cRÛ3cP¶b3cbÛ3cbÛ3cb3cBÛ3cBÛ3cB3cRÛ3cRÛ3cP¶b3crÛ3crÛ3cr3cRÛ3cRÛ3cR3cíÛ3cíÛ3cê¶b3crÛ3crÛ3cr3cÇÛ3cÇÛ3cÇ3cRÛ3cRÛ3cP¶b3c#Û3c#Û3c#3c#Û3c#Û3c#3cíÛ3cíÛ3cê¶b3c#"Û3c#"Û3c#"3c#Û3c#Û3c#3cíÛ3cíÛ3cê¶b3c#RÛ3c#RÛ3c#R3c#BÛ3c#BÛ3c#B3c#2Û3c#2Û3c#0¶b3c#bÛ3c#bÛ3c#b3c#RÛ3c#RÛ3c#R3c#2Û3c#2Û3c#0¶b3c#rÛ3c#rÛ3c#r3c#RÛ3c#RÛ3c#R3c#bÛ3c#bÛ3c#`¶b3c#ÇÛ3c#ÇÛ3c#Ç3c#rÛ3c#rÛ3c#r3c#bÛ3c#bÛ3c#`¶b3c3Û3c3Û3c33c3Û3c3Û3c33c#íÛ3c#íÛ3c#ê¶b3c3"Û3c3"Û3c3"3c3Û3c3Û3c33c#íÛ3c#íÛ3c#ê¶b3c3RÛ3c3RÛ3c3R3c3BÛ3c3BÛ3c3B3c32Û3c32Û3c30¶b3c3bÛ3c3bÛ3c3b3c3RÛ3c3RÛ3c3R3c32Û3c32Û3c30¶b3c3íÛ3c3íÛ3c3í3c3ÇÛ3c3ÇÛ3c3Ç3c3rÛ3c3rÛ3c3p¶b3cCÛ3cCÛ3cC3c3íÛ3c3íÛ3c3í3c3rÛ3c3rÛ3c3p¶b3cC2Û3cC2Û3cC23cC"Û3cC"Û3cC"3cCÛ3cCÛ3cC¶b3cC"Û3cC"Û3cC"3cCBÛ3cCBÛ3cCB3cCÛ3cCÛ3cC¶b3cCÛ3cCÛ3cC3cCBÛ3cCBÛ3cCB3cCRÛ3cCRÛ3cCP¶b3cC"Û3cC"Û3cC"3cCbÛ3cCbÛ3cCb3cCBÛ3cCBÛ3cC@¶b3cCBÛ3cCBÛ3cCB3cCrÛ3cCrÛ3cCr3cCRÛ3cCRÛ3cCP¶b3cCbÛ3cCbÛ3cCb3cCÇÛ3cCÇÛ3cCÇ3cCBÛ3cCBÛ3cC@¶b3cCBÛ3cCBÛ3cCB3cCÇÛ3cCÇÛ3cCÇ3cCrÛ3cCrÛ3cCp¶b3cCÇÛ3cCÇÛ3cCÇ3cCíÛ3cCíÛ3cCí3cCrÛ3cCrÛ3cCp¶b3cS"Û3cS"Û3cS"3cSÛ3cSÛ3cS3cSÛ3cSÛ3cS ¶b3cSÛ3cSÛ3cS3cS2Û3cS2Û3cS23cSÛ3cSÛ3cS ¶b3cSÛ3cSÛ3cS3cS2Û3cS2Û3cS23cSBÛ3cSBÛ3cS@¶b3cSÛ3cSÛ3cS3cSRÛ3cSRÛ3cSR3cS2Û3cS2Û3cS0¶b3cS2Û3cS2Û3cS23cSbÛ3cSbÛ3cSb3cSBÛ3cSBÛ3cS@¶b3cSRÛ3cSRÛ3cSR3cSrÛ3cSrÛ3cSr3cS2Û3cS2Û3cS0¶b3cS2Û3cS2Û3cS23cSrÛ3cSrÛ3cSr3cSbÛ3cSbÛ3cS`¶b3cSrÛ3cSrÛ3cSr3cSÇÛ3cSÇÛ3cSÇ3cSbÛ3cSbÛ3cS`¶b3ccÛ3ccÛ3cc3ccÛ3ccÛ3cc3cSíÛ3cSíÛ3cSê¶b3ccÛ3ccÛ3cc3cc"Û3cc"Û3cc"3cSíÛ3cSíÛ3cSê¶b3cSíÛ3cSíÛ3cSí3cc"Û3cc"Û3cc"3cc2Û3cc2Û3cc0¶b3cc"Û3cc"Û3cc"3ccBÛ3ccBÛ3ccB3cc2Û3cc2Û3cc0¶b3ccrÛ3ccrÛ3ccr3ccbÛ3ccbÛ3ccb3ccRÛ3ccRÛ3ccP¶b3ccbÛ3ccbÛ3ccb3ccÇÛ3ccÇÛ3ccÇ3ccRÛ3ccRÛ3ccP¶b3ccRÛ3ccRÛ3ccR3ccÇÛ3ccÇÛ3ccÇ3ccíÛ3ccíÛ3ccê¶b3ccÇÛ3ccÇÛ3ccÇ3csÛ3csÛ3cs3ccíÛ3ccíÛ3ccê¶b3cs2Û3cs2Û3cs23cs"Û3cs"Û3cs"3csÛ3csÛ3cs¶b3csBÛ3csBÛ3csB3cs2Û3cs2Û3cs23csÛ3csÛ3cs¶b3csRÛ3csRÛ3csR3cs2Û3cs2Û3cs23csBÛ3csBÛ3cs@¶b3csbÛ3csbÛ3csb3csRÛ3csRÛ3csR3csBÛ3csBÛ3cs@¶b3csíÛ3csíÛ3csí3csÇÛ3csÇÛ3csÇ3csrÛ3csrÛ3csp¶b3cÉÛ3cÉÛ3cÉ3csíÛ3csíÛ3csí3csrÛ3csrÛ3csp¶b3cÉÛ3cÉÛ3cÉ3cÉÛ3cÉÛ3cÉ3csíÛ3csíÛ3csê¶b3cÉÛ3cÉÛ3cÉ3cÉ"Û3cÉ"Û3cÉ"3csíÛ3csíÛ3csê¶b3cÉRÛ3cÉRÛ3cÉR3cÉBÛ3cÉBÛ3cÉB3cÉ2Û3cÉ2Û3cÉ0¶b3cÉbÛ3cÉbÛ3cÉb3cÉRÛ3cÉRÛ3cÉR3cÉ2Û3cÉ2Û3cÉ0¶b3cÉíÛ3cÉíÛ3cÉí3cÉÇÛ3cÉÇÛ3cÉÇ3cÉrÛ3cÉrÛ3cÉp¶b3cÉÇÛ3cÉÇÛ3cÉÇ3cìÛ3cìÛ3cì3cÉrÛ3cÉrÛ3cÉp¶b3cìÛ3cìÛ3cì3cìÛ3cìÛ3cì3cÉrÛ3cÉrÛ3cÉp¶b3cìÛ3cìÛ3cì3cì"Û3cì"Û3cì"3cÉrÛ3cÉrÛ3cÉp¶b3cÉrÛ3cÉrÛ3cÉr3cì"Û3cì"Û3cì"3cì2Û3cì2Û3cì0¶b3cìÛ3cìÛ3cì3cìBÛ3cìBÛ3cìB3cì"Û3cì"Û3cì ¶b3cì"Û3cì"Û3cì"3cìRÛ3cìRÛ3cìR3cì2Û3cì2Û3cì0¶b3cìBÛ3cìBÛ3cìB3cìbÛ3cìbÛ3cìb3cì"Û3cì"Û3cì ¶b3cìRÛ3cìRÛ3cìR3cì"Û3cì"Û3cì"3cìrÛ3cìrÛ3cìp¶b3cì"Û3cì"Û3cì"3cìbÛ3cìbÛ3cìb3cìrÛ3cìrÛ3cìp¶b3sÛ3sÛ3s3cìíÛ3cìíÛ3cìí3cìÇÛ3cìÇÛ3cìÄ¶b3sÛ3sÛ3s3sÛ3sÛ3s3cìÇÛ3cìÇÛ3cìÄ¶b3sBÛ3sBÛ3sB3s2Û3s2Û3s23s"Û3s"Û3s ¶b3sRÛ3sRÛ3sR3sBÛ3sBÛ3sB3s"Û3s"Û3s ¶b3sÇÛ3sÇÛ3sÇ3srÛ3srÛ3sr3sbÛ3sbÛ3s`¶b3srÛ3srÛ3sr3síÛ3síÛ3sí3sbÛ3sbÛ3s`¶b3síÛ3síÛ3sí3sÛ3sÛ3s3sbÛ3sbÛ3s`¶b3sÛ3sÛ3s3sÛ3sÛ3s3sbÛ3sbÛ3s`¶b3sBÛ3sBÛ3sB3s2Û3s2Û3s23s"Û3s"Û3s ¶b3s2Û3s2Û3s23sRÛ3sRÛ3sR3s"Û3s"Û3s ¶b3s"Û3s"Û3s"3sRÛ3sRÛ3sR3sbÛ3sbÛ3s`¶b3sRÛ3sRÛ3sR3srÛ3srÛ3sr3sbÛ3sbÛ3s`¶b3s#Û3s#Û3s#3síÛ3síÛ3sí3sÇÛ3sÇÛ3sÄ¶b3s#Û3s#Û3s#3s#Û3s#Û3s#3sÇÛ3sÇÛ3sÄ¶b3s#"Û3s#"Û3s#"3s#Û3s#Û3s#3s#Û3s#Û3s#¶b3s#2Û3s#2Û3s#23s#"Û3s#"Û3s#"3s#Û3s#Û3s#¶b3s#bÛ3s#bÛ3s#b3s#RÛ3s#RÛ3s#R3s#BÛ3s#BÛ3s#@¶b3s#rÛ3s#rÛ3s#r3s#bÛ3s#bÛ3s#b3s#BÛ3s#BÛ3s#@¶b3s3Û3s3Û3s33s#íÛ3s#íÛ3s#í3s#ÇÛ3s#ÇÛ3s#Ä¶b3s3Û3s3Û3s33s3Û3s3Û3s33s#ÇÛ3s#ÇÛ3s#Ä¶b3s3BÛ3s3BÛ3s3B3s32Û3s32Û3s323s3"Û3s3"Û3s3 ¶b3s3RÛ3s3RÛ3s3R3s3BÛ3s3BÛ3s3B3s3"Û3s3"Û3s3 ¶b3s3bÛ3s3bÛ3s3b3s3BÛ3s3BÛ3s3B3s3RÛ3s3RÛ3s3P¶b3s3rÛ3s3rÛ3s3r3s3bÛ3s3bÛ3s3b3s3RÛ3s3RÛ3s3P¶b3sCÛ3sCÛ3sC3s3íÛ3s3íÛ3s3í3s3ÇÛ3s3ÇÛ3s3Ä¶b3s3íÛ3s3íÛ3s3í3sCÛ3sCÛ3sC3s3ÇÛ3s3ÇÛ3s3Ä¶b3s3ÇÛ3s3ÇÛ3s3Ç3sCÛ3sCÛ3sC3sC"Û3sC"Û3sC ¶b3sCÛ3sCÛ3sC3sC2Û3sC2Û3sC23sC"Û3sC"Û3sC ¶b3sC"Û3sC"Û3sC"3sC2Û3sC2Û3sC23sCBÛ3sCBÛ3sC@¶b3sC2Û3sC2Û3sC23sCRÛ3sCRÛ3sCR3sCBÛ3sCBÛ3sC@¶b3sCÇÛ3sCÇÛ3sCÇ3sCrÛ3sCrÛ3sCr3sCbÛ3sCbÛ3sC`¶b3sCíÛ3sCíÛ3sCí3sCÇÛ3sCÇÛ3sCÇ3sCbÛ3sCbÛ3sC`¶b3sS"Û3sS"Û3sS"3sSÛ3sSÛ3sS3sSÛ3sSÛ3sS ¶b3sS2Û3sS2Û3sS23sS"Û3sS"Û3sS"3sSÛ3sSÛ3sS ¶b3sSbÛ3sSbÛ3sSb3sSRÛ3sSRÛ3sSR3sSBÛ3sSBÛ3sS@¶b3sSRÛ3sSRÛ3sSR3sSrÛ3sSrÛ3sSr3sSBÛ3sSBÛ3sS@¶b3sSBÛ3sSBÛ3sSB3sSrÛ3sSrÛ3sSr3sSÇÛ3sSÇÛ3sSÄ¶b3sSrÛ3sSrÛ3sSr3sSíÛ3sSíÛ3sSí3sSÇÛ3sSÇÛ3sSÄ¶b3sSÇÛ3sSÇÛ3sSÇ3sSíÛ3sSíÛ3sSí3scÛ3scÛ3sc ¶b3sSíÛ3sSíÛ3sSí3scÛ3scÛ3sc3scÛ3scÛ3sc ¶b3sc2Û3sc2Û3sc23sc"Û3sc"Û3sc"3scÛ3scÛ3sc¶b3scBÛ3scBÛ3scB3sc2Û3sc2Û3sc23scÛ3scÛ3sc¶b3scrÛ3scrÛ3scr3scbÛ3scbÛ3scb3scRÛ3scRÛ3scP¶b3scbÛ3scbÛ3scb3scÇÛ3scÇÛ3scÇ3scRÛ3scRÛ3scP¶b3scRÛ3scRÛ3scR3scÇÛ3scÇÛ3scÇ3scíÛ3scíÛ3scê¶b3scÇÛ3scÇÛ3scÇ3ssÛ3ssÛ3ss3scíÛ3scíÛ3scê¶b3scíÛ3scíÛ3scí3ssÛ3ssÛ3ss3ssÛ3ssÛ3ss¶b3ssÛ3ssÛ3ss3ss"Û3ss"Û3ss"3ssÛ3ssÛ3ss¶b3ssRÛ3ssRÛ3ssR3ssBÛ3ssBÛ3ssB3ss2Û3ss2Û3ss0¶b3ssbÛ3ssbÛ3ssb3ssRÛ3ssRÛ3ssR3ss2Û3ss2Û3ss0¶b3ss2Û3ss2Û3ss23ssÇÛ3ssÇÛ3ssÇ3ssrÛ3ssrÛ3ssp¶b3ssÇÛ3ssÇÛ3ssÇ3ssíÛ3ssíÛ3ssí3ssrÛ3ssrÛ3ssp¶b3ssÇÛ3ssÇÛ3ssÇ3sÉÛ3sÉÛ3sÉ3ssíÛ3ssíÛ3ssê¶b3sÉÛ3sÉÛ3sÉ3sÉÛ3sÉÛ3sÉ3ssíÛ3ssíÛ3ssê¶b3sÉÛ3sÉÛ3sÉ3sÉ"Û3sÉ"Û3sÉ"3sÉÛ3sÉÛ3sÉ¶b3sÉ"Û3sÉ"Û3sÉ"3sÉ2Û3sÉ2Û3sÉ23sÉÛ3sÉÛ3sÉ¶b3sÉbÛ3sÉbÛ3sÉb3sÉRÛ3sÉRÛ3sÉR3sÉBÛ3sÉBÛ3sÉ@¶b3sÉRÛ3sÉRÛ3sÉR3sÉrÛ3sÉrÛ3sÉr3sÉBÛ3sÉBÛ3sÉ@¶b3sÉRÛ3sÉRÛ3sÉR3sÉÇÛ3sÉÇÛ3sÉÇ3sÉrÛ3sÉrÛ3sÉp¶b3sÉÇÛ3sÉÇÛ3sÉÇ3sÉíÛ3sÉíÛ3sÉí3sÉrÛ3sÉrÛ3sÉp¶b3sÉÇÛ3sÉÇÛ3sÉÇ3sìÛ3sìÛ3sì3sÉíÛ3sÉíÛ3sÉê¶b3sìÛ3sìÛ3sì3sìÛ3sìÛ3sì3sÉíÛ3sÉíÛ3sÉê¶b3sìBÛ3sìBÛ3sìB3sì2Û3sì2Û3sì23sì"Û3sì"Û3sì ¶b3sìRÛ3sìRÛ3sìR3sìBÛ3sìBÛ3sìB3sì"Û3sì"Û3sì ¶b3sìÇÛ3sìÇÛ3sìÇ3sìrÛ3sìrÛ3sìr3sìbÛ3sìbÛ3sì`¶b3sìíÛ3sìíÛ3sìí3sìÇÛ3sìÇÛ3sìÇ3sìbÛ3sìbÛ3sì`¶b3É"Û3É"Û3É"3ÉÛ3ÉÛ3É3ÉÛ3ÉÛ3É ¶b3É2Û3É2Û3É23É"Û3É"Û3É"3ÉÛ3ÉÛ3É ¶b3É2Û3É2Û3É23ÉBÛ3ÉBÛ3ÉB3É"Û3É"Û3É ¶b3ÉBÛ3ÉBÛ3ÉB3ÉRÛ3ÉRÛ3ÉR3É"Û3É"Û3É ¶b3ÉRÛ3ÉRÛ3ÉR3ÉBÛ3ÉBÛ3ÉB3ÉbÛ3ÉbÛ3É`¶b3ÉíÛ3ÉíÛ3Éí3ÉÇÛ3ÉÇÛ3ÉÇ3ÉrÛ3ÉrÛ3Ép¶b3ÉÛ3ÉÛ3É3ÉíÛ3ÉíÛ3Éí3ÉrÛ3ÉrÛ3Ép¶b3É2Û3É2Û3É23É"Û3É"Û3É"3ÉÛ3ÉÛ3É¶b3ÉBÛ3ÉBÛ3ÉB3É2Û3É2Û3É23ÉÛ3ÉÛ3É¶b3ÉrÛ3ÉrÛ3Ér3ÉbÛ3ÉbÛ3Éb3ÉRÛ3ÉRÛ3ÉP¶b3ÉÇÛ3ÉÇÛ3ÉÇ3ÉrÛ3ÉrÛ3Ér3ÉRÛ3ÉRÛ3ÉP¶b3ÉíÛ3ÉíÛ3Éí3ÉÇÛ3ÉÇÛ3ÉÇ3ÉRÛ3ÉRÛ3ÉP¶b3É#Û3É#Û3É#3ÉíÛ3ÉíÛ3Éí3ÉRÛ3ÉRÛ3ÉP¶b3É#2Û3É#2Û3É#23É#"Û3É#"Û3É#"3É#Û3É#Û3É#¶b3É#BÛ3É#BÛ3É#B3É#2Û3É#2Û3É#23É#Û3É#Û3É#¶b3É#RÛ3É#RÛ3É#R3É#BÛ3É#BÛ3É#B3É#Û3É#Û3É#¶b3É#bÛ3É#bÛ3É#b3É#RÛ3É#RÛ3É#R3É#Û3É#Û3É#¶b3É#íÛ3É#íÛ3É#í3É#ÇÛ3É#ÇÛ3É#Ç3É#rÛ3É#rÛ3É#p¶b3É#ÇÛ3É#ÇÛ3É#Ç3É3Û3É3Û3É33É#rÛ3É#rÛ3É#p¶b3É#ÇÛ3É#ÇÛ3É#Ç3É3Û3É3Û3É33É3Û3É3Û3É3 ¶b3É3Û3É3Û3É33É3"Û3É3"Û3É3"3É3Û3É3Û3É3 ¶b3É3"Û3É3"Û3É3"3É3Û3É3Û3É33É32Û3É32Û3É30¶b3É3Û3É3Û3É33É3BÛ3É3BÛ3É3B3É32Û3É32Û3É30¶b3É3rÛ3É3rÛ3É3r3É3bÛ3É3bÛ3É3b3É3RÛ3É3RÛ3É3P¶b3É3ÇÛ3É3ÇÛ3É3Ç3É3rÛ3É3rÛ3É3r3É3RÛ3É3RÛ3É3P¶b3ÉCÛ3ÉCÛ3ÉC3ÉCÛ3ÉCÛ3ÉC3É3íÛ3É3íÛ3É3ê¶b3ÉC"Û3ÉC"Û3ÉC"3ÉCÛ3ÉCÛ3ÉC3É3íÛ3É3íÛ3É3ê¶b3ÉCRÛ3ÉCRÛ3ÉCR3ÉCBÛ3ÉCBÛ3ÉCB3ÉC2Û3ÉC2Û3ÉC0¶b3ÉCbÛ3ÉCbÛ3ÉCb3ÉCRÛ3ÉCRÛ3ÉCR3ÉC2Û3ÉC2Û3ÉC0¶b3ÉCíÛ3ÉCíÛ3ÉCí3ÉCÇÛ3ÉCÇÛ3ÉCÇ3ÉCrÛ3ÉCrÛ3ÉCp¶b3ÉSÛ3ÉSÛ3ÉS3ÉCíÛ3ÉCíÛ3ÉCí3ÉCrÛ3ÉCrÛ3ÉCp¶b3ÉS2Û3ÉS2Û3ÉS23ÉS"Û3ÉS"Û3ÉS"3ÉSÛ3ÉSÛ3ÉS¶b3ÉSBÛ3ÉSBÛ3ÉSB3ÉS2Û3ÉS2Û3ÉS23ÉSÛ3ÉSÛ3ÉS¶b3ÉSrÛ3ÉSrÛ3ÉSr3ÉSbÛ3ÉSbÛ3ÉSb3ÉSRÛ3ÉSRÛ3ÉSP¶b3ÉSbÛ3ÉSbÛ3ÉSb3ÉSÇÛ3ÉSÇÛ3ÉSÇ3ÉSRÛ3ÉSRÛ3ÉSP¶b3ÉSÇÛ3ÉSÇÛ3ÉSÇ3ÉSíÛ3ÉSíÛ3ÉSí3ÉSRÛ3ÉSRÛ3ÉSP¶b3ÉSíÛ3ÉSíÛ3ÉSí3ÉcÛ3ÉcÛ3Éc3ÉSRÛ3ÉSRÛ3ÉSP¶b3ÉSbÛ3ÉSbÛ3ÉSb3ÉcÛ3ÉcÛ3Éc3ÉSÇÛ3ÉSÇÛ3ÉSÄ¶b3ÉcÛ3ÉcÛ3Éc3ÉSbÛ3ÉSbÛ3ÉSb3Éc"Û3Éc"Û3Éc ¶b3Éc2Û3Éc2Û3Éc23ÉcÛ3ÉcÛ3Éc3Éc"Û3Éc"Û3Éc ¶b3ÉcÛ3ÉcÛ3Éc3ÉcBÛ3ÉcBÛ3ÉcB3ÉSÇÛ3ÉSÇÛ3ÉSÄ¶b3ÉcBÛ3ÉcBÛ3ÉcB3ÉcRÛ3ÉcRÛ3ÉcR3ÉSÇÛ3ÉSÇÛ3ÉSÄ¶b3ÉcRÛ3ÉcRÛ3ÉcR3ÉSíÛ3ÉSíÛ3ÉSí3ÉSÇÛ3ÉSÇÛ3ÉSÄ¶b3ÉSíÛ3ÉSíÛ3ÉSí3ÉcRÛ3ÉcRÛ3ÉcR3ÉcbÛ3ÉcbÛ3Éc`¶b3ÉcRÛ3ÉcRÛ3ÉcR3ÉcrÛ3ÉcrÛ3Écr3ÉcbÛ3ÉcbÛ3Éc`¶b3ÉcrÛ3ÉcrÛ3Écr3ÉcÇÛ3ÉcÇÛ3ÉcÇ3ÉcbÛ3ÉcbÛ3Éc`¶b3ÉcÇÛ3ÉcÇÛ3ÉcÇ3ÉcíÛ3ÉcíÛ3Écí3ÉcbÛ3ÉcbÛ3Éc`¶b3ÉcíÛ3ÉcíÛ3Écí3ÉcÇÛ3ÉcÇÛ3ÉcÇ3ÉsÛ3ÉsÛ3És ¶b3ÉcÇÛ3ÉcÇÛ3ÉcÇ3ÉsÛ3ÉsÛ3És3ÉsÛ3ÉsÛ3És ¶b3ÉsÛ3ÉsÛ3És3És"Û3És"Û3És"3ÉsÛ3ÉsÛ3És ¶b3ÉcíÛ3ÉcíÛ3Écí3ÉsÛ3ÉsÛ3És3És2Û3És2Û3És0¶b3ÉsBÛ3ÉsBÛ3ÉsB3ÉcíÛ3ÉcíÛ3Écí3És2Û3És2Û3És0¶b3ÉsÛ3ÉsÛ3És3ÉsRÛ3ÉsRÛ3ÉsR3És2Û3És2Û3És0¶b3És"Û3És"Û3És"3ÉsRÛ3ÉsRÛ3ÉsR3ÉsÛ3ÉsÛ3És ¶b3ÉsRÛ3ÉsRÛ3ÉsR3ÉsbÛ3ÉsbÛ3Ésb3És2Û3És2Û3És0¶b3ÉsbÛ3ÉsbÛ3Ésb3ÉsRÛ3ÉsRÛ3ÉsR3ÉsrÛ3ÉsrÛ3Ésp¶b3ÉsRÛ3ÉsRÛ3ÉsR3És"Û3És"Û3És"3ÉsÇÛ3ÉsÇÛ3ÉsÄ¶b3ÉsRÛ3ÉsRÛ3ÉsR3ÉsÇÛ3ÉsÇÛ3ÉsÇ3ÉsrÛ3ÉsrÛ3Ésp¶b3És"Û3És"Û3És"3ÉsíÛ3ÉsíÛ3Ésí3ÉsÇÛ3ÉsÇÛ3ÉsÄ¶b3ÉsÇÛ3ÉsÇÛ3ÉsÇ3ÉÉÛ3ÉÉÛ3ÉÉ3ÉsrÛ3ÉsrÛ3Ésp¶b3ÉÉÛ3ÉÉÛ3ÉÉ3ÉÉÛ3ÉÉÛ3ÉÉ3ÉsrÛ3ÉsrÛ3Ésp¶b3ÉÉÛ3ÉÉÛ3ÉÉ3ÉÉÛ3ÉÉÛ3ÉÉ3ÉÉ"Û3ÉÉ"Û3ÉÉ ¶b3ÉÉÛ3ÉÉÛ3ÉÉ3ÉÉ2Û3ÉÉ2Û3ÉÉ23ÉÉ"Û3ÉÉ"Û3ÉÉ ¶b3ÉÉ2Û3ÉÉ2Û3ÉÉ23ÉÉBÛ3ÉÉBÛ3ÉÉB3ÉÉ"Û3ÉÉ"Û3ÉÉ ¶b3ÉÉBÛ3ÉÉBÛ3ÉÉB3ÉÉRÛ3ÉÉRÛ3ÉÉR3ÉÉ"Û3ÉÉ"Û3ÉÉ ¶b3ÉÉÇÛ3ÉÉÇÛ3ÉÉÇ3ÉÉrÛ3ÉÉrÛ3ÉÉr3ÉÉbÛ3ÉÉbÛ3ÉÉ`¶b3ÉÉíÛ3ÉÉíÛ3ÉÉí3ÉÉÇÛ3ÉÉÇÛ3ÉÉÇ3ÉÉbÛ3ÉÉbÛ3ÉÉ`¶b3ÉìÛ3ÉìÛ3Éì3ÉÉíÛ3ÉÉíÛ3ÉÉí3ÉÉbÛ3ÉÉbÛ3ÉÉ`¶b3ÉìÛ3ÉìÛ3Éì3ÉÉbÛ3ÉÉbÛ3ÉÉb3ÉìÛ3ÉìÛ3Éì¶b3Éì"Û3Éì"Û3Éì"3ÉìÛ3ÉìÛ3Éì3ÉìÛ3ÉìÛ3Éì¶b3Éì"Û3Éì"Û3Éì"3ÉìÛ3ÉìÛ3Éì3Éì2Û3Éì2Û3Éì0¶b3ÉìBÛ3ÉìBÛ3ÉìB3Éì"Û3Éì"Û3Éì"3Éì2Û3Éì2Û3Éì0¶b3ÉìRÛ3ÉìRÛ3ÉìR3ÉìBÛ3ÉìBÛ3ÉìB3Éì2Û3Éì2Û3Éì0¶b3ÉìbÛ3ÉìbÛ3Éìb3ÉìRÛ3ÉìRÛ3ÉìR3Éì2Û3Éì2Û3Éì0¶b3ÉìíÛ3ÉìíÛ3Éìí3ÉìÇÛ3ÉìÇÛ3ÉìÇ3ÉìrÛ3ÉìrÛ3Éìp¶b3ìÛ3ìÛ3ì3ÉìíÛ3ÉìíÛ3Éìí3ÉìrÛ3ÉìrÛ3Éìp¶b3ìÛ3ìÛ3ì3ìÛ3ìÛ3ì3ÉìrÛ3ÉìrÛ3Éìp¶b3ìÛ3ìÛ3ì3ìÛ3ìÛ3ì3ì"Û3ì"Û3ì ¶b3ì2Û3ì2Û3ì23ìÛ3ìÛ3ì3ì"Û3ì"Û3ì ¶b3ìBÛ3ìBÛ3ìB3ì2Û3ì2Û3ì23ì"Û3ì"Û3ì ¶b3ì2Û3ì2Û3ì23ìBÛ3ìBÛ3ìB3ìRÛ3ìRÛ3ìP¶b3ìbÛ3ìbÛ3ìb3ì2Û3ì2Û3ì23ìRÛ3ìRÛ3ìP¶b3ìrÛ3ìrÛ3ìr3ìbÛ3ìbÛ3ìb3ìRÛ3ìRÛ3ìP¶b3ìbÛ3ìbÛ3ìb3ìrÛ3ìrÛ3ìr3ìÇÛ3ìÇÛ3ìÄ¶b3ìíÛ3ìíÛ3ìí3ìbÛ3ìbÛ3ìb3ìÇÛ3ìÇÛ3ìÄ¶b3ìÛ3ìÛ3ì3ìíÛ3ìíÛ3ìí3ìÇÛ3ìÇÛ3ìÄ¶b3ì2Û3ì2Û3ì23ì"Û3ì"Û3ì"3ìÛ3ìÛ3ì¶b3ì"Û3ì"Û3ì"3ìBÛ3ìBÛ3ìB3ìÛ3ìÛ3ì¶b3ìrÛ3ìrÛ3ìr3ìbÛ3ìbÛ3ìb3ìRÛ3ìRÛ3ìP¶b3ìÇÛ3ìÇÛ3ìÇ3ìrÛ3ìrÛ3ìr3ìRÛ3ìRÛ3ìP¶b3ìíÛ3ìíÛ3ìí3ìÇÛ3ìÇÛ3ìÇ3ìRÛ3ìRÛ3ìP¶b3ì#Û3ì#Û3ì#3ìíÛ3ìíÛ3ìí3ìRÛ3ìRÛ3ìP¶b3ì#2Û3ì#2Û3ì#23ì#"Û3ì#"Û3ì#"3ì#Û3ì#Û3ì#¶b3ì#BÛ3ì#BÛ3ì#B3ì#2Û3ì#2Û3ì#23ì#Û3ì#Û3ì#¶b3ì#RÛ3ì#RÛ3ì#R3ì#BÛ3ì#BÛ3ì#B3ì#Û3ì#Û3ì#¶b3ì#bÛ3ì#bÛ3ì#b3ì#RÛ3ì#RÛ3ì#R3ì#Û3ì#Û3ì#¶b3ì#íÛ3ì#íÛ3ì#í3ì#ÇÛ3ì#ÇÛ3ì#Ç3ì#rÛ3ì#rÛ3ì#p¶b3ì3Û3ì3Û3ì33ì#íÛ3ì#íÛ3ì#í3ì#rÛ3ì#rÛ3ì#p¶b3ì32Û3ì32Û3ì323ì3"Û3ì3"Û3ì3"3ì3Û3ì3Û3ì3¶b3ì3BÛ3ì3BÛ3ì3B3ì32Û3ì32Û3ì323ì3Û3ì3Û3ì3¶b3ì3rÛ3ì3rÛ3ì3r3ì3bÛ3ì3bÛ3ì3b3ì3RÛ3ì3RÛ3ì3P¶b3ì3bÛ3ì3bÛ3ì3b3ì3ÇÛ3ì3ÇÛ3ì3Ç3ì3RÛ3ì3RÛ3ì3P¶b3ì3ÇÛ3ì3ÇÛ3ì3Ç3ì3íÛ3ì3íÛ3ì3í3ì3RÛ3ì3RÛ3ì3P¶b3ì3íÛ3ì3íÛ3ì3í3ìCÛ3ìCÛ3ìC3ì3RÛ3ì3RÛ3ì3P¶b3ìC2Û3ìC2Û3ìC23ìC"Û3ìC"Û3ìC"3ìCÛ3ìCÛ3ìC¶b3ìCBÛ3ìCBÛ3ìCB3ìC2Û3ìC2Û3ìC23ìCÛ3ìCÛ3ìC¶b3ìCrÛ3ìCrÛ3ìCr3ìCbÛ3ìCbÛ3ìCb3ìCRÛ3ìCRÛ3ìCP¶b3ìCÇÛ3ìCÇÛ3ìCÇ3ìCrÛ3ìCrÛ3ìCr3ìCRÛ3ìCRÛ3ìCP¶b3ìSÛ3ìSÛ3ìS3ìCíÛ3ìCíÛ3ìCí3ìCRÛ3ìCRÛ3ìCP¶b3ìCíÛ3ìCíÛ3ìCí3ìSÛ3ìSÛ3ìS3ìSÛ3ìSÛ3ìS¶b3ìS"Û3ìS"Û3ìS"3ìSÛ3ìSÛ3ìS3ìCRÛ3ìCRÛ3ìCP¶b3ìSÛ3ìSÛ3ìS3ìS2Û3ìS2Û3ìS23ìSÛ3ìSÛ3ìS¶b3ìSBÛ3ìSBÛ3ìSB3ìSÛ3ìSÛ3ìS3ìS"Û3ìS"Û3ìS ¶b3ìSÛ3ìSÛ3ìS3ìSBÛ3ìSBÛ3ìSB3ìS2Û3ìS2Û3ìS0¶b3ìSRÛ3ìSRÛ3ìSR3ìSBÛ3ìSBÛ3ìSB3ìS"Û3ìS"Û3ìS ¶b3ìSBÛ3ìSBÛ3ìSB3ìSbÛ3ìSbÛ3ìSb3ìS2Û3ìS2Û3ìS0¶b3ìSíÛ3ìSíÛ3ìSí3ìSÇÛ3ìSÇÛ3ìSÇ3ìSrÛ3ìSrÛ3ìSp¶b3ìcÛ3ìcÛ3ìc3ìSíÛ3ìSíÛ3ìSí3ìSrÛ3ìSrÛ3ìSp¶b3ìcÛ3ìcÛ3ìc3ìSrÛ3ìSrÛ3ìSr3ìcÛ3ìcÛ3ìc¶b3ìc"Û3ìc"Û3ìc"3ìcÛ3ìcÛ3ìc3ìcÛ3ìcÛ3ìc¶b3ìc2Û3ìc2Û3ìc23ìc"Û3ìc"Û3ìc"3ìcÛ3ìcÛ3ìc¶b3ìcBÛ3ìcBÛ3ìcB3ìc2Û3ìc2Û3ìc23ìcÛ3ìcÛ3ìc¶b3ìcrÛ3ìcrÛ3ìcr3ìcbÛ3ìcbÛ3ìcb3ìcRÛ3ìcRÛ3ìcP¶b3ìcbÛ3ìcbÛ3ìcb3ìcÇÛ3ìcÇÛ3ìcÇ3ìcRÛ3ìcRÛ3ìcP¶b3ìcÇÛ3ìcÇÛ3ìcÇ3ìcíÛ3ìcíÛ3ìcí3ìcRÛ3ìcRÛ3ìcP¶b3ìcíÛ3ìcíÛ3ìcí3ìsÛ3ìsÛ3ìs3ìcRÛ3ìcRÛ3ìcP¶b3ìs2Û3ìs2Û3ìs23ìs"Û3ìs"Û3ìs"3ìsÛ3ìsÛ3ìs¶b3ìs"Û3ìs"Û3ìs"3ìsBÛ3ìsBÛ3ìsB3ìsÛ3ìsÛ3ìs¶b3ìsBÛ3ìsBÛ3ìsB3ìs"Û3ìs"Û3ìs"3ìsRÛ3ìsRÛ3ìsP¶b3ìs"Û3ìs"Û3ìs"3ìsbÛ3ìsbÛ3ìsb3ìsRÛ3ìsRÛ3ìsP¶b3ìsbÛ3ìsbÛ3ìsb3ìsrÛ3ìsrÛ3ìsr3ìsRÛ3ìsRÛ3ìsP¶b3ìsrÛ3ìsrÛ3ìsr3ìsÇÛ3ìsÇÛ3ìsÇ3ìsRÛ3ìsRÛ3ìsP¶b3ìsÇÛ3ìsÇÛ3ìsÇ3ìsrÛ3ìsrÛ3ìsr3ìsíÛ3ìsíÛ3ìsê¶b3ìsrÛ3ìsrÛ3ìsr3ìÉÛ3ìÉÛ3ìÉ3ìsíÛ3ìsíÛ3ìsê¶b3ìÉ2Û3ìÉ2Û3ìÉ23ìÉ"Û3ìÉ"Û3ìÉ"3ìÉÛ3ìÉÛ3ìÉ¶b3ìÉ"Û3ìÉ"Û3ìÉ"3ìÉBÛ3ìÉBÛ3ìÉB3ìÉÛ3ìÉÛ3ìÉ¶b3ìÉBÛ3ìÉBÛ3ìÉB3ìÉRÛ3ìÉRÛ3ìÉR3ìÉÛ3ìÉÛ3ìÉ¶b3ìÉRÛ3ìÉRÛ3ìÉR3ìÉbÛ3ìÉbÛ3ìÉb3ìÉÛ3ìÉÛ3ìÉ¶b3ìÉbÛ3ìÉbÛ3ìÉb3ìÉRÛ3ìÉRÛ3ìÉR3ìÉrÛ3ìÉrÛ3ìÉp¶b3ìÉRÛ3ìÉRÛ3ìÉR3ìÉÇÛ3ìÉÇÛ3ìÉÇ3ìÉrÛ3ìÉrÛ3ìÉp¶b3ìÉÇÛ3ìÉÇÛ3ìÉÇ3ìÉíÛ3ìÉíÛ3ìÉí3ìÉrÛ3ìÉrÛ3ìÉp¶b3ìÉíÛ3ìÉíÛ3ìÉí3ììÛ3ììÛ3ìì3ìÉrÛ3ìÉrÛ3ìÉp¶b3ììÛ3ììÛ3ìì3ìÉíÛ3ìÉíÛ3ìÉí3ììÛ3ììÛ3ìì¶b3ìÉíÛ3ìÉíÛ3ìÉí3ìì"Û3ìì"Û3ìì"3ììÛ3ììÛ3ìì¶b3ìì"Û3ìì"Û3ìì"3ìì2Û3ìì2Û3ìì23ììÛ3ììÛ3ìì¶b3ìì2Û3ìì2Û3ìì23ììBÛ3ììBÛ3ììB3ììÛ3ììÛ3ìì¶b3ììrÛ3ììrÛ3ììr3ììbÛ3ììbÛ3ììb3ììRÛ3ììRÛ3ììP¶b3ììÇÛ3ììÇÛ3ììÇ3ììrÛ3ììrÛ3ììr3ììRÛ3ììRÛ3ììP¶bCÛCÛCCÛCÛC3ììíÛ3ììíÛ3ììê¶bC"ÛC"ÛC"CÛCÛC3ììíÛ3ììíÛ3ììê¶bCÛCÛCC"ÛC"ÛC"C2ÛC2ÛC0¶bCBÛCBÛCBCÛCÛCC2ÛC2ÛC0¶bCRÛCRÛCRCBÛCBÛCBC2ÛC2ÛC0¶bCbÛCbÛCbCRÛCRÛCRC2ÛC2ÛC0¶bCRÛCRÛCRCbÛCbÛCbCrÛCrÛCp¶bCÇÛCÇÛCÇCRÛCRÛCRCrÛCrÛCp¶bCíÛCíÛCíCÇÛCÇÛCÇCrÛCrÛCp¶bCÛCÛCCíÛCíÛCíCrÛCrÛCp¶bC2ÛC2ÛC2C"ÛC"ÛC"CÛCÛC¶bCBÛCBÛCBC2ÛC2ÛC2CÛCÛC¶bCBÛCBÛCBCÛCÛCCRÛCRÛCP¶bCbÛCbÛCbCBÛCBÛCBCRÛCRÛCP¶bCbÛCbÛCbCRÛCRÛCRCrÛCrÛCp¶bCÇÛCÇÛCÇCbÛCbÛCbCrÛCrÛCp¶bCíÛCíÛCíCÇÛCÇÛCÇCrÛCrÛCp¶bC#ÛC#ÛC#CíÛCíÛCíCrÛCrÛCp¶bC#2ÛC#2ÛC#2C#"ÛC#"ÛC#"C#ÛC#ÛC#¶bC#BÛC#BÛC#BC#2ÛC#2ÛC#2C#ÛC#ÛC#¶bC#rÛC#rÛC#rC#bÛC#bÛC#bC#RÛC#RÛC#P¶bC#ÇÛC#ÇÛC#ÇC#rÛC#rÛC#rC#RÛC#RÛC#P¶bC#íÛC#íÛC#íC#ÇÛC#ÇÛC#ÇC#RÛC#RÛC#P¶bC3ÛC3ÛC3C#íÛC#íÛC#íC#RÛC#RÛC#P¶bC32ÛC32ÛC32C3"ÛC3"ÛC3"C3ÛC3ÛC3¶bC3"ÛC3"ÛC3"C3BÛC3BÛC3BC3ÛC3ÛC3¶bC3BÛC3BÛC3BC3"ÛC3"ÛC3"C3RÛC3RÛC3P¶bC3"ÛC3"ÛC3"C3bÛC3bÛC3bC3RÛC3RÛC3P¶bC3RÛC3RÛC3RC3bÛC3bÛC3bC3rÛC3rÛC3p¶bC3ÇÛC3ÇÛC3ÇC3RÛC3RÛC3RC3rÛC3rÛC3p¶bC3ÇÛC3ÇÛC3ÇC3rÛC3rÛC3rC3íÛC3íÛC3ê¶bCCÛCCÛCCC3ÇÛC3ÇÛC3ÇC3íÛC3íÛC3ê¶bCCÛCCÛCCCCÛCCÛCCC3íÛC3íÛC3ê¶bCC"ÛCC"ÛCC"CCÛCCÛCCC3íÛC3íÛC3ê¶bCCÛCCÛCCCC"ÛCC"ÛCC"CC2ÛCC2ÛCC0¶bCC"ÛCC"ÛCC"CCBÛCCBÛCCBCC2ÛCC2ÛCC0¶bCCBÛCCBÛCCBCCRÛCCRÛCCRCC2ÛCC2ÛCC0¶bCCRÛCCRÛCCRCCbÛCCbÛCCbCC2ÛCC2ÛCC0¶bCCRÛCCRÛCCRCCrÛCCrÛCCrCCbÛCCbÛCC`¶bCCrÛCCrÛCCrCCÇÛCCÇÛCCÇCCbÛCCbÛCC`¶bCSÛCSÛCSCSÛCSÛCSCCíÛCCíÛCCê¶bCS"ÛCS"ÛCS"CSÛCSÛCSCCíÛCCíÛCCê¶bCSRÛCSRÛCSRCSBÛCSBÛCSBCS2ÛCS2ÛCS0¶bCSbÛCSbÛCSbCSRÛCSRÛCSRCS2ÛCS2ÛCS0¶bCSíÛCSíÛCSíCSÇÛCSÇÛCSÇCSrÛCSrÛCSp¶bCcÛCcÛCcCSíÛCSíÛCSíCSrÛCSrÛCSp¶bCcÛCcÛCcCcÛCcÛCcCSrÛCSrÛCSp¶bCc"ÛCc"ÛCc"CcÛCcÛCcCSrÛCSrÛCSp¶bCcÛCcÛCcCc"ÛCc"ÛCc"Cc2ÛCc2ÛCc0¶bCcBÛCcBÛCcBCcÛCcÛCcCc2ÛCc2ÛCc0¶bCcrÛCcrÛCcrCcbÛCcbÛCcbCcRÛCcRÛCcP¶bCcbÛCcbÛCcbCcÇÛCcÇÛCcÇCcRÛCcRÛCcP¶bCcÇÛCcÇÛCcÇCcíÛCcíÛCcíCcRÛCcRÛCcP¶bCcíÛCcíÛCcíCsÛCsÛCsCcRÛCcRÛCcP¶bCsÛCsÛCsCsÛCsÛCsCcRÛCcRÛCcP¶bCsÛCsÛCsCs"ÛCs"ÛCs"CcRÛCcRÛCcP¶bCsRÛCsRÛCsRCsBÛCsBÛCsBCs2ÛCs2ÛCs0¶bCsbÛCsbÛCsbCsRÛCsRÛCsRCs2ÛCs2ÛCs0¶bCsrÛCsrÛCsrCsRÛCsRÛCsRCsbÛCsbÛCs`¶bCsÇÛCsÇÛCsÇCsrÛCsrÛCsrCsbÛCsbÛCs`¶bCÉÛCÉÛCÉCÉÛCÉÛCÉCsíÛCsíÛCsê¶bCÉ"ÛCÉ"ÛCÉ"CÉÛCÉÛCÉCsíÛCsíÛCsê¶bCÉRÛCÉRÛCÉRCÉBÛCÉBÛCÉBCÉ2ÛCÉ2ÛCÉ0¶bCÉbÛCÉbÛCÉbCÉRÛCÉRÛCÉRCÉ2ÛCÉ2ÛCÉ0¶bCÉíÛCÉíÛCÉíCÉÇÛCÉÇÛCÉÇCÉrÛCÉrÛCÉp¶bCìÛCìÛCìCÉíÛCÉíÛCÉíCÉrÛCÉrÛCÉp¶bCìÛCìÛCìCìÛCìÛCìCÉrÛCÉrÛCÉp¶bCìBÛCìBÛCìBCì2ÛCì2ÛCì2Cì"ÛCì"ÛCì ¶bCìRÛCìRÛCìRCìBÛCìBÛCìBCì"ÛCì"ÛCì ¶bCìbÛCìbÛCìbCìRÛCìRÛCìRCì"ÛCì"ÛCì ¶bCìrÛCìrÛCìrCìbÛCìbÛCìbCì"ÛCì"ÛCì ¶bCìbÛCìbÛCìbCìrÛCìrÛCìrCìÇÛCìÇÛCìÄ¶bCìíÛCìíÛCìíCìbÛCìbÛCìbCìÇÛCìÇÛCìÄ¶bCÛCÛCCìíÛCìíÛCìíCìÇÛCìÇÛCìÄ¶bCÛCÛCCÛCÛCCìÇÛCìÇÛCìÄ¶bC"ÛC"ÛC"CÛCÛCCìÇÛCìÇÛCìÄ¶bC2ÛC2ÛC2C"ÛC"ÛC"CìÇÛCìÇÛCìÄ¶bCbÛCbÛCbCRÛCRÛCRCBÛCBÛC@¶bCrÛCrÛCrCbÛCbÛCbCBÛCBÛC@¶bCÛCÛCCíÛCíÛCíCÇÛCÇÛCÄ¶bCÛCÛCCÛCÛCCÇÛCÇÛCÄ¶bC"ÛC"ÛC"CÛCÛCCÇÛCÇÛCÄ¶bC2ÛC2ÛC2C"ÛC"ÛC"CÇÛCÇÛCÄ¶bCbÛCbÛCbCRÛCRÛCRCBÛCBÛC@¶bCRÛCRÛCRCrÛCrÛCrCBÛCBÛC@¶bCrÛCrÛCrCÇÛCÇÛCÇCBÛCBÛC@¶bC#ÛC#ÛC#C#ÛC#ÛC#CíÛCíÛCê¶bC#ÛC#ÛC#C#"ÛC#"ÛC#"CíÛCíÛCê¶bC#"ÛC#"ÛC#"C#2ÛC#2ÛC#2CíÛCíÛCê¶bC#2ÛC#2ÛC#2C#BÛC#BÛC#BCíÛCíÛCê¶bC#BÛC#BÛC#BC#RÛC#RÛC#RCíÛCíÛCê¶bC#ÇÛC#ÇÛC#ÇC#rÛC#rÛC#rC#bÛC#bÛC#`¶bC#rÛC#rÛC#rC#íÛC#íÛC#íC#bÛC#bÛC#`¶bC#íÛC#íÛC#íC3ÛC3ÛC3C#bÛC#bÛC#`¶bC3ÛC3ÛC3C3ÛC3ÛC3C#bÛC#bÛC#`¶bC3ÛC3ÛC3C3ÛC3ÛC3C3"ÛC3"ÛC3 ¶bC3ÛC3ÛC3C32ÛC32ÛC32C3"ÛC3"ÛC3 ¶bC32ÛC32ÛC32C3BÛC3BÛC3BC3"ÛC3"ÛC3 ¶bC3BÛC3BÛC3BC3RÛC3RÛC3RC3"ÛC3"ÛC3 ¶bC3ÇÛC3ÇÛC3ÇC3rÛC3rÛC3rC3bÛC3bÛC3`¶bC3rÛC3rÛC3rC3íÛC3íÛC3íC3bÛC3bÛC3`¶bC3íÛC3íÛC3íCCÛCCÛCCC3bÛC3bÛC3`¶bCCÛCCÛCCCCÛCCÛCCC3bÛC3bÛC3`¶bCCÛCCÛCCCC"ÛCC"ÛCC"CCÛCCÛCC¶bCC"ÛCC"ÛCC"CC2ÛCC2ÛCC2CCÛCCÛCC¶bCC2ÛCC2ÛCC2CCBÛCCBÛCCBCCÛCCÛCC¶bCCrÛCCrÛCCrCCbÛCCbÛCCbCCRÛCCRÛCCP¶bCCÇÛCCÇÛCCÇCCrÛCCrÛCCrCCRÛCCRÛCCP¶bCCíÛCCíÛCCíCCÇÛCCÇÛCCÇCCRÛCCRÛCCP¶bCS"ÛCS"ÛCS"CSÛCSÛCSCSÛCSÛCS ¶bCS2ÛCS2ÛCS2CS"ÛCS"ÛCS"CSÛCSÛCS ¶bCSBÛCSBÛCSBCS2ÛCS2ÛCS2CSÛCSÛCS ¶bCSRÛCSRÛCSRCSBÛCSBÛCSBCSÛCSÛCS ¶bCSÇÛCSÇÛCSÇCSrÛCSrÛCSrCSbÛCSbÛCS`¶bCSíÛCSíÛCSíCSÇÛCSÇÛCSÇCSbÛCSbÛCS`¶bCc"ÛCc"ÛCc"CcÛCcÛCcCcÛCcÛCc ¶bCc2ÛCc2ÛCc2Cc"ÛCc"ÛCc"CcÛCcÛCc ¶bCcbÛCcbÛCcbCcRÛCcRÛCcRCcBÛCcBÛCc@¶bCcRÛCcRÛCcRCcrÛCcrÛCcrCcBÛCcBÛCc@¶bCcrÛCcrÛCcrCcÇÛCcÇÛCcÇCcBÛCcBÛCc@¶bCcÇÛCcÇÛCcÇCcíÛCcíÛCcíCcBÛCcBÛCc@¶bCs"ÛCs"ÛCs"CsÛCsÛCsCsÛCsÛCs ¶bCs2ÛCs2ÛCs2Cs"ÛCs"ÛCs"CsÛCsÛCs ¶bCsbÛCsbÛCsbCsRÛCsRÛCsRCsBÛCsBÛCs@¶bCsrÛCsrÛCsrCsbÛCsbÛCsbCsBÛCsBÛCs@¶bCÉÛCÉÛCÉCsíÛCsíÛCsíCsÇÛCsÇÛCsÄ¶bCsíÛCsíÛCsíCÉÛCÉÛCÉCsÇÛCsÇÛCsÄ¶bCÉÛCÉÛCÉCÉ"ÛCÉ"ÛCÉ"CsÇÛCsÇÛCsÄ¶bCÉRÛCÉRÛCÉRCÉBÛCÉBÛCÉBCÉ2ÛCÉ2ÛCÉ0¶bCÉbÛCÉbÛCÉbCÉRÛCÉRÛCÉRCÉ2ÛCÉ2ÛCÉ0¶bCÉíÛCÉíÛCÉíCÉÇÛCÉÇÛCÉÇCÉrÛCÉrÛCÉp¶bCìÛCìÛCìCÉÇÛCÉÇÛCÉÇCÉíÛCÉíÛCÉê¶bCìÛCìÛCìCìÛCìÛCìCÉíÛCÉíÛCÉê¶bCìÛCìÛCìCì"ÛCì"ÛCì"CìÛCìÛCì ¶bCìÛCìÛCìCì"ÛCì"ÛCì"Cì2ÛCì2ÛCì0¶bCì"ÛCì"ÛCì"CìBÛCìBÛCìBCì2ÛCì2ÛCì0¶bCìBÛCìBÛCìBCìRÛCìRÛCìRCì2ÛCì2ÛCì0¶bCìRÛCìRÛCìRCìbÛCìbÛCìbCì2ÛCì2ÛCì0¶bCìbÛCìbÛCìbCìrÛCìrÛCìrCì2ÛCì2ÛCì0¶bC#ÛC#ÛC#CìíÛCìíÛCìíCìÇÛCìÇÛCìÄ¶bCìíÛCìíÛCìíC#ÛC#ÛC#CìÇÛCìÇÛCìÄ¶bC#ÛC#ÛC#C#"ÛC#"ÛC#"CìÇÛCìÇÛCìÄ¶bC#2ÛC#2ÛC#2CìÇÛCìÇÛCìÇC#"ÛC#"ÛC# ¶bC#BÛC#BÛC#BCìÇÛCìÇÛCìÇC#2ÛC#2ÛC#0¶bC#rÛC#rÛC#rC#bÛC#bÛC#bC#RÛC#RÛC#P¶bC#ÇÛC#ÇÛC#ÇC#rÛC#rÛC#rC#RÛC#RÛC#P¶bC#ÛC#ÛC#C#ÛC#ÛC#C#íÛC#íÛC#ê¶bC#"ÛC#"ÛC#"C#ÛC#ÛC#C#íÛC#íÛC#ê¶bC#2ÛC#2ÛC#2C#"ÛC#"ÛC#"C#íÛC#íÛC#ê¶bC#bÛC#bÛC#bC#RÛC#RÛC#RC#BÛC#BÛC#@¶bC#RÛC#RÛC#RC#rÛC#rÛC#rC#BÛC#BÛC#@¶bC#rÛC#rÛC#rC#RÛC#RÛC#RC#ÇÛC#ÇÛC#Ä¶bC#RÛC#RÛC#RC#íÛC#íÛC#íC#ÇÛC#ÇÛC#Ä¶bC#íÛC#íÛC#íC##ÛC##ÛC##C#ÇÛC#ÇÛC#Ä¶bC##ÛC##ÛC##C##ÛC##ÛC##C#ÇÛC#ÇÛC#Ä¶bC##BÛC##BÛC##BC##2ÛC##2ÛC##2C##"ÛC##"ÛC## ¶bC##2ÛC##2ÛC##2C##RÛC##RÛC##RC##"ÛC##"ÛC## ¶bC##RÛC##RÛC##RC##bÛC##bÛC##bC##"ÛC##"ÛC## ¶bC##bÛC##bÛC##bC##rÛC##rÛC##rC##"ÛC##"ÛC## ¶bC#3ÛC#3ÛC#3C##íÛC##íÛC##íC##ÇÛC##ÇÛC##Ä¶bC#3ÛC#3ÛC#3C#3ÛC#3ÛC#3C##ÇÛC##ÇÛC##Ä¶bC#3"ÛC#3"ÛC#3"C#3ÛC#3ÛC#3C#3ÛC#3ÛC#3¶bC#32ÛC#32ÛC#32C#3"ÛC#3"ÛC#3"C#3ÛC#3ÛC#3¶bC#3bÛC#3bÛC#3bC#3RÛC#3RÛC#3RC#3BÛC#3BÛC#3@¶bC#3rÛC#3rÛC#3rC#3bÛC#3bÛC#3bC#3BÛC#3BÛC#3@¶bC#3ÇÛC#3ÇÛC#3ÇC#3rÛC#3rÛC#3rC#3BÛC#3BÛC#3@¶bC#3íÛC#3íÛC#3íC#3ÇÛC#3ÇÛC#3ÇC#3BÛC#3BÛC#3@¶bC#C"ÛC#C"ÛC#C"C#CÛC#CÛC#CC#CÛC#CÛC#C ¶bC#C2ÛC#C2ÛC#C2C#C"ÛC#C"ÛC#C"C#CÛC#CÛC#C ¶bC#C"ÛC#C"ÛC#C"C#C2ÛC#C2ÛC#C2C#CBÛC#CBÛC#C@¶bC#CRÛC#CRÛC#CRC#C"ÛC#C"ÛC#C"C#CBÛC#CBÛC#C@¶bC#CbÛC#CbÛC#CbC#CRÛC#CRÛC#CRC#CBÛC#CBÛC#C@¶bC#CrÛC#CrÛC#CrC#CbÛC#CbÛC#CbC#CBÛC#CBÛC#C@¶bC#SÛC#SÛC#SC#CíÛC#CíÛC#CíC#CÇÛC#CÇÛC#CÄ¶bC#SÛC#SÛC#SC#SÛC#SÛC#SC#CÇÛC#CÇÛC#CÄ¶bC#SBÛC#SBÛC#SBC#S2ÛC#S2ÛC#S2C#S"ÛC#S"ÛC#S ¶bC#SRÛC#SRÛC#SRC#SBÛC#SBÛC#SBC#S"ÛC#S"ÛC#S ¶bC#SRÛC#SRÛC#SRC#S"ÛC#S"ÛC#S"C#SbÛC#SbÛC#S`¶bC#SrÛC#SrÛC#SrC#SRÛC#SRÛC#SRC#SbÛC#SbÛC#S`¶bC#SÇÛC#SÇÛC#SÇC#SrÛC#SrÛC#SrC#SbÛC#SbÛC#S`¶bC#SíÛC#SíÛC#SíC#SÇÛC#SÇÛC#SÇC#SbÛC#SbÛC#S`¶bC#cÛC#cÛC#cC#SÇÛC#SÇÛC#SÇC#SíÛC#SíÛC#Sê¶bC#cÛC#cÛC#cC#cÛC#cÛC#cC#SíÛC#SíÛC#Sê¶bC#c"ÛC#c"ÛC#c"C#cÛC#cÛC#cC#cÛC#cÛC#c¶bC#c2ÛC#c2ÛC#c2C#c"ÛC#c"ÛC#c"C#cÛC#cÛC#c¶bC#cbÛC#cbÛC#cbC#cRÛC#cRÛC#cRC#cBÛC#cBÛC#c@¶bC#crÛC#crÛC#crC#cbÛC#cbÛC#cbC#cBÛC#cBÛC#c@¶bC#cÇÛC#cÇÛC#cÇC#crÛC#crÛC#crC#cBÛC#cBÛC#c@¶bC#sÛC#sÛC#sC#sÛC#sÛC#sC#cíÛC#cíÛC#cê¶bC#sÛC#sÛC#sC#s"ÛC#s"ÛC#s"C#cíÛC#cíÛC#cê¶bC#s"ÛC#s"ÛC#s"C#s2ÛC#s2ÛC#s2C#cíÛC#cíÛC#cê¶bC#s2ÛC#s2ÛC#s2C#sBÛC#sBÛC#sBC#cíÛC#cíÛC#cê¶bC#srÛC#srÛC#srC#sbÛC#sbÛC#sbC#sRÛC#sRÛC#sP¶bC#sbÛC#sbÛC#sbC#sÇÛC#sÇÛC#sÇC#sRÛC#sRÛC#sP¶bC#sRÛC#sRÛC#sRC#sÇÛC#sÇÛC#sÇC#síÛC#síÛC#sê¶bC#sÇÛC#sÇÛC#sÇC#ÉÛC#ÉÛC#ÉC#síÛC#síÛC#sê¶bC#ÉÛC#ÉÛC#ÉC#ÉÛC#ÉÛC#ÉC#síÛC#síÛC#sê¶bC#ÉÛC#ÉÛC#ÉC#É"ÛC#É"ÛC#É"C#síÛC#síÛC#sê¶bC#ÉRÛC#ÉRÛC#ÉRC#ÉBÛC#ÉBÛC#ÉBC#É2ÛC#É2ÛC#É0¶bC#ÉbÛC#ÉbÛC#ÉbC#ÉRÛC#ÉRÛC#ÉRC#É2ÛC#É2ÛC#É0¶bC#ÉrÛC#ÉrÛC#ÉrC#ÉbÛC#ÉbÛC#ÉbC#É2ÛC#É2ÛC#É0¶bC#ÉÇÛC#ÉÇÛC#ÉÇC#ÉrÛC#ÉrÛC#ÉrC#É2ÛC#É2ÛC#É0¶bC#ÉRÛC#ÉRÛC#ÉRC#ÉbÛC#ÉbÛC#ÉbC#ÉíÛC#ÉíÛC#Éê¶bC#ÉbÛC#ÉbÛC#ÉbC#ÉrÛC#ÉrÛC#ÉrC#ÉíÛC#ÉíÛC#Éê¶bC#ìÛC#ìÛC#ìC#ÉRÛC#ÉRÛC#ÉRC#ÉíÛC#ÉíÛC#Éê¶bC#ÉrÛC#ÉrÛC#ÉrC#ìÛC#ìÛC#ìC#ÉíÛC#ÉíÛC#Éê¶bC#ì"ÛC#ì"ÛC#ì"C#ìÛC#ìÛC#ìC#ÉíÛC#ÉíÛC#Éê¶bC#ìÛC#ìÛC#ìC#ì2ÛC#ì2ÛC#ì2C#ÉíÛC#ÉíÛC#Éê¶bC#ìBÛC#ìBÛC#ìBC#ì"ÛC#ì"ÛC#ì"C#ÉíÛC#ÉíÛC#Éê¶bC#ì2ÛC#ì2ÛC#ì2C#ìRÛC#ìRÛC#ìRC#ÉíÛC#ÉíÛC#Éê¶bC#ìbÛC#ìbÛC#ìbC#ìBÛC#ìBÛC#ìBC#ÉíÛC#ÉíÛC#Éê¶bC#ìRÛC#ìRÛC#ìRC#ìrÛC#ìrÛC#ìrC#ÉíÛC#ÉíÛC#Éê¶bC#ìÇÛC#ìÇÛC#ìÇC#ìbÛC#ìbÛC#ìbC#ÉíÛC#ÉíÛC#Éê¶bC#ìrÛC#ìrÛC#ìrC#ìÇÛC#ìÇÛC#ìÇC#ÉíÛC#ÉíÛC#Éê¶bC3ÛC3ÛC3C3ÛC3ÛC3C#ìíÛC#ìíÛC#ìê¶bC3"ÛC3"ÛC3"C3ÛC3ÛC3C#ìíÛC#ìíÛC#ìê¶bC3RÛC3RÛC3RC3BÛC3BÛC3BC32ÛC32ÛC30¶bC3bÛC3bÛC3bC3RÛC3RÛC3RC32ÛC32ÛC30¶bC3rÛC3rÛC3rC3bÛC3bÛC3bC32ÛC32ÛC30¶bC3ÇÛC3ÇÛC3ÇC3rÛC3rÛC3rC32ÛC32ÛC30¶bC3ÛC3ÛC3C3ÛC3ÛC3C3íÛC3íÛC3ê¶bC3"ÛC3"ÛC3"C3ÛC3ÛC3C3íÛC3íÛC3ê¶bC3RÛC3RÛC3RC3BÛC3BÛC3BC32ÛC32ÛC30¶bC3bÛC3bÛC3bC3RÛC3RÛC3RC32ÛC32ÛC30¶bC3RÛC3RÛC3RC3ÇÛC3ÇÛC3ÇC3rÛC3rÛC3p¶bC3íÛC3íÛC3íC3RÛC3RÛC3RC3rÛC3rÛC3p¶bC3#ÛC3#ÛC3#C3íÛC3íÛC3íC3rÛC3rÛC3p¶bC3#ÛC3#ÛC3#C3#ÛC3#ÛC3#C3rÛC3rÛC3p¶bC3#BÛC3#BÛC3#BC3#2ÛC3#2ÛC3#2C3#"ÛC3#"ÛC3# ¶bC3#2ÛC3#2ÛC3#2C3#RÛC3#RÛC3#RC3#"ÛC3#"ÛC3# ¶bC3#RÛC3#RÛC3#RC3#bÛC3#bÛC3#bC3#"ÛC3#"ÛC3# ¶bC3#bÛC3#bÛC3#bC3#rÛC3#rÛC3#rC3#"ÛC3#"ÛC3# ¶bC33ÛC33ÛC33C3#íÛC3#íÛC3#íC3#ÇÛC3#ÇÛC3#Ä¶bC3#íÛC3#íÛC3#íC33ÛC33ÛC33C3#ÇÛC3#ÇÛC3#Ä¶bC33ÛC33ÛC33C33"ÛC33"ÛC33"C3#ÇÛC3#ÇÛC3#Ä¶bC33"ÛC33"ÛC33"C332ÛC332ÛC332C3#ÇÛC3#ÇÛC3#Ä¶bC33"ÛC33"ÛC33"C33RÛC33RÛC33RC33BÛC33BÛC33@¶bC33bÛC33bÛC33bC33"ÛC33"ÛC33"C33BÛC33BÛC33@¶bC33íÛC33íÛC33íC33ÇÛC33ÇÛC33ÇC33rÛC33rÛC33p¶bC33ÇÛC33ÇÛC33ÇC3CÛC3CÛC3CC33rÛC33rÛC33p¶bC3CÛC3CÛC3CC3CÛC3CÛC3CC33rÛC33rÛC33p¶bC3CÛC3CÛC3CC3C"ÛC3C"ÛC3C"C3CÛC3CÛC3C¶bC3C"ÛC3C"ÛC3C"C3C2ÛC3C2ÛC3C2C3CÛC3CÛC3C¶bC3C2ÛC3C2ÛC3C2C3CBÛC3CBÛC3CBC3CÛC3CÛC3C¶bC3CBÛC3CBÛC3CBC3CRÛC3CRÛC3CRC3CÛC3CÛC3C¶bC3CÛC3CÛC3CC3CRÛC3CRÛC3CRC33rÛC33rÛC33p¶bC3CRÛC3CRÛC3CRC3CbÛC3CbÛC3CbC33rÛC33rÛC33p¶bC3CíÛC3CíÛC3CíC3CÇÛC3CÇÛC3CÇC3CrÛC3CrÛC3Cp¶bC3CÇÛC3CÇÛC3CÇC3SÛC3SÛC3SC3CrÛC3CrÛC3Cp¶bC3SÛC3SÛC3SC3SÛC3SÛC3SC3CrÛC3CrÛC3Cp¶bC3SBÛC3SBÛC3SBC3S2ÛC3S2ÛC3S2C3S"ÛC3S"ÛC3S ¶bC3SRÛC3SRÛC3SRC3SBÛC3SBÛC3SBC3S"ÛC3S"ÛC3S ¶bC3SÇÛC3SÇÛC3SÇC3SrÛC3SrÛC3SrC3SbÛC3SbÛC3S`¶bC3SíÛC3SíÛC3SíC3SÇÛC3SÇÛC3SÇC3SbÛC3SbÛC3S`¶bC3cÛC3cÛC3cC3SíÛC3SíÛC3SíC3SbÛC3SbÛC3S`¶bC3cÛC3cÛC3cC3cÛC3cÛC3cC3SbÛC3SbÛC3S`¶bC3c"ÛC3c"ÛC3c"C3cÛC3cÛC3cC3SbÛC3SbÛC3S`¶bC3c2ÛC3c2ÛC3c2C3c"ÛC3c"ÛC3c"C3SbÛC3SbÛC3S`¶bC3cBÛC3cBÛC3cBC3c2ÛC3c2ÛC3c2C3SbÛC3SbÛC3S`¶bC3cRÛC3cRÛC3cRC3cBÛC3cBÛC3cBC3SbÛC3SbÛC3S`¶bC3cbÛC3cbÛC3cbC3cRÛC3cRÛC3cRC3SbÛC3SbÛC3S`¶bC3crÛC3crÛC3crC3cbÛC3cbÛC3cbC3SbÛC3SbÛC3S`¶bC3cÇÛC3cÇÛC3cÇC3crÛC3crÛC3crC3SbÛC3SbÛC3S`¶bC3sÛC3sÛC3sC3sÛC3sÛC3sC3cíÛC3cíÛC3cê¶bC3sÛC3sÛC3sC3s"ÛC3s"ÛC3s"C3cíÛC3cíÛC3cê¶bC3s"ÛC3s"ÛC3s"C3s2ÛC3s2ÛC3s2C3cíÛC3cíÛC3cê¶bC3s2ÛC3s2ÛC3s2C3sBÛC3sBÛC3sBC3cíÛC3cíÛC3cê¶bC3srÛC3srÛC3srC3sbÛC3sbÛC3sbC3sRÛC3sRÛC3sP¶bC3sÇÛC3sÇÛC3sÇC3srÛC3srÛC3srC3sRÛC3sRÛC3sP¶bC3sÇÛC3sÇÛC3sÇC3sRÛC3sRÛC3sRC3síÛC3síÛC3sê¶bC3ÉÛC3ÉÛC3ÉC3sÇÛC3sÇÛC3sÇC3síÛC3síÛC3sê¶bC3É2ÛC3É2ÛC3É2C3É"ÛC3É"ÛC3É"C3ÉÛC3ÉÛC3É¶bC3ÉBÛC3ÉBÛC3ÉBC3É2ÛC3É2ÛC3É2C3ÉÛC3ÉÛC3É¶bC3ÉrÛC3ÉrÛC3ÉrC3ÉbÛC3ÉbÛC3ÉbC3ÉRÛC3ÉRÛC3ÉP¶bC3ÉbÛC3ÉbÛC3ÉbC3ÉÇÛC3ÉÇÛC3ÉÇC3ÉRÛC3ÉRÛC3ÉP¶bC3ÉÇÛC3ÉÇÛC3ÉÇC3ÉíÛC3ÉíÛC3ÉíC3ÉRÛC3ÉRÛC3ÉP¶bC3ÉíÛC3ÉíÛC3ÉíC3ìÛC3ìÛC3ìC3ÉRÛC3ÉRÛC3ÉP¶bC3ì2ÛC3ì2ÛC3ì2C3ì"ÛC3ì"ÛC3ì"C3ìÛC3ìÛC3ì¶bC3ì"ÛC3ì"ÛC3ì"C3ìBÛC3ìBÛC3ìBC3ìÛC3ìÛC3ì¶bC3ìrÛC3ìrÛC3ìrC3ìbÛC3ìbÛC3ìbC3ìRÛC3ìRÛC3ìP¶bC3ìÇÛC3ìÇÛC3ìÇC3ìrÛC3ìrÛC3ìrC3ìRÛC3ìRÛC3ìP¶bC3ìíÛC3ìíÛC3ìíC3ìÇÛC3ìÇÛC3ìÇC3ìRÛC3ìRÛC3ìP¶bCCÛCCÛCCC3ìíÛC3ìíÛC3ìíC3ìRÛC3ìRÛC3ìP¶bCC2ÛCC2ÛCC2CC"ÛCC"ÛCC"CCÛCCÛCC¶bCCBÛCCBÛCCBCC2ÛCC2ÛCC2CCÛCCÛCC¶bCCRÛCCRÛCCRCCBÛCCBÛCCBCCÛCCÛCC¶bCCbÛCCbÛCCbCCRÛCCRÛCCRCCÛCCÛCC¶bCCrÛCCrÛCCrCCbÛCCbÛCCbCCÛCCÛCC¶bCCÛCCÛCCCCíÛCCíÛCCíCCÇÛCCÇÛCCÄ¶bCCíÛCCíÛCCíCCÛCCÛCCCCÇÛCCÇÛCCÄ¶bCCÛCCÛCCCC"ÛCC"ÛCC"CCÇÛCCÇÛCCÄ¶bCC"ÛCC"ÛCC"CC2ÛCC2ÛCC2CCÇÛCCÇÛCCÄ¶bCCbÛCCbÛCCbCCRÛCCRÛCCRCCBÛCCBÛCC@¶bCCRÛCCRÛCCRCCrÛCCrÛCCrCCBÛCCBÛCC@¶bCCrÛCCrÛCCrCCÇÛCCÇÛCCÇCCBÛCCBÛCC@¶bCCÇÛCCÇÛCCÇCCíÛCCíÛCCíCCBÛCCBÛCC@¶bCC#"ÛCC#"ÛCC#"CC#ÛCC#ÛCC#CC#ÛCC#ÛCC# ¶bCC#2ÛCC#2ÛCC#2CC#"ÛCC#"ÛCC#"CC#ÛCC#ÛCC# ¶bCC#bÛCC#bÛCC#bCC#RÛCC#RÛCC#RCC#BÛCC#BÛCC#@¶bCC#rÛCC#rÛCC#rCC#RÛCC#RÛCC#RCC#bÛCC#bÛCC#`¶bCC#ÇÛCC#ÇÛCC#ÇCC#rÛCC#rÛCC#rCC#bÛCC#bÛCC#`¶bCC#íÛCC#íÛCC#íCC#rÛCC#rÛCC#rCC#ÇÛCC#ÇÛCC#Ä¶bCC3ÛCC3ÛCC3CC#íÛCC#íÛCC#íCC#ÇÛCC#ÇÛCC#Ä¶bCC3ÛCC3ÛCC3CC#ÇÛCC#ÇÛCC#ÇCC#bÛCC#bÛCC#`¶bCC3ÛCC3ÛCC3CC3ÛCC3ÛCC3CC#bÛCC#bÛCC#`¶bCC3BÛCC3BÛCC3BCC32ÛCC32ÛCC32CC3"ÛCC3"ÛCC3 ¶bCC3RÛCC3RÛCC3RCC3BÛCC3BÛCC3BCC3"ÛCC3"ÛCC3 ¶bCC3ÇÛCC3ÇÛCC3ÇCC3rÛCC3rÛCC3rCC3bÛCC3bÛCC3`¶bCC3íÛCC3íÛCC3íCC3ÇÛCC3ÇÛCC3ÇCC3bÛCC3bÛCC3`¶bCCC"ÛCCC"ÛCCC"CCCÛCCCÛCCCCCCÛCCCÛCCC ¶bCCC2ÛCCC2ÛCCC2CCC"ÛCCC"ÛCCC"CCCÛCCCÛCCC ¶bCCCBÛCCCBÛCCCBCCC2ÛCCC2ÛCCC2CCCÛCCCÛCCC ¶bCCCRÛCCCRÛCCCRCCCBÛCCCBÛCCCBCCCÛCCCÛCCC ¶bCCCÇÛCCCÇÛCCCÇCCCrÛCCCrÛCCCrCCCbÛCCCbÛCCC`¶bCCCrÛCCCrÛCCCrCCCíÛCCCíÛCCCíCCCbÛCCCbÛCCC`¶bCCCíÛCCCíÛCCCíCCSÛCCSÛCCSCCCbÛCCCbÛCCC`¶bCCSÛCCSÛCCSCCSÛCCSÛCCSCCCbÛCCCbÛCCC`¶bCCSBÛCCSBÛCCSBCCS2ÛCCS2ÛCCS2CCS"ÛCCS"ÛCCS ¶bCCSRÛCCSRÛCCSRCCSBÛCCSBÛCCSBCCS"ÛCCS"ÛCCS ¶bCCSbÛCCSbÛCCSbCCSRÛCCSRÛCCSRCCS"ÛCCS"ÛCCS ¶bCCSrÛCCSrÛCCSrCCSbÛCCSbÛCCSbCCS"ÛCCS"ÛCCS ¶bCCcÛCCcÛCCcCCSíÛCCSíÛCCSíCCSÇÛCCSÇÛCCSÄ¶bCCcÛCCcÛCCcCCcÛCCcÛCCcCCSÇÛCCSÇÛCCSÄ¶bCCc"ÛCCc"ÛCCc"CCcÛCCcÛCCcCCcÛCCcÛCCc¶bCCc2ÛCCc2ÛCCc2CCc"ÛCCc"ÛCCc"CCcÛCCcÛCCc¶bCCcbÛCCcbÛCCcbCCcRÛCCcRÛCCcRCCcBÛCCcBÛCCc@¶bCCcRÛCCcRÛCCcRCCcrÛCCcrÛCCcrCCcBÛCCcBÛCCc@¶bCCcrÛCCcrÛCCcrCCcÇÛCCcÇÛCCcÇCCcBÛCCcBÛCCc@¶bCCsÛCCsÛCCsCCsÛCCsÛCCsCCcíÛCCcíÛCCcê¶bCCs"ÛCCs"ÛCCs"CCsÛCCsÛCCsCCcíÛCCcíÛCCcê¶bCCsRÛCCsRÛCCsRCCsBÛCCsBÛCCsBCCs2ÛCCs2ÛCCs0¶bCCsbÛCCsbÛCCsbCCsRÛCCsRÛCCsRCCs2ÛCCs2ÛCCs0¶bCCsíÛCCsíÛCCsíCCsÇÛCCsÇÛCCsÇCCsrÛCCsrÛCCsp¶bCCsÇÛCCsÇÛCCsÇCCÉÛCCÉÛCCÉCCsrÛCCsrÛCCsp¶bCCÉÛCCÉÛCCÉCCÉÛCCÉÛCCÉCCsrÛCCsrÛCCsp¶bCCÉÛCCÉÛCCÉCCÉ"ÛCCÉ"ÛCCÉ"CCsrÛCCsrÛCCsp¶bCCÉ"ÛCCÉ"ÛCCÉ"CCÉÛCCÉÛCCÉCCÉ2ÛCCÉ2ÛCCÉ0¶bCCÉÛCCÉÛCCÉCCÉBÛCCÉBÛCCÉBCCÉ2ÛCCÉ2ÛCCÉ0¶bCCÉBÛCCÉBÛCCÉBCCÉRÛCCÉRÛCCÉRCCÉ2ÛCCÉ2ÛCCÉ0¶bCCÉRÛCCÉRÛCCÉRCCÉbÛCCÉbÛCCÉbCCÉ2ÛCCÉ2ÛCCÉ0¶bCCÉbÛCCÉbÛCCÉbCCÉRÛCCÉRÛCCÉRCCÉrÛCCÉrÛCCÉp¶bCCÉRÛCCÉRÛCCÉRCCÉÇÛCCÉÇÛCCÉÇCCÉrÛCCÉrÛCCÉp¶bCCÉÇÛCCÉÇÛCCÉÇCCÉíÛCCÉíÛCCÉíCCÉrÛCCÉrÛCCÉp¶bCCÉíÛCCÉíÛCCÉíCCìÛCCìÛCCìCCÉrÛCCÉrÛCCÉp¶bCCìÛCCìÛCCìCCÉíÛCCÉíÛCCÉíCCìÛCCìÛCCì¶bCCÉíÛCCÉíÛCCÉíCCì"ÛCCì"ÛCCì"CCìÛCCìÛCCì¶bCCì"ÛCCì"ÛCCì"CCì2ÛCCì2ÛCCì2CCìÛCCìÛCCì¶bCCì2ÛCCì2ÛCCì2CCìBÛCCìBÛCCìBCCìÛCCìÛCCì¶bCCìrÛCCìrÛCCìrCCìbÛCCìbÛCCìbCCìRÛCCìRÛCCìP¶bCCìÇÛCCìÇÛCCìÇCCìrÛCCìrÛCCìrCCìRÛCCìRÛCCìP¶bCSÛCSÛCSCSÛCSÛCSCCìíÛCCìíÛCCìê¶bCS"ÛCS"ÛCS"CSÛCSÛCSCCìíÛCCìíÛCCìê¶bCSRÛCSRÛCSRCSBÛCSBÛCSBCS2ÛCS2ÛCS0¶bCSbÛCSbÛCSbCSRÛCSRÛCSRCS2ÛCS2ÛCS0¶bCSíÛCSíÛCSíCSÇÛCSÇÛCSÇCSrÛCSrÛCSp¶bCSÇÛCSÇÛCSÇCSÛCSÛCSCSrÛCSrÛCSp¶bCS2ÛCS2ÛCS2CS"ÛCS"ÛCS"CSÛCSÛCS¶bCSBÛCSBÛCSBCS2ÛCS2ÛCS2CSÛCSÛCS¶bCSrÛCSrÛCSrCSbÛCSbÛCSbCSRÛCSRÛCSP¶bCSÇÛCSÇÛCSÇCSrÛCSrÛCSrCSRÛCSRÛCSP¶bCS#ÛCS#ÛCS#CS#ÛCS#ÛCS#CSíÛCSíÛCSê¶bCS#"ÛCS#"ÛCS#"CS#ÛCS#ÛCS#CSíÛCSíÛCSê¶bCS#RÛCS#RÛCS#RCS#BÛCS#BÛCS#BCS#2ÛCS#2ÛCS#0¶bCS#bÛCS#bÛCS#bCS#RÛCS#RÛCS#RCS#2ÛCS#2ÛCS#0¶bCS#íÛCS#íÛCS#íCS#ÇÛCS#ÇÛCS#ÇCS#rÛCS#rÛCS#p¶bCS3ÛCS3ÛCS3CS#íÛCS#íÛCS#íCS#rÛCS#rÛCS#p¶bCS32ÛCS32ÛCS32CS3"ÛCS3"ÛCS3"CS3ÛCS3ÛCS3¶bCS3BÛCS3BÛCS3BCS32ÛCS32ÛCS32CS3ÛCS3ÛCS3¶bCS3rÛCS3rÛCS3rCS3bÛCS3bÛCS3bCS3RÛCS3RÛCS3P¶bCS3bÛCS3bÛCS3bCS3ÇÛCS3ÇÛCS3ÇCS3RÛCS3RÛCS3P¶bCS3ÇÛCS3ÇÛCS3ÇCS3íÛCS3íÛCS3íCS3RÛCS3RÛCS3P¶bCS3íÛCS3íÛCS3íCSCÛCSCÛCSCCS3RÛCS3RÛCS3P¶bCSCÛCSCÛCSCCS3íÛCS3íÛCS3íCSCÛCSCÛCSC¶bCS3íÛCS3íÛCS3íCSC"ÛCSC"ÛCSC"CSCÛCSCÛCSC¶bCSCRÛCSCRÛCSCRCSCBÛCSCBÛCSCBCSC2ÛCSC2ÛCSC0¶bCSCbÛCSCbÛCSCbCSCRÛCSCRÛCSCRCSC2ÛCSC2ÛCSC0¶bCSCíÛCSCíÛCSCíCSCÇÛCSCÇÛCSCÇCSCrÛCSCrÛCSCp¶bCSSÛCSSÛCSSCSCíÛCSCíÛCSCíCSCrÛCSCrÛCSCp¶bCSS2ÛCSS2ÛCSS2CSS"ÛCSS"ÛCSS"CSSÛCSSÛCSS¶bCSSÛCSSÛCSSCSS"ÛCSS"ÛCSS"CSSBÛCSSBÛCSS@¶bCSSRÛCSSRÛCSSRCSSÛCSSÛCSSCSSBÛCSSBÛCSS@¶bCSS"ÛCSS"ÛCSS"CSSbÛCSSbÛCSSbCSSBÛCSSBÛCSS@¶bCSSrÛCSSrÛCSSrCSSRÛCSSRÛCSSRCSSBÛCSSBÛCSS@¶bCSSBÛCSSBÛCSSBCSSbÛCSSbÛCSSbCSSÇÛCSSÇÛCSSÄ¶bCSSrÛCSSrÛCSSrCSSBÛCSSBÛCSSBCSSÇÛCSSÇÛCSSÄ¶bCSSbÛCSSbÛCSSbCSSíÛCSSíÛCSSíCSSÇÛCSSÇÛCSSÄ¶bCScÛCScÛCScCSSrÛCSSrÛCSSrCSSÇÛCSSÇÛCSSÄ¶bCSSÇÛCSSÇÛCSSÇCSSíÛCSSíÛCSSíCScÛCScÛCSc¶bCScÛCScÛCScCSSÇÛCSSÇÛCSSÇCScÛCScÛCSc¶bCSSíÛCSSíÛCSSíCSc"ÛCSc"ÛCSc"CScÛCScÛCSc¶bCSc2ÛCSc2ÛCSc2CScÛCScÛCScCScÛCScÛCSc¶bCSc"ÛCSc"ÛCSc"CScBÛCScBÛCScBCScÛCScÛCSc¶bCScRÛCScRÛCScRCSc2ÛCSc2ÛCSc2CScÛCScÛCSc¶bCScBÛCScBÛCScBCScRÛCScRÛCScRCScÛCScÛCSc¶bCScÇÛCScÇÛCScÇCScrÛCScrÛCScrCScbÛCScbÛCSc`¶bCScíÛCScíÛCScíCScÇÛCScÇÛCScÇCScbÛCScbÛCSc`¶bCSs"ÛCSs"ÛCSs"CSsÛCSsÛCSsCSsÛCSsÛCSs ¶bCSs2ÛCSs2ÛCSs2CSs"ÛCSs"ÛCSs"CSsÛCSsÛCSs ¶bCSsbÛCSsbÛCSsbCSsRÛCSsRÛCSsRCSsBÛCSsBÛCSs@¶bCSsrÛCSsrÛCSsrCSsbÛCSsbÛCSsbCSsBÛCSsBÛCSs@¶bCSsÇÛCSsÇÛCSsÇCSsrÛCSsrÛCSsrCSsBÛCSsBÛCSs@¶bCSÉÛCSÉÛCSÉCSÉÛCSÉÛCSÉCSsíÛCSsíÛCSsê¶bCSÉ"ÛCSÉ"ÛCSÉ"CSÉÛCSÉÛCSÉCSsíÛCSsíÛCSsê¶bCSÉRÛCSÉRÛCSÉRCSÉBÛCSÉBÛCSÉBCSÉ2ÛCSÉ2ÛCSÉ0¶bCSÉbÛCSÉbÛCSÉbCSÉRÛCSÉRÛCSÉRCSÉ2ÛCSÉ2ÛCSÉ0¶bCSÉíÛCSÉíÛCSÉíCSÉÇÛCSÉÇÛCSÉÇCSÉrÛCSÉrÛCSÉp¶bCSÉÇÛCSÉÇÛCSÉÇCSìÛCSìÛCSìCSÉrÛCSÉrÛCSÉp¶bCSìÛCSìÛCSìCSìÛCSìÛCSìCSÉrÛCSÉrÛCSÉp¶bCSìÛCSìÛCSìCSì"ÛCSì"ÛCSì"CSÉrÛCSÉrÛCSÉp¶bCSìRÛCSìRÛCSìRCSìBÛCSìBÛCSìBCSì2ÛCSì2ÛCSì0¶bCSìbÛCSìbÛCSìbCSìRÛCSìRÛCSìRCSì2ÛCSì2ÛCSì0¶bCSìíÛCSìíÛCSìíCSìÇÛCSìÇÛCSìÇCSìrÛCSìrÛCSìp¶bCcÛCcÛCcCSìíÛCSìíÛCSìíCSìrÛCSìrÛCSìp¶bCc2ÛCc2ÛCc2Cc"ÛCc"ÛCc"CcÛCcÛCc¶bCcBÛCcBÛCcBCc2ÛCc2ÛCc2CcÛCcÛCc¶bCcrÛCcrÛCcrCcbÛCcbÛCcbCcRÛCcRÛCcP¶bCcbÛCcbÛCcbCcrÛCcrÛCcrCcÇÛCcÇÛCcÄ¶bCcrÛCcrÛCcrCcíÛCcíÛCcíCcÇÛCcÇÛCcÄ¶bCc"ÛCc"ÛCc"CcÛCcÛCcCcÛCcÛCc ¶bCc2ÛCc2ÛCc2Cc"ÛCc"ÛCc"CcÛCcÛCc ¶bCcbÛCcbÛCcbCcRÛCcRÛCcRCcBÛCcBÛCc@¶bCcrÛCcrÛCcrCcbÛCcbÛCcbCcBÛCcBÛCc@¶bCc#ÛCc#ÛCc#CcíÛCcíÛCcíCcÇÛCcÇÛCcÄ¶bCc#ÛCc#ÛCc#Cc#ÛCc#ÛCc#CcÇÛCcÇÛCcÄ¶bCc#BÛCc#BÛCc#BCc#2ÛCc#2ÛCc#2Cc#"ÛCc#"ÛCc# ¶bCc#RÛCc#RÛCc#RCc#BÛCc#BÛCc#BCc#"ÛCc#"ÛCc# ¶bCc#ÇÛCc#ÇÛCc#ÇCc#rÛCc#rÛCc#rCc#bÛCc#bÛCc#`¶bCc#íÛCc#íÛCc#íCc#rÛCc#rÛCc#rCc#ÇÛCc#ÇÛCc#Ä¶bCc3"ÛCc3"ÛCc3"Cc3ÛCc3ÛCc3Cc3ÛCc3ÛCc3 ¶bCc32ÛCc32ÛCc32Cc3"ÛCc3"ÛCc3"Cc3ÛCc3ÛCc3 ¶bCc3bÛCc3bÛCc3bCc3RÛCc3RÛCc3RCc3BÛCc3BÛCc3@¶bCc3rÛCc3rÛCc3rCc3bÛCc3bÛCc3bCc3BÛCc3BÛCc3@¶bCc3rÛCc3rÛCc3rCc3BÛCc3BÛCc3BCc3ÇÛCc3ÇÛCc3Ä¶bCc3íÛCc3íÛCc3íCc3rÛCc3rÛCc3rCc3ÇÛCc3ÇÛCc3Ä¶bCcC"ÛCcC"ÛCcC"CcCÛCcCÛCcCCcCÛCcCÛCcC ¶bCcC2ÛCcC2ÛCcC2CcC"ÛCcC"ÛCcC"CcCÛCcCÛCcC ¶bCcCbÛCcCbÛCcCbCcCRÛCcCRÛCcCRCcCBÛCcCBÛCcC@¶bCcCrÛCcCrÛCcCrCcCbÛCcCbÛCcCbCcCBÛCcCBÛCcC@¶bCcCÇÛCcCÇÛCcCÇCcCrÛCcCrÛCcCrCcCBÛCcCBÛCcC@¶bCcCíÛCcCíÛCcCíCcCÇÛCcCÇÛCcCÇCcCBÛCcCBÛCcC@¶bCcS"ÛCcS"ÛCcS"CcSÛCcSÛCcSCcSÛCcSÛCcS ¶bCcS2ÛCcS2ÛCcS2CcS"ÛCcS"ÛCcS"CcSÛCcSÛCcS ¶bCcSBÛCcSBÛCcSBCcS2ÛCcS2ÛCcS2CcSÛCcSÛCcS ¶bCcSRÛCcSRÛCcSRCcSBÛCcSBÛCcSBCcSÛCcSÛCcS ¶bCcSÇÛCcSÇÛCcSÇCcSrÛCcSrÛCcSrCcSbÛCcSbÛCcS`¶bCcSrÛCcSrÛCcSrCcSíÛCcSíÛCcSíCcSbÛCcSbÛCcS`¶bCcSíÛCcSíÛCcSíCccÛCccÛCccCcSbÛCcSbÛCcS`¶bCccÛCccÛCccCccÛCccÛCccCcSbÛCcSbÛCcS`¶bCccBÛCccBÛCccBCcc2ÛCcc2ÛCcc2Ccc"ÛCcc"ÛCcc ¶bCccRÛCccRÛCccRCccBÛCccBÛCccBCcc"ÛCcc"ÛCcc ¶bCccÇÛCccÇÛCccÇCccrÛCccrÛCccrCccbÛCccbÛCcc`¶bCccíÛCccíÛCccíCccÇÛCccÇÛCccÇCccbÛCccbÛCcc`¶bCcs"ÛCcs"ÛCcs"CcsÛCcsÛCcsCcsÛCcsÛCcs ¶bCcs2ÛCcs2ÛCcs2Ccs"ÛCcs"ÛCcs"CcsÛCcsÛCcs ¶bCcsbÛCcsbÛCcsbCcsRÛCcsRÛCcsRCcsBÛCcsBÛCcs@¶bCcsrÛCcsrÛCcsrCcsbÛCcsbÛCcsbCcsBÛCcsBÛCcs@¶bCcÉÛCcÉÛCcÉCcsíÛCcsíÛCcsíCcsÇÛCcsÇÛCcsÄ¶bCcÉÛCcÉÛCcÉCcÉÛCcÉÛCcÉCcsÇÛCcsÇÛCcsÄ¶bCcÉBÛCcÉBÛCcÉBCcÉ2ÛCcÉ2ÛCcÉ2CcÉ"ÛCcÉ"ÛCcÉ ¶bCcÉRÛCcÉRÛCcÉRCcÉBÛCcÉBÛCcÉBCcÉ"ÛCcÉ"ÛCcÉ ¶bCcÉÇÛCcÉÇÛCcÉÇCcÉrÛCcÉrÛCcÉrCcÉbÛCcÉbÛCcÉ`¶bCcÉíÛCcÉíÛCcÉíCcÉÇÛCcÉÇÛCcÉÇCcÉbÛCcÉbÛCcÉ`¶bCcì"ÛCcì"ÛCcì"CcìÛCcìÛCcìCcìÛCcìÛCcì ¶bCcì2ÛCcì2ÛCcì2Ccì"ÛCcì"ÛCcì"CcìÛCcìÛCcì ¶bCcìbÛCcìbÛCcìbCcìRÛCcìRÛCcìRCcìBÛCcìBÛCcì@¶bCcìBÛCcìBÛCcìBCcìRÛCcìRÛCcìRCcìrÛCcìrÛCcìp¶bCcìRÛCcìRÛCcìRCcìÇÛCcìÇÛCcìÇCcìrÛCcìrÛCcìp¶bCcìÇÛCcìÇÛCcìÇCcìíÛCcìíÛCcìíCcìrÛCcìrÛCcìp¶bCcìíÛCcìíÛCcìíCsÛCsÛCsCcìrÛCcìrÛCcìp¶bCcìíÛCcìíÛCcìíCsÛCsÛCsCsÛCsÛCs ¶bCsBÛCsBÛCsBCs2ÛCs2ÛCs2Cs"ÛCs"ÛCs ¶bCsRÛCsRÛCsRCsBÛCsBÛCsBCs"ÛCs"ÛCs ¶bCsÇÛCsÇÛCsÇCsrÛCsrÛCsrCsbÛCsbÛCs`¶bCsíÛCsíÛCsíCsÇÛCsÇÛCsÇCsbÛCsbÛCs`¶bCs"ÛCs"ÛCs"CsÛCsÛCsCsÛCsÛCs ¶bCs2ÛCs2ÛCs2Cs"ÛCs"ÛCs"CsÛCsÛCs ¶bCsbÛCsbÛCsbCsRÛCsRÛCsRCsBÛCsBÛCs@¶bCsrÛCsrÛCsrCsbÛCsbÛCsbCsBÛCsBÛCs@¶bCsÇÛCsÇÛCsÇCsrÛCsrÛCsrCsBÛCsBÛCs@¶bCsíÛCsíÛCsíCsÇÛCsÇÛCsÇCsBÛCsBÛCs@¶bCs#"ÛCs#"ÛCs#"Cs#ÛCs#ÛCs#Cs#ÛCs#ÛCs# ¶bCs#2ÛCs#2ÛCs#2Cs#"ÛCs#"ÛCs#"Cs#ÛCs#ÛCs# ¶bCs#BÛCs#BÛCs#BCs#"ÛCs#"ÛCs#"Cs#2ÛCs#2ÛCs#0¶bCs#RÛCs#RÛCs#RCs#BÛCs#BÛCs#BCs#2ÛCs#2ÛCs#0¶bCs#bÛCs#bÛCs#bCs#RÛCs#RÛCs#RCs#2ÛCs#2ÛCs#0¶bCs#rÛCs#rÛCs#rCs#bÛCs#bÛCs#bCs#2ÛCs#2ÛCs#0¶bCs#rÛCs#rÛCs#rCs#2ÛCs#2ÛCs#2Cs#ÛCs#ÛCs# ¶bCs#ÇÛCs#ÇÛCs#ÇCs#rÛCs#rÛCs#rCs#ÛCs#ÛCs# ¶bCs3ÛCs3ÛCs3Cs3ÛCs3ÛCs3Cs#íÛCs#íÛCs#ê¶bCs3"ÛCs3"ÛCs3"Cs3ÛCs3ÛCs3Cs#íÛCs#íÛCs#ê¶bCs32ÛCs32ÛCs32Cs3ÛCs3ÛCs3Cs3"ÛCs3"ÛCs3 ¶bCs3BÛCs3BÛCs3BCs32ÛCs32ÛCs32Cs3"ÛCs3"ÛCs3 ¶bCs3RÛCs3RÛCs3RCs3BÛCs3BÛCs3BCs3"ÛCs3"ÛCs3 ¶bCs3bÛCs3bÛCs3bCs3RÛCs3RÛCs3RCs3"ÛCs3"ÛCs3 ¶bCs3bÛCs3bÛCs3bCs3"ÛCs3"ÛCs3"Cs#íÛCs#íÛCs#ê¶bCs3rÛCs3rÛCs3rCs3bÛCs3bÛCs3bCs#íÛCs#íÛCs#ê¶bCsCÛCsCÛCsCCs3íÛCs3íÛCs3íCs3ÇÛCs3ÇÛCs3Ä¶bCs3íÛCs3íÛCs3íCsCÛCsCÛCsCCs3ÇÛCs3ÇÛCs3Ä¶bCsCÛCsCÛCsCCsC"ÛCsC"ÛCsC"Cs3ÇÛCs3ÇÛCs3Ä¶bCsC"ÛCsC"ÛCsC"CsC2ÛCsC2ÛCsC2Cs3ÇÛCs3ÇÛCs3Ä¶bCsCbÛCsCbÛCsCbCsCRÛCsCRÛCsCRCsCBÛCsCBÛCsC@¶bCsCRÛCsCRÛCsCRCsCrÛCsCrÛCsCrCsCBÛCsCBÛCsC@¶bCsCRÛCsCRÛCsCRCsCÇÛCsCÇÛCsCÇCsCrÛCsCrÛCsCp¶bCsCÇÛCsCÇÛCsCÇCsCíÛCsCíÛCsCíCsCrÛCsCrÛCsCp¶bCsCÇÛCsCÇÛCsCÇCsSÛCsSÛCsSCsCíÛCsCíÛCsCê¶bCsSÛCsSÛCsSCsSÛCsSÛCsSCsCíÛCsCíÛCsCê¶bCsSÛCsSÛCsSCsS"ÛCsS"ÛCsS"CsSÛCsSÛCsS¶bCsS"ÛCsS"ÛCsS"CsS2ÛCsS2ÛCsS2CsSÛCsSÛCsS¶bCsS"ÛCsS"ÛCsS"CsSBÛCsSBÛCsSBCsS2ÛCsS2ÛCsS0¶bCsSBÛCsSBÛCsSBCsSRÛCsSRÛCsSRCsS2ÛCsS2ÛCsS0¶bCsSÇÛCsSÇÛCsSÇCsSrÛCsSrÛCsSrCsSbÛCsSbÛCsS`¶bCsSíÛCsSíÛCsSíCsSÇÛCsSÇÛCsSÇCsSbÛCsSbÛCsS`¶bCsc"ÛCsc"ÛCsc"CscÛCscÛCscCscÛCscÛCsc ¶bCsc2ÛCsc2ÛCsc2CscÛCscÛCscCsc"ÛCsc"ÛCsc ¶bCscbÛCscbÛCscbCscRÛCscRÛCscRCscBÛCscBÛCsc@¶bCscBÛCscBÛCscBCscRÛCscRÛCscRCscrÛCscrÛCscp¶bCscrÛCscrÛCscrCscRÛCscRÛCscRCscÇÛCscÇÛCscÄ¶bCscÇÛCscÇÛCscÇCscRÛCscRÛCscRCscíÛCscíÛCscê¶bCscíÛCscíÛCscíCscRÛCscRÛCscRCssÛCssÛCss ¶bCssÛCssÛCssCssÛCssÛCssCscíÛCscíÛCscê¶bCscíÛCscíÛCscíCssÛCssÛCssCscÇÛCscÇÛCscÄ¶bCscÇÛCscÇÛCscÇCssÛCssÛCssCss"ÛCss"ÛCss ¶bCss"ÛCss"ÛCss"CssÛCssÛCssCss2ÛCss2ÛCss0¶bCss2ÛCss2ÛCss2CssBÛCssBÛCssBCss"ÛCss"ÛCss ¶bCss2ÛCss2ÛCss2CssÛCssÛCssCssRÛCssRÛCssP¶bCssRÛCssRÛCssRCssBÛCssBÛCssBCss2ÛCss2ÛCss0¶bCssÇÛCssÇÛCssÇCssrÛCssrÛCssrCssbÛCssbÛCss`¶bCssrÛCssrÛCssrCssíÛCssíÛCssíCssbÛCssbÛCss`¶bCssbÛCssbÛCssbCssíÛCssíÛCssíCsÉÛCsÉÛCsÉ ¶bCssíÛCssíÛCssíCsÉÛCsÉÛCsÉCsÉÛCsÉÛCsÉ ¶bCsÉBÛCsÉBÛCsÉBCsÉ2ÛCsÉ2ÛCsÉ2CsÉ"ÛCsÉ"ÛCsÉ ¶bCsÉRÛCsÉRÛCsÉRCsÉBÛCsÉBÛCsÉBCsÉ"ÛCsÉ"ÛCsÉ ¶bCsÉbÛCsÉbÛCsÉbCsÉBÛCsÉBÛCsÉBCsÉRÛCsÉRÛCsÉP¶bCsÉrÛCsÉrÛCsÉrCsÉbÛCsÉbÛCsÉbCsÉRÛCsÉRÛCsÉP¶bCsìÛCsìÛCsìCsÉíÛCsÉíÛCsÉíCsÉÇÛCsÉÇÛCsÉÄ¶bCsìÛCsìÛCsìCsìÛCsìÛCsìCsÉÇÛCsÉÇÛCsÉÄ¶bCsìBÛCsìBÛCsìBCsì2ÛCsì2ÛCsì2Csì"ÛCsì"ÛCsì ¶bCsìRÛCsìRÛCsìRCsìBÛCsìBÛCsìBCsì"ÛCsì"ÛCsì ¶bCsìÇÛCsìÇÛCsìÇCsìrÛCsìrÛCsìrCsìbÛCsìbÛCsì`¶bCsìíÛCsìíÛCsìíCsìrÛCsìrÛCsìrCsìÇÛCsìÇÛCsìÄ¶bCÉÛCÉÛCÉCsìrÛCsìrÛCsìrCsìíÛCsìíÛCsìê¶bCÉÛCÉÛCÉCsìrÛCsìrÛCsìrCÉÛCÉÛCÉ ¶bCÉÛCÉÛCÉCÉ"ÛCÉ"ÛCÉ"CÉÛCÉÛCÉ¶bCsìíÛCsìíÛCsìíCÉ"ÛCÉ"ÛCÉ"CÉÛCÉÛCÉ ¶bCÉ2ÛCÉ2ÛCÉ2CÉ"ÛCÉ"ÛCÉ"CsìíÛCsìíÛCsìê¶bCÉbÛCÉbÛCÉbCÉRÛCÉRÛCÉRCÉBÛCÉBÛCÉ@¶bCÉBÛCÉBÛCÉBCÉRÛCÉRÛCÉRCÉrÛCÉrÛCÉp¶bCÉrÛCÉrÛCÉrCÉRÛCÉRÛCÉRCÉÇÛCÉÇÛCÉÄ¶bCÉrÛCÉrÛCÉrCÉíÛCÉíÛCÉíCÉBÛCÉBÛCÉ@¶bCÉÇÛCÉÇÛCÉÇCÉíÛCÉíÛCÉíCÉrÛCÉrÛCÉp¶bCÉÛCÉÛCÉCÉíÛCÉíÛCÉíCÉÇÛCÉÇÛCÉÄ¶bCÉBÛCÉBÛCÉBCÉíÛCÉíÛCÉíCÉÛCÉÛCÉ¶bCÉ"ÛCÉ"ÛCÉ"CÉíÛCÉíÛCÉíCÉÛCÉÛCÉ ¶bCÉÛCÉÛCÉCÉíÛCÉíÛCÉíCÉ"ÛCÉ"ÛCÉ ¶bCÉÛCÉÛCÉCÉ2ÛCÉ2ÛCÉ2CÉ"ÛCÉ"ÛCÉ ¶bCÉ"ÛCÉ"ÛCÉ"CÉ2ÛCÉ2ÛCÉ2CÉÛCÉÛCÉ¶bCÉÛCÉÛCÉCÉ2ÛCÉ2ÛCÉ2CÉBÛCÉBÛCÉ@¶bCÉBÛCÉBÛCÉBCÉ2ÛCÉ2ÛCÉ2CÉRÛCÉRÛCÉP¶bCÉRÛCÉRÛCÉRCÉ2ÛCÉ2ÛCÉ2CÉbÛCÉbÛCÉ`¶bCÉíÛCÉíÛCÉíCÉÇÛCÉÇÛCÉÇCÉrÛCÉrÛCÉp¶bCÉrÛCÉrÛCÉrCÉÇÛCÉÇÛCÉÇCÉ#ÛCÉ#ÛCÉ# ¶bCÉ#ÛCÉ#ÛCÉ#CÉ#ÛCÉ#ÛCÉ#CÉrÛCÉrÛCÉp¶bCÉrÛCÉrÛCÉrCÉ#ÛCÉ#ÛCÉ#CÉ#"ÛCÉ#"ÛCÉ# ¶bCÉ#RÛCÉ#RÛCÉ#RCÉ#BÛCÉ#BÛCÉ#BCÉ#2ÛCÉ#2ÛCÉ#0¶bCÉ#2ÛCÉ#2ÛCÉ#2CÉ#BÛCÉ#BÛCÉ#BCÉ#bÛCÉ#bÛCÉ#`¶bCÉ#bÛCÉ#bÛCÉ#bCÉ#BÛCÉ#BÛCÉ#BCÉ#rÛCÉ#rÛCÉ#p¶bCÉ#rÛCÉ#rÛCÉ#rCÉ#ÇÛCÉ#ÇÛCÉ#ÇCÉ#bÛCÉ#bÛCÉ#`¶bCÉ#bÛCÉ#bÛCÉ#bCÉ#ÇÛCÉ#ÇÛCÉ#ÇCÉ#2ÛCÉ#2ÛCÉ#0¶bCÉ#2ÛCÉ#2ÛCÉ#2CÉ#ÇÛCÉ#ÇÛCÉ#ÇCÉ#íÛCÉ#íÛCÉ#ê¶bCÉ#íÛCÉ#íÛCÉ#íCÉ#ÇÛCÉ#ÇÛCÉ#ÇCÉ3ÛCÉ3ÛCÉ3 ¶bCÉ3ÛCÉ3ÛCÉ3CÉ#ÇÛCÉ#ÇÛCÉ#ÇCÉ3ÛCÉ3ÛCÉ3¶bCÉ3BÛCÉ3BÛCÉ3BCÉ32ÛCÉ32ÛCÉ32CÉ3"ÛCÉ3"ÛCÉ3 ¶bCÉ3"ÛCÉ3"ÛCÉ3"CÉ32ÛCÉ32ÛCÉ32CÉ3RÛCÉ3RÛCÉ3P¶bCÉ3RÛCÉ3RÛCÉ3RCÉ32ÛCÉ32ÛCÉ32CÉ3bÛCÉ3bÛCÉ3`¶bCÉ3RÛCÉ3RÛCÉ3RCÉ3rÛCÉ3rÛCÉ3rCÉ3"ÛCÉ3"ÛCÉ3 ¶bCÉ3bÛCÉ3bÛCÉ3bCÉ3rÛCÉ3rÛCÉ3rCÉ3RÛCÉ3RÛCÉ3P¶bCÉ3"ÛCÉ3"ÛCÉ3"CÉ3rÛCÉ3rÛCÉ3rCÉ3ÇÛCÉ3ÇÛCÉ3Ä¶bCÉ3íÛCÉ3íÛCÉ3íCÉ3rÛCÉ3rÛCÉ3rCÉ3bÛCÉ3bÛCÉ3`¶bCÉ3ÇÛCÉ3ÇÛCÉ3ÇCÉ3rÛCÉ3rÛCÉ3rCÉCÛCÉCÛCÉC ¶bCÉCÛCÉCÛCÉCCÉ3rÛCÉ3rÛCÉ3rCÉ3íÛCÉ3íÛCÉ3ê¶bCÉC2ÛCÉC2ÛCÉC2CÉC"ÛCÉC"ÛCÉC"CÉCÛCÉCÛCÉC¶bCÉCÛCÉCÛCÉCCÉC"ÛCÉC"ÛCÉC"CÉCBÛCÉCBÛCÉC@¶bCÉCBÛCÉCBÛCÉCBCÉC"ÛCÉC"ÛCÉC"CÉCRÛCÉCRÛCÉCP¶bCÉCRÛCÉCRÛCÉCRCÉCbÛCÉCbÛCÉCbCÉCBÛCÉCBÛCÉC@¶bCÉCRÛCÉCRÛCÉCRCÉC"ÛCÉC"ÛCÉC"CÉCrÛCÉCrÛCÉCp¶bCÉCrÛCÉCrÛCÉCrCÉCbÛCÉCbÛCÉCbCÉCRÛCÉCRÛCÉCP¶bCÉSÛCÉSÛCÉSCÉCíÛCÉCíÛCÉCíCÉCÇÛCÉCÇÛCÉCÄ¶bCÉSÛCÉSÛCÉSCÉSÛCÉSÛCÉSCÉCÇÛCÉCÇÛCÉCÄ¶bCÉS"ÛCÉS"ÛCÉS"CÉSÛCÉSÛCÉSCÉSÛCÉSÛCÉS¶bCÉS2ÛCÉS2ÛCÉS2CÉS"ÛCÉS"ÛCÉS"CÉSÛCÉSÛCÉS¶bCÉSBÛCÉSBÛCÉSBCÉS2ÛCÉS2ÛCÉS2CÉSÛCÉSÛCÉS¶bCÉSRÛCÉSRÛCÉSRCÉSBÛCÉSBÛCÉSBCÉSÛCÉSÛCÉS¶bCÉSÛCÉSÛCÉSCÉCÇÛCÉCÇÛCÉCÇCÉSRÛCÉSRÛCÉSP¶bCÉCÇÛCÉCÇÛCÉCÇCÉSbÛCÉSbÛCÉSbCÉSRÛCÉSRÛCÉSP¶bCÉCÇÛCÉCÇÛCÉCÇCÉSrÛCÉSrÛCÉSrCÉSbÛCÉSbÛCÉS`¶bCÉSrÛCÉSrÛCÉSrCÉSÇÛCÉSÇÛCÉSÇCÉSbÛCÉSbÛCÉS`¶bCÉcÛCÉcÛCÉcCÉcÛCÉcÛCÉcCÉSíÛCÉSíÛCÉSê¶bCÉc"ÛCÉc"ÛCÉc"CÉcÛCÉcÛCÉcCÉSíÛCÉSíÛCÉSê¶bCÉcRÛCÉcRÛCÉcRCÉcBÛCÉcBÛCÉcBCÉc2ÛCÉc2ÛCÉc0¶bCÉcBÛCÉcBÛCÉcBCÉcbÛCÉcbÛCÉcbCÉc2ÛCÉc2ÛCÉc0¶bCÉcbÛCÉcbÛCÉcbCÉcrÛCÉcrÛCÉcrCÉc2ÛCÉc2ÛCÉc0¶bCÉcrÛCÉcrÛCÉcrCÉcÇÛCÉcÇÛCÉcÇCÉc2ÛCÉc2ÛCÉc0¶bCÉcrÛCÉcrÛCÉcrCÉcíÛCÉcíÛCÉcíCÉcÇÛCÉcÇÛCÉcÄ¶bCÉcíÛCÉcíÛCÉcíCÉsÛCÉsÛCÉsCÉcÇÛCÉcÇÛCÉcÄ¶bCÉs2ÛCÉs2ÛCÉs2CÉs"ÛCÉs"ÛCÉs"CÉsÛCÉsÛCÉs¶bCÉs"ÛCÉs"ÛCÉs"CÉsBÛCÉsBÛCÉsBCÉsÛCÉsÛCÉs¶bCÉs"ÛCÉs"ÛCÉs"CÉsRÛCÉsRÛCÉsRCÉsBÛCÉsBÛCÉs@¶bCÉsRÛCÉsRÛCÉsRCÉsbÛCÉsbÛCÉsbCÉsBÛCÉsBÛCÉs@¶bCÉsbÛCÉsbÛCÉsbCÉsrÛCÉsrÛCÉsrCÉsBÛCÉsBÛCÉs@¶bCÉsrÛCÉsrÛCÉsrCÉsÇÛCÉsÇÛCÉsÇCÉsBÛCÉsBÛCÉs@¶bCÉsBÛCÉsBÛCÉsBCÉsÇÛCÉsÇÛCÉsÇCÉsÛCÉsÛCÉs¶bCÉsÇÛCÉsÇÛCÉsÇCÉsíÛCÉsíÛCÉsíCÉsÛCÉsÛCÉs¶bCÉÉ"ÛCÉÉ"ÛCÉÉ"CÉÉÛCÉÉÛCÉÉCÉÉÛCÉÉÛCÉÉ ¶bCÉÉ2ÛCÉÉ2ÛCÉÉ2CÉÉ"ÛCÉÉ"ÛCÉÉ"CÉÉÛCÉÉÛCÉÉ ¶bCÉÉBÛCÉÉBÛCÉÉBCÉÉ"ÛCÉÉ"ÛCÉÉ"CÉÉ2ÛCÉÉ2ÛCÉÉ0¶bCÉÉRÛCÉÉRÛCÉÉRCÉÉBÛCÉÉBÛCÉÉBCÉÉ2ÛCÉÉ2ÛCÉÉ0¶bCÉÉbÛCÉÉbÛCÉÉbCÉÉBÛCÉÉBÛCÉÉBCÉÉRÛCÉÉRÛCÉÉP¶bCÉÉrÛCÉÉrÛCÉÉrCÉÉbÛCÉÉbÛCÉÉbCÉÉRÛCÉÉRÛCÉÉP¶bCÉÉÇÛCÉÉÇÛCÉÉÇCÉÉbÛCÉÉbÛCÉÉbCÉÉrÛCÉÉrÛCÉÉp¶bCÉÉíÛCÉÉíÛCÉÉíCÉÉÇÛCÉÉÇÛCÉÉÇCÉÉrÛCÉÉrÛCÉÉp¶bCÉìÛCÉìÛCÉìCÉÉíÛCÉÉíÛCÉÉíCÉÉrÛCÉÉrÛCÉÉp¶bCÉìÛCÉìÛCÉìCÉìÛCÉìÛCÉìCÉÉrÛCÉÉrÛCÉÉp¶bCÉÉrÛCÉÉrÛCÉÉrCÉÉRÛCÉÉRÛCÉÉRCÉìÛCÉìÛCÉì¶bCÉÉRÛCÉÉRÛCÉÉRCÉì"ÛCÉì"ÛCÉì"CÉìÛCÉìÛCÉì¶bCÉìRÛCÉìRÛCÉìRCÉìBÛCÉìBÛCÉìBCÉì2ÛCÉì2ÛCÉì0¶bCÉìbÛCÉìbÛCÉìbCÉìRÛCÉìRÛCÉìRCÉì2ÛCÉì2ÛCÉì0¶bCÉìíÛCÉìíÛCÉìíCÉìÇÛCÉìÇÛCÉìÇCÉìrÛCÉìrÛCÉìp¶bCìÛCìÛCìCÉìíÛCÉìíÛCÉìíCÉìrÛCÉìrÛCÉìp¶bCìÛCìÛCìCÉìíÛCÉìíÛCÉìíCìÛCìÛCì ¶bCì"ÛCì"ÛCì"CìÛCìÛCìCìÛCìÛCì ¶bCì2ÛCì2ÛCì2Cì"ÛCì"ÛCì"CìÛCìÛCì ¶bCìBÛCìBÛCìBCì2ÛCì2ÛCì2CìÛCìÛCì ¶bCìBÛCìBÛCìBCìÛCìÛCìCÉìrÛCÉìrÛCÉìp¶bCìRÛCìRÛCìRCìBÛCìBÛCìBCÉìrÛCÉìrÛCÉìp¶bCìÇÛCìÇÛCìÇCìrÛCìrÛCìrCìbÛCìbÛCì`¶bCìíÛCìíÛCìíCìÇÛCìÇÛCìÇCìbÛCìbÛCì`¶bCìÛCìÛCìCìÇÛCìÇÛCìÇCìíÛCìíÛCìê¶bCìÛCìÛCìCìÛCìÛCìCìíÛCìíÛCìê¶bCì"ÛCì"ÛCì"CìÛCìÛCìCìÛCìÛCì¶bCì2ÛCì2ÛCì2Cì"ÛCì"ÛCì"CìÛCìÛCì¶bCìBÛCìBÛCìBCìÛCìÛCìCìíÛCìíÛCìê¶bCìRÛCìRÛCìRCìBÛCìBÛCìBCìíÛCìíÛCìê¶bCìÇÛCìÇÛCìÇCìrÛCìrÛCìrCìbÛCìbÛCì`¶bCìíÛCìíÛCìíCìÇÛCìÇÛCìÇCìbÛCìbÛCì`¶bCì#ÛCì#ÛCì#CìíÛCìíÛCìíCìbÛCìbÛCì`¶bCì#ÛCì#ÛCì#Cì#ÛCì#ÛCì#CìbÛCìbÛCì`¶bCì#BÛCì#BÛCì#BCì#2ÛCì#2ÛCì#2Cì#"ÛCì#"ÛCì# ¶bCì#2ÛCì#2ÛCì#2Cì#RÛCì#RÛCì#RCì#"ÛCì#"ÛCì# ¶bCì#RÛCì#RÛCì#RCì#bÛCì#bÛCì#bCì#"ÛCì#"ÛCì# ¶bCì#bÛCì#bÛCì#bCì#rÛCì#rÛCì#rCì#"ÛCì#"ÛCì# ¶bCì3ÛCì3ÛCì3Cì#íÛCì#íÛCì#íCì#ÇÛCì#ÇÛCì#Ä¶bCì3ÛCì3ÛCì3Cì3ÛCì3ÛCì3Cì#ÇÛCì#ÇÛCì#Ä¶bCì3BÛCì3BÛCì3BCì32ÛCì32ÛCì32Cì3"ÛCì3"ÛCì3 ¶bCì3RÛCì3RÛCì3RCì3BÛCì3BÛCì3BCì3"ÛCì3"ÛCì3 ¶bCì3RÛCì3RÛCì3RCì3"ÛCì3"ÛCì3"Cì3bÛCì3bÛCì3`¶bCì3"ÛCì3"ÛCì3"Cì3rÛCì3rÛCì3rCì3bÛCì3bÛCì3`¶bCì3bÛCì3bÛCì3bCì3ÇÛCì3ÇÛCì3ÇCì3RÛCì3RÛCì3P¶bCì3ÇÛCì3ÇÛCì3ÇCì3íÛCì3íÛCì3íCì3RÛCì3RÛCì3P¶bCìC"ÛCìC"ÛCìC"CìCÛCìCÛCìCCìCÛCìCÛCìC ¶bCìCÛCìCÛCìCCìC2ÛCìC2ÛCìC2CìCÛCìCÛCìC ¶bCìCÛCìCÛCìCCìC2ÛCìC2ÛCìC2CìCBÛCìCBÛCìC@¶bCìCRÛCìCRÛCìCRCìCÛCìCÛCìCCìCBÛCìCBÛCìC@¶bCìCbÛCìCbÛCìCbCìCRÛCìCRÛCìCRCìCBÛCìCBÛCìC@¶bCìCrÛCìCrÛCìCrCìCbÛCìCbÛCìCbCìCBÛCìCBÛCìC@¶bCìSÛCìSÛCìSCìCíÛCìCíÛCìCíCìCÇÛCìCÇÛCìCÄ¶bCìSÛCìSÛCìSCìSÛCìSÛCìSCìCÇÛCìCÇÛCìCÄ¶bCìS"ÛCìS"ÛCìS"CìSÛCìSÛCìSCìCÇÛCìCÇÛCìCÄ¶bCìS2ÛCìS2ÛCìS2CìS"ÛCìS"ÛCìS"CìCÇÛCìCÇÛCìCÄ¶bCìSRÛCìSRÛCìSRCìSBÛCìSBÛCìSBCìS2ÛCìS2ÛCìS0¶bCìSbÛCìSbÛCìSbCìSRÛCìSRÛCìSRCìS2ÛCìS2ÛCìS0¶bCìSíÛCìSíÛCìSíCìSÇÛCìSÇÛCìSÇCìSrÛCìSrÛCìSp¶bCìcÛCìcÛCìcCìSíÛCìSíÛCìSíCìSrÛCìSrÛCìSp¶bCìc2ÛCìc2ÛCìc2Cìc"ÛCìc"ÛCìc"CìcÛCìcÛCìc¶bCìcBÛCìcBÛCìcBCìc2ÛCìc2ÛCìc2CìcÛCìcÛCìc¶bCìcrÛCìcrÛCìcrCìcbÛCìcbÛCìcbCìcRÛCìcRÛCìcP¶bCìcÇÛCìcÇÛCìcÇCìcrÛCìcrÛCìcrCìcRÛCìcRÛCìcP¶bCìcRÛCìcRÛCìcRCìcíÛCìcíÛCìcíCìcÇÛCìcÇÛCìcÄ¶bCìcíÛCìcíÛCìcíCìsÛCìsÛCìsCìcÇÛCìcÇÛCìcÄ¶bCìs2ÛCìs2ÛCìs2Cìs"ÛCìs"ÛCìs"CìsÛCìsÛCìs¶bCìsBÛCìsBÛCìsBCìs2ÛCìs2ÛCìs2CìsÛCìsÛCìs¶bCìsrÛCìsrÛCìsrCìsbÛCìsbÛCìsbCìsRÛCìsRÛCìsP¶bCìsÇÛCìsÇÛCìsÇCìsrÛCìsrÛCìsrCìsRÛCìsRÛCìsP¶bCìsRÛCìsRÛCìsRCìsíÛCìsíÛCìsíCìsÇÛCìsÇÛCìsÄ¶bCìsíÛCìsíÛCìsíCìÉÛCìÉÛCìÉCìsÇÛCìsÇÛCìsÄ¶bCìÉ2ÛCìÉ2ÛCìÉ2CìÉ"ÛCìÉ"ÛCìÉ"CìÉÛCìÉÛCìÉ¶bCìÉBÛCìÉBÛCìÉBCìÉ2ÛCìÉ2ÛCìÉ2CìÉÛCìÉÛCìÉ¶bCìÉrÛCìÉrÛCìÉrCìÉbÛCìÉbÛCìÉbCìÉRÛCìÉRÛCìÉP¶bCìÉÇÛCìÉÇÛCìÉÇCìÉrÛCìÉrÛCìÉrCìÉRÛCìÉRÛCìÉP¶bCìÉRÛCìÉRÛCìÉRCìÉíÛCìÉíÛCìÉíCìÉÇÛCìÉÇÛCìÉÄ¶bCìÉíÛCìÉíÛCìÉíCììÛCììÛCììCìÉÇÛCìÉÇÛCìÉÄ¶bCìÉíÛCìÉíÛCìÉíCììÛCììÛCììCììÛCììÛCìì ¶bCììÛCììÛCììCìì"ÛCìì"ÛCìì"CììÛCììÛCìì ¶bCììRÛCììRÛCììRCììBÛCììBÛCììBCìì2ÛCìì2ÛCìì0¶bCììbÛCììbÛCììbCììRÛCììRÛCììRCìì2ÛCìì2ÛCìì0¶bCììíÛCììíÛCììíCììÇÛCììÇÛCììÇCììrÛCììrÛCììp¶bSÛSÛSCììíÛCììíÛCììíCììrÛCììrÛCììp¶bS2ÛS2ÛS2S"ÛS"ÛS"SÛSÛS¶bSBÛSBÛSBS2ÛS2ÛS2SÛSÛS¶bSrÛSrÛSrSbÛSbÛSbSRÛSRÛSP¶bSÇÛSÇÛSÇSrÛSrÛSrSRÛSRÛSP¶bSÛSÛSSÛSÛSSíÛSíÛSê¶bS"ÛS"ÛS"SÛSÛSSíÛSíÛSê¶bSRÛSRÛSRSBÛSBÛSBS2ÛS2ÛS0¶bSbÛSbÛSbSRÛSRÛSRS2ÛS2ÛS0¶bSbÛSbÛSbS2ÛS2ÛS2SrÛSrÛSp¶bSÇÛSÇÛSÇSbÛSbÛSbSrÛSrÛSp¶bSÇÛSÇÛSÇSrÛSrÛSrSíÛSíÛSê¶bS#ÛS#ÛS#SÇÛSÇÛSÇSíÛSíÛSê¶bS#2ÛS#2ÛS#2S#"ÛS#"ÛS#"S#ÛS#ÛS#¶bS#BÛS#BÛS#BS#2ÛS#2ÛS#2S#ÛS#ÛS#¶bS#rÛS#rÛS#rS#bÛS#bÛS#bS#RÛS#RÛS#P¶bS#bÛS#bÛS#bS#ÇÛS#ÇÛS#ÇS#RÛS#RÛS#P¶bS#RÛS#RÛS#RS#ÇÛS#ÇÛS#ÇS#íÛS#íÛS#ê¶bS#ÇÛS#ÇÛS#ÇS3ÛS3ÛS3S#íÛS#íÛS#ê¶bS#íÛS#íÛS#íS3ÛS3ÛS3S3ÛS3ÛS3¶bS3ÛS3ÛS3S3"ÛS3"ÛS3"S3ÛS3ÛS3¶bS3ÛS3ÛS3S3"ÛS3"ÛS3"S32ÛS32ÛS30¶bS3"ÛS3"ÛS3"S3BÛS3BÛS3BS32ÛS32ÛS30¶bS3rÛS3rÛS3rS3bÛS3bÛS3bS3RÛS3RÛS3P¶bS3ÇÛS3ÇÛS3ÇS3rÛS3rÛS3rS3RÛS3RÛS3P¶bSCÛSCÛSCSCÛSCÛSCS3íÛS3íÛS3ê¶bSC"ÛSC"ÛSC"SCÛSCÛSCS3íÛS3íÛS3ê¶bSCRÛSCRÛSCRSCBÛSCBÛSCBSC2ÛSC2ÛSC0¶bSCbÛSCbÛSCbSCRÛSCRÛSCRSC2ÛSC2ÛSC0¶bSCíÛSCíÛSCíSCÇÛSCÇÛSCÇSCrÛSCrÛSCp¶bSSÛSSÛSSSCíÛSCíÛSCíSCrÛSCrÛSCp¶bSS2ÛSS2ÛSS2SS"ÛSS"ÛSS"SSÛSSÛSS¶bSSBÛSSBÛSSBSS2ÛSS2ÛSS2SSÛSSÛSS¶bSSrÛSSrÛSSrSSbÛSSbÛSSbSSRÛSSRÛSSP¶bSSbÛSSbÛSSbSSÇÛSSÇÛSSÇSSRÛSSRÛSSP¶bSSbÛSSbÛSSbSSíÛSSíÛSSíSSÇÛSSÇÛSSÄ¶bScÛScÛScSSíÛSSíÛSSíSSbÛSSbÛSS`¶bScÛScÛScScÛScÛScSSbÛSSbÛSS`¶bSc"ÛSc"ÛSc"ScÛScÛScSSbÛSSbÛSS`¶bScBÛScBÛScBSc"ÛSc"ÛSc"Sc2ÛSc2ÛSc0¶bSc"ÛSc"ÛSc"ScRÛScRÛScRSc2ÛSc2ÛSc0¶bScÇÛScÇÛScÇScrÛScrÛScrScbÛScbÛSc`¶bScíÛScíÛScíScÇÛScÇÛScÇScbÛScbÛSc`¶bSsÛSsÛSsScbÛScbÛScbSsÛSsÛSs ¶bScbÛScbÛScbSsÛSsÛSsSs"ÛSs"ÛSs ¶bSsÛSsÛSsSs2ÛSs2ÛSs2Ss"ÛSs"ÛSs ¶bSs2ÛSs2ÛSs2SsBÛSsBÛSsBSs"ÛSs"ÛSs ¶bSsBÛSsBÛSsBSsRÛSsRÛSsRSs"ÛSs"ÛSs ¶bSsRÛSsRÛSsRSsbÛSsbÛSsbSs"ÛSs"ÛSs ¶bSsíÛSsíÛSsíSsÇÛSsÇÛSsÇSsrÛSsrÛSsp¶bSÉÛSÉÛSÉSsíÛSsíÛSsíSsrÛSsrÛSsp¶bSÉÛSÉÛSÉSsrÛSsrÛSsrSÉÛSÉÛSÉ¶bSÉ"ÛSÉ"ÛSÉ"SsíÛSsíÛSsíSÉÛSÉÛSÉ ¶bSÉ2ÛSÉ2ÛSÉ2SÉÛSÉÛSÉSÉÛSÉÛSÉ¶bSÉBÛSÉBÛSÉBSÉ"ÛSÉ"ÛSÉ"SÉÛSÉÛSÉ ¶bSÉRÛSÉRÛSÉRSÉÛSÉÛSÉSÉ2ÛSÉ2ÛSÉ0¶bSÉbÛSÉbÛSÉbSÉBÛSÉBÛSÉBSÉÛSÉÛSÉ ¶bSÉRÛSÉRÛSÉRSÉbÛSÉbÛSÉbSÉÛSÉÛSÉ ¶bSÉíÛSÉíÛSÉíSÉÇÛSÉÇÛSÉÇSÉrÛSÉrÛSÉp¶bSÉÇÛSÉÇÛSÉÇSìÛSìÛSìSÉrÛSÉrÛSÉp¶bSìÛSìÛSìSìÛSìÛSìSÉrÛSÉrÛSÉp¶bSìÛSìÛSìSì"ÛSì"ÛSì"SÉrÛSÉrÛSÉp¶bSìRÛSìRÛSìRSìBÛSìBÛSìBSì2ÛSì2ÛSì0¶bSìbÛSìbÛSìbSìRÛSìRÛSìRSì2ÛSì2ÛSì0¶bSìbÛSìbÛSìbSì2ÛSì2ÛSì2SìrÛSìrÛSìp¶bSìÇÛSìÇÛSìÇSìbÛSìbÛSìbSìrÛSìrÛSìp¶bSÛSÛSSÛSÛSSìíÛSìíÛSìê¶bSÛSÛSS"ÛS"ÛS"SìíÛSìíÛSìê¶bS"ÛS"ÛS"S2ÛS2ÛS2SìíÛSìíÛSìê¶bS2ÛS2ÛS2SBÛSBÛSBSìíÛSìíÛSìê¶bS"ÛS"ÛS"SÛSÛSSRÛSRÛSP¶bS2ÛS2ÛS2S"ÛS"ÛS"SRÛSRÛSP¶bSÛSÛSSbÛSbÛSbSRÛSRÛSP¶bSrÛSrÛSrS2ÛS2ÛS2SRÛSRÛSP¶bSÛSÛSSíÛSíÛSíSÇÛSÇÛSÄ¶bSÛSÛSSÛSÛSSÇÛSÇÛSÄ¶bSBÛSBÛSBS2ÛS2ÛS2S"ÛS"ÛS ¶bSRÛSRÛSRSBÛSBÛSBS"ÛS"ÛS ¶bSÇÛSÇÛSÇSrÛSrÛSrSbÛSbÛS`¶bSíÛSíÛSíSÇÛSÇÛSÇSbÛSbÛS`¶bS#"ÛS#"ÛS#"S#ÛS#ÛS#S#ÛS#ÛS# ¶bS#ÛS#ÛS#S#2ÛS#2ÛS#2S#ÛS#ÛS# ¶bS#2ÛS#2ÛS#2S#BÛS#BÛS#BS#ÛS#ÛS# ¶bS#BÛS#BÛS#BS#RÛS#RÛS#RS#ÛS#ÛS# ¶bS#ÇÛS#ÇÛS#ÇS#rÛS#rÛS#rS#bÛS#bÛS#`¶bS#íÛS#íÛS#íS#ÇÛS#ÇÛS#ÇS#bÛS#bÛS#`¶bS3ÛS3ÛS3S#íÛS#íÛS#íS#bÛS#bÛS#`¶bS3ÛS3ÛS3S3ÛS3ÛS3S#bÛS#bÛS#`¶bS3ÛS3ÛS3S#bÛS#bÛS#bS3"ÛS3"ÛS3 ¶bS32ÛS32ÛS32S3ÛS3ÛS3S3"ÛS3"ÛS3 ¶bS3bÛS3bÛS3bS3RÛS3RÛS3RS3BÛS3BÛS3@¶bS3rÛS3rÛS3rS3bÛS3bÛS3bS3BÛS3BÛS3@¶bS3ÇÛS3ÇÛS3ÇS3rÛS3rÛS3rS3BÛS3BÛS3@¶bS3íÛS3íÛS3íS3ÇÛS3ÇÛS3ÇS3BÛS3BÛS3@¶bSC"ÛSC"ÛSC"SCÛSCÛSCSCÛSCÛSC ¶bSCÛSCÛSCSC2ÛSC2ÛSC2SCÛSCÛSC ¶bSCÛSCÛSCSCBÛSCBÛSCBSC2ÛSC2ÛSC0¶bSCBÛSCBÛSCBSCRÛSCRÛSCRSC2ÛSC2ÛSC0¶bSCRÛSCRÛSCRSCbÛSCbÛSCbSC2ÛSC2ÛSC0¶bSCíÛSCíÛSCíSCÇÛSCÇÛSCÇSCrÛSCrÛSCp¶bSSÛSSÛSSSCíÛSCíÛSCíSCrÛSCrÛSCp¶bSSÛSSÛSSSSÛSSÛSSSCrÛSCrÛSCp¶bSS"ÛSS"ÛSS"SSÛSSÛSSSCrÛSCrÛSCp¶bSSÛSSÛSSSS"ÛSS"ÛSS"SS2ÛSS2ÛSS0¶bSSBÛSSBÛSSBSSÛSSÛSSSS2ÛSS2ÛSS0¶bSSrÛSSrÛSSrSSbÛSSbÛSSbSSRÛSSRÛSSP¶bSSÇÛSSÇÛSSÇSSrÛSSrÛSSrSSRÛSSRÛSSP¶bScÛScÛScScÛScÛScSSíÛSSíÛSSê¶bScÛScÛScSc"ÛSc"ÛSc"SSíÛSSíÛSSê¶bSSíÛSSíÛSSíSc"ÛSc"ÛSc"Sc2ÛSc2ÛSc0¶bSc"ÛSc"ÛSc"ScBÛScBÛScBSc2ÛSc2ÛSc0¶bScRÛScRÛScRSSíÛSSíÛSSíSc2ÛSc2ÛSc0¶bScbÛScbÛScbScRÛScRÛScRSc2ÛSc2ÛSc0¶bScíÛScíÛScíScÇÛScÇÛScÇScrÛScrÛScp¶bSsÛSsÛSsScíÛScíÛScíScrÛScrÛScp¶bSs2ÛSs2ÛSs2Ss"ÛSs"ÛSs"SsÛSsÛSs¶bSsBÛSsBÛSsBSs2ÛSs2ÛSs2SsÛSsÛSs¶bSsrÛSsrÛSsrSsbÛSsbÛSsbSsRÛSsRÛSsP¶bSsÇÛSsÇÛSsÇSsrÛSsrÛSsrSsRÛSsRÛSsP¶bSÉÛSÉÛSÉSÉÛSÉÛSÉSsíÛSsíÛSsê¶bSÉ"ÛSÉ"ÛSÉ"SÉÛSÉÛSÉSsíÛSsíÛSsê¶bSÉRÛSÉRÛSÉRSÉBÛSÉBÛSÉBSÉ2ÛSÉ2ÛSÉ0¶bSÉBÛSÉBÛSÉBSÉbÛSÉbÛSÉbSÉ2ÛSÉ2ÛSÉ0¶bSÉBÛSÉBÛSÉBSÉrÛSÉrÛSÉrSÉbÛSÉbÛSÉ`¶bSÉrÛSÉrÛSÉrSÉÇÛSÉÇÛSÉÇSÉbÛSÉbÛSÉ`¶bSÉÇÛSÉÇÛSÉÇSÉíÛSÉíÛSÉíSÉbÛSÉbÛSÉ`¶bSÉíÛSÉíÛSÉíSìÛSìÛSìSÉbÛSÉbÛSÉ`¶bSÉbÛSÉbÛSÉbSìÛSìÛSìSÉ2ÛSÉ2ÛSÉ0¶bSìÛSìÛSìSìÛSìÛSìSÉ2ÛSÉ2ÛSÉ0¶bSìBÛSìBÛSìBSì2ÛSì2ÛSì2Sì"ÛSì"ÛSì ¶bSì2ÛSì2ÛSì2SìRÛSìRÛSìRSì"ÛSì"ÛSì ¶bSì2ÛSì2ÛSì2SìbÛSìbÛSìbSìRÛSìRÛSìP¶bSìbÛSìbÛSìbSìrÛSìrÛSìrSìRÛSìRÛSìP¶bSìrÛSìrÛSìrSìÇÛSìÇÛSìÇSìRÛSìRÛSìP¶bSìÇÛSìÇÛSìÇSìíÛSìíÛSìíSìRÛSìRÛSìP¶bSìRÛSìRÛSìRSìíÛSìíÛSìíSì"ÛSì"ÛSì ¶bSìíÛSìíÛSìíS#ÛS#ÛS#Sì"ÛSì"ÛSì ¶bS#2ÛS#2ÛS#2S#"ÛS#"ÛS#"S#ÛS#ÛS#¶bS#"ÛS#"ÛS#"S#BÛS#BÛS#BS#ÛS#ÛS#¶bS#BÛS#BÛS#BS#RÛS#RÛS#RS#ÛS#ÛS#¶bS#RÛS#RÛS#RS#bÛS#bÛS#bS#ÛS#ÛS#¶bS#íÛS#íÛS#íS#ÇÛS#ÇÛS#ÇS#rÛS#rÛS#p¶bS#ÛS#ÛS#S#íÛS#íÛS#íS#rÛS#rÛS#p¶bS#"ÛS#"ÛS#"S#íÛS#íÛS#íS#ÛS#ÛS#¶bS#2ÛS#2ÛS#2S#"ÛS#"ÛS#"S#ÛS#ÛS#¶bS#bÛS#bÛS#bS#RÛS#RÛS#RS#BÛS#BÛS#@¶bS#RÛS#RÛS#RS#rÛS#rÛS#rS#BÛS#BÛS#@¶bS#RÛS#RÛS#RS#ÇÛS#ÇÛS#ÇS#rÛS#rÛS#p¶bS#ÇÛS#ÇÛS#ÇS#íÛS#íÛS#íS#rÛS#rÛS#p¶bS#íÛS#íÛS#íS##ÛS##ÛS##S#rÛS#rÛS#p¶bS##ÛS##ÛS##S##ÛS##ÛS##S#rÛS#rÛS#p¶bS#íÛS#íÛS#íS#ÇÛS#ÇÛS#ÇS##"ÛS##"ÛS## ¶bS#ÇÛS#ÇÛS#ÇS##2ÛS##2ÛS##2S##"ÛS##"ÛS## ¶bS##"ÛS##"ÛS##"S##2ÛS##2ÛS##2S##BÛS##BÛS##@¶bS##2ÛS##2ÛS##2S##RÛS##RÛS##RS##BÛS##BÛS##@¶bS##rÛS##rÛS##rS##bÛS##bÛS##bS##BÛS##BÛS##@¶bS##ÇÛS##ÇÛS##ÇS##rÛS##rÛS##rS##BÛS##BÛS##@¶bS#3ÛS#3ÛS#3S#3ÛS#3ÛS#3S##íÛS##íÛS##ê¶bS#3ÛS#3ÛS#3S#3"ÛS#3"ÛS#3"S##íÛS##íÛS##ê¶bS#3ÛS#3ÛS#3S#32ÛS#32ÛS#32S#3"ÛS#3"ÛS#3 ¶bS#32ÛS#32ÛS#32S#3BÛS#3BÛS#3BS#3"ÛS#3"ÛS#3 ¶bS#32ÛS#32ÛS#32S#3RÛS#3RÛS#3RS#3BÛS#3BÛS#3@¶bS#3RÛS#3RÛS#3RS#3bÛS#3bÛS#3bS#3BÛS#3BÛS#3@¶bS#3RÛS#3RÛS#3RS#3rÛS#3rÛS#3rS#3bÛS#3bÛS#3`¶bS#3rÛS#3rÛS#3rS#3ÇÛS#3ÇÛS#3ÇS#3bÛS#3bÛS#3`¶bS#CÛS#CÛS#CS#CÛS#CÛS#CS#3íÛS#3íÛS#3ê¶bS#CÛS#CÛS#CS#C"ÛS#C"ÛS#C"S#3íÛS#3íÛS#3ê¶bS#CÛS#CÛS#CS#C2ÛS#C2ÛS#C2S#C"ÛS#C"ÛS#C ¶bS#C2ÛS#C2ÛS#C2S#CBÛS#CBÛS#CBS#C"ÛS#C"ÛS#C ¶bS#CrÛS#CrÛS#CrS#CbÛS#CbÛS#CbS#CRÛS#CRÛS#CP¶bS#CbÛS#CbÛS#CbS#CÇÛS#CÇÛS#CÇS#CRÛS#CRÛS#CP¶bS#CRÛS#CRÛS#CRS#CÇÛS#CÇÛS#CÇS#CíÛS#CíÛS#Cê¶bS#CÇÛS#CÇÛS#CÇS#SÛS#SÛS#SS#CíÛS#CíÛS#Cê¶bS#CíÛS#CíÛS#CíS#SÛS#SÛS#SS#SÛS#SÛS#S¶bS#SÛS#SÛS#SS#SÛS#SÛS#SS#S"ÛS#S"ÛS#S ¶bS#S"ÛS#S"ÛS#S"S#SÛS#SÛS#SS#S2ÛS#S2ÛS#S0¶bS#SbÛS#SbÛS#SbS#SRÛS#SRÛS#SRS#SBÛS#SBÛS#S@¶bS#SrÛS#SrÛS#SrS#SbÛS#SbÛS#SbS#SBÛS#SBÛS#S@¶bS#cÛS#cÛS#cS#SíÛS#SíÛS#SíS#SÇÛS#SÇÛS#SÄ¶bS#SÇÛS#SÇÛS#SÇS#cÛS#cÛS#cS#cÛS#cÛS#c ¶bS#cÛS#cÛS#cS#c"ÛS#c"ÛS#c"S#cÛS#cÛS#c ¶bS#cRÛS#cRÛS#cRS#cBÛS#cBÛS#cBS#c2ÛS#c2ÛS#c0¶bS#cBÛS#cBÛS#cBS#cbÛS#cbÛS#cbS#c2ÛS#c2ÛS#c0¶bS#cÇÛS#cÇÛS#cÇS#crÛS#crÛS#crS#c2ÛS#c2ÛS#c0¶bS#cíÛS#cíÛS#cíS#cÇÛS#cÇÛS#cÇS#c2ÛS#c2ÛS#c0¶bS#s"ÛS#s"ÛS#s"S#sÛS#sÛS#sS#sÛS#sÛS#s ¶bS#s2ÛS#s2ÛS#s2S#s"ÛS#s"ÛS#s"S#sÛS#sÛS#s ¶bS#s2ÛS#s2ÛS#s2S#sÛS#sÛS#sS#sBÛS#sBÛS#s@¶bS#sRÛS#sRÛS#sRS#s2ÛS#s2ÛS#s2S#sBÛS#sBÛS#s@¶bS#sÇÛS#sÇÛS#sÇS#srÛS#srÛS#srS#sbÛS#sbÛS#s`¶bS#síÛS#síÛS#síS#sÇÛS#sÇÛS#sÇS#sbÛS#sbÛS#s`¶bS#É"ÛS#É"ÛS#É"S#ÉÛS#ÉÛS#ÉS#ÉÛS#ÉÛS#É ¶bS#É2ÛS#É2ÛS#É2S#É"ÛS#É"ÛS#É"S#ÉÛS#ÉÛS#É ¶bS#ÉBÛS#ÉBÛS#ÉBS#É2ÛS#É2ÛS#É2S#ÉÛS#ÉÛS#É ¶bS#ÉRÛS#ÉRÛS#ÉRS#ÉBÛS#ÉBÛS#ÉBS#ÉÛS#ÉÛS#É ¶bS#ÉbÛS#ÉbÛS#ÉbS#ÉRÛS#ÉRÛS#ÉRS#ÉÛS#ÉÛS#É ¶bS#ÉbÛS#ÉbÛS#ÉbS#ÉÛS#ÉÛS#ÉS#ÉrÛS#ÉrÛS#Ép¶bS#ÉÇÛS#ÉÇÛS#ÉÇS#ÉbÛS#ÉbÛS#ÉbS#ÉrÛS#ÉrÛS#Ép¶bS#ìÛS#ìÛS#ìS#ìÛS#ìÛS#ìS#ÉíÛS#ÉíÛS#Éê¶bS#ÉíÛS#ÉíÛS#ÉíS#ìÛS#ìÛS#ìS#ì"ÛS#ì"ÛS#ì ¶bS#ì"ÛS#ì"ÛS#ì"S#ìÛS#ìÛS#ìS#ì2ÛS#ì2ÛS#ì0¶bS#ì2ÛS#ì2ÛS#ì2S#ìÛS#ìÛS#ìS#ìBÛS#ìBÛS#ì@¶bS#ìBÛS#ìBÛS#ìBS#ìÛS#ìÛS#ìS#ìRÛS#ìRÛS#ìP¶bS#ìRÛS#ìRÛS#ìRS#ìÛS#ìÛS#ìS#ìbÛS#ìbÛS#ì`¶bS#ìbÛS#ìbÛS#ìbS#ìÛS#ìÛS#ìS#ìrÛS#ìrÛS#ìp¶bS#ìÛS#ìÛS#ìS#ìÇÛS#ìÇÛS#ìÇS#ìrÛS#ìrÛS#ìp¶bS#ìÇÛS#ìÇÛS#ìÇS#ìÛS#ìÛS#ìS#ìíÛS#ìíÛS#ìê¶bS#ìíÛS#ìíÛS#ìíS3ÛS3ÛS3S#ìÇÛS#ìÇÛS#ìÄ¶bS#ìÛS#ìÛS#ìS3ÛS3ÛS3S#ìíÛS#ìíÛS#ìê¶bS3"ÛS3"ÛS3"S3ÛS3ÛS3S#ìÛS#ìÛS#ì ¶bS3RÛS3RÛS3RS3BÛS3BÛS3BS32ÛS32ÛS30¶bS32ÛS32ÛS32S3BÛS3BÛS3BS3bÛS3bÛS3`¶bS3íÛS3íÛS3íS3ÇÛS3ÇÛS3ÇS3rÛS3rÛS3p¶bS3ÛS3ÛS3S3íÛS3íÛS3íS3rÛS3rÛS3p¶bS32ÛS32ÛS32S3"ÛS3"ÛS3"S3ÛS3ÛS3¶bS3BÛS3BÛS3BS32ÛS32ÛS32S3ÛS3ÛS3¶bS3RÛS3RÛS3RS3BÛS3BÛS3BS3ÛS3ÛS3¶bS3ÇÛS3ÇÛS3ÇS3rÛS3rÛS3rS3bÛS3bÛS3`¶bS3íÛS3íÛS3íS3ÇÛS3ÇÛS3ÇS3bÛS3bÛS3`¶bS3íÛS3íÛS3íS3bÛS3bÛS3bS3#ÛS3#ÛS3# ¶bS3#ÛS3#ÛS3#S3íÛS3íÛS3íS3#ÛS3#ÛS3# ¶bS3#BÛS3#BÛS3#BS3#2ÛS3#2ÛS3#2S3#"ÛS3#"ÛS3# ¶bS3#RÛS3#RÛS3#RS3#BÛS3#BÛS3#BS3#"ÛS3#"ÛS3# ¶bS3#RÛS3#RÛS3#RS3#"ÛS3#"ÛS3#"S3#bÛS3#bÛS3#`¶bS3#rÛS3#rÛS3#rS3#RÛS3#RÛS3#RS3#bÛS3#bÛS3#`¶bS3#rÛS3#rÛS3#rS3#bÛS3#bÛS3#bS3#ÇÛS3#ÇÛS3#Ä¶bS3#íÛS3#íÛS3#íS3#rÛS3#rÛS3#rS3#ÇÛS3#ÇÛS3#Ä¶bS3#íÛS3#íÛS3#íS3#ÇÛS3#ÇÛS3#ÇS33ÛS33ÛS33 ¶bS33ÛS33ÛS33S3#íÛS3#íÛS3#íS33ÛS33ÛS33 ¶bS33ÛS33ÛS33S33ÛS33ÛS33S33"ÛS33"ÛS33 ¶bS332ÛS332ÛS332S33ÛS33ÛS33S33"ÛS33"ÛS33 ¶bS332ÛS332ÛS332S33"ÛS33"ÛS33"S33BÛS33BÛS33@¶bS33RÛS33RÛS33RS332ÛS332ÛS332S33BÛS33BÛS33@¶bS33ÇÛS33ÇÛS33ÇS33rÛS33rÛS33rS33bÛS33bÛS33`¶bS33íÛS33íÛS33íS33ÇÛS33ÇÛS33ÇS33bÛS33bÛS33`¶bS3C"ÛS3C"ÛS3C"S3CÛS3CÛS3CS3CÛS3CÛS3C ¶bS3C2ÛS3C2ÛS3C2S3C"ÛS3C"ÛS3C"S3CÛS3CÛS3C ¶bS3CbÛS3CbÛS3CbS3CRÛS3CRÛS3CRS3CBÛS3CBÛS3C@¶bS3CRÛS3CRÛS3CRS3CrÛS3CrÛS3CrS3CBÛS3CBÛS3C@¶bS3CRÛS3CRÛS3CRS3CÇÛS3CÇÛS3CÇS3CrÛS3CrÛS3Cp¶bS3CÇÛS3CÇÛS3CÇS3CíÛS3CíÛS3CíS3CrÛS3CrÛS3Cp¶bS3S"ÛS3S"ÛS3S"S3SÛS3SÛS3SS3SÛS3SÛS3S ¶bS3S2ÛS3S2ÛS3S2S3S"ÛS3S"ÛS3S"S3SÛS3SÛS3S ¶bS3SBÛS3SBÛS3SBS3S2ÛS3S2ÛS3S2S3SÛS3SÛS3S ¶bS3SRÛS3SRÛS3SRS3SBÛS3SBÛS3SBS3SÛS3SÛS3S ¶bS3SbÛS3SbÛS3SbS3SRÛS3SRÛS3SRS3SÛS3SÛS3S ¶bS3SrÛS3SrÛS3SrS3SbÛS3SbÛS3SbS3SÛS3SÛS3S ¶bS3SrÛS3SrÛS3SrS3SÛS3SÛS3SS3SÇÛS3SÇÛS3SÄ¶bS3SíÛS3SíÛS3SíS3SrÛS3SrÛS3SrS3SÇÛS3SÇÛS3SÄ¶bS3SíÛS3SíÛS3SíS3SÇÛS3SÇÛS3SÇS3cÛS3cÛS3c ¶bS3cÛS3cÛS3cS3SíÛS3SíÛS3SíS3cÛS3cÛS3c ¶bS3cBÛS3cBÛS3cBS3c2ÛS3c2ÛS3c2S3c"ÛS3c"ÛS3c ¶bS3cRÛS3cRÛS3cRS3cBÛS3cBÛS3cBS3c"ÛS3c"ÛS3c ¶bS3cÇÛS3cÇÛS3cÇS3crÛS3crÛS3crS3cbÛS3cbÛS3c`¶bS3cíÛS3cíÛS3cíS3cÇÛS3cÇÛS3cÇS3cbÛS3cbÛS3c`¶bS3cíÛS3cíÛS3cíS3cbÛS3cbÛS3cbS3sÛS3sÛS3s ¶bS3sÛS3sÛS3sS3cíÛS3cíÛS3cíS3sÛS3sÛS3s ¶bS3sÛS3sÛS3sS3sÛS3sÛS3sS3s"ÛS3s"ÛS3s ¶bS3s2ÛS3s2ÛS3s2S3sÛS3sÛS3sS3s"ÛS3s"ÛS3s ¶bS3sbÛS3sbÛS3sbS3sRÛS3sRÛS3sRS3sBÛS3sBÛS3s@¶bS3srÛS3srÛS3srS3sRÛS3sRÛS3sRS3sbÛS3sbÛS3s`¶bS3ÉÛS3ÉÛS3ÉS3síÛS3síÛS3síS3sÇÛS3sÇÛS3sÄ¶bS3ÉÛS3ÉÛS3ÉS3ÉÛS3ÉÛS3ÉS3sÇÛS3sÇÛS3sÄ¶bS3ÉBÛS3ÉBÛS3ÉBS3É2ÛS3É2ÛS3É2S3É"ÛS3É"ÛS3É ¶bS3ÉRÛS3ÉRÛS3ÉRS3ÉBÛS3ÉBÛS3ÉBS3É"ÛS3É"ÛS3É ¶bS3ÉÇÛS3ÉÇÛS3ÉÇS3ÉrÛS3ÉrÛS3ÉrS3ÉbÛS3ÉbÛS3É`¶bS3ÉrÛS3ÉrÛS3ÉrS3ÉíÛS3ÉíÛS3ÉíS3ÉbÛS3ÉbÛS3É`¶bS3ÉrÛS3ÉrÛS3ÉrS3ìÛS3ìÛS3ìS3ÉíÛS3ÉíÛS3Éê¶bS3ìÛS3ìÛS3ìS3ìÛS3ìÛS3ìS3ÉíÛS3ÉíÛS3Éê¶bS3ìÛS3ìÛS3ìS3ì"ÛS3ì"ÛS3ì"S3ìÛS3ìÛS3ì¶bS3ì2ÛS3ì2ÛS3ì2S3ìÛS3ìÛS3ìS3ì"ÛS3ì"ÛS3ì ¶bS3ì2ÛS3ì2ÛS3ì2S3ìBÛS3ìBÛS3ìBS3ìÛS3ìÛS3ì¶bS3ìBÛS3ìBÛS3ìBS3ìRÛS3ìRÛS3ìRS3ìÛS3ìÛS3ì¶bS3ìÇÛS3ìÇÛS3ìÇS3ìrÛS3ìrÛS3ìrS3ìbÛS3ìbÛS3ì`¶bS3ìrÛS3ìrÛS3ìrS3ìíÛS3ìíÛS3ìíS3ìbÛS3ìbÛS3ì`¶bS3ìrÛS3ìrÛS3ìrSCÛSCÛSCS3ìíÛS3ìíÛS3ìê¶bSCÛSCÛSCSCÛSCÛSCS3ìíÛS3ìíÛS3ìê¶bSCBÛSCBÛSCBSC2ÛSC2ÛSC2SC"ÛSC"ÛSC ¶bSCRÛSCRÛSCRSCBÛSCBÛSCBSC"ÛSC"ÛSC ¶bSCÇÛSCÇÛSCÇSCrÛSCrÛSCrSCbÛSCbÛSC`¶bSCíÛSCíÛSCíSCÇÛSCÇÛSCÇSCbÛSCbÛSC`¶bSC"ÛSC"ÛSC"SCÛSCÛSCSCÛSCÛSC ¶bSCÛSCÛSCSC2ÛSC2ÛSC2SC"ÛSC"ÛSC ¶bSC2ÛSC2ÛSC2SCBÛSCBÛSCBSC"ÛSC"ÛSC ¶bSCrÛSCrÛSCrSCbÛSCbÛSCbSCRÛSCRÛSCP¶bSCbÛSCbÛSCbSCÇÛSCÇÛSCÇSCRÛSCRÛSCP¶bSC#ÛSC#ÛSC#SC#ÛSC#ÛSC#SCíÛSCíÛSCê¶bSC#"ÛSC#"ÛSC#"SC#ÛSC#ÛSC#SCíÛSCíÛSCê¶bSC#RÛSC#RÛSC#RSC#BÛSC#BÛSC#BSC#2ÛSC#2ÛSC#0¶bSC#BÛSC#BÛSC#BSC#bÛSC#bÛSC#bSC#2ÛSC#2ÛSC#0¶bSC#2ÛSC#2ÛSC#2SC#bÛSC#bÛSC#bSC#rÛSC#rÛSC#p¶bSC#bÛSC#bÛSC#bSC#ÇÛSC#ÇÛSC#ÇSC#rÛSC#rÛSC#p¶bSC3ÛSC3ÛSC3SC3ÛSC3ÛSC3SC#íÛSC#íÛSC#ê¶bSC3ÛSC3ÛSC3SC3"ÛSC3"ÛSC3"SC#íÛSC#íÛSC#ê¶bSC3"ÛSC3"ÛSC3"SC32ÛSC32ÛSC32SC#íÛSC#íÛSC#ê¶bSC32ÛSC32ÛSC32SC3BÛSC3BÛSC3BSC#íÛSC#íÛSC#ê¶bSC3rÛSC3rÛSC3rSC3bÛSC3bÛSC3bSC3RÛSC3RÛSC3P¶bSC3bÛSC3bÛSC3bSC3ÇÛSC3ÇÛSC3ÇSC3RÛSC3RÛSC3P¶bSC3ÇÛSC3ÇÛSC3ÇSC3íÛSC3íÛSC3íSC3RÛSC3RÛSC3P¶bSCC"ÛSCC"ÛSCC"SCCÛSCCÛSCCSCCÛSCCÛSCC ¶bSCC2ÛSCC2ÛSCC2SCC"ÛSCC"ÛSCC"SCCÛSCCÛSCC ¶bSCCbÛSCCbÛSCCbSCCRÛSCCRÛSCCRSCCBÛSCCBÛSCC@¶bSCCRÛSCCRÛSCCRSCCrÛSCCrÛSCCrSCCBÛSCCBÛSCC@¶bSCCRÛSCCRÛSCCRSCCÇÛSCCÇÛSCCÇSCCrÛSCCrÛSCCp¶bSCCÇÛSCCÇÛSCCÇSCCíÛSCCíÛSCCíSCCrÛSCCrÛSCCp¶bSCCÇÛSCCÇÛSCCÇSCSÛSCSÛSCSSCCíÛSCCíÛSCCê¶bSCSÛSCSÛSCSSCSÛSCSÛSCSSCCíÛSCCíÛSCCê¶bSCSBÛSCSBÛSCSBSCS2ÛSCS2ÛSCS2SCS"ÛSCS"ÛSCS ¶bSCSRÛSCSRÛSCSRSCSBÛSCSBÛSCSBSCS"ÛSCS"ÛSCS ¶bSCSÇÛSCSÇÛSCSÇSCSrÛSCSrÛSCSrSCSbÛSCSbÛSCS`¶bSCSíÛSCSíÛSCSíSCSÇÛSCSÇÛSCSÇSCSbÛSCSbÛSCS`¶bSCc"ÛSCc"ÛSCc"SCcÛSCcÛSCcSCcÛSCcÛSCc ¶bSCcÛSCcÛSCcSCc2ÛSCc2ÛSCc2SCc"ÛSCc"ÛSCc ¶bSCcÛSCcÛSCcSCcBÛSCcBÛSCcBSCc2ÛSCc2ÛSCc0¶bSCcrÛSCcrÛSCcrSCcbÛSCcbÛSCcbSCcRÛSCcRÛSCcP¶bSCcbÛSCcbÛSCcbSCcÇÛSCcÇÛSCcÇSCcRÛSCcRÛSCcP¶bSCcíÛSCcíÛSCcíSCcÇÛSCcÇÛSCcÇSCcbÛSCcbÛSCc`¶bSCs"ÛSCs"ÛSCs"SCsÛSCsÛSCsSCsÛSCsÛSCs ¶bSCs2ÛSCs2ÛSCs2SCs"ÛSCs"ÛSCs"SCsÛSCsÛSCs ¶bSCsbÛSCsbÛSCsbSCsRÛSCsRÛSCsRSCsBÛSCsBÛSCs@¶bSCsrÛSCsrÛSCsrSCsbÛSCsbÛSCsbSCsBÛSCsBÛSCs@¶bSCÉÛSCÉÛSCÉSCsíÛSCsíÛSCsíSCsÇÛSCsÇÛSCsÄ¶bSCsíÛSCsíÛSCsíSCÉÛSCÉÛSCÉSCsÇÛSCsÇÛSCsÄ¶bSCsíÛSCsíÛSCsíSCÉ"ÛSCÉ"ÛSCÉ"SCÉÛSCÉÛSCÉ¶bSCÉ"ÛSCÉ"ÛSCÉ"SCÉ2ÛSCÉ2ÛSCÉ2SCÉÛSCÉÛSCÉ¶bSCÉ"ÛSCÉ"ÛSCÉ"SCÉBÛSCÉBÛSCÉBSCÉ2ÛSCÉ2ÛSCÉ0¶bSCÉBÛSCÉBÛSCÉBSCÉRÛSCÉRÛSCÉRSCÉ2ÛSCÉ2ÛSCÉ0¶bSCÉÇÛSCÉÇÛSCÉÇSCÉrÛSCÉrÛSCÉrSCÉbÛSCÉbÛSCÉ`¶bSCÉíÛSCÉíÛSCÉíSCÉÇÛSCÉÇÛSCÉÇSCÉbÛSCÉbÛSCÉ`¶bSCì"ÛSCì"ÛSCì"SCìÛSCìÛSCìSCìÛSCìÛSCì ¶bSCìÛSCìÛSCìSCì2ÛSCì2ÛSCì2SCìÛSCìÛSCì ¶bSCìÛSCìÛSCìSCìBÛSCìBÛSCìBSCì2ÛSCì2ÛSCì0¶bSCìBÛSCìBÛSCìBSCìRÛSCìRÛSCìRSCì2ÛSCì2ÛSCì0¶bSCìRÛSCìRÛSCìRSCìbÛSCìbÛSCìbSCì2ÛSCì2ÛSCì0¶bSCìbÛSCìbÛSCìbSCìrÛSCìrÛSCìrSCì2ÛSCì2ÛSCì0¶bSCì2ÛSCì2ÛSCì2SCìrÛSCìrÛSCìrSCìÛSCìÛSCì ¶bSCìrÛSCìrÛSCìrSCìÇÛSCìÇÛSCìÇSCìÛSCìÛSCì ¶bSSÛSSÛSSSSÛSSÛSSSCìíÛSCìíÛSCìê¶bSS"ÛSS"ÛSS"SSÛSSÛSSSCìíÛSCìíÛSCìê¶bSSRÛSSRÛSSRSSBÛSSBÛSSBSS2ÛSS2ÛSS0¶bSSbÛSSbÛSSbSSRÛSSRÛSSRSS2ÛSS2ÛSS0¶bSSrÛSSrÛSSrSSbÛSSbÛSSbSS2ÛSS2ÛSS0¶bSSÇÛSSÇÛSSÇSSrÛSSrÛSSrSS2ÛSS2ÛSS0¶bSSÛSSÛSSSSÛSSÛSSSSíÛSSíÛSSê¶bSS"ÛSS"ÛSS"SSÛSSÛSSSSíÛSSíÛSSê¶bSSíÛSSíÛSSíSS2ÛSS2ÛSS2SS"ÛSS"ÛSS ¶bSS2ÛSS2ÛSS2SSBÛSSBÛSSBSS"ÛSS"ÛSS ¶bSSrÛSSrÛSSrSSbÛSSbÛSSbSSRÛSSRÛSSP¶bSSbÛSSbÛSSbSSÇÛSSÇÛSSÇSSRÛSSRÛSSP¶bSSÇÛSSÇÛSSÇSSíÛSSíÛSSíSSRÛSSRÛSSP¶bSS#"ÛSS#"ÛSS#"SS#ÛSS#ÛSS#SS#ÛSS#ÛSS# ¶bSS#2ÛSS#2ÛSS#2SS#"ÛSS#"ÛSS#"SS#ÛSS#ÛSS# ¶bSS#bÛSS#bÛSS#bSS#RÛSS#RÛSS#RSS#BÛSS#BÛSS#@¶bSS#RÛSS#RÛSS#RSS#rÛSS#rÛSS#rSS#BÛSS#BÛSS#@¶bSS3ÛSS3ÛSS3SS#íÛSS#íÛSS#íSS#ÇÛSS#ÇÛSS#Ä¶bSS#íÛSS#íÛSS#íSS3ÛSS3ÛSS3SS#ÇÛSS#ÇÛSS#Ä¶bSS#íÛSS#íÛSS#íSS3"ÛSS3"ÛSS3"SS3ÛSS3ÛSS3¶bSS3"ÛSS3"ÛSS3"SS32ÛSS32ÛSS32SS3ÛSS3ÛSS3¶bSS3bÛSS3bÛSS3bSS3RÛSS3RÛSS3RSS3BÛSS3BÛSS3@¶bSS3RÛSS3RÛSS3RSS3rÛSS3rÛSS3rSS3BÛSS3BÛSS3@¶bSS3RÛSS3RÛSS3RSS3ÇÛSS3ÇÛSS3ÇSS3rÛSS3rÛSS3p¶bSS3ÇÛSS3ÇÛSS3ÇSS3íÛSS3íÛSS3íSS3rÛSS3rÛSS3p¶bSS3ÇÛSS3ÇÛSS3ÇSSCÛSSCÛSSCSS3íÛSS3íÛSS3ê¶bSSCÛSSCÛSSCSSCÛSSCÛSSCSS3íÛSS3íÛSS3ê¶bSSCÛSSCÛSSCSSC"ÛSSC"ÛSSC"SSCÛSSCÛSSC¶bSSC"ÛSSC"ÛSSC"SSC2ÛSSC2ÛSSC2SSCÛSSCÛSSC¶bSSC"ÛSSC"ÛSSC"SSCBÛSSCBÛSSCBSSC2ÛSSC2ÛSSC0¶bSSCBÛSSCBÛSSCBSSCRÛSSCRÛSSCRSSC2ÛSSC2ÛSSC0¶bSSCÇÛSSCÇÛSSCÇSSCrÛSSCrÛSSCrSSCbÛSSCbÛSSC`¶bSSCíÛSSCíÛSSCíSSCÇÛSSCÇÛSSCÇSSCbÛSSCbÛSSC`¶bSSS"ÛSSS"ÛSSS"SSSÛSSSÛSSSSSSÛSSSÛSSS ¶bSSS2ÛSSS2ÛSSS2SSSÛSSSÛSSSSSS"ÛSSS"ÛSSS ¶bSSSBÛSSSBÛSSSBSSSÛSSSÛSSSSSS2ÛSSS2ÛSSS0¶bSSSRÛSSSRÛSSSRSSSÛSSSÛSSSSSSBÛSSSBÛSSS@¶bSSSbÛSSSbÛSSSbSSSÛSSSÛSSSSSSRÛSSSRÛSSSP¶bSSSrÛSSSrÛSSSrSSSÛSSSÛSSSSSSbÛSSSbÛSSS`¶bSSSÇÛSSSÇÛSSSÇSSSrÛSSSrÛSSSrSSSbÛSSSbÛSSS`¶bSScÛSScÛSScSScÛSScÛSScSSSíÛSSSíÛSSSê¶bSSc"ÛSSc"ÛSSc"SScÛSScÛSScSSSíÛSSSíÛSSSê¶bSScRÛSScRÛSScRSScBÛSScBÛSScBSSc2ÛSSc2ÛSSc0¶bSScbÛSScbÛSScbSScRÛSScRÛSScRSSc2ÛSSc2ÛSSc0¶bSScíÛSScíÛSScíSScÇÛSScÇÛSScÇSScrÛSScrÛSScp¶bSScrÛSScrÛSScrSSsÛSSsÛSSsSScíÛSScíÛSScê¶bSSsÛSSsÛSSsSSsÛSSsÛSSsSScíÛSScíÛSScê¶bSSsÛSSsÛSSsSSsÛSSsÛSSsSSs"ÛSSs"ÛSSs ¶bSSs"ÛSSs"ÛSSs"SSs2ÛSSs2ÛSSs2SSsÛSSsÛSSs¶bSSs"ÛSSs"ÛSSs"SSsBÛSSsBÛSSsBSSs2ÛSSs2ÛSSs0¶bSSsBÛSSsBÛSSsBSSs"ÛSSs"ÛSSs"SSsRÛSSsRÛSSsP¶bSSs"ÛSSs"ÛSSs"SSsbÛSSsbÛSSsbSSsRÛSSsRÛSSsP¶bSSsíÛSSsíÛSSsíSSsÇÛSSsÇÛSSsÇSSsrÛSSsrÛSSsp¶bSSsÇÛSSsÇÛSSsÇSSÉÛSSÉÛSSÉSSsrÛSSsrÛSSsp¶bSSsrÛSSsrÛSSsrSSÉÛSSÉÛSSÉSSÉÛSSÉÛSSÉ¶bSSÉÛSSÉÛSSÉSSÉ"ÛSSÉ"ÛSSÉ"SSÉÛSSÉÛSSÉ¶bSSÉ"ÛSSÉ"ÛSSÉ"SSÉ2ÛSSÉ2ÛSSÉ2SSÉÛSSÉÛSSÉ¶bSSÉ2ÛSSÉ2ÛSSÉ2SSÉBÛSSÉBÛSSÉBSSÉÛSSÉÛSSÉ¶bSSÉrÛSSÉrÛSSÉrSSÉbÛSSÉbÛSSÉbSSÉRÛSSÉRÛSSÉP¶bSSÉÇÛSSÉÇÛSSÉÇSSÉrÛSSÉrÛSSÉrSSÉRÛSSÉRÛSSÉP¶bSSÉíÛSSÉíÛSSÉíSSÉÇÛSSÉÇÛSSÉÇSSÉRÛSSÉRÛSSÉP¶bSSìÛSSìÛSSìSSÉíÛSSÉíÛSSÉíSSÉRÛSSÉRÛSSÉP¶bSSìÛSSìÛSSìSSÉíÛSSÉíÛSSÉíSSìÛSSìÛSSì ¶bSSì"ÛSSì"ÛSSì"SSìÛSSìÛSSìSSìÛSSìÛSSì ¶bSSìRÛSSìRÛSSìRSSìBÛSSìBÛSSìBSSì2ÛSSì2ÛSSì0¶bSSìBÛSSìBÛSSìBSSìbÛSSìbÛSSìbSSì2ÛSSì2ÛSSì0¶bSSìbÛSSìbÛSSìbSSìrÛSSìrÛSSìrSSì2ÛSSì2ÛSSì0¶bSSìrÛSSìrÛSSìrSSìÇÛSSìÇÛSSìÇSSì2ÛSSì2ÛSSì0¶bSSìÇÛSSìÇÛSSìÇSSìrÛSSìrÛSSìrSSìíÛSSìíÛSSìê¶bSSìrÛSSìrÛSSìrScÛScÛScSSìíÛSSìíÛSSìê¶bScÛScÛScScÛScÛScSSìíÛSSìíÛSSìê¶bScÛScÛScSc"ÛSc"ÛSc"SSìíÛSSìíÛSSìê¶bSc"ÛSc"ÛSc"ScÛScÛScSc2ÛSc2ÛSc0¶bScÛScÛScScBÛScBÛScBSc2ÛSc2ÛSc0¶bScBÛScBÛScBScRÛScRÛScRSc2ÛSc2ÛSc0¶bScRÛScRÛScRScbÛScbÛScbSc2ÛSc2ÛSc0¶bScíÛScíÛScíScÇÛScÇÛScÇScrÛScrÛScp¶bScÛScÛScScíÛScíÛScíScrÛScrÛScp¶bScÛScÛScScÛScÛScScrÛScrÛScp¶bSc"ÛSc"ÛSc"ScÛScÛScScrÛScrÛScp¶bScÛScÛScSc"ÛSc"ÛSc"Sc2ÛSc2ÛSc0¶bScBÛScBÛScBScÛScÛScSc2ÛSc2ÛSc0¶bScRÛScRÛScRScBÛScBÛScBSc2ÛSc2ÛSc0¶bScbÛScbÛScbScRÛScRÛScRSc2ÛSc2ÛSc0¶bScRÛScRÛScRScbÛScbÛScbScrÛScrÛScp¶bScÇÛScÇÛScÇScRÛScRÛScRScrÛScrÛScp¶bScíÛScíÛScíScÇÛScÇÛScÇScrÛScrÛScp¶bSc#ÛSc#ÛSc#ScíÛScíÛScíScrÛScrÛScp¶bSc#2ÛSc#2ÛSc#2Sc#"ÛSc#"ÛSc#"Sc#ÛSc#ÛSc#¶bSc#"ÛSc#"ÛSc#"Sc#BÛSc#BÛSc#BSc#ÛSc#ÛSc#¶bSc#BÛSc#BÛSc#BSc#RÛSc#RÛSc#RSc#ÛSc#ÛSc#¶bSc#RÛSc#RÛSc#RSc#bÛSc#bÛSc#bSc#ÛSc#ÛSc#¶bSc#RÛSc#RÛSc#RSc#rÛSc#rÛSc#rSc#bÛSc#bÛSc#`¶bSc#rÛSc#rÛSc#rSc#ÇÛSc#ÇÛSc#ÇSc#bÛSc#bÛSc#`¶bSc3ÛSc3ÛSc3Sc3ÛSc3ÛSc3Sc#íÛSc#íÛSc#ê¶bSc3"ÛSc3"ÛSc3"Sc3ÛSc3ÛSc3Sc#íÛSc#íÛSc#ê¶bSc3RÛSc3RÛSc3RSc3BÛSc3BÛSc3BSc32ÛSc32ÛSc30¶bSc3bÛSc3bÛSc3bSc3RÛSc3RÛSc3RSc32ÛSc32ÛSc30¶bSc3íÛSc3íÛSc3íSc3ÇÛSc3ÇÛSc3ÇSc3rÛSc3rÛSc3p¶bScCÛScCÛScCSc3íÛSc3íÛSc3íSc3rÛSc3rÛSc3p¶bScC2ÛScC2ÛScC2ScC"ÛScC"ÛScC"ScCÛScCÛScC¶bScCBÛScCBÛScCBScC2ÛScC2ÛScC2ScCÛScCÛScC¶bScCrÛScCrÛScCrScCbÛScCbÛScCbScCRÛScCRÛScCP¶bScCÇÛScCÇÛScCÇScCrÛScCrÛScCrScCRÛScCRÛScCP¶bScSÛScSÛScSScSÛScSÛScSScCíÛScCíÛScCê¶bScS"ÛScS"ÛScS"ScSÛScSÛScSScCíÛScCíÛScCê¶bScS2ÛScS2ÛScS2ScSÛScSÛScSScS"ÛScS"ÛScS ¶bScSBÛScSBÛScSBScS2ÛScS2ÛScS2ScS"ÛScS"ÛScS ¶bScSRÛScSRÛScSRScS2ÛScS2ÛScS2ScSBÛScSBÛScS@¶bScSbÛScSbÛScSbScSRÛScSRÛScSRScSBÛScSBÛScS@¶bScSrÛScSrÛScSrScSRÛScSRÛScSRScSbÛScSbÛScS`¶bScSÇÛScSÇÛScSÇScSrÛScSrÛScSrScSbÛScSbÛScS`¶bSccÛSccÛSccSccÛSccÛSccScSíÛScSíÛScSê¶bScc"ÛScc"ÛScc"SccÛSccÛSccScSíÛScSíÛScSê¶bScc2ÛScc2ÛScc2SccÛSccÛSccScc"ÛScc"ÛScc ¶bSccBÛSccBÛSccBScc2ÛScc2ÛScc2Scc"ÛScc"ÛScc ¶bSccrÛSccrÛSccrSccbÛSccbÛSccbSccRÛSccRÛSccP¶bSccbÛSccbÛSccbSccÇÛSccÇÛSccÇSccRÛSccRÛSccP¶bSccRÛSccRÛSccRSccÇÛSccÇÛSccÇSccíÛSccíÛSccê¶bSccÇÛSccÇÛSccÇScsÛScsÛScsSccíÛSccíÛSccê¶bSccíÛSccíÛSccíScsÛScsÛScsScsÛScsÛScs¶bScsÛScsÛScsScs"ÛScs"ÛScs"ScsÛScsÛScs¶bScsÛScsÛScsScs"ÛScs"ÛScs"Scs2ÛScs2ÛScs0¶bScs"ÛScs"ÛScs"ScsBÛScsBÛScsBScs2ÛScs2ÛScs0¶bScsrÛScsrÛScsrScsbÛScsbÛScsbScsRÛScsRÛScsP¶bScsÇÛScsÇÛScsÇScsrÛScsrÛScsrScsRÛScsRÛScsP¶bScÉÛScÉÛScÉScÉÛScÉÛScÉScsíÛScsíÛScsê¶bScÉ"ÛScÉ"ÛScÉ"ScÉÛScÉÛScÉScsíÛScsíÛScsê¶bScÉRÛScÉRÛScÉRScÉBÛScÉBÛScÉBScÉ2ÛScÉ2ÛScÉ0¶bScÉbÛScÉbÛScÉbScÉRÛScÉRÛScÉRScÉ2ÛScÉ2ÛScÉ0¶bScÉíÛScÉíÛScÉíScÉÇÛScÉÇÛScÉÇScÉrÛScÉrÛScÉp¶bScÉÇÛScÉÇÛScÉÇScìÛScìÛScìScÉrÛScÉrÛScÉp¶bScÉÇÛScÉÇÛScÉÇScìÛScìÛScìScìÛScìÛScì ¶bScÉÇÛScÉÇÛScÉÇScì"ÛScì"ÛScì"ScìÛScìÛScì¶bScìRÛScìRÛScìRScìBÛScìBÛScìBScì2ÛScì2ÛScì0¶bScìbÛScìbÛScìbScìRÛScìRÛScìRScì2ÛScì2ÛScì0¶bScìrÛScìrÛScìrScìRÛScìRÛScìRScìbÛScìbÛScì`¶bScìbÛScìbÛScìbScìÇÛScìÇÛScìÇScìrÛScìrÛScìp¶bScìíÛScìíÛScìíScìÇÛScìÇÛScìÇScìbÛScìbÛScì`¶bSsÛSsÛSsScìíÛScìíÛScìíScìbÛScìbÛScì`¶bSsÛSsÛSsSsÛSsÛSsScìbÛScìbÛScì`¶bSsÛSsÛSsScìbÛScìbÛScìbSs"ÛSs"ÛSs ¶bSs"ÛSs"ÛSs"ScìbÛScìbÛScìbSs2ÛSs2ÛSs0¶bSsbÛSsbÛSsbSsRÛSsRÛSsRSsBÛSsBÛSs@¶bSsrÛSsrÛSsrSsbÛSsbÛSsbSsBÛSsBÛSs@¶bSsÛSsÛSsSsíÛSsíÛSsíSsÇÛSsÇÛSsÄ¶bSsÛSsÛSsSsÛSsÛSsSsÇÛSsÇÛSsÄ¶bSsBÛSsBÛSsBSs2ÛSs2ÛSs2Ss"ÛSs"ÛSs ¶bSsRÛSsRÛSsRSsBÛSsBÛSsBSs"ÛSs"ÛSs ¶bSsÇÛSsÇÛSsÇSsrÛSsrÛSsrSsbÛSsbÛSs`¶bSsíÛSsíÛSsíSsÇÛSsÇÛSsÇSsbÛSsbÛSs`¶bSsíÛSsíÛSsíSsbÛSsbÛSsbSs#ÛSs#ÛSs# ¶bSs#ÛSs#ÛSs#SsíÛSsíÛSsíSs#ÛSs#ÛSs# ¶bSs#ÛSs#ÛSs#Ss#ÛSs#ÛSs#Ss#"ÛSs#"ÛSs# ¶bSs#2ÛSs#2ÛSs#2Ss#ÛSs#ÛSs#Ss#"ÛSs#"ÛSs# ¶bSs#2ÛSs#2ÛSs#2Ss#"ÛSs#"ÛSs#"Ss#BÛSs#BÛSs#@¶bSs#RÛSs#RÛSs#RSs#2ÛSs#2ÛSs#2Ss#BÛSs#BÛSs#@¶bSs#ÇÛSs#ÇÛSs#ÇSs#rÛSs#rÛSs#rSs#bÛSs#bÛSs#`¶bSs#íÛSs#íÛSs#íSs#ÇÛSs#ÇÛSs#ÇSs#bÛSs#bÛSs#`¶bSs3"ÛSs3"ÛSs3"Ss3ÛSs3ÛSs3Ss3ÛSs3ÛSs3 ¶bSs32ÛSs32ÛSs32Ss3"ÛSs3"ÛSs3"Ss3ÛSs3ÛSs3 ¶bSs3bÛSs3bÛSs3bSs3RÛSs3RÛSs3RSs3BÛSs3BÛSs3@¶bSs3rÛSs3rÛSs3rSs3bÛSs3bÛSs3bSs3BÛSs3BÛSs3@¶bSsCÛSsCÛSsCSs3íÛSs3íÛSs3íSs3ÇÛSs3ÇÛSs3Ä¶bSsCÛSsCÛSsCSsCÛSsCÛSsCSs3ÇÛSs3ÇÛSs3Ä¶bSsCBÛSsCBÛSsCBSsC2ÛSsC2ÛSsC2SsC"ÛSsC"ÛSsC ¶bSsCRÛSsCRÛSsCRSsCBÛSsCBÛSsCBSsC"ÛSsC"ÛSsC ¶bSsCÇÛSsCÇÛSsCÇSsCrÛSsCrÛSsCrSsCbÛSsCbÛSsC`¶bSsCíÛSsCíÛSsCíSsCÇÛSsCÇÛSsCÇSsCbÛSsCbÛSsC`¶bSsCíÛSsCíÛSsCíSsCbÛSsCbÛSsCbSsSÛSsSÛSsS ¶bSsSÛSsSÛSsSSsCíÛSsCíÛSsCíSsSÛSsSÛSsS ¶bSsSBÛSsSBÛSsSBSsS2ÛSsS2ÛSsS2SsS"ÛSsS"ÛSsS ¶bSsSRÛSsSRÛSsSRSsSBÛSsSBÛSsSBSsS"ÛSsS"ÛSsS ¶bSsSÇÛSsSÇÛSsSÇSsSrÛSsSrÛSsSrSsSbÛSsSbÛSsS`¶bSsSíÛSsSíÛSsSíSsSÇÛSsSÇÛSsSÇSsSbÛSsSbÛSsS`¶bSsc"ÛSsc"ÛSsc"SscÛSscÛSscSscÛSscÛSsc ¶bSsc2ÛSsc2ÛSsc2Ssc"ÛSsc"ÛSsc"SscÛSscÛSsc ¶bSsc2ÛSsc2ÛSsc2SscÛSscÛSscSscBÛSscBÛSsc@¶bSscRÛSscRÛSscRSsc2ÛSsc2ÛSsc2SscBÛSscBÛSsc@¶bSscRÛSscRÛSscRSscBÛSscBÛSscBSscbÛSscbÛSsc`¶bSscrÛSscrÛSscrSscRÛSscRÛSscRSscbÛSscbÛSsc`¶bSssÛSssÛSssSscíÛSscíÛSscíSscÇÛSscÇÛSscÄ¶bSssÛSssÛSssSssÛSssÛSssSscÇÛSscÇÛSscÄ¶bSssBÛSssBÛSssBSss2ÛSss2ÛSss2Sss"ÛSss"ÛSss ¶bSss2ÛSss2ÛSss2SssRÛSssRÛSssRSss"ÛSss"ÛSss ¶bSssRÛSssRÛSssRSssbÛSssbÛSssbSss"ÛSss"ÛSss ¶bSssbÛSssbÛSssbSssrÛSssrÛSssrSss"ÛSss"ÛSss ¶bSsÉÛSsÉÛSsÉSssíÛSssíÛSssíSssÇÛSssÇÛSssÄ¶bSsÉÛSsÉÛSsÉSsÉÛSsÉÛSsÉSssÇÛSssÇÛSssÄ¶bSsÉÛSsÉÛSsÉSssÇÛSssÇÛSssÇSsÉ"ÛSsÉ"ÛSsÉ ¶bSsÉ2ÛSsÉ2ÛSsÉ2SsÉÛSsÉÛSsÉSsÉ"ÛSsÉ"ÛSsÉ ¶bSsÉbÛSsÉbÛSsÉbSsÉRÛSsÉRÛSsÉRSsÉBÛSsÉBÛSsÉ@¶bSsÉrÛSsÉrÛSsÉrSsÉbÛSsÉbÛSsÉbSsÉBÛSsÉBÛSsÉ@¶bSsìÛSsìÛSsìSsÉíÛSsÉíÛSsÉíSsÉÇÛSsÉÇÛSsÉÄ¶bSsìÛSsìÛSsìSsÉíÛSsÉíÛSsÉíSsìÛSsìÛSsì ¶bSsì"ÛSsì"ÛSsì"SsìÛSsìÛSsìSsìÛSsìÛSsì ¶bSsìRÛSsìRÛSsìRSsìBÛSsìBÛSsìBSsì2ÛSsì2ÛSsì0¶bSsìbÛSsìbÛSsìbSsìRÛSsìRÛSsìRSsì2ÛSsì2ÛSsì0¶bSsìíÛSsìíÛSsìíSsìÇÛSsìÇÛSsìÇSsìrÛSsìrÛSsìp¶bSÉÛSÉÛSÉSsìíÛSsìíÛSsìíSsìrÛSsìrÛSsìp¶bSÉ2ÛSÉ2ÛSÉ2SÉ"ÛSÉ"ÛSÉ"SÉÛSÉÛSÉ¶bSÉBÛSÉBÛSÉBSÉ2ÛSÉ2ÛSÉ2SÉÛSÉÛSÉ¶bSÉBÛSÉBÛSÉBSÉÛSÉÛSÉSÉRÛSÉRÛSÉP¶bSÉbÛSÉbÛSÉbSÉBÛSÉBÛSÉBSÉRÛSÉRÛSÉP¶bSÉíÛSÉíÛSÉíSÉÇÛSÉÇÛSÉÇSÉrÛSÉrÛSÉp¶bSÉÛSÉÛSÉSÉíÛSÉíÛSÉíSÉrÛSÉrÛSÉp¶bSÉrÛSÉrÛSÉrSÉÛSÉÛSÉSÉÛSÉÛSÉ ¶bSÉÛSÉÛSÉSÉ"ÛSÉ"ÛSÉ"SÉÛSÉÛSÉ ¶bSÉRÛSÉRÛSÉRSÉBÛSÉBÛSÉBSÉ2ÛSÉ2ÛSÉ0¶bSÉbÛSÉbÛSÉbSÉRÛSÉRÛSÉRSÉ2ÛSÉ2ÛSÉ0¶bSÉíÛSÉíÛSÉíSÉÇÛSÉÇÛSÉÇSÉrÛSÉrÛSÉp¶bSÉ#ÛSÉ#ÛSÉ#SÉíÛSÉíÛSÉíSÉrÛSÉrÛSÉp¶bSÉ#2ÛSÉ#2ÛSÉ#2SÉ#"ÛSÉ#"ÛSÉ#"SÉ#ÛSÉ#ÛSÉ#¶bSÉ#"ÛSÉ#"ÛSÉ#"SÉ#BÛSÉ#BÛSÉ#BSÉ#ÛSÉ#ÛSÉ#¶bSÉ#ÛSÉ#ÛSÉ#SÉ#BÛSÉ#BÛSÉ#BSÉ#RÛSÉ#RÛSÉ#P¶bSÉ#BÛSÉ#BÛSÉ#BSÉ#bÛSÉ#bÛSÉ#bSÉ#RÛSÉ#RÛSÉ#P¶bSÉ#RÛSÉ#RÛSÉ#RSÉ#bÛSÉ#bÛSÉ#bSÉ#rÛSÉ#rÛSÉ#p¶bSÉ#bÛSÉ#bÛSÉ#bSÉ#ÇÛSÉ#ÇÛSÉ#ÇSÉ#rÛSÉ#rÛSÉ#p¶bSÉ#rÛSÉ#rÛSÉ#rSÉ#ÇÛSÉ#ÇÛSÉ#ÇSÉ#íÛSÉ#íÛSÉ#ê¶bSÉ#ÇÛSÉ#ÇÛSÉ#ÇSÉ3ÛSÉ3ÛSÉ3SÉ#íÛSÉ#íÛSÉ#ê¶bSÉ32ÛSÉ32ÛSÉ32SÉ3"ÛSÉ3"ÛSÉ3"SÉ3ÛSÉ3ÛSÉ3¶bSÉ3BÛSÉ3BÛSÉ3BSÉ32ÛSÉ32ÛSÉ32SÉ3ÛSÉ3ÛSÉ3¶bSÉ3rÛSÉ3rÛSÉ3rSÉ3bÛSÉ3bÛSÉ3bSÉ3RÛSÉ3RÛSÉ3P¶bSÉ3ÇÛSÉ3ÇÛSÉ3ÇSÉ3rÛSÉ3rÛSÉ3rSÉ3RÛSÉ3RÛSÉ3P¶bSÉ3íÛSÉ3íÛSÉ3íSÉ3rÛSÉ3rÛSÉ3rSÉ3ÇÛSÉ3ÇÛSÉ3Ä¶bSÉCÛSÉCÛSÉCSÉ3íÛSÉ3íÛSÉ3íSÉ3ÇÛSÉ3ÇÛSÉ3Ä¶bSÉCÛSÉCÛSÉCSÉ3íÛSÉ3íÛSÉ3íSÉCÛSÉCÛSÉC ¶bSÉC"ÛSÉC"ÛSÉC"SÉCÛSÉCÛSÉCSÉCÛSÉCÛSÉC ¶bSÉCRÛSÉCRÛSÉCRSÉCBÛSÉCBÛSÉCBSÉC2ÛSÉC2ÛSÉC0¶bSÉCbÛSÉCbÛSÉCbSÉCRÛSÉCRÛSÉCRSÉC2ÛSÉC2ÛSÉC0¶bSÉCrÛSÉCrÛSÉCrSÉCRÛSÉCRÛSÉCRSÉCbÛSÉCbÛSÉC`¶bSÉCÇÛSÉCÇÛSÉCÇSÉCrÛSÉCrÛSÉCrSÉCbÛSÉCbÛSÉC`¶bSÉSÛSÉSÛSÉSSÉSÛSÉSÛSÉSSÉCíÛSÉCíÛSÉCê¶bSÉS"ÛSÉS"ÛSÉS"SÉSÛSÉSÛSÉSSÉCíÛSÉCíÛSÉCê¶bSÉSRÛSÉSRÛSÉSRSÉSBÛSÉSBÛSÉSBSÉS2ÛSÉS2ÛSÉS0¶bSÉSbÛSÉSbÛSÉSbSÉSRÛSÉSRÛSÉSRSÉS2ÛSÉS2ÛSÉS0¶bSÉSíÛSÉSíÛSÉSíSÉSÇÛSÉSÇÛSÉSÇSÉSrÛSÉSrÛSÉSp¶bSÉcÛSÉcÛSÉcSÉSíÛSÉSíÛSÉSíSÉSrÛSÉSrÛSÉSp¶bSÉc2ÛSÉc2ÛSÉc2SÉc"ÛSÉc"ÛSÉc"SÉcÛSÉcÛSÉc¶bSÉc"ÛSÉc"ÛSÉc"SÉcBÛSÉcBÛSÉcBSÉcÛSÉcÛSÉc¶bSÉcBÛSÉcBÛSÉcBSÉcRÛSÉcRÛSÉcRSÉcÛSÉcÛSÉc¶bSÉcRÛSÉcRÛSÉcRSÉcbÛSÉcbÛSÉcbSÉcÛSÉcÛSÉc¶bSÉcbÛSÉcbÛSÉcbSÉcrÛSÉcrÛSÉcrSÉcÛSÉcÛSÉc¶bSÉsÛSÉsÛSÉsSÉcíÛSÉcíÛSÉcíSÉcÇÛSÉcÇÛSÉcÄ¶bSÉsÛSÉsÛSÉsSÉsÛSÉsÛSÉsSÉcÇÛSÉcÇÛSÉcÄ¶bSÉs"ÛSÉs"ÛSÉs"SÉsÛSÉsÛSÉsSÉcÇÛSÉcÇÛSÉcÄ¶bSÉs2ÛSÉs2ÛSÉs2SÉs"ÛSÉs"ÛSÉs"SÉcÇÛSÉcÇÛSÉcÄ¶bSÉsBÛSÉsBÛSÉsBSÉs2ÛSÉs2ÛSÉs2SÉcÇÛSÉcÇÛSÉcÄ¶bSÉsrÛSÉsrÛSÉsrSÉsbÛSÉsbÛSÉsbSÉsRÛSÉsRÛSÉsP¶bSÉsbÛSÉsbÛSÉsbSÉsÇÛSÉsÇÛSÉsÇSÉsRÛSÉsRÛSÉsP¶bSÉsÇÛSÉsÇÛSÉsÇSÉsbÛSÉsbÛSÉsbSÉsíÛSÉsíÛSÉsê¶bSÉsbÛSÉsbÛSÉsbSÉÉÛSÉÉÛSÉÉSÉsíÛSÉsíÛSÉsê¶bSÉÉ2ÛSÉÉ2ÛSÉÉ2SÉÉ"ÛSÉÉ"ÛSÉÉ"SÉÉÛSÉÉÛSÉÉ¶bSÉÉBÛSÉÉBÛSÉÉBSÉÉ2ÛSÉÉ2ÛSÉÉ2SÉÉÛSÉÉÛSÉÉ¶bSÉÉrÛSÉÉrÛSÉÉrSÉÉbÛSÉÉbÛSÉÉbSÉÉRÛSÉÉRÛSÉÉP¶bSÉÉbÛSÉÉbÛSÉÉbSÉÉÇÛSÉÉÇÛSÉÉÇSÉÉRÛSÉÉRÛSÉÉP¶bSÉÉÇÛSÉÉÇÛSÉÉÇSÉÉbÛSÉÉbÛSÉÉbSÉÉíÛSÉÉíÛSÉÉê¶bSÉÉbÛSÉÉbÛSÉÉbSÉìÛSÉìÛSÉìSÉÉíÛSÉÉíÛSÉÉê¶bSÉìÛSÉìÛSÉìSÉìÛSÉìÛSÉìSÉÉíÛSÉÉíÛSÉÉê¶bSÉìÛSÉìÛSÉìSÉì"ÛSÉì"ÛSÉì"SÉÉíÛSÉÉíÛSÉÉê¶bSÉìRÛSÉìRÛSÉìRSÉìBÛSÉìBÛSÉìBSÉì2ÛSÉì2ÛSÉì0¶bSÉìbÛSÉìbÛSÉìbSÉìRÛSÉìRÛSÉìRSÉì2ÛSÉì2ÛSÉì0¶bSÉìrÛSÉìrÛSÉìrSÉìbÛSÉìbÛSÉìbSÉì2ÛSÉì2ÛSÉì0¶bSÉìÇÛSÉìÇÛSÉìÇSÉìrÛSÉìrÛSÉìrSÉì2ÛSÉì2ÛSÉì0¶bSÉìrÛSÉìrÛSÉìrSÉìÇÛSÉìÇÛSÉìÇSÉìíÛSÉìíÛSÉìê¶bSìÛSìÛSìSÉìrÛSÉìrÛSÉìrSÉìíÛSÉìíÛSÉìê¶bSì2ÛSì2ÛSì2Sì"ÛSì"ÛSì"SìÛSìÛSì¶bSìBÛSìBÛSìBSì2ÛSì2ÛSì2SìÛSìÛSì¶bSìrÛSìrÛSìrSìbÛSìbÛSìbSìRÛSìRÛSìP¶bSìÇÛSìÇÛSìÇSìrÛSìrÛSìrSìRÛSìRÛSìP¶bSìíÛSìíÛSìíSìÇÛSìÇÛSìÇSìRÛSìRÛSìP¶bSìÛSìÛSìSìíÛSìíÛSìíSìRÛSìRÛSìP¶bSì2ÛSì2ÛSì2Sì"ÛSì"ÛSì"SìÛSìÛSì¶bSì"ÛSì"ÛSì"SìBÛSìBÛSìBSìÛSìÛSì¶bSìBÛSìBÛSìBSì"ÛSì"ÛSì"SìRÛSìRÛSìP¶bSì"ÛSì"ÛSì"SìbÛSìbÛSìbSìRÛSìRÛSìP¶bSìbÛSìbÛSìbSìrÛSìrÛSìrSìRÛSìRÛSìP¶bSìrÛSìrÛSìrSìÇÛSìÇÛSìÇSìRÛSìRÛSìP¶bSì#ÛSì#ÛSì#Sì#ÛSì#ÛSì#SìíÛSìíÛSìê¶bSì#"ÛSì#"ÛSì#"Sì#ÛSì#ÛSì#SìíÛSìíÛSìê¶bSì#2ÛSì#2ÛSì#2Sì#ÛSì#ÛSì#Sì#"ÛSì#"ÛSì# ¶bSì#BÛSì#BÛSì#BSì#2ÛSì#2ÛSì#2Sì#"ÛSì#"ÛSì# ¶bSì#rÛSì#rÛSì#rSì#bÛSì#bÛSì#bSì#RÛSì#RÛSì#P¶bSì#ÇÛSì#ÇÛSì#ÇSì#rÛSì#rÛSì#rSì#RÛSì#RÛSì#P¶bSì#ÇÛSì#ÇÛSì#ÇSì#RÛSì#RÛSì#RSì#íÛSì#íÛSì#ê¶bSì3ÛSì3ÛSì3Sì#ÇÛSì#ÇÛSì#ÇSì#íÛSì#íÛSì#ê¶bSì3ÛSì3ÛSì3Sì3ÛSì3ÛSì3Sì#íÛSì#íÛSì#ê¶bSì3"ÛSì3"ÛSì3"Sì3ÛSì3ÛSì3Sì#íÛSì#íÛSì#ê¶bSì3RÛSì3RÛSì3RSì3BÛSì3BÛSì3BSì32ÛSì32ÛSì30¶bSì3bÛSì3bÛSì3bSì3RÛSì3RÛSì3RSì32ÛSì32ÛSì30¶bSì3rÛSì3rÛSì3rSì3RÛSì3RÛSì3RSì3bÛSì3bÛSì3`¶bSì3ÇÛSì3ÇÛSì3ÇSì3rÛSì3rÛSì3rSì3bÛSì3bÛSì3`¶bSìCÛSìCÛSìCSìCÛSìCÛSìCSì3íÛSì3íÛSì3ê¶bSìC"ÛSìC"ÛSìC"SìCÛSìCÛSìCSì3íÛSì3íÛSì3ê¶bSìCRÛSìCRÛSìCRSìCBÛSìCBÛSìCBSìC2ÛSìC2ÛSìC0¶bSìCBÛSìCBÛSìCBSìCbÛSìCbÛSìCbSìC2ÛSìC2ÛSìC0¶bSìCbÛSìCbÛSìCbSìCrÛSìCrÛSìCrSìC2ÛSìC2ÛSìC0¶bSìCrÛSìCrÛSìCrSìCÇÛSìCÇÛSìCÇSìC2ÛSìC2ÛSìC0¶bSìCÇÛSìCÇÛSìCÇSìCíÛSìCíÛSìCíSìC2ÛSìC2ÛSìC0¶bSìCíÛSìCíÛSìCíSìCÇÛSìCÇÛSìCÇSìSÛSìSÛSìS ¶bSìCÇÛSìCÇÛSìCÇSìSÛSìSÛSìSSìSÛSìSÛSìS ¶bSìSÛSìSÛSìSSìS"ÛSìS"ÛSìS"SìSÛSìSÛSìS ¶bSìS"ÛSìS"ÛSìS"SìS2ÛSìS2ÛSìS2SìSÛSìSÛSìS ¶bSìS2ÛSìS2ÛSìS2SìSBÛSìSBÛSìSBSìSÛSìSÛSìS ¶bSìSBÛSìSBÛSìSBSìSRÛSìSRÛSìSRSìSÛSìSÛSìS ¶bSìSÇÛSìSÇÛSìSÇSìSrÛSìSrÛSìSrSìSbÛSìSbÛSìS`¶bSìSíÛSìSíÛSìSíSìSÇÛSìSÇÛSìSÇSìSbÛSìSbÛSìS`¶bSìcÛSìcÛSìcSìSíÛSìSíÛSìSíSìSbÛSìSbÛSìS`¶bSìcÛSìcÛSìcSìcÛSìcÛSìcSìSbÛSìSbÛSìS`¶bSìcBÛSìcBÛSìcBSìc2ÛSìc2ÛSìc2Sìc"ÛSìc"ÛSìc ¶bSìcRÛSìcRÛSìcRSìcBÛSìcBÛSìcBSìc"ÛSìc"ÛSìc ¶bSìcbÛSìcbÛSìcbSìcRÛSìcRÛSìcRSìc"ÛSìc"ÛSìc ¶bSìcrÛSìcrÛSìcrSìcbÛSìcbÛSìcbSìc"ÛSìc"ÛSìc ¶bSìsÛSìsÛSìsSìcíÛSìcíÛSìcíSìcÇÛSìcÇÛSìcÄ¶bSìcíÛSìcíÛSìcíSìsÛSìsÛSìsSìcÇÛSìcÇÛSìcÄ¶bSìcÇÛSìcÇÛSìcÇSìsÛSìsÛSìsSìs"ÛSìs"ÛSìs ¶bSìsÛSìsÛSìsSìs2ÛSìs2ÛSìs2Sìs"ÛSìs"ÛSìs ¶bSìs2ÛSìs2ÛSìs2SìsÛSìsÛSìsSìsBÛSìsBÛSìs@¶bSìsÛSìsÛSìsSìsRÛSìsRÛSìsRSìsBÛSìsBÛSìs@¶bSìsÇÛSìsÇÛSìsÇSìsrÛSìsrÛSìsrSìsbÛSìsbÛSìs`¶bSìsrÛSìsrÛSìsrSìsíÛSìsíÛSìsíSìsbÛSìsbÛSìs`¶bSìsbÛSìsbÛSìsbSìsíÛSìsíÛSìsíSìÉÛSìÉÛSìÉ ¶bSìsíÛSìsíÛSìsíSìÉÛSìÉÛSìÉSìÉÛSìÉÛSìÉ ¶bSìÉBÛSìÉBÛSìÉBSìÉ2ÛSìÉ2ÛSìÉ2SìÉ"ÛSìÉ"ÛSìÉ ¶bSìÉRÛSìÉRÛSìÉRSìÉBÛSìÉBÛSìÉBSìÉ"ÛSìÉ"ÛSìÉ ¶bSìÉBÛSìÉBÛSìÉBSìÉRÛSìÉRÛSìÉRSìÉbÛSìÉbÛSìÉ`¶bSìÉrÛSìÉrÛSìÉrSìÉBÛSìÉBÛSìÉBSìÉbÛSìÉbÛSìÉ`¶bSìÉbÛSìÉbÛSìÉbSìÉRÛSìÉRÛSìÉRSìÉÇÛSìÉÇÛSìÉÄ¶bSìÉRÛSìÉRÛSìÉRSìÉíÛSìÉíÛSìÉíSìÉÇÛSìÉÇÛSìÉÄ¶bSìì"ÛSìì"ÛSìì"SììÛSììÛSììSììÛSììÛSìì ¶bSìì2ÛSìì2ÛSìì2Sìì"ÛSìì"ÛSìì"SììÛSììÛSìì ¶bSìì"ÛSìì"ÛSìì"Sìì2ÛSìì2ÛSìì2SììBÛSììBÛSìì@¶bSììRÛSììRÛSììRSìì"ÛSìì"ÛSìì"SììBÛSììBÛSìì@¶bSììÇÛSììÇÛSììÇSììrÛSììrÛSììrSììbÛSììbÛSìì`¶bSììíÛSììíÛSììíSììÇÛSììÇÛSììÇSììbÛSììbÛSìì`¶bc"Ûc"Ûc"cÛcÛccÛcÛc ¶bcÛcÛcc2Ûc2Ûc2cÛcÛc ¶bcÛcÛcc2Ûc2Ûc2cBÛcBÛc@¶bc2Ûc2Ûc2cRÛcRÛcRcBÛcBÛc@¶bcÇÛcÇÛcÇcrÛcrÛcrcbÛcbÛc`¶bcrÛcrÛcrcÇÛcÇÛcÇcíÛcíÛcê¶bcÛcÛccrÛcrÛcrcíÛcíÛcê¶bcÛcÛccÛcÛccíÛcíÛcê¶bcÛcÛccÛcÛcc"Ûc"Ûc ¶bc2Ûc2Ûc2cÛcÛcc"Ûc"Ûc ¶bcbÛcbÛcbcRÛcRÛcRcBÛcBÛc@¶bcRÛcRÛcRcbÛcbÛcbcrÛcrÛcp¶bcÇÛcÇÛcÇcRÛcRÛcRcrÛcrÛcp¶bc#Ûc#Ûc#c#Ûc#Ûc#cíÛcíÛcê¶bc#Ûc#Ûc#c#"Ûc#"Ûc#"cíÛcíÛcê¶bc#"Ûc#"Ûc#"c#Ûc#Ûc#c#2Ûc#2Ûc#0¶bc#bÛc#bÛc#bc#RÛc#RÛc#Rc#BÛc#BÛc#@¶bc#RÛc#RÛc#Rc#rÛc#rÛc#rc#BÛc#BÛc#@¶bc#rÛc#rÛc#rc#RÛc#RÛc#Rc#ÇÛc#ÇÛc#Ä¶bc#RÛc#RÛc#Rc#íÛc#íÛc#íc#ÇÛc#ÇÛc#Ä¶bc#íÛc#íÛc#íc3Ûc3Ûc3c#ÇÛc#ÇÛc#Ä¶bc32Ûc32Ûc32c3"Ûc3"Ûc3"c3Ûc3Ûc3¶bc3BÛc3BÛc3Bc32Ûc32Ûc32c3Ûc3Ûc3¶bc3RÛc3RÛc3Rc32Ûc32Ûc32c3BÛc3BÛc3@¶bc3bÛc3bÛc3bc3RÛc3RÛc3Rc3BÛc3BÛc3@¶bc3rÛc3rÛc3rc3bÛc3bÛc3bc3BÛc3BÛc3@¶bc3ÇÛc3ÇÛc3Çc3BÛc3BÛc3Bc3Ûc3Ûc3¶bc3ÇÛc3ÇÛc3Çc3rÛc3rÛc3rc3BÛc3BÛc3@¶bc3íÛc3íÛc3íc3rÛc3rÛc3rc3ÇÛc3ÇÛc3Ä¶bcCÛcCÛcCc3ÇÛc3ÇÛc3Çc3Ûc3Ûc3¶bcCÛcCÛcCc3íÛc3íÛc3íc3ÇÛc3ÇÛc3Ä¶bcCÛcCÛcCc3ÇÛc3ÇÛc3ÇcCÛcCÛcC ¶bcC"ÛcC"ÛcC"cCÛcCÛcCcCÛcCÛcC ¶bcCRÛcCRÛcCRcCBÛcCBÛcCBcC2ÛcC2ÛcC0¶bcCbÛcCbÛcCbcCRÛcCRÛcCRcC2ÛcC2ÛcC0¶bcCrÛcCrÛcCrcCbÛcCbÛcCbcC2ÛcC2ÛcC0¶bcCÇÛcCÇÛcCÇcCrÛcCrÛcCrcC2ÛcC2ÛcC0¶bcCíÛcCíÛcCícCrÛcCrÛcCrcCÇÛcCÇÛcCÄ¶bcSÛcSÛcScCíÛcCíÛcCícCÇÛcCÇÛcCÄ¶bcS2ÛcS2ÛcS2cS"ÛcS"ÛcS"cSÛcSÛcS¶bcSBÛcSBÛcSBcS2ÛcS2ÛcS2cSÛcSÛcS¶bcSRÛcSRÛcSRcSBÛcSBÛcSBcSÛcSÛcS¶bcSbÛcSbÛcSbcSRÛcSRÛcSRcSÛcSÛcS¶bcSrÛcSrÛcSrcSRÛcSRÛcSRcSbÛcSbÛcS`¶bcSÇÛcSÇÛcSÇcSrÛcSrÛcSrcSbÛcSbÛcS`¶bccÛccÛccccÛccÛcccSíÛcSíÛcSê¶bcc"Ûcc"Ûcc"ccÛccÛcccSíÛcSíÛcSê¶bccRÛccRÛccRccBÛccBÛccBcc2Ûcc2Ûcc0¶bccbÛccbÛccbccRÛccRÛccRcc2Ûcc2Ûcc0¶bccrÛccrÛccrccRÛccRÛccRccbÛccbÛcc`¶bccÇÛccÇÛccÇccrÛccrÛccrccbÛccbÛcc`¶bcsÛcsÛcscsÛcsÛcsccíÛccíÛccê¶bcs"Ûcs"Ûcs"csÛcsÛcsccíÛccíÛccê¶bcs2Ûcs2Ûcs2csÛcsÛcscs"Ûcs"Ûcs ¶bcsBÛcsBÛcsBcs2Ûcs2Ûcs2cs"Ûcs"Ûcs ¶bcs2Ûcs2Ûcs2csRÛcsRÛcsRcsÛcsÛcs¶bcsRÛcsRÛcsRcsbÛcsbÛcsbcsÛcsÛcs¶bcsíÛcsíÛcsícsÇÛcsÇÛcsÇcsrÛcsrÛcsp¶bcÉÛcÉÛcÉcsíÛcsíÛcsícsrÛcsrÛcsp¶bcÉ2ÛcÉ2ÛcÉ2cÉ"ÛcÉ"ÛcÉ"cÉÛcÉÛcÉ¶bcÉ"ÛcÉ"ÛcÉ"cÉBÛcÉBÛcÉBcÉÛcÉÛcÉ¶bcÉÛcÉÛcÉcÉBÛcÉBÛcÉBcÉRÛcÉRÛcÉP¶bcÉBÛcÉBÛcÉBcÉbÛcÉbÛcÉbcÉRÛcÉRÛcÉP¶bcÉíÛcÉíÛcÉícÉÇÛcÉÇÛcÉÇcÉrÛcÉrÛcÉp¶bcìÛcìÛcìcÉíÛcÉíÛcÉícÉrÛcÉrÛcÉp¶bcì2Ûcì2Ûcì2cì"Ûcì"Ûcì"cìÛcìÛcì¶bcìBÛcìBÛcìBcì2Ûcì2Ûcì2cìÛcìÛcì¶bcìRÛcìRÛcìRcì2Ûcì2Ûcì2cìBÛcìBÛcì@¶bcìbÛcìbÛcìbcìRÛcìRÛcìRcìBÛcìBÛcì@¶bcìíÛcìíÛcìícìÇÛcìÇÛcìÇcìrÛcìrÛcìp¶bcÛcÛccìíÛcìíÛcìícìrÛcìrÛcìp¶bc2Ûc2Ûc2c"Ûc"Ûc"cÛcÛc¶bc"Ûc"Ûc"cBÛcBÛcBcÛcÛc¶bc"Ûc"Ûc"cRÛcRÛcRcBÛcBÛc@¶bcRÛcRÛcRcbÛcbÛcbcBÛcBÛc@¶bcíÛcíÛcícÇÛcÇÛcÇcrÛcrÛcp¶bcÛcÛccíÛcíÛcícrÛcrÛcp¶bc2Ûc2Ûc2c"Ûc"Ûc"cÛcÛc¶bcBÛcBÛcBc2Ûc2Ûc2cÛcÛc¶bcBÛcBÛcBcÛcÛccRÛcRÛcP¶bcbÛcbÛcbcBÛcBÛcBcRÛcRÛcP¶bcíÛcíÛcícÇÛcÇÛcÇcrÛcrÛcp¶bc#Ûc#Ûc#cíÛcíÛcícrÛcrÛcp¶bc#2Ûc#2Ûc#2c#"Ûc#"Ûc#"c#Ûc#Ûc#¶bc#BÛc#BÛc#Bc#2Ûc#2Ûc#2c#Ûc#Ûc#¶bc#rÛc#rÛc#rc#bÛc#bÛc#bc#RÛc#RÛc#P¶bc#bÛc#bÛc#bc#ÇÛc#ÇÛc#Çc#RÛc#RÛc#P¶bc#ÇÛc#ÇÛc#Çc#íÛc#íÛc#íc#RÛc#RÛc#P¶bc#íÛc#íÛc#íc3Ûc3Ûc3c#RÛc#RÛc#P¶bc32Ûc32Ûc32c3"Ûc3"Ûc3"c3Ûc3Ûc3¶bc3"Ûc3"Ûc3"c3BÛc3BÛc3Bc3Ûc3Ûc3¶bc3BÛc3BÛc3Bc3RÛc3RÛc3Rc3Ûc3Ûc3¶bc3RÛc3RÛc3Rc3bÛc3bÛc3bc3Ûc3Ûc3¶bc3RÛc3RÛc3Rc3rÛc3rÛc3rc3bÛc3bÛc3`¶bc3rÛc3rÛc3rc3ÇÛc3ÇÛc3Çc3bÛc3bÛc3`¶bcCÛcCÛcCcCÛcCÛcCc3íÛc3íÛc3ê¶bcCÛcCÛcCcC"ÛcC"ÛcC"c3íÛc3íÛc3ê¶bcCÛcCÛcCcC2ÛcC2ÛcC2cC"ÛcC"ÛcC ¶bcC2ÛcC2ÛcC2cCBÛcCBÛcCBcC"ÛcC"ÛcC ¶bcCBÛcCBÛcCBcCRÛcCRÛcCRcC"ÛcC"ÛcC ¶bcCRÛcCRÛcCRcCbÛcCbÛcCbcC"ÛcC"ÛcC ¶bcCíÛcCíÛcCícCÇÛcCÇÛcCÇcCrÛcCrÛcCp¶bcCÇÛcCÇÛcCÇcSÛcSÛcScCrÛcCrÛcCp¶bcSÛcSÛcScSÛcSÛcScCrÛcCrÛcCp¶bcSÛcSÛcScS"ÛcS"ÛcS"cCrÛcCrÛcCp¶bcSÛcSÛcScS2ÛcS2ÛcS2cS"ÛcS"ÛcS ¶bcS2ÛcS2ÛcS2cSBÛcSBÛcSBcS"ÛcS"ÛcS ¶bcSRÛcSRÛcSRcS2ÛcS2ÛcS2cSÛcSÛcS¶bcSbÛcSbÛcSbcSRÛcSRÛcSRcSÛcSÛcS¶bcS2ÛcS2ÛcS2cSrÛcSrÛcSrcSBÛcSBÛcS@¶bcSrÛcSrÛcSrcSÇÛcSÇÛcSÇcSBÛcSBÛcS@¶bcSrÛcSrÛcSrcSíÛcSíÛcSícSÇÛcSÇÛcSÄ¶bcSíÛcSíÛcSíccÛccÛcccSÇÛcSÇÛcSÄ¶bccÛccÛcccSíÛcSíÛcSícSrÛcSrÛcSp¶bcc"Ûcc"Ûcc"ccÛccÛcccSrÛcSrÛcSp¶bccRÛccRÛccRccBÛccBÛccBcc2Ûcc2Ûcc0¶bccbÛccbÛccbccRÛccRÛccRcc2Ûcc2Ûcc0¶bccbÛccbÛccbcc2Ûcc2Ûcc2ccrÛccrÛccp¶bccÇÛccÇÛccÇccbÛccbÛccbccrÛccrÛccp¶bcsÛcsÛcscsÛcsÛcsccíÛccíÛccê¶bcs"Ûcs"Ûcs"csÛcsÛcsccíÛccíÛccê¶bcs"Ûcs"Ûcs"ccíÛccíÛccícs2Ûcs2Ûcs0¶bcsBÛcsBÛcsBcsÛcsÛcscs"Ûcs"Ûcs ¶bcsRÛcsRÛcsRcs"Ûcs"Ûcs"cs2Ûcs2Ûcs0¶bcsbÛcsbÛcsbcsBÛcsBÛcsBcs"Ûcs"Ûcs ¶bcsbÛcsbÛcsbcs"Ûcs"Ûcs"csRÛcsRÛcsP¶bcsrÛcsrÛcsrcsbÛcsbÛcsbcsRÛcsRÛcsP¶bcÉÛcÉÛcÉcsíÛcsíÛcsícsÇÛcsÇÛcsÄ¶bcÉÛcÉÛcÉcÉÛcÉÛcÉcsÇÛcsÇÛcsÄ¶bcÉÛcÉÛcÉcsÇÛcsÇÛcsÇcÉ"ÛcÉ"ÛcÉ ¶bcÉ2ÛcÉ2ÛcÉ2cÉÛcÉÛcÉcÉ"ÛcÉ"ÛcÉ ¶bcÉbÛcÉbÛcÉbcÉRÛcÉRÛcÉRcÉBÛcÉBÛcÉ@¶bcÉrÛcÉrÛcÉrcÉbÛcÉbÛcÉbcÉBÛcÉBÛcÉ@¶bcÉrÛcÉrÛcÉrcÉBÛcÉBÛcÉBcÉÇÛcÉÇÛcÉÄ¶bcÉíÛcÉíÛcÉícÉbÛcÉbÛcÉbcÉrÛcÉrÛcÉp¶bcìÛcìÛcìcÉrÛcÉrÛcÉrcÉÇÛcÉÇÛcÉÄ¶bcìÛcìÛcìcÉíÛcÉíÛcÉícÉrÛcÉrÛcÉp¶bcìÛcìÛcìcÉrÛcÉrÛcÉrcìÛcìÛcì ¶bcì"Ûcì"Ûcì"cìÛcìÛcìcìÛcìÛcì ¶bcìRÛcìRÛcìRcìBÛcìBÛcìBcì2Ûcì2Ûcì0¶bcìBÛcìBÛcìBcìbÛcìbÛcìbcì2Ûcì2Ûcì0¶bcì2Ûcì2Ûcì2cìbÛcìbÛcìbcìrÛcìrÛcìp¶bcìbÛcìbÛcìbcìÇÛcìÇÛcìÇcìrÛcìrÛcìp¶bc#Ûc#Ûc#c#Ûc#Ûc#cìíÛcìíÛcìê¶bc#"Ûc#"Ûc#"c#Ûc#Ûc#cìíÛcìíÛcìê¶bc#RÛc#RÛc#Rc#BÛc#BÛc#Bc#2Ûc#2Ûc#0¶bc#bÛc#bÛc#bc#RÛc#RÛc#Rc#2Ûc#2Ûc#0¶bc#rÛc#rÛc#rc#RÛc#RÛc#Rc#bÛc#bÛc#`¶bc#ÇÛc#ÇÛc#Çc#rÛc#rÛc#rc#bÛc#bÛc#`¶bc#Ûc#Ûc#c#Ûc#Ûc#c#íÛc#íÛc#ê¶bc#"Ûc#"Ûc#"c#Ûc#Ûc#c#íÛc#íÛc#ê¶bc#RÛc#RÛc#Rc#BÛc#BÛc#Bc#2Ûc#2Ûc#0¶bc#bÛc#bÛc#bc#RÛc#RÛc#Rc#2Ûc#2Ûc#0¶bc#bÛc#bÛc#bc#2Ûc#2Ûc#2c#rÛc#rÛc#p¶bc#ÇÛc#ÇÛc#Çc#bÛc#bÛc#bc#rÛc#rÛc#p¶bc#ÇÛc#ÇÛc#Çc#rÛc#rÛc#rc#íÛc#íÛc#ê¶bc##Ûc##Ûc##c#ÇÛc#ÇÛc#Çc#íÛc#íÛc#ê¶bc##2Ûc##2Ûc##2c##"Ûc##"Ûc##"c##Ûc##Ûc##¶bc##BÛc##BÛc##Bc##2Ûc##2Ûc##2c##Ûc##Ûc##¶bc##BÛc##BÛc##Bc##Ûc##Ûc##c##RÛc##RÛc##P¶bc##bÛc##bÛc##bc##2Ûc##2Ûc##2c##BÛc##BÛc##@¶bc##rÛc##rÛc##rc##bÛc##bÛc##bc##BÛc##BÛc##@¶bc##ÇÛc##ÇÛc##Çc##BÛc##BÛc##Bc##RÛc##RÛc##P¶bc##rÛc##rÛc##rc##BÛc##BÛc##Bc##ÇÛc##ÇÛc##Ä¶bc##íÛc##íÛc##íc##rÛc##rÛc##rc##ÇÛc##ÇÛc##Ä¶bc##íÛc##íÛc##íc##ÇÛc##ÇÛc##Çc#3Ûc#3Ûc#3 ¶bc#3Ûc#3Ûc#3c##íÛc##íÛc##íc#3Ûc#3Ûc#3 ¶bc#3Ûc#3Ûc#3c#3Ûc#3Ûc#3c#3"Ûc#3"Ûc#3 ¶bc#32Ûc#32Ûc#32c#3Ûc#3Ûc#3c#3"Ûc#3"Ûc#3 ¶bc#3bÛc#3bÛc#3bc#3RÛc#3RÛc#3Rc#3BÛc#3BÛc#3@¶bc#3rÛc#3rÛc#3rc#3bÛc#3bÛc#3bc#3BÛc#3BÛc#3@¶bc#3rÛc#3rÛc#3rc#3BÛc#3BÛc#3Bc#3ÇÛc#3ÇÛc#3Ä¶bc#3íÛc#3íÛc#3íc#3rÛc#3rÛc#3rc#3ÇÛc#3ÇÛc#3Ä¶bc#C"Ûc#C"Ûc#C"c#CÛc#CÛc#Cc#CÛc#CÛc#C ¶bc#C2Ûc#C2Ûc#C2c#C"Ûc#C"Ûc#C"c#CÛc#CÛc#C ¶bc#CbÛc#CbÛc#Cbc#CRÛc#CRÛc#CRc#CBÛc#CBÛc#C@¶bc#CrÛc#CrÛc#Crc#CbÛc#CbÛc#Cbc#CBÛc#CBÛc#C@¶bc#SÛc#SÛc#Sc#CíÛc#CíÛc#Cíc#CÇÛc#CÇÛc#CÄ¶bc#SÛc#SÛc#Sc#SÛc#SÛc#Sc#CÇÛc#CÇÛc#CÄ¶bc#SBÛc#SBÛc#SBc#S2Ûc#S2Ûc#S2c#S"Ûc#S"Ûc#S ¶bc#S2Ûc#S2Ûc#S2c#SRÛc#SRÛc#SRc#S"Ûc#S"Ûc#S ¶bc#SRÛc#SRÛc#SRc#SbÛc#SbÛc#Sbc#S"Ûc#S"Ûc#S ¶bc#SbÛc#SbÛc#Sbc#SrÛc#SrÛc#Src#S"Ûc#S"Ûc#S ¶bc#cÛc#cÛc#cc#SíÛc#SíÛc#Síc#SÇÛc#SÇÛc#SÄ¶bc#cÛc#cÛc#cc#cÛc#cÛc#cc#SÇÛc#SÇÛc#SÄ¶bc#c"Ûc#c"Ûc#c"c#cÛc#cÛc#cc#SÇÛc#SÇÛc#SÄ¶bc#c2Ûc#c2Ûc#c2c#c"Ûc#c"Ûc#c"c#SÇÛc#SÇÛc#SÄ¶bc#cBÛc#cBÛc#cBc#c"Ûc#c"Ûc#c"c#c2Ûc#c2Ûc#c0¶bc#cRÛc#cRÛc#cRc#cBÛc#cBÛc#cBc#c2Ûc#c2Ûc#c0¶bc#cÇÛc#cÇÛc#cÇc#crÛc#crÛc#crc#cbÛc#cbÛc#c`¶bc#cíÛc#cíÛc#cíc#cÇÛc#cÇÛc#cÇc#cbÛc#cbÛc#c`¶bc#cíÛc#cíÛc#cíc#cbÛc#cbÛc#cbc#sÛc#sÛc#s ¶bc#sÛc#sÛc#sc#cíÛc#cíÛc#cíc#sÛc#sÛc#s ¶bc#s"Ûc#s"Ûc#s"c#sÛc#sÛc#sc#sÛc#sÛc#s ¶bc#s2Ûc#s2Ûc#s2c#s"Ûc#s"Ûc#s"c#sÛc#sÛc#s ¶bc#sbÛc#sbÛc#sbc#sRÛc#sRÛc#sRc#sBÛc#sBÛc#s@¶bc#srÛc#srÛc#src#sbÛc#sbÛc#sbc#sBÛc#sBÛc#s@¶bc#ÉÛc#ÉÛc#Éc#síÛc#síÛc#síc#sÇÛc#sÇÛc#sÄ¶bc#síÛc#síÛc#síc#ÉÛc#ÉÛc#Éc#sÇÛc#sÇÛc#sÄ¶bc#ÉÛc#ÉÛc#Éc#É"Ûc#É"Ûc#É"c#sÇÛc#sÇÛc#sÄ¶bc#É"Ûc#É"Ûc#É"c#É2Ûc#É2Ûc#É2c#sÇÛc#sÇÛc#sÄ¶bc#É"Ûc#É"Ûc#É"c#ÉBÛc#ÉBÛc#ÉBc#É2Ûc#É2Ûc#É0¶bc#ÉBÛc#ÉBÛc#ÉBc#ÉRÛc#ÉRÛc#ÉRc#É2Ûc#É2Ûc#É0¶bc#ÉÇÛc#ÉÇÛc#ÉÇc#ÉrÛc#ÉrÛc#Érc#ÉbÛc#ÉbÛc#É`¶bc#ÉrÛc#ÉrÛc#Érc#ÉíÛc#ÉíÛc#Éíc#ÉbÛc#ÉbÛc#É`¶bc#ÉrÛc#ÉrÛc#Érc#ìÛc#ìÛc#ìc#ÉíÛc#ÉíÛc#Éê¶bc#ìÛc#ìÛc#ìc#ìÛc#ìÛc#ìc#ÉíÛc#ÉíÛc#Éê¶bc#ìÛc#ìÛc#ìc#ì"Ûc#ì"Ûc#ì"c#ÉíÛc#ÉíÛc#Éê¶bc#ì"Ûc#ì"Ûc#ì"c#ì2Ûc#ì2Ûc#ì2c#ÉíÛc#ÉíÛc#Éê¶bc#ÉíÛc#ÉíÛc#Éíc#ì2Ûc#ì2Ûc#ì2c#ÉbÛc#ÉbÛc#É`¶bc#ì2Ûc#ì2Ûc#ì2c#ìBÛc#ìBÛc#ìBc#ÉbÛc#ÉbÛc#É`¶bc#ìrÛc#ìrÛc#ìrc#ìbÛc#ìbÛc#ìbc#ìRÛc#ìRÛc#ìP¶bc#ìÇÛc#ìÇÛc#ìÇc#ìrÛc#ìrÛc#ìrc#ìRÛc#ìRÛc#ìP¶bc#ìíÛc#ìíÛc#ìíc#ìÇÛc#ìÇÛc#ìÇc#ìRÛc#ìRÛc#ìP¶bc#ìRÛc#ìRÛc#ìRc3Ûc3Ûc3c3Ûc3Ûc3 ¶bc3Ûc3Ûc3c3Ûc3Ûc3c3"Ûc3"Ûc3 ¶bc3Ûc3Ûc3c32Ûc32Ûc32c3"Ûc3"Ûc3 ¶bc32Ûc32Ûc32c3BÛc3BÛc3Bc3"Ûc3"Ûc3 ¶bc3BÛc3BÛc3Bc3RÛc3RÛc3Rc3"Ûc3"Ûc3 ¶bc3BÛc3BÛc3Bc3bÛc3bÛc3bc3RÛc3RÛc3P¶bc3bÛc3bÛc3bc3rÛc3rÛc3rc3RÛc3RÛc3P¶bc3rÛc3rÛc3rc3bÛc3bÛc3bc3ÇÛc3ÇÛc3Ä¶bc3bÛc3bÛc3bc3íÛc3íÛc3íc3ÇÛc3ÇÛc3Ä¶bc3íÛc3íÛc3íc#ìíÛc#ìíÛc#ìíc3Ûc3Ûc3 ¶bc3íÛc3íÛc3íc3Ûc3Ûc3c3ÇÛc3ÇÛc3Ä¶bc32Ûc32Ûc32c3"Ûc3"Ûc3"c3Ûc3Ûc3¶bc3"Ûc3"Ûc3"c3BÛc3BÛc3Bc3Ûc3Ûc3¶bc3rÛc3rÛc3rc3bÛc3bÛc3bc3RÛc3RÛc3P¶bc3RÛc3RÛc3Rc3bÛc3bÛc3bc3ÇÛc3ÇÛc3Ä¶bc3ÇÛc3ÇÛc3Çc3bÛc3bÛc3bc3íÛc3íÛc3ê¶bc3íÛc3íÛc3íc3bÛc3bÛc3bc3#Ûc3#Ûc3# ¶bc3#2Ûc3#2Ûc3#2c3#"Ûc3#"Ûc3#"c3#Ûc3#Ûc3#¶bc3#"Ûc3#"Ûc3#"c3#BÛc3#BÛc3#Bc3#Ûc3#Ûc3#¶bc3#BÛc3#BÛc3#Bc3#RÛc3#RÛc3#Rc3#Ûc3#Ûc3#¶bc3#RÛc3#RÛc3#Rc3#bÛc3#bÛc3#bc3#Ûc3#Ûc3#¶bc3#íÛc3#íÛc3#íc3#ÇÛc3#ÇÛc3#Çc3#rÛc3#rÛc3#p¶bc33Ûc33Ûc33c3#rÛc3#rÛc3#rc3#ÇÛc3#ÇÛc3#Ä¶bc33Ûc33Ûc33c3#rÛc3#rÛc3#rc33Ûc33Ûc33 ¶bc33Ûc33Ûc33c33"Ûc33"Ûc33"c33Ûc33Ûc33¶bc33"Ûc33"Ûc33"c332Ûc332Ûc332c33Ûc33Ûc33¶bc33Ûc33Ûc33c332Ûc332Ûc332c33BÛc33BÛc33@¶bc33rÛc33rÛc33rc33bÛc33bÛc33bc33RÛc33RÛc33P¶bc33ÇÛc33ÇÛc33Çc33bÛc33bÛc33bc33rÛc33rÛc33p¶bc33íÛc33íÛc33íc33ÇÛc33ÇÛc33Çc33rÛc33rÛc33p¶bc3C"Ûc3C"Ûc3C"c3CÛc3CÛc3Cc3CÛc3CÛc3C ¶bc3C2Ûc3C2Ûc3C2c3C"Ûc3C"Ûc3C"c3CÛc3CÛc3C ¶bc3CbÛc3CbÛc3Cbc3CRÛc3CRÛc3CRc3CBÛc3CBÛc3C@¶bc3CrÛc3CrÛc3Crc3CbÛc3CbÛc3Cbc3CBÛc3CBÛc3C@¶bc3SÛc3SÛc3Sc3CíÛc3CíÛc3Cíc3CÇÛc3CÇÛc3CÄ¶bc3SÛc3SÛc3Sc3SÛc3SÛc3Sc3CÇÛc3CÇÛc3CÄ¶bc3SBÛc3SBÛc3SBc3S2Ûc3S2Ûc3S2c3S"Ûc3S"Ûc3S ¶bc3SRÛc3SRÛc3SRc3SBÛc3SBÛc3SBc3S"Ûc3S"Ûc3S ¶bc3SÇÛc3SÇÛc3SÇc3SrÛc3SrÛc3Src3SbÛc3SbÛc3S`¶bc3SíÛc3SíÛc3Síc3SÇÛc3SÇÛc3SÇc3SbÛc3SbÛc3S`¶bc3c"Ûc3c"Ûc3c"c3cÛc3cÛc3cc3cÛc3cÛc3c ¶bc3c2Ûc3c2Ûc3c2c3c"Ûc3c"Ûc3c"c3cÛc3cÛc3c ¶bc3cbÛc3cbÛc3cbc3cRÛc3cRÛc3cRc3cBÛc3cBÛc3c@¶bc3crÛc3crÛc3crc3cbÛc3cbÛc3cbc3cBÛc3cBÛc3c@¶bc3sÛc3sÛc3sc3cíÛc3cíÛc3cíc3cÇÛc3cÇÛc3cÄ¶bc3sÛc3sÛc3sc3sÛc3sÛc3sc3cÇÛc3cÇÛc3cÄ¶bc3sBÛc3sBÛc3sBc3s2Ûc3s2Ûc3s2c3s"Ûc3s"Ûc3s ¶bc3sRÛc3sRÛc3sRc3sBÛc3sBÛc3sBc3s"Ûc3s"Ûc3s ¶bc3sÇÛc3sÇÛc3sÇc3srÛc3srÛc3src3sbÛc3sbÛc3s`¶bc3síÛc3síÛc3síc3sÇÛc3sÇÛc3sÇc3sbÛc3sbÛc3s`¶bc3É"Ûc3É"Ûc3É"c3ÉÛc3ÉÛc3Éc3ÉÛc3ÉÛc3É ¶bc3É2Ûc3É2Ûc3É2c3É"Ûc3É"Ûc3É"c3ÉÛc3ÉÛc3É ¶bc3ÉbÛc3ÉbÛc3Ébc3ÉRÛc3ÉRÛc3ÉRc3ÉBÛc3ÉBÛc3É@¶bc3ÉrÛc3ÉrÛc3Érc3ÉbÛc3ÉbÛc3Ébc3ÉBÛc3ÉBÛc3É@¶bc3ìÛc3ìÛc3ìc3ÉíÛc3ÉíÛc3Éíc3ÉÇÛc3ÉÇÛc3ÉÄ¶bc3ÉÇÛc3ÉÇÛc3ÉÇc3ÉíÛc3ÉíÛc3Éíc3ìÛc3ìÛc3ì¶bc3ìÛc3ìÛc3ìc3ÉíÛc3ÉíÛc3Éíc3ì"Ûc3ì"Ûc3ì ¶bc3ì2Ûc3ì2Ûc3ì2c3ÉÇÛc3ÉÇÛc3ÉÇc3ìÛc3ìÛc3ì¶bc3ìBÛc3ìBÛc3ìBc3ÉÇÛc3ÉÇÛc3ÉÇc3ì2Ûc3ì2Ûc3ì0¶bc3ìBÛc3ìBÛc3ìBc3ì2Ûc3ì2Ûc3ì2c3ìRÛc3ìRÛc3ìP¶bc3ìbÛc3ìbÛc3ìbc3ÉÇÛc3ÉÇÛc3ÉÇc3ìBÛc3ìBÛc3ì@¶bc3ìbÛc3ìbÛc3ìbc3ìBÛc3ìBÛc3ìBc3ìrÛc3ìrÛc3ìp¶bcCÛcCÛcCc3ìíÛc3ìíÛc3ìíc3ìÇÛc3ìÇÛc3ìÄ¶bc3ìíÛc3ìíÛc3ìícCÛcCÛcCc3ìÇÛc3ìÇÛc3ìÄ¶bcCÛcCÛcCcC"ÛcC"ÛcC"c3ìÇÛc3ìÇÛc3ìÄ¶bcC"ÛcC"ÛcC"cC2ÛcC2ÛcC2c3ìÇÛc3ìÇÛc3ìÄ¶bcCbÛcCbÛcCbcCRÛcCRÛcCRcCBÛcCBÛcC@¶bcCrÛcCrÛcCrcCbÛcCbÛcCbcCBÛcCBÛcC@¶bcCÇÛcCÇÛcCÇcCrÛcCrÛcCrcCBÛcCBÛcC@¶bcCíÛcCíÛcCícCÇÛcCÇÛcCÇcCBÛcCBÛcC@¶bcCÇÛcCÇÛcCÇcCíÛcCíÛcCícCÛcCÛcC ¶bcCÛcCÛcCcCÇÛcCÇÛcCÇcCÛcCÛcC ¶bcCBÛcCBÛcCBcC2ÛcC2ÛcC2cC"ÛcC"ÛcC ¶bcCRÛcCRÛcCRcCBÛcCBÛcCBcC"ÛcC"ÛcC ¶bcCbÛcCbÛcCbcCRÛcCRÛcCRcC"ÛcC"ÛcC ¶bcCrÛcCrÛcCrcCbÛcCbÛcCbcC"ÛcC"ÛcC ¶bcCbÛcCbÛcCbcCrÛcCrÛcCrcCÇÛcCÇÛcCÄ¶bcCíÛcCíÛcCícCbÛcCbÛcCbcCÇÛcCÇÛcCÄ¶bcC#"ÛcC#"ÛcC#"cC#ÛcC#ÛcC#cC#ÛcC#ÛcC# ¶bcC#ÛcC#ÛcC#cC#2ÛcC#2ÛcC#2cC#ÛcC#ÛcC# ¶bcC#2ÛcC#2ÛcC#2cC#ÛcC#ÛcC#cC#BÛcC#BÛcC#@¶bcC#ÛcC#ÛcC#cC#RÛcC#RÛcC#RcC#BÛcC#BÛcC#@¶bcC#RÛcC#RÛcC#RcC#bÛcC#bÛcC#bcC#BÛcC#BÛcC#@¶bcC#bÛcC#bÛcC#bcC#rÛcC#rÛcC#rcC#BÛcC#BÛcC#@¶bcC#rÛcC#rÛcC#rcC#bÛcC#bÛcC#bcC#ÇÛcC#ÇÛcC#Ä¶bcC#bÛcC#bÛcC#bcC#íÛcC#íÛcC#ícC#ÇÛcC#ÇÛcC#Ä¶bcC#ÇÛcC#ÇÛcC#ÇcC#íÛcC#íÛcC#ícC3ÛcC3ÛcC3 ¶bcC#íÛcC#íÛcC#ícC3ÛcC3ÛcC3cC3ÛcC3ÛcC3 ¶bcC3BÛcC3BÛcC3BcC32ÛcC32ÛcC32cC3"ÛcC3"ÛcC3 ¶bcC3RÛcC3RÛcC3RcC3BÛcC3BÛcC3BcC3"ÛcC3"ÛcC3 ¶bcC3BÛcC3BÛcC3BcC3RÛcC3RÛcC3RcC3bÛcC3bÛcC3`¶bcC3rÛcC3rÛcC3rcC3BÛcC3BÛcC3BcC3bÛcC3bÛcC3`¶bcC3ÇÛcC3ÇÛcC3ÇcC3rÛcC3rÛcC3rcC3bÛcC3bÛcC3`¶bcC3íÛcC3íÛcC3ícC3ÇÛcC3ÇÛcC3ÇcC3bÛcC3bÛcC3`¶bcCC"ÛcCC"ÛcCC"cCCÛcCCÛcCCcCCÛcCCÛcCC ¶bcCC2ÛcCC2ÛcCC2cCC"ÛcCC"ÛcCC"cCCÛcCCÛcCC ¶bcCCBÛcCCBÛcCCBcCC2ÛcCC2ÛcCC2cCCÛcCCÛcCC ¶bcCCRÛcCCRÛcCCRcCCBÛcCCBÛcCCBcCCÛcCCÛcCC ¶bcCCBÛcCCBÛcCCBcCCRÛcCCRÛcCCRcCCbÛcCCbÛcCC`¶bcCCrÛcCCrÛcCCrcCCBÛcCCBÛcCCBcCCbÛcCCbÛcCC`¶bcCCÇÛcCCÇÛcCCÇcCCrÛcCCrÛcCCrcCCbÛcCCbÛcCC`¶bcCCíÛcCCíÛcCCícCCÇÛcCCÇÛcCCÇcCCbÛcCCbÛcCC`¶bcCS"ÛcCS"ÛcCS"cCSÛcCSÛcCScCSÛcCSÛcCS ¶bcCS2ÛcCS2ÛcCS2cCS"ÛcCS"ÛcCS"cCSÛcCSÛcCS ¶bcCS"ÛcCS"ÛcCS"cCS2ÛcCS2ÛcCS2cCSBÛcCSBÛcCS@¶bcCSRÛcCSRÛcCSRcCS"ÛcCS"ÛcCS"cCSBÛcCSBÛcCS@¶bcCSbÛcCSbÛcCSbcCSRÛcCSRÛcCSRcCSBÛcCSBÛcCS@¶bcCSrÛcCSrÛcCSrcCSbÛcCSbÛcCSbcCSBÛcCSBÛcCS@¶bcCcÛcCcÛcCccCSíÛcCSíÛcCSícCSÇÛcCSÇÛcCSÄ¶bcCcÛcCcÛcCccCcÛcCcÛcCccCSÇÛcCSÇÛcCSÄ¶bcCcBÛcCcBÛcCcBcCc2ÛcCc2ÛcCc2cCc"ÛcCc"ÛcCc ¶bcCcRÛcCcRÛcCcRcCcBÛcCcBÛcCcBcCc"ÛcCc"ÛcCc ¶bcCcÇÛcCcÇÛcCcÇcCcrÛcCcrÛcCcrcCcbÛcCcbÛcCc`¶bcCcíÛcCcíÛcCcícCcÇÛcCcÇÛcCcÇcCcbÛcCcbÛcCc`¶bcCs"ÛcCs"ÛcCs"cCsÛcCsÛcCscCsÛcCsÛcCs ¶bcCs2ÛcCs2ÛcCs2cCs"ÛcCs"ÛcCs"cCsÛcCsÛcCs ¶bcCsbÛcCsbÛcCsbcCsRÛcCsRÛcCsRcCsBÛcCsBÛcCs@¶bcCsrÛcCsrÛcCsrcCsbÛcCsbÛcCsbcCsBÛcCsBÛcCs@¶bcCÉÛcCÉÛcCÉcCsíÛcCsíÛcCsícCsÇÛcCsÇÛcCsÄ¶bcCÉÛcCÉÛcCÉcCÉÛcCÉÛcCÉcCsÇÛcCsÇÛcCsÄ¶bcCÉBÛcCÉBÛcCÉBcCÉ2ÛcCÉ2ÛcCÉ2cCÉ"ÛcCÉ"ÛcCÉ ¶bcCÉRÛcCÉRÛcCÉRcCÉBÛcCÉBÛcCÉBcCÉ"ÛcCÉ"ÛcCÉ ¶bcCÉÇÛcCÉÇÛcCÉÇcCÉrÛcCÉrÛcCÉrcCÉbÛcCÉbÛcCÉ`¶bcCÉíÛcCÉíÛcCÉícCÉÇÛcCÉÇÛcCÉÇcCÉbÛcCÉbÛcCÉ`¶bcCìÛcCìÛcCìcCÉíÛcCÉíÛcCÉícCÉbÛcCÉbÛcCÉ`¶bcCìÛcCìÛcCìcCìÛcCìÛcCìcCÉbÛcCÉbÛcCÉ`¶bcCÉrÛcCÉrÛcCÉrcCì"ÛcCì"ÛcCì"cCÉbÛcCÉbÛcCÉ`¶bcCì2ÛcCì2ÛcCì2cCìÛcCìÛcCìcCÉbÛcCÉbÛcCÉ`¶bcCì"ÛcCì"ÛcCì"cCìBÛcCìBÛcCìBcCÉbÛcCÉbÛcCÉ`¶bcCìBÛcCìBÛcCìBcCì2ÛcCì2ÛcCì2cCÉbÛcCÉbÛcCÉ`¶bcCì"ÛcCì"ÛcCì"cCìRÛcCìRÛcCìRcCìBÛcCìBÛcCì@¶bcCìbÛcCìbÛcCìbcCì2ÛcCì2ÛcCì2cCìBÛcCìBÛcCì@¶bcCìRÛcCìRÛcCìRcCìrÛcCìrÛcCìrcCìBÛcCìBÛcCì@¶bcCìrÛcCìrÛcCìrcCìbÛcCìbÛcCìbcCìBÛcCìBÛcCì@¶bcSÛcSÛcScCìíÛcCìíÛcCìícCìÇÛcCìÇÛcCìÄ¶bcCìíÛcCìíÛcCìícSÛcSÛcScCìÇÛcCìÇÛcCìÄ¶bcSÛcSÛcScCìÇÛcCìÇÛcCìÇcS"ÛcS"ÛcS ¶bcCìÇÛcCìÇÛcCìÇcSÛcSÛcScS2ÛcS2ÛcS0¶bcS"ÛcS"ÛcS"cCìÇÛcCìÇÛcCìÇcSBÛcSBÛcS@¶bcCìÇÛcCìÇÛcCìÇcS2ÛcS2ÛcS2cSRÛcSRÛcSP¶bcSBÛcSBÛcSBcCìÇÛcCìÇÛcCìÇcSRÛcSRÛcSP¶bcSÇÛcSÇÛcSÇcSrÛcSrÛcSrcSbÛcSbÛcS`¶bcSrÛcSrÛcSrcSíÛcSíÛcSícSbÛcSbÛcS`¶bcSÇÛcSÇÛcSÇcSbÛcSbÛcSbcSÛcSÛcS ¶bcSbÛcSbÛcSbcSíÛcSíÛcSícSÛcSÛcS¶bcSÛcSÛcScSbÛcSbÛcSbcS"ÛcS"ÛcS ¶bcSbÛcSbÛcSbcSÛcSÛcScS2ÛcS2ÛcS0¶bcS"ÛcS"ÛcS"cSbÛcSbÛcSbcS2ÛcS2ÛcS0¶bcS2ÛcS2ÛcS2cSÛcSÛcScSBÛcSBÛcS@¶bcS"ÛcS"ÛcS"cS2ÛcS2ÛcS2cSBÛcSBÛcS@¶bcSBÛcSBÛcSBcSÛcSÛcScSRÛcSRÛcSP¶bcS"ÛcS"ÛcS"cSBÛcSBÛcSBcSbÛcSbÛcS`¶bcSBÛcSBÛcSBcSRÛcSRÛcSRcSrÛcSrÛcSp¶bcSbÛcSbÛcSbcSBÛcSBÛcSBcSÇÛcSÇÛcSÄ¶bcSÇÛcSÇÛcSÇcSBÛcSBÛcSBcSrÛcSrÛcSp¶bcS#ÛcS#ÛcS#cS#ÛcS#ÛcS#cSíÛcSíÛcSê¶bcS#ÛcS#ÛcS#cS#"ÛcS#"ÛcS#"cSíÛcSíÛcSê¶bcS#ÛcS#ÛcS#cSíÛcSíÛcSícS#2ÛcS#2ÛcS#0¶bcSíÛcSíÛcSícS#"ÛcS#"ÛcS#"cS#BÛcS#BÛcS#@¶bcS#2ÛcS#2ÛcS#2cSíÛcSíÛcSícS#RÛcS#RÛcS#P¶bcSíÛcSíÛcSícS#BÛcS#BÛcS#BcS#bÛcS#bÛcS#`¶bcS#RÛcS#RÛcS#RcSíÛcSíÛcSícS#bÛcS#bÛcS#`¶bcS#bÛcS#bÛcS#bcS#BÛcS#BÛcS#BcS#rÛcS#rÛcS#p¶bcS#RÛcS#RÛcS#RcS#bÛcS#bÛcS#bcS#rÛcS#rÛcS#p¶bcS#rÛcS#rÛcS#rcS#BÛcS#BÛcS#BcS#ÇÛcS#ÇÛcS#Ä¶bcS#RÛcS#RÛcS#RcS#rÛcS#rÛcS#rcS#íÛcS#íÛcS#ê¶bcS#rÛcS#rÛcS#rcS#ÇÛcS#ÇÛcS#ÇcS3ÛcS3ÛcS3 ¶bcS#íÛcS#íÛcS#ícS#rÛcS#rÛcS#rcS3ÛcS3ÛcS3¶bcS3ÛcS3ÛcS3cS#rÛcS#rÛcS#rcS3ÛcS3ÛcS3 ¶bcS3BÛcS3BÛcS3BcS32ÛcS32ÛcS32cS3"ÛcS3"ÛcS3 ¶bcS32ÛcS32ÛcS32cS3RÛcS3RÛcS3RcS3"ÛcS3"ÛcS3 ¶bcS3BÛcS3BÛcS3BcS3"ÛcS3"ÛcS3"cS3bÛcS3bÛcS3`¶bcS3"ÛcS3"ÛcS3"cS3RÛcS3RÛcS3RcS3rÛcS3rÛcS3p¶bcS3bÛcS3bÛcS3bcS3"ÛcS3"ÛcS3"cS3ÇÛcS3ÇÛcS3Ä¶bcS3"ÛcS3"ÛcS3"cS3rÛcS3rÛcS3rcS3íÛcS3íÛcS3ê¶bcS3ÇÛcS3ÇÛcS3ÇcS3"ÛcS3"ÛcS3"cS3íÛcS3íÛcS3ê¶bcSC"ÛcSC"ÛcSC"cSCÛcSCÛcSCcSCÛcSCÛcSC ¶bcSC2ÛcSC2ÛcSC2cSC"ÛcSC"ÛcSC"cSCÛcSCÛcSC ¶bcSCBÛcSCBÛcSCBcSC2ÛcSC2ÛcSC2cSCÛcSCÛcSC ¶bcSCRÛcSCRÛcSCRcSCBÛcSCBÛcSCBcSCÛcSCÛcSC ¶bcSCÛcSCÛcSCcSCbÛcSCbÛcSCbcSCÛcSCÛcSC ¶bcSCrÛcSCrÛcSCrcSCRÛcSCRÛcSCRcSCÛcSCÛcSC ¶bcSCbÛcSCbÛcSCbcSCÇÛcSCÇÛcSCÇcSCÛcSCÛcSC ¶bcSCÇÛcSCÇÛcSCÇcSCrÛcSCrÛcSCrcSCÛcSCÛcSC ¶bcSCÇÛcSCÇÛcSCÇcSCbÛcSCbÛcSCbcSCíÛcSCíÛcSCê¶bcSCrÛcSCrÛcSCrcSCÇÛcSCÇÛcSCÇcSCíÛcSCíÛcSCê¶bcSCbÛcSCbÛcSCbcSSÛcSSÛcSScSCíÛcSCíÛcSCê¶bcSSÛcSSÛcSScSCrÛcSCrÛcSCrcSCíÛcSCíÛcSCê¶bcSSÛcSSÛcSScSS"ÛcSS"ÛcSS"cSCíÛcSCíÛcSCê¶bcSS2ÛcSS2ÛcSS2cSSÛcSSÛcSScSCíÛcSCíÛcSCê¶bcSS"ÛcSS"ÛcSS"cSSBÛcSSBÛcSSBcSCíÛcSCíÛcSCê¶bcSSBÛcSSBÛcSSBcSS2ÛcSS2ÛcSS2cSCíÛcSCíÛcSCê¶bcSSrÛcSSrÛcSSrcSSbÛcSSbÛcSSbcSSRÛcSSRÛcSSP¶bcSSbÛcSSbÛcSSbcSSÇÛcSSÇÛcSSÇcSSRÛcSSRÛcSSP¶bcSSíÛcSSíÛcSSícSSrÛcSSrÛcSSrcSSRÛcSSRÛcSSP¶bcSSÇÛcSSÇÛcSSÇcScÛcScÛcSccSSRÛcSSRÛcSSP¶bcScÛcScÛcSccSSíÛcSSíÛcSSícSSRÛcSSRÛcSSP¶bcScÛcScÛcSccSc"ÛcSc"ÛcSc"cSSRÛcSSRÛcSSP¶bcSc2ÛcSc2ÛcSc2cScÛcScÛcSccSSRÛcSSRÛcSSP¶bcSc"ÛcSc"ÛcSc"cSc2ÛcSc2ÛcSc2cSSRÛcSSRÛcSSP¶bcScbÛcScbÛcScbcScRÛcScRÛcScRcScBÛcScBÛcSc@¶bcScRÛcScRÛcScRcScrÛcScrÛcScrcScBÛcScBÛcSc@¶bcScÇÛcScÇÛcScÇcScbÛcScbÛcScbcScBÛcScBÛcSc@¶bcScBÛcScBÛcScBcScrÛcScrÛcScrcScíÛcScíÛcScê¶bcSsÛcSsÛcSscScÇÛcScÇÛcScÇcScBÛcScBÛcSc@¶bcSsÛcSsÛcSscScBÛcScBÛcScBcScíÛcScíÛcScê¶bcSsÛcSsÛcSscScBÛcScBÛcScBcSs"ÛcSs"ÛcSs ¶bcScBÛcScBÛcScBcSsÛcSsÛcSscSs"ÛcSs"ÛcSs ¶bcSsRÛcSsRÛcSsRcSsBÛcSsBÛcSsBcSs2ÛcSs2ÛcSs0¶bcSsBÛcSsBÛcSsBcSsbÛcSsbÛcSsbcSs2ÛcSs2ÛcSs0¶bcSsrÛcSsrÛcSsrcSsRÛcSsRÛcSsRcSs2ÛcSs2ÛcSs0¶bcSsbÛcSsbÛcSsbcSsÇÛcSsÇÛcSsÇcSs2ÛcSs2ÛcSs0¶bcSsíÛcSsíÛcSsícSsrÛcSsrÛcSsrcSs2ÛcSs2ÛcSs0¶bcSsÇÛcSsÇÛcSsÇcSÉÛcSÉÛcSÉcSs2ÛcSs2ÛcSs0¶bcSÉÛcSÉÛcSÉcSsíÛcSsíÛcSsícSs2ÛcSs2ÛcSs0¶bcSÉÛcSÉÛcSÉcSÉ"ÛcSÉ"ÛcSÉ"cSs2ÛcSs2ÛcSs0¶bcSÉ2ÛcSÉ2ÛcSÉ2cSÉÛcSÉÛcSÉcSs2ÛcSs2ÛcSs0¶bcSÉ"ÛcSÉ"ÛcSÉ"cSÉBÛcSÉBÛcSÉBcSs2ÛcSs2ÛcSs0¶bcSÉRÛcSÉRÛcSÉRcSÉ2ÛcSÉ2ÛcSÉ2cSs2ÛcSs2ÛcSs0¶bcSÉBÛcSÉBÛcSÉBcSÉRÛcSÉRÛcSÉRcSs2ÛcSs2ÛcSs0¶bcSÉÇÛcSÉÇÛcSÉÇcSÉrÛcSÉrÛcSÉrcSÉbÛcSÉbÛcSÉ`¶bcSÉrÛcSÉrÛcSÉrcSÉíÛcSÉíÛcSÉícSÉbÛcSÉbÛcSÉ`¶bcSÉrÛcSÉrÛcSÉrcSÉÇÛcSÉÇÛcSÉÇcSìÛcSìÛcSì ¶bcSÉíÛcSÉíÛcSÉícSÉrÛcSÉrÛcSÉrcSìÛcSìÛcSì¶bcSì"ÛcSì"ÛcSì"cSÉrÛcSÉrÛcSÉrcSìÛcSìÛcSì ¶bcSÉrÛcSÉrÛcSÉrcSì2ÛcSì2ÛcSì2cSìÛcSìÛcSì¶bcSÉrÛcSÉrÛcSÉrcSì"ÛcSì"ÛcSì"cSìBÛcSìBÛcSì@¶bcSì2ÛcSì2ÛcSì2cSÉrÛcSÉrÛcSÉrcSìBÛcSìBÛcSì@¶r6ÜñÁ6uÛ ¶bcSìrÛcSìrÛcSìrcSìbÛcSìbÛcSìbcSìRÛcSìRÛcSìP¶bcSìbÛcSìbÛcSìbcSìÇÛcSìÇÛcSìÇcSìRÛcSìRÛcSìP¶bcSìÇÛcSìÇÛcSìÇcSìíÛcSìíÛcSìícSìRÛcSìRÛcSìP¶bcSìíÛcSìíÛcSìíccÛccÛcccSìRÛcSìRÛcSìP¶bccÛccÛccccÛccÛcccSìRÛcSìRÛcSìP¶bccÛccÛcccc"Ûcc"Ûcc"cSìRÛcSìRÛcSìP¶bcc"Ûcc"Ûcc"cc2Ûcc2Ûcc2cSìRÛcSìRÛcSìP¶bcc2Ûcc2Ûcc2ccBÛccBÛccBcSìRÛcSìRÛcSìP¶bccBÛccBÛccBccRÛccRÛccRcSìRÛcSìRÛcSìP¶bccRÛccRÛccRccbÛccbÛccbcSìRÛcSìRÛcSìP¶bccbÛccbÛccbccrÛccrÛccrcSìRÛcSìRÛcSìP¶bccrÛccrÛccrccÇÛccÇÛccÇcSìRÛcSìRÛcSìP¶bccÇÛccÇÛccÇccíÛccíÛccícSìRÛcSìRÛcSìP¶bccíÛccíÛccíccÛccÛcccSìRÛcSìRÛcSìP¶bccÛccÛccccÛccÛcccSìRÛcSìRÛcSìP¶bccÛccÛcccc"Ûcc"Ûcc"cSìRÛcSìRÛcSìP¶bcc"Ûcc"Ûcc"cc2Ûcc2Ûcc2cSìRÛcSìRÛcSìP¶bcc2Ûcc2Ûcc2ccBÛccBÛccBcSìRÛcSìRÛcSìP¶bccBÛccBÛccBccRÛccRÛccRcSìRÛcSìRÛcSìP¶bccRÛccRÛccRccbÛccbÛccbcSìRÛcSìRÛcSìP¶bccíÛccíÛccíccÇÛccÇÛccÇccrÛccrÛccp¶bcc#Ûcc#Ûcc#ccíÛccíÛccíccrÛccrÛccp¶bcc#2Ûcc#2Ûcc#2cc#"Ûcc#"Ûcc#"cc#Ûcc#Ûcc#¶bcc#BÛcc#BÛcc#Bcc#2Ûcc#2Ûcc#2cc#Ûcc#Ûcc#¶bcc#rÛcc#rÛcc#rcc#bÛcc#bÛcc#bcc#RÛcc#RÛcc#P¶bcc#bÛcc#bÛcc#bcc#ÇÛcc#ÇÛcc#Çcc#RÛcc#RÛcc#P¶bcc#ÇÛcc#ÇÛcc#Çcc#íÛcc#íÛcc#ícc#RÛcc#RÛcc#P¶bcc#íÛcc#íÛcc#ícc3Ûcc3Ûcc3cc#RÛcc#RÛcc#P¶bcc3Ûcc3Ûcc3cc#íÛcc#íÛcc#ícc3Ûcc3Ûcc3¶bcc#íÛcc#íÛcc#ícc3"Ûcc3"Ûcc3"cc3Ûcc3Ûcc3¶bcc3"Ûcc3"Ûcc3"cc32Ûcc32Ûcc32cc3Ûcc3Ûcc3¶bcc32Ûcc32Ûcc32cc3BÛcc3BÛcc3Bcc3Ûcc3Ûcc3¶bcc3BÛcc3BÛcc3Bcc32Ûcc32Ûcc32cc3RÛcc3RÛcc3P¶bcc32Ûcc32Ûcc32cc3bÛcc3bÛcc3bcc3RÛcc3RÛcc3P¶bcc3bÛcc3bÛcc3bcc3rÛcc3rÛcc3rcc3RÛcc3RÛcc3P¶bcc3rÛcc3rÛcc3rcc3ÇÛcc3ÇÛcc3Çcc3RÛcc3RÛcc3P¶bcc3ÇÛcc3ÇÛcc3Çcc3rÛcc3rÛcc3rcc3íÛcc3íÛcc3ê¶bcc3rÛcc3rÛcc3rccCÛccCÛccCcc3íÛcc3íÛcc3ê¶bccC2ÛccC2ÛccC2ccC"ÛccC"ÛccC"ccCÛccCÛccC¶bccCBÛccCBÛccCBccC2ÛccC2ÛccC2ccCÛccCÛccC¶bccCRÛccCRÛccCRccC2ÛccC2ÛccC2ccCBÛccCBÛccC@¶bccCbÛccCbÛccCbccCRÛccCRÛccCRccCBÛccCBÛccC@¶bccCíÛccCíÛccCíccCÇÛccCÇÛccCÇccCrÛccCrÛccCp¶bccCÇÛccCÇÛccCÇccSÛccSÛccSccCrÛccCrÛccCp¶bccCrÛccCrÛccCrccSÛccSÛccSccSÛccSÛccS¶bccSÛccSÛccSccS"ÛccS"ÛccS"ccSÛccSÛccS¶bccS"ÛccS"ÛccS"ccS2ÛccS2ÛccS2ccSÛccSÛccS¶bccS"ÛccS"ÛccS"ccSBÛccSBÛccSBccS2ÛccS2ÛccS0¶bccSBÛccSBÛccSBccSRÛccSRÛccSRccS2ÛccS2ÛccS0¶bccSÇÛccSÇÛccSÇccSrÛccSrÛccSrccSbÛccSbÛccS`¶bccSíÛccSíÛccSíccSÇÛccSÇÛccSÇccSbÛccSbÛccS`¶bccc"Ûccc"Ûccc"cccÛcccÛccccccÛcccÛccc ¶bcccÛcccÛcccccc2Ûccc2Ûccc2cccÛcccÛccc ¶bccc2Ûccc2Ûccc2cccÛcccÛccccccBÛcccBÛccc@¶bcccÛcccÛccccccRÛcccRÛcccRcccBÛcccBÛccc@¶bcccÇÛcccÇÛcccÇcccrÛcccrÛcccrcccbÛcccbÛccc`¶bcccíÛcccíÛcccícccÇÛcccÇÛcccÇcccbÛcccbÛccc`¶bccs"Ûccs"Ûccs"ccsÛccsÛccsccsÛccsÛccs ¶bccs2Ûccs2Ûccs2ccs"Ûccs"Ûccs"ccsÛccsÛccs ¶bccsbÛccsbÛccsbccsRÛccsRÛccsRccsBÛccsBÛccs@¶bccsrÛccsrÛccsrccsbÛccsbÛccsbccsBÛccsBÛccs@¶bccsrÛccsrÛccsrccsBÛccsBÛccsBccsÇÛccsÇÛccsÄ¶bccÉÛccÉÛccÉccÉÛccÉÛccÉccsíÛccsíÛccsê¶bccÉ"ÛccÉ"ÛccÉ"ccÉÛccÉÛccÉccsíÛccsíÛccsê¶bccÉ2ÛccÉ2ÛccÉ2ccÉ"ÛccÉ"ÛccÉ"ccsíÛccsíÛccsê¶bccÉBÛccÉBÛccÉBccÉ2ÛccÉ2ÛccÉ2ccsíÛccsíÛccsê¶bccÉrÛccÉrÛccÉrccÉbÛccÉbÛccÉbccÉRÛccÉRÛccÉP¶bccÉbÛccÉbÛccÉbccÉÇÛccÉÇÛccÉÇccÉRÛccÉRÛccÉP¶bccÉÇÛccÉÇÛccÉÇccÉíÛccÉíÛccÉíccÉRÛccÉRÛccÉP¶bccÉíÛccÉíÛccÉíccìÛccìÛccìccÉRÛccÉRÛccÉP¶bccìÛccìÛccìccÉíÛccÉíÛccÉíccìÛccìÛccì¶bccÉíÛccÉíÛccÉíccì"Ûccì"Ûccì"ccìÛccìÛccì¶bccì"Ûccì"Ûccì"ccì2Ûccì2Ûccì2ccìÛccìÛccì¶bccì2Ûccì2Ûccì2ccìBÛccìBÛccìBccìÛccìÛccì¶bccìrÛccìrÛccìrccìbÛccìbÛccìbccìRÛccìRÛccìP¶bccìÇÛccìÇÛccìÇccìrÛccìrÛccìrccìRÛccìRÛccìP¶bccìíÛccìíÛccìíccìÇÛccìÇÛccìÇccìRÛccìRÛccìP¶bcsÛcsÛcsccìíÛccìíÛccìíccìRÛccìRÛccìP¶bccìíÛccìíÛccìícsÛcsÛcscsÛcsÛcs¶bcs"Ûcs"Ûcs"ccìíÛccìíÛccìícsÛcsÛcs¶bcs2Ûcs2Ûcs2cs"Ûcs"Ûcs"csÛcsÛcs¶bcsBÛcsBÛcsBcs2Ûcs2Ûcs2csÛcsÛcs¶bcs2Ûcs2Ûcs2csBÛcsBÛcsBcsRÛcsRÛcsP¶bcsbÛcsbÛcsbcs2Ûcs2Ûcs2csRÛcsRÛcsP¶bcsíÛcsíÛcsícsÇÛcsÇÛcsÇcsrÛcsrÛcsp¶bcsÛcsÛcscsíÛcsíÛcsícsrÛcsrÛcsp¶bcsÛcsÛcscsrÛcsrÛcsrcsÛcsÛcs¶bcs"Ûcs"Ûcs"csÛcsÛcscsÛcsÛcs¶bcs"Ûcs"Ûcs"csÛcsÛcscs2Ûcs2Ûcs0¶bcsBÛcsBÛcsBcs"Ûcs"Ûcs"cs2Ûcs2Ûcs0¶bcsBÛcsBÛcsBcs2Ûcs2Ûcs2csRÛcsRÛcsP¶bcsbÛcsbÛcsbcsBÛcsBÛcsBcsRÛcsRÛcsP¶bcsbÛcsbÛcsbcsRÛcsRÛcsRcsrÛcsrÛcsp¶bcsÇÛcsÇÛcsÇcsbÛcsbÛcsbcsrÛcsrÛcsp¶bcsíÛcsíÛcsícsÇÛcsÇÛcsÇcsrÛcsrÛcsp¶bcs#Ûcs#Ûcs#csíÛcsíÛcsícsrÛcsrÛcsp¶bcs#Ûcs#Ûcs#csíÛcsíÛcsícs#Ûcs#Ûcs# ¶bcs#"Ûcs#"Ûcs#"cs#Ûcs#Ûcs#cs#Ûcs#Ûcs# ¶bcs#2Ûcs#2Ûcs#2cs#Ûcs#Ûcs#cs#"Ûcs#"Ûcs# ¶bcs#BÛcs#BÛcs#Bcs#2Ûcs#2Ûcs#2cs#"Ûcs#"Ûcs# ¶bcs#RÛcs#RÛcs#Rcs#2Ûcs#2Ûcs#2cs#BÛcs#BÛcs#@¶bcs#bÛcs#bÛcs#bcs#RÛcs#RÛcs#Rcs#BÛcs#BÛcs#@¶bcs#rÛcs#rÛcs#rcs#RÛcs#RÛcs#Rcs#bÛcs#bÛcs#`¶bcs#ÇÛcs#ÇÛcs#Çcs#rÛcs#rÛcs#rcs#bÛcs#bÛcs#`¶bcs3Ûcs3Ûcs3cs3Ûcs3Ûcs3cs#íÛcs#íÛcs#ê¶bcs3"Ûcs3"Ûcs3"cs3Ûcs3Ûcs3cs#íÛcs#íÛcs#ê¶r6ÜñÁ6uÛ0¶bcs3RÛcs3RÛcs3Rcs3BÛcs3BÛcs3Bcs32Ûcs32Ûcs30¶bcs3bÛcs3bÛcs3bcs3RÛcs3RÛcs3Rcs32Ûcs32Ûcs30¶bcs3bÛcs3bÛcs3bcs32Ûcs32Ûcs32cs3rÛcs3rÛcs3p¶bcs3ÇÛcs3ÇÛcs3Çcs3bÛcs3bÛcs3bcs3rÛcs3rÛcs3p¶bcs3ÇÛcs3ÇÛcs3Çcs3rÛcs3rÛcs3rcs3íÛcs3íÛcs3ê¶bcsCÛcsCÛcsCcs3ÇÛcs3ÇÛcs3Çcs3íÛcs3íÛcs3ê¶bcsC2ÛcsC2ÛcsC2csC"ÛcsC"ÛcsC"csCÛcsCÛcsC¶bcsCBÛcsCBÛcsCBcsC2ÛcsC2ÛcsC2csCÛcsCÛcsC¶bcsCrÛcsCrÛcsCrcsCbÛcsCbÛcsCbcsCRÛcsCRÛcsCP¶bcsCbÛcsCbÛcsCbcsCÇÛcsCÇÛcsCÇcsCRÛcsCRÛcsCP¶bcsCbÛcsCbÛcsCbcsCíÛcsCíÛcsCícsCÇÛcsCÇÛcsCÄ¶bcsCíÛcsCíÛcsCícsSÛcsSÛcsScsCÇÛcsCÇÛcsCÄ¶bcsCíÛcsCíÛcsCícsSÛcsSÛcsScsSÛcsSÛcsS ¶bcsSÛcsSÛcsScsS"ÛcsS"ÛcsS"csSÛcsSÛcsS ¶bcsSÛcsSÛcsScsS2ÛcsS2ÛcsS2csS"ÛcsS"ÛcsS ¶bcsS2ÛcsS2ÛcsS2csSBÛcsSBÛcsSBcsS"ÛcsS"ÛcsS ¶bcsS2ÛcsS2ÛcsS2csSRÛcsSRÛcsSRcsSBÛcsSBÛcsS@¶bcsSRÛcsSRÛcsSRcsSbÛcsSbÛcsSbcsSBÛcsSBÛcsS@¶bcsSRÛcsSRÛcsSRcsSrÛcsSrÛcsSrcsSbÛcsSbÛcsS`¶bcsSrÛcsSrÛcsSrcsSÇÛcsSÇÛcsSÇcsSbÛcsSbÛcsS`¶bcscÛcscÛcsccscÛcscÛcsccsSíÛcsSíÛcsSê¶bcscÛcscÛcsccsc"Ûcsc"Ûcsc"csSíÛcsSíÛcsSê¶bcscÛcscÛcsccsc2Ûcsc2Ûcsc2csc"Ûcsc"Ûcsc ¶bcsc2Ûcsc2Ûcsc2cscBÛcscBÛcscBcsc"Ûcsc"Ûcsc ¶bcsc2Ûcsc2Ûcsc2cscRÛcscRÛcscRcscBÛcscBÛcsc@¶bcscRÛcscRÛcscRcscbÛcscbÛcscbcscBÛcscBÛcsc@¶bcscRÛcscRÛcscRcscrÛcscrÛcscrcscbÛcscbÛcsc`¶bcscrÛcscrÛcscrcscÇÛcscÇÛcscÇcscbÛcscbÛcsc`¶bcssÛcssÛcsscssÛcssÛcsscscíÛcscíÛcscê¶bcss"Ûcss"Ûcss"cssÛcssÛcsscscíÛcscíÛcscê¶bcss"Ûcss"Ûcss"cscíÛcscíÛcscícss2Ûcss2Ûcss0¶bcssBÛcssBÛcssBcss"Ûcss"Ûcss"css2Ûcss2Ûcss0¶bcssrÛcssrÛcssrcssbÛcssbÛcssbcssRÛcssRÛcssP¶bcssbÛcssbÛcssbcssÇÛcssÇÛcssÇcssRÛcssRÛcssP¶bcssbÛcssbÛcssbcssíÛcssíÛcssícssÇÛcssÇÛcssÄ¶bcssíÛcssíÛcssícsÉÛcsÉÛcsÉcssÇÛcssÇÛcssÄ¶bcssíÛcssíÛcssícsÉÛcsÉÛcsÉcsÉÛcsÉÛcsÉ ¶bcsÉÛcsÉÛcsÉcsÉ"ÛcsÉ"ÛcsÉ"csÉÛcsÉÛcsÉ ¶bcsÉÛcsÉÛcsÉcsÉ2ÛcsÉ2ÛcsÉ2csÉ"ÛcsÉ"ÛcsÉ ¶bcsÉ2ÛcsÉ2ÛcsÉ2csÉBÛcsÉBÛcsÉBcsÉ"ÛcsÉ"ÛcsÉ ¶bcsÉ2ÛcsÉ2ÛcsÉ2csÉRÛcsÉRÛcsÉRcsÉBÛcsÉBÛcsÉ@¶bcsÉRÛcsÉRÛcsÉRcsÉbÛcsÉbÛcsÉbcsÉBÛcsÉBÛcsÉ@¶bcsÉRÛcsÉRÛcsÉRcsÉrÛcsÉrÛcsÉrcsÉbÛcsÉbÛcsÉ`¶bcsÉrÛcsÉrÛcsÉrcsÉÇÛcsÉÇÛcsÉÇcsÉbÛcsÉbÛcsÉ`¶bcsìÛcsìÛcsìcsìÛcsìÛcsìcsÉíÛcsÉíÛcsÉê¶bcsìÛcsìÛcsìcsì"Ûcsì"Ûcsì"csÉíÛcsÉíÛcsÉê¶bcsìÛcsìÛcsìcsì2Ûcsì2Ûcsì2csì"Ûcsì"Ûcsì ¶bcsì2Ûcsì2Ûcsì2csìBÛcsìBÛcsìBcsì"Ûcsì"Ûcsì ¶bcsì2Ûcsì2Ûcsì2csìRÛcsìRÛcsìRcsìBÛcsìBÛcsì@¶bcsìRÛcsìRÛcsìRcsìbÛcsìbÛcsìbcsìBÛcsìBÛcsì@¶bcsìRÛcsìRÛcsìRcsìrÛcsìrÛcsìrcsìbÛcsìbÛcsì`¶bcsìrÛcsìrÛcsìrcsìÇÛcsìÇÛcsìÇcsìbÛcsìbÛcsì`¶bcÉÛcÉÛcÉcÉÛcÉÛcÉcsìíÛcsìíÛcsìê¶bcÉ"ÛcÉ"ÛcÉ"cÉÛcÉÛcÉcsìíÛcsìíÛcsìê¶bcÉRÛcÉRÛcÉRcÉBÛcÉBÛcÉBcÉ2ÛcÉ2ÛcÉ0¶bcÉbÛcÉbÛcÉbcÉRÛcÉRÛcÉRcÉ2ÛcÉ2ÛcÉ0