g Cube.002
v 0.000276332488 0.0105724288 -0.00285739941
v 0.000282197288 0.010534456 -0.00360601884
v 0.00032872826 0.0105481716 -0.00364191714
v 0.000335634948 0.0100455945 -0.00283875107
v 0.000275290018 0.0100455945 -0.00283875107
v 0.000276332488 0.0105724288 -0.00285739941
v 0.000276332488 0.00739053963 -0.00295584532
v 0.000282197288 0.0073520611 -0.00370425149
v 0.00032872794 0.0073656938 -0.00374019844
v 0.000335634948 0.00686423294 -0.00293525332
v 0.000275290018 0.00686423294 -0.00293525332
v 0.000276332488 0.00739053963 -0.00295584532
v 0.000276333099 0.00421483489 -0.00309043727
v 0.00028219758 0.00418977253 -0.00383997825
v 0.000328728551 0.00420412282 -0.0038755578
v 0.000335635239 0.00368781551 -0.00308404374
v 0.000275290309 0.00368781551 -0.00308404374
v 0.000276333099 0.00421483489 -0.00309043727
v 0.000276333099 0.00100836274 -0.00315029547
v 0.00028219758 0.000894684752 -0.00388903311
v 0.00032872826 0.00090599776 -0.00392665947
v 0.000335635239 0.00047727584 -0.00305919303
v 0.000275290309 0.00047727584 -0.00305919303
v 0.000276333099 0.00100836274 -0.00315029547
v 0.000276332488 -0.00210778229 -0.00220566895
v 0.000282197288 -0.00264743809 -0.00273456541
v 0.00032872794 -0.00265750173 -0.00277225091
v 0.000335634948 -0.00251594768 -0.00183323293
v 0.000275290018 -0.00251594768 -0.00183323293
v 0.000276332488 -0.00210778229 -0.00220566895
v 0.000276331906 -0.00310155377 0.000837362604
v 0.000282196095 -0.00378983258 0.00111006142
v 0.000328726455 -0.00383161777 0.00110362202
v 0.000335633755 -0.00282569393 0.00134048518
v 0.000275288825 -0.00282569393 0.00134048518
v 0.000276331906 -0.00310155377 0.000837362604
v 0.000276331295 -0.000607657421 0.00286228233
v 0.000282195513 -0.000728859857 0.00360336062
v 0.000328726164 -0.000751795771 0.00363478297
v 0.000335633755 -7.47466038E-05 0.00295458524
v 0.000275288825 -7.47466038E-05 0.00295458524
v 0.000276331295 -0.000607657421 0.00286228233
v 0.000276331295 0.0025890111 0.00325911655
v 0.000282195513 0.00260354043 0.00400816975
v 0.000328726164 0.00258869631 0.00404369785
v 0.000335633755 0.00311640021 0.00325372163
v 0.000275288825 0.00311640021 0.00325372163
v 0.000276331295 0.0025890111 0.00325911655
v 0.000276331295 0.00576059101 0.00347989146
v 0.000282195804 0.00576312281 0.00422967551
v 0.000328726455 0.005747783 0.00426484831
v 0.000335633464 0.00628726464 0.00348754693
v 0.000275288825 0.00628726464 0.00348754693
v 0.000276331295 0.00576059101 0.00347989146
v 0.000276331004 0.00893389434 0.00373634696
v 0.000282195804 0.00893835723 0.00448589865
v 0.000328726455 0.00892304163 0.00452115061
v 0.000335633464 0.00946110021 0.00374113768
v 0.000275288505 0.00946110021 0.00374113768
v 0.000276331004 0.00893389434 0.00373634696
v 0.000276331004 0.0121093653 0.00397492293
v 0.000282195804 0.0121177714 0.00472448254
v 0.000328726455 0.0121026486 0.00475980621
v 0.000335633464 0.0126365274 0.00397689268
v 0.000275288505 0.0126365274 0.00397689268
v 0.000276331004 0.0121093653 0.00397492293
v 0.000276331295 0.0152853196 0.00419946294
v 0.000282195804 0.0152959488 0.00494895503
v 0.000328726455 0.0152809424 0.00498433225
v 0.000335633464 0.0158123784 0.00419992488
v 0.000275288505 0.0158123784 0.00419992488
v 0.000276331295 0.0152853196 0.00419946294
v 0.000276331004 0.0184608735 0.00441922341
v 0.000282195804 0.0184714403 0.00516870897
v 0.000328726455 0.0184564348 0.00520408619
v 0.000335633464 0.0189878363 0.00441983482
v 0.000275288505 0.0189878363 0.00441983482
v 0.000276331004 0.0184608735 0.00441922341
v 0.000276331004 0.0216355417 0.00464332011
v 0.000282195804 0.021644216 0.00539285038
v 0.000328726775 0.0216291286 0.00542818708
v 0.000335633755 0.0221624281 0.00464525353
v 0.000275288825 0.0221624281 0.00464525353
v 0.000276331004 0.0216355417 0.00464332011
v 0.000276331295 0.0248086993 0.00487830397
v 0.000282196095 0.0248132534 0.00562776905
v 0.000328726775 0.0247979891 0.00566304335
v 0.000335633755 0.025335405 0.00488363393
v 0.000275288825 0.025335405 0.00488363393
v 0.000276331295 0.0248086993 0.00487830397
v 0.000276331295 0.0279797856 0.00513639068
v 0.000282195804 0.0279793851 0.00588598847
v 0.000328726775 0.0279638786 0.00592113659
v 0.000335633755 0.0285065565 0.00514484523
v 0.000275288825 0.0285065565 0.00514484523
v 0.000276331295 0.0279797856 0.00513639068
v 0.000276331295 0.0311508905 0.00540876016
v 0.000282195804 0.0311494041 0.00615838356
v 0.000328726775 0.0311338305 0.00619350234
v 0.000335633755 0.0316779874 0.00541764498
v 0.000275288825 0.0316779874 0.00541764498
v 0.000276331295 0.0311508905 0.00540876016
v 0.000276331295 0.0343249068 0.00567172095
v 0.000282195804 0.0343291536 0.00642130338
v 0.000328726455 0.0343137905 0.00645654183
v 0.000335633755 0.0348522812 0.00567692937
v 0.000275288825 0.0348522812 0.00567692937
v 0.000276331295 0.0343249068 0.00567172095
v 0.000276331295 0.0375028513 0.00590217533
v 0.000282196095 0.0375171006 0.00665175915
v 0.000328726775 0.0375021957 0.00668722717
v 0.000335633755 0.038030412 0.0058993944
v 0.000275288825 0.038030412 0.0058993944
v 0.000276331295 0.0375028513 0.00590217533
v 0.000276331295 0.0406836495 0.00608432805
v 0.000282195804 0.0407067761 0.00683338195
v 0.000328726775 0.0406923555 0.00686903531
v 0.000335633755 0.0412107185 0.00607469119
v 0.000275288825 0.0412107185 0.00607469119
v 0.000276331295 0.0406836495 0.00608432805
v 0.000276331004 0.0438555144 0.0062640598
v 0.000282195804 0.0438592248 0.00701422663
v 0.000328726164 0.043844033 0.0070493524
v 0.000335633464 0.0443811417 0.00627438212
v 0.000275288505 0.0443811417 0.00627438212
v 0.000276331004 0.0438555144 0.0062640598
v 0.000276331004 0.0470298678 0.00653491821
v 0.000282195804 0.047044497 0.00728485268
v 0.000328726164 0.0470294096 0.00732019031
v 0.000335633464 0.047558926 0.00653696386
v 0.000275288505 0.047558926 0.00653696386
v 0.000276331004 0.0470298678 0.00653491821
v 0.000276331004 0.0502473041 0.0065611545
v 0.000282195513 0.0503919199 0.0072938255
v 0.000328726455 0.0503819063 0.00733205257
v 0.000335633464 0.0507754609 0.00644215336
v 0.000275288505 0.0507754609 0.00644215336
v 0.000276331004 0.0502473041 0.0065611545
v 0.000276331295 0.053272143 0.00538137881
v 0.000282195804 0.0538607985 0.00585241616
v 0.000328726775 0.0538749285 0.00588904601
v 0.000335633755 0.0536515228 0.00497726677
v 0.000275288825 0.0536515228 0.00497726677
v 0.000276331295 0.053272143 0.00538137881
v 0.000276332488 0.054165408 0.00227808882
v 0.000282197288 0.0548673905 0.00204399601
v 0.00032872826 0.0549085028 0.00205132132
v 0.000335634948 0.0539196208 0.00177139312
v 0.000275290018 0.0539196208 0.00177139312
v 0.000276332488 0.054165408 0.00227808882
v 0.000276332779 0.0519970022 -0.000130307657
v 0.000282197288 0.0522522144 -0.000836152409
v 0.00032872826 0.0522808246 -0.000862768327
v 0.000335634948 0.0514882468 -0.000322144333
v 0.000275290018 0.0514882468 -0.000322144275
v 0.000276332779 0.0519970022 -0.000130307657
v 0.000276332488 0.0488622747 -0.000942553103
v 0.000282197288 0.0488982387 -0.00169009261
v 0.00032872826 0.0489159748 -0.00172462605
v 0.000335634948 0.0483308025 -0.000966654392
v 0.000275290018 0.0483308025 -0.000966654392
v 0.000276332488 0.0488622747 -0.000942553103
v 0.000276332779 0.0456715859 -0.00120200613
v 0.00028219758 0.0456488021 -0.00195120298
v 0.00032872826 0.0456633568 -0.00198681746
v 0.000335634948 0.0451438241 -0.00119343481
v 0.000275290018 0.0451438241 -0.00119343481
v 0.000276332779 0.0456715859 -0.00120200613
v 0.000276333099 0.0424926355 -0.00136762136
v 0.00028219758 0.0424701013 -0.00211688713
v 0.000328728551 0.0424845219 -0.00215249183
v 0.000335635239 0.0419657305 -0.0013600135
v 0.000275290309 0.0419657305 -0.00136001362
v 0.000276333099 0.0424926355 -0.00136762136
v 0.000276333099 0.0393142439 -0.00153937307
v 0.00028219758 0.0392920524 -0.00228863
v 0.000328728551 0.0393065028 -0.00232423097
v 0.000335635239 0.0387872681 -0.00153182948
v 0.0002752906 0.0387872681 -0.00153182948
v 0.000276333099 0.0393142439 -0.00153937307
v 0.000276333099 0.0361354835 -0.0017102873
v 0.00028219758 0.0361126661 -0.00245951582
v 0.000328728551 0.0361270979 -0.00249513052
v 0.000335635239 0.0356084742 -0.00170224928
v 0.000275290309 0.0356084742 -0.00170224928
v 0.000276333099 0.0361354835 -0.0017102873
v 0.000276333099 0.0329562239 -0.00187681196
v 0.00028219758 0.0329319462 -0.00262602209
v 0.000328728551 0.0329463072 -0.00266165938
v 0.000335635239 0.0324291997 -0.00186775287
v 0.000275290309 0.0324291997 -0.00186775287
v 0.000276333099 0.0329562239 -0.00187681196
v 0.000276333099 0.0297764409 -0.00203604368
v 0.00028219758 0.0297502112 -0.00278514787
v 0.00032872826 0.0297644772 -0.00282083033
v 0.000335635239 0.0292494409 -0.00202550157
v 0.000275290309 0.0292494409 -0.00202550157
v 0.000276333099 0.0297764409 -0.00203604368
v 0.000276332779 0.0265962668 -0.00218666112
v 0.000282197288 0.0265682191 -0.00293573621
v 0.00032872826 0.0265823994 -0.00297144591
v 0.000335634948 0.0260693189 -0.00217490434
v 0.000275290018 0.0260693189 -0.0021749041
v 0.000276332779 0.0265962668 -0.00218666112
v 0.000276332488 0.0234161355 -0.00233129738
v 0.000282197288 0.0233873576 -0.00308032287
v 0.00032872794 0.0234014764 -0.00311605213
v 0.000335634948 0.0228892602 -0.00231907866
v 0.000275290018 0.0228892602 -0.00231907889
v 0.000276332488 0.0234161355 -0.00233129738
v 0.000276332779 0.0202360526 -0.00247446285
v 0.00028219758 0.0202067327 -0.00322349113
v 0.00032872826 0.0202208515 -0.00325922482
v 0.000335634948 0.0197091196 -0.00246180641
v 0.000275290018 0.0197091196 -0.00246180641
v 0.000276332779 0.0202360526 -0.00247446285
v 0.000276332779 0.0170552973 -0.0026126029
v 0.000282197288 0.0170240682 -0.0033615327
v 0.00032872794 0.0170381013 -0.00339730619
v 0.000335634948 0.0165283624 -0.00259868498
v 0.000275290018 0.0165283624 -0.00259868498
v 0.000276332779 0.0170552973 -0.0026126029
v -0.000294729776 0.013697207 -0.00324950786
v -0.000294726487 0.0138429739 -0.00309542776
v -0.000294729776 0.0138314106 -0.00278968504
v -0.000294729776 0.0136745498 -0.0026469985
v -0.000294729776 0.0130418129 -0.00317276712
v -0.000294729776 0.0130271241 -0.00277179107
v -0.000294729776 0.012393808 -0.00329734758
v -0.000294729776 0.0123723214 -0.00269479537
v -0.000294726487 0.0122217601 -0.00315480423
v -0.000294729776 0.0122109335 -0.0028490345
v 5.67671632E-05 0.0112375235 -0.00273459544
v 5.6770441E-05 0.0105724288 -0.00285739987
v 5.67671632E-05 0.0105856778 -0.00325842621
v 5.67671632E-05 0.011257994 -0.0033371835
v 5.67671632E-05 0.011402104 -0.00287740771
v 5.67671632E-05 0.0114125628 -0.00318319025
v -0.000294729776 0.0107002733 -0.00275228964
v -0.000294729776 0.0105740018 -0.0029050156
v -0.000294729776 0.0105841039 -0.00321081001
v -0.000294729776 0.010720293 -0.00335489237
v -0.000294729776 0.0113731027 -0.0028307538
v -0.000294729776 0.0113868043 -0.003231765
v -0.000294729776 0.0120390411 -0.0027064865
v -0.000294729776 0.0120602297 -0.00330904964
v -0.000294729776 0.0122109335 -0.0028490345
v -0.000294726487 0.0122217601 -0.00315480423
v -0.000365576445 0.013426044 -0.00278018042
v -0.000365576445 0.0132756131 -0.00287455693
v -0.000365576445 0.013282177 -0.00305197109
v -0.000365576445 0.013439252 -0.00313500594
v -0.000365576445 0.0135830734 -0.00286321715
v -0.000365576445 0.0135897184 -0.00304062804
v -0.000365576445 0.0126193352 -0.00280993385
v -0.000365576445 0.0124688121 -0.00290424121
v -0.000365576445 0.0124751609 -0.00308166328
v -0.000365576445 0.0126321167 -0.0031647752
v -0.000365576445 0.0127762556 -0.00289297476
v -0.000365576445 0.0127826855 -0.00307039381
v -0.000365576445 0.0117909787 -0.00283919694
v -0.000365576445 0.0116403224 -0.00293330406
v -0.000365576445 0.0116464542 -0.00311073358
v -0.000365576445 0.0118033243 -0.00319405342
v -0.000365576445 0.0119477985 -0.00292251818
v -0.000365576445 0.0119540114 -0.00309994491
v -0.000365576445 0.0109885503 -0.00286679505
v -0.000365576445 0.0108377812 -0.00296057644
v -0.000365576445 0.0108437082 -0.00313801272
v -0.000365576445 0.0110004777 -0.00322166574
v -0.000365576445 0.0111452695 -0.00295044947
v -0.000365576445 0.0111512728 -0.00312788365
v -0.000346730638 0.0120416945 -0.0031834899
v -0.000346730638 0.0120272273 -0.00277180574
v -0.000346729736 0.0114990827 -0.00285683037
v -0.000346730638 0.0116405245 -0.00318390294
v -0.000326558045 0.0120611284 -0.00373651669
v -0.000326558336 0.0119112413 -0.0036074447
v 0.000324718945 0.0130914999 -0.00378151354
v 0.000335634948 0.0132277561 -0.00272838655
v 0.000335634948 0.0136995427 -0.00277748797
v 0.00032872794 0.0137341134 -0.00352954119
v -7.51608604E-05 0.0138314106 -0.0027896848
v -7.51641346E-05 0.0138429739 -0.00309542776
v -7.51608604E-05 0.013697207 -0.00324950786
v -7.51608604E-05 0.0136745498 -0.00264699804
v -7.51608604E-05 0.0130418129 -0.00317276712
v -7.51608604E-05 0.0130271241 -0.00277179107
v -7.51608604E-05 0.012393808 -0.00329734758
v -7.51608604E-05 0.0123723214 -0.00269479537
v -7.51641346E-05 0.0122217601 -0.00315480423
v -7.51608604E-05 0.0122109335 -0.0028490345
v 0.000276336068 0.0114125628 -0.00318319025
v 0.000276336068 0.011402104 -0.00287740771
v 0.000276336068 0.0115565183 -0.00272341236
v 0.000276336068 0.0115772747 -0.00332599063
v 0.000276336068 0.0122112418 -0.00280135288
v 0.000276332488 0.0122254416 -0.00320234639
v 0.000276336068 0.0128587838 -0.00267708558
v 0.000276336068 0.0128807062 -0.00327962264
v 0.000276336068 0.013023586 -0.00281959516
v 0.000276336068 0.0130347824 -0.00312535185
v -7.51608604E-05 0.0105841039 -0.00321081001
v -7.51608604E-05 0.0105740018 -0.00290501537
v -7.51608604E-05 0.0107002733 -0.00275228941
v -7.51608604E-05 0.010720293 -0.00335489237
v -7.51608604E-05 0.0113731027 -0.0028307538
v -7.51608604E-05 0.0113868043 -0.003231765
v -7.51608604E-05 0.0120390411 -0.0027064865
v -7.51608604E-05 0.0120602297 -0.00330904964
v -7.51608604E-05 0.0122109335 -0.0028490345
v -7.51641346E-05 0.0122217601 -0.00315480423
v 0.000358561258 0.013282177 -0.00305197109
v 0.000358561258 0.0132756131 -0.00287455693
v 0.000358561258 0.013426044 -0.00278018019
v 0.000358561258 0.013439252 -0.00313500571
v 0.000358561258 0.0135830734 -0.00286321691
v 0.000358561258 0.0135897184 -0.00304062804
v 0.000358561258 0.0124751609 -0.00308166281
v 0.000358561258 0.0124688121 -0.00290424097
v 0.000358561258 0.0126193352 -0.00280993385
v 0.000358561258 0.0126321167 -0.0031647752
v 0.000358561258 0.0127762556 -0.00289297453
v 0.000358561258 0.0127826855 -0.00307039334
v 0.000358561258 0.0116464542 -0.00311073335
v 0.000358561258 0.0116403224 -0.00293330359
v 0.000358561258 0.0117909787 -0.00283919647
v 0.000358561258 0.0118033243 -0.00319405342
v 0.000358561258 0.0119477985 -0.00292251818
v 0.000358561258 0.0119540114 -0.00309994491
v 0.000358561258 0.0108437082 -0.00313801272
v 0.000358561258 0.0108377812 -0.00296057644
v 0.000358561258 0.0109885503 -0.00286679459
v 0.000358561258 0.0110004777 -0.00322166551
v 0.000358561258 0.0111452695 -0.00295044947
v 0.000358561258 0.0111512728 -0.00312788319
v -0.000291555218 0.0120416945 -0.0031834899
v -0.000311727519 0.0120611284 -0.00373651669
v -0.00031172781 0.0119112413 -0.00360744493
v -0.000291555218 0.0116405245 -0.00318390294
v -0.000294729776 0.0105841039 -0.00321081001
v -7.51608604E-05 0.0105841039 -0.00321081001
v -7.51608604E-05 0.010720293 -0.00335489237
v -0.000294729776 0.010720293 -0.00335489237
v -0.000294729776 0.013697207 -0.00324950786
v -7.51608604E-05 0.013697207 -0.00324950786
v -7.51641346E-05 0.0138429739 -0.00309542776
v -0.000294726487 0.0138429739 -0.00309542776
v -0.000294729776 0.0120602297 -0.00330904964
v -7.51608604E-05 0.0120602297 -0.00330904964
v -7.51641346E-05 0.0122217601 -0.00315480423
v -0.000294726487 0.0122217601 -0.00315480423
v -0.000294729776 0.0130418129 -0.00317276712
v -7.51608604E-05 0.0130418129 -0.00317276712
v -7.51608604E-05 0.013697207 -0.00324950786
v -0.000294729776 0.013697207 -0.00324950786
v -0.000294729776 0.012393808 -0.00329734758
v -7.51608604E-05 0.012393808 -0.00329734758
v -7.51608604E-05 0.0130418129 -0.00317276712
v -0.000294729776 0.0130418129 -0.00317276712
v 5.67671632E-05 0.0128807062 -0.00327962264
v 5.67671632E-05 0.0130347824 -0.00312535185
v 5.67668649E-05 0.013023586 -0.00281959563
v 5.67671632E-05 0.0128587838 -0.00267708558
v 5.6770441E-05 0.0122254416 -0.00320234639
v 5.67668649E-05 0.0122112418 -0.00280135288
v 5.67671632E-05 0.0115772747 -0.00332599063
v 5.67668649E-05 0.0115565183 -0.00272341236
v 5.67671632E-05 0.0114125628 -0.00318319025
v 5.67671632E-05 0.011402104 -0.00287740771
v 5.67671632E-05 0.0128807062 -0.00327962264
v 0.000276336068 0.0128807062 -0.00327962264
v 0.000276336068 0.0130347824 -0.00312535185
v 5.67671632E-05 0.0130347824 -0.00312535185
v 5.6770441E-05 0.0122254416 -0.00320234639
v 0.000276332488 0.0122254416 -0.00320234639
v 0.000276336068 0.0128807062 -0.00327962264
v 5.67671632E-05 0.0128807062 -0.00327962264
v 5.67671632E-05 0.0115772747 -0.00332599063
v 0.000276336068 0.0115772747 -0.00332599063
v 0.000276332488 0.0122254416 -0.00320234639
v 5.6770441E-05 0.0122254416 -0.00320234639
v 5.67671632E-05 0.0105856778 -0.00325842621
v 0.000276336068 0.0105856778 -0.00325842621
v 0.000276336068 0.011257994 -0.0033371835
v 5.67671632E-05 0.011257994 -0.0033371835
v 0.000276336068 0.0105856778 -0.00325842621
v 0.000276332488 0.0105724288 -0.00285739941
v 0.000276336068 0.0112375235 -0.00273459544
v 0.000276336068 0.011257994 -0.0033371835
v 0.000276336068 0.011402104 -0.00287740771
v 0.000276336068 0.0114125628 -0.00318319025
v 5.67671632E-05 0.013199742 -0.00326785585
v 0.000276336068 0.013199742 -0.00326785562
v 0.000276332779 0.013844776 -0.00314303581
v 5.6770441E-05 0.013844776 -0.00314303581
v -0.000294729776 0.010720293 -0.00335489237
v -7.51608604E-05 0.010720293 -0.00335489237
v -7.51608604E-05 0.0113868043 -0.003231765
v -0.000294729776 0.0113868043 -0.003231765
v 5.67668649E-05 0.0131775327 -0.00266532949
v 5.67668649E-05 0.013023586 -0.00281959563
v 5.67671632E-05 0.0130347824 -0.00312535185
v 5.67671632E-05 0.013199742 -0.00326785585
v 5.6770441E-05 0.0138296103 -0.00274207746
v 5.6770441E-05 0.013844776 -0.00314303581
v -0.000294729776 0.0113868043 -0.003231765
v -7.51608604E-05 0.0113868043 -0.003231765
v -7.51608604E-05 0.0120602297 -0.00330904964
v -0.000294729776 0.0120602297 -0.00330904964
v -0.000365576445 0.013426044 -0.00278018042
v 0.000358561258 0.013426044 -0.00278018019
v 0.000358561258 0.0132756131 -0.00287455693
v -0.000365576445 0.0132756131 -0.00287455693
v -0.000365576445 0.0135830734 -0.00286321715
v 0.000358561258 0.0135830734 -0.00286321691
v 0.000358561258 0.013426044 -0.00278018019
v -0.000365576445 0.013426044 -0.00278018042
v -0.000365576445 0.0135897184 -0.00304062804
v 0.000358561258 0.0135897184 -0.00304062804
v 0.000358561258 0.0135830734 -0.00286321691
v -0.000365576445 0.0135830734 -0.00286321715
v -0.000365576445 0.013439252 -0.00313500594
v 0.000358561258 0.013439252 -0.00313500571
v 0.000358561258 0.0135897184 -0.00304062804
v -0.000365576445 0.0135897184 -0.00304062804
v -0.000365576445 0.013282177 -0.00305197109
v 0.000358561258 0.013282177 -0.00305197109
v 0.000358561258 0.013439252 -0.00313500571
v -0.000365576445 0.013439252 -0.00313500594
v -0.000365576445 0.0132756131 -0.00287455693
v 0.000358561258 0.0132756131 -0.00287455693
v 0.000358561258 0.013282177 -0.00305197109
v -0.000365576445 0.013282177 -0.00305197109
v -0.000365576445 0.0126193352 -0.00280993385
v 0.000358561258 0.0126193352 -0.00280993385
v 0.000358561258 0.0124688121 -0.00290424097
v -0.000365576445 0.0124688121 -0.00290424121
v -0.000365576445 0.0127762556 -0.00289297476
v 0.000358561258 0.0127762556 -0.00289297453
v 0.000358561258 0.0126193352 -0.00280993385
v -0.000365576445 0.0126193352 -0.00280993385
v -0.000365576445 0.0127826855 -0.00307039381
v 0.000358561258 0.0127826855 -0.00307039334
v 0.000358561258 0.0127762556 -0.00289297453
v -0.000365576445 0.0127762556 -0.00289297476
v -0.000365576445 0.0126321167 -0.0031647752
v 0.000358561258 0.0126321167 -0.0031647752
v 0.000358561258 0.0127826855 -0.00307039334
v -0.000365576445 0.0127826855 -0.00307039381
v -0.000365576445 0.0124751609 -0.00308166328
v 0.000358561258 0.0124751609 -0.00308166281
v 0.000358561258 0.0126321167 -0.0031647752
v -0.000365576445 0.0126321167 -0.0031647752
v -0.000365576445 0.0124688121 -0.00290424121
v 0.000358561258 0.0124688121 -0.00290424097
v 0.000358561258 0.0124751609 -0.00308166281
v -0.000365576445 0.0124751609 -0.00308166328
v -0.000365576445 0.0117909787 -0.00283919694
v 0.000358561258 0.0117909787 -0.00283919647
v 0.000358561258 0.0116403224 -0.00293330359
v -0.000365576445 0.0116403224 -0.00293330406
v -0.000365576445 0.0119477985 -0.00292251818
v 0.000358561258 0.0119477985 -0.00292251818
v 0.000358561258 0.0117909787 -0.00283919647
v -0.000365576445 0.0117909787 -0.00283919694
v -0.000365576445 0.0119540114 -0.00309994491
v 0.000358561258 0.0119540114 -0.00309994491
v 0.000358561258 0.0119477985 -0.00292251818
v -0.000365576445 0.0119477985 -0.00292251818
v -0.000365576445 0.0118033243 -0.00319405342
v 0.000358561258 0.0118033243 -0.00319405342
v 0.000358561258 0.0119540114 -0.00309994491
v -0.000365576445 0.0119540114 -0.00309994491
v -0.000365576445 0.0116464542 -0.00311073358
v 0.000358561258 0.0116464542 -0.00311073335
v 0.000358561258 0.0118033243 -0.00319405342
v -0.000365576445 0.0118033243 -0.00319405342
v -0.000365576445 0.0116403224 -0.00293330406
v 0.000358561258 0.0116403224 -0.00293330359
v 0.000358561258 0.0116464542 -0.00311073335
v -0.000365576445 0.0116464542 -0.00311073358
v -0.000365576445 0.0109885503 -0.00286679505
v 0.000358561258 0.0109885503 -0.00286679459
v 0.000358561258 0.0108377812 -0.00296057644
v -0.000365576445 0.0108377812 -0.00296057644
v -0.000365576445 0.0111452695 -0.00295044947
v 0.000358561258 0.0111452695 -0.00295044947
v 0.000358561258 0.0109885503 -0.00286679459
v -0.000365576445 0.0109885503 -0.00286679505
v -0.000365576445 0.0111512728 -0.00312788365
v 0.000358561258 0.0111512728 -0.00312788319
v 0.000358561258 0.0111452695 -0.00295044947
v -0.000365576445 0.0111452695 -0.00295044947
v -0.000365576445 0.0110004777 -0.00322166574
v 0.000358561258 0.0110004777 -0.00322166551
v 0.000358561258 0.0111512728 -0.00312788319
v -0.000365576445 0.0111512728 -0.00312788365
v -0.000365576445 0.0108437082 -0.00313801272
v 0.000358561258 0.0108437082 -0.00313801272
v 0.000358561258 0.0110004777 -0.00322166551
v -0.000365576445 0.0110004777 -0.00322166574
v -0.000365576445 0.0108377812 -0.00296057644
v 0.000358561258 0.0108377812 -0.00296057644
v 0.000358561258 0.0108437082 -0.00313801272
v -0.000365576445 0.0108437082 -0.00313801272
v 5.86137176E-05 0.0131550981 -0.00374283176
v 5.86137176E-05 0.0131478906 -0.00372417388
v 0.000182038246 0.0131100798 -0.00372793456
v 0.000182038246 0.013124547 -0.00376541191
v 0.000324718945 0.0130914999 -0.00378151354
v 0.000286206603 0.0130747575 -0.00373817445
v 0.000275290018 0.0132277561 -0.00272838655
v 0.000335634948 0.0132277561 -0.00272838655
v -0.000326558336 0.0119112413 -0.0036074447
v -0.00031172781 0.0119112413 -0.00360744493
v -0.000311727519 0.0120611284 -0.00373651669
v -0.000326558045 0.0120611284 -0.00373651669
v -0.000346730638 0.0120272273 -0.00277180574
v -0.000286385999 0.0120272273 -0.00277180574
v -0.000286386901 0.0114990827 -0.00285683037
v -0.000346729736 0.0114990827 -0.00285683037
v -0.000326558045 0.0120611284 -0.00373651669
v -0.000311727519 0.0120611284 -0.00373651669
v -0.000291555218 0.0120416945 -0.0031834899
v -0.000346730638 0.0120416945 -0.0031834899
v -0.000291555218 0.0120416945 -0.0031834899
v -0.000286385999 0.0120272273 -0.00277180574
v -0.000346730638 0.0120272273 -0.00277180574
v -0.000346729736 0.0114990827 -0.00285683037
v -0.000286386901 0.0114990827 -0.00285683037
v -0.000291555218 0.0116405245 -0.00318390294
v -0.000346730638 0.0116405245 -0.00318390294
v -0.000346730638 0.0116405245 -0.00318390294
v -0.000291555218 0.0116405245 -0.00318390294
v -0.00031172781 0.0119112413 -0.00360744493
v -0.000326558336 0.0119112413 -0.0036074447
v 0.000182038246 0.013124547 -0.00376541191
v 0.000182038246 0.0131100798 -0.00372793456
v 0.000286206603 0.0130747575 -0.00373817445
v 0.000324718945 0.0130914999 -0.00378151354
v 7.13914596E-06 0.0137344236 -0.00353035796
v -0.000291184464 0.0137307812 -0.00352094858
v 5.86137176E-05 0.0131550981 -0.00374283176
v 0.000182038246 0.013124547 -0.00376541191
v 0.00032872794 0.0137341134 -0.00352954119
v 7.13914596E-06 0.0137344236 -0.00353035796
v 0.000182038246 0.013124547 -0.00376541191
v 0.000324718945 0.0130914999 -0.00378151354
v -0.000291184464 0.0137235587 -0.00350229116
v 7.13914596E-06 0.0137199163 -0.00349288154
v 0.000182038246 0.0131100798 -0.00372793456
v 5.86137176E-05 0.0131478906 -0.00372417388
v 0.000275290018 0.0132277561 -0.00272838655
v 0.000286206603 0.0130747575 -0.00373817445
v 0.000282197288 0.0137202255 -0.00349369878
v 0.000275290018 0.0136995427 -0.00277748797
v 7.13914596E-06 0.0137199163 -0.00349288154
v 0.000282197288 0.0137202255 -0.00349369878
v 0.000286206603 0.0130747575 -0.00373817445
v 0.000182038246 0.0131100798 -0.00372793456
v -0.000291184464 0.0137307812 -0.00352094858
v -0.000291184464 0.0137235587 -0.00350229116
v 5.86137176E-05 0.0131478906 -0.00372417388
v 5.86137176E-05 0.0131550981 -0.00374283176
v 7.13914596E-06 0.0137344236 -0.00353035796
v 7.13914596E-06 0.0137199163 -0.00349288154
v -0.000291184464 0.0137235587 -0.00350229116
v -0.000291184464 0.0137307812 -0.00352094858
v 0.00032872794 0.0137341134 -0.00352954119
v 7.13914596E-06 0.0137199163 -0.00349288154
v 0.000282197288 0.0137202255 -0.00349369878
v 0.000335634948 0.0136995427 -0.00277748797
v 0.000275290018 0.0136995427 -0.00277748797
v 0.000282197288 0.0137202255 -0.00349369878
v 0.00032872794 0.0137341134 -0.00352954119
v 0.000335634948 0.0132277561 -0.00272838655
v 0.000275290018 0.0132277561 -0.00272838655
v 0.000275290018 0.0136995427 -0.00277748797
v 0.000335634948 0.0136995427 -0.00277748797
v 0.000276336068 0.0130347824 -0.00312535185
v 0.000276336068 0.013023586 -0.00281959516
v 0.000276335777 0.0131775327 -0.00266532949
v 0.000276336068 0.013199742 -0.00326785562
v 0.000276332779 0.0138296103 -0.00274207699
v 0.000276332779 0.013844776 -0.00314303581
v -0.000294726487 0.0122217601 -0.00315480423
v -7.51641346E-05 0.0122217601 -0.00315480423
v -7.51608604E-05 0.012393808 -0.00329734758
v -0.000294729776 0.012393808 -0.00329734758
v 5.67671632E-05 0.0114125628 -0.00318319025
v 0.000276336068 0.0114125628 -0.00318319025
v 0.000276336068 0.0115772747 -0.00332599063
v 5.67671632E-05 0.0115772747 -0.00332599063
v 5.67671632E-05 0.011257994 -0.0033371835
v 0.000276336068 0.011257994 -0.0033371835
v 0.000276336068 0.0114125628 -0.00318319025
v 5.67671632E-05 0.0114125628 -0.00318319025
v 5.67671632E-05 0.0130347824 -0.00312535185
v 0.000276336068 0.0130347824 -0.00312535185
v 0.000276336068 0.013199742 -0.00326785562
v 5.67671632E-05 0.013199742 -0.00326785585
v 5.67671632E-05 0.00805558637 -0.00283515686
v 5.6770441E-05 0.00739053963 -0.00295584532
v 5.67671632E-05 0.0074033523 -0.00335688563
v 5.67671632E-05 0.00807436928 -0.00343779963
v 5.67671632E-05 0.00821966119 -0.0029788157
v 5.67671632E-05 0.00822915044 -0.0032846299
v -0.000294729776 0.0075184512 -0.00285118003
v -0.000294729776 0.00739206048 -0.00300346245
v -0.000294729776 0.00740183098 -0.00330926804
v -0.000294729776 0.00753751257 -0.00345381442
v -0.000294729776 0.00819083676 -0.00293201255
v -0.000294729776 0.00820329133 -0.00333306449
v -0.000294729776 0.0088570118 -0.00281106029
v -0.000294729776 0.00887556095 -0.00341370981
v -0.000294729776 0.00902827922 -0.00295427372
v -0.000294726487 0.00903775636 -0.00326008839
v -0.000365576445 0.0102436226 -0.00289132819
v -0.000365576445 0.0100927707 -0.00298511237
v -0.000365576445 0.0100985141 -0.00316255493
v -0.000365576445 0.0102551812 -0.00324621145
v -0.000365576445 0.0104002496 -0.0029749861
v -0.000365576445 0.0104060695 -0.0031524261
v -0.000365576736 0.00943680946 -0.00291695679
v -0.000365576445 0.00928587653 -0.00301047857
v -0.000365576445 0.00929143373 -0.00318792695
v -0.000365576445 0.00944799371 -0.00327185215
v -0.000365576445 0.00959336013 -0.00300088222
v -0.000365576445 0.00959898718 -0.00317832828
v -0.000365576445 0.00860844832 -0.00294265244
v -0.000365576445 0.00845753867 -0.00303596142
v -0.000365576445 0.00846300833 -0.00321341259
v -0.000365576445 0.00861934386 -0.00329755666
v -0.000365576445 0.00876483228 -0.00302674086
v -0.000365576445 0.00877027214 -0.00320419273
v -0.000365576445 0.00780637981 -0.00296657835
v -0.000365576445 0.00765552977 -0.00305988546
v -0.000365576445 0.00766112329 -0.00323733268
v -0.000365576445 0.0078175189 -0.00332147512
v -0.000365576445 0.00796280801 -0.00305071939
v -0.000365576445 0.00796835404 -0.00322816777
v -0.000346730638 0.00885757897 -0.00328807812
v -0.000346730929 0.00884491391 -0.00287633436
v -0.000346729736 0.00831665471 -0.00295874965
v -0.000346730638 0.00845681131 -0.00328654633
v -0.000326558336 0.00887459051 -0.00384118478
v -0.000326558045 0.0087253619 -0.00371149997
v 0.000276336068 0.00822915044 -0.00328462943
v 0.000276336068 0.00821966119 -0.00297881546
v 0.000276336068 0.00837453548 -0.00282564247
v 0.000276336068 0.00839315634 -0.00342829037
v 0.000276336068 0.00902878307 -0.00290659326
v 0.000276332779 0.00904121157 -0.00330764544
v 0.000276336068 0.00967685878 -0.00278547197
v 0.000276336068 0.00969603751 -0.00338810217
v 0.000276336068 0.00984101277 -0.00292890775
v 0.000276336068 0.00985080656 -0.00323471241
v -7.51608604E-05 0.00740183098 -0.00330926804
v -7.51608604E-05 0.00739206048 -0.00300346245
v -7.51608604E-05 0.0075184512 -0.00285118003
v -7.51608604E-05 0.00753751257 -0.00345381396
v -7.51608604E-05 0.00819083676 -0.00293201255
v -7.51608604E-05 0.00820329133 -0.00333306426
v -7.51608604E-05 0.0088570118 -0.00281106029
v -7.51608604E-05 0.00887556095 -0.00341370981
v -7.51608604E-05 0.00902827922 -0.00295427372
v -7.51641346E-05 0.00903775636 -0.00326008839
v 0.000358561258 0.0100985141 -0.0031625547
v 0.000358561258 0.0100927707 -0.00298511237
v 0.000358561258 0.0102436226 -0.00289132795
v 0.000358561258 0.0102551812 -0.00324621145
v 0.000358561258 0.0104002496 -0.00297498587
v 0.000358561258 0.0104060695 -0.00315242587
v 0.000358561258 0.00929143373 -0.00318792695
v 0.000358561258 0.00928587653 -0.00301047857
v 0.000358561258 0.00943680946 -0.00291695655
v 0.000358561258 0.00944799371 -0.00327185169
v 0.000358561258 0.00959336013 -0.00300088199
v 0.000358561258 0.00959898718 -0.00317832828
v 0.000358561258 0.00846300833 -0.00321341236
v 0.000358561258 0.00845753867 -0.00303596142
v 0.000358561258 0.00860844832 -0.00294265244
v 0.000358561258 0.00861934386 -0.00329755666
v 0.000358561258 0.00876483228 -0.00302674039
v 0.000358561258 0.00877027214 -0.00320419273
v 0.000358561258 0.00766112329 -0.00323733268
v 0.000358561258 0.00765552977 -0.00305988546
v 0.000358561258 0.00780637981 -0.00296657835
v 0.000358561258 0.0078175189 -0.00332147465
v 0.000358561258 0.00796280801 -0.00305071915
v 0.000358561258 0.00796835404 -0.00322816777
v -0.000291555218 0.00885757897 -0.00328807812
v -0.00031172781 0.00887459051 -0.00384118478
v -0.000311727519 0.0087253619 -0.00371149997
v -0.000291555218 0.00845681131 -0.00328654633
v -0.000294729776 0.00740183098 -0.00330926804
v -7.51608604E-05 0.00740183098 -0.00330926804
v -7.51608604E-05 0.00753751257 -0.00345381396
v -0.000294729776 0.00753751257 -0.00345381442
v -0.000294729776 0.00887556095 -0.00341370981
v -7.51608604E-05 0.00887556095 -0.00341370981
v -7.51641346E-05 0.00903775636 -0.00326008839
v -0.000294726487 0.00903775636 -0.00326008839
v -0.000294729776 0.00985761825 -0.00328216492
v -7.51608604E-05 0.00985761825 -0.00328216492
v -7.51608604E-05 0.0105125783 -0.0033617334
v -0.000294729776 0.0105125783 -0.0033617334
v -0.000294729776 0.00920912996 -0.00340329949
v -7.51605621E-05 0.00920912996 -0.00340329949
v -7.51608604E-05 0.00985761825 -0.00328216492
v -0.000294729776 0.00985761825 -0.00328216492
v 5.67671632E-05 0.00969603751 -0.00338810263
v 5.67671632E-05 0.00985080656 -0.00323471241
v 5.67668649E-05 0.00984101277 -0.00292890775
v 5.67668649E-05 0.00967685878 -0.00278547197
v 5.6770441E-05 0.00904121157 -0.00330764591
v 5.67668649E-05 0.00902878307 -0.00290659326
v 5.67671632E-05 0.00839315634 -0.00342829037
v 5.67668649E-05 0.00837453548 -0.00282564247
v 5.67671632E-05 0.00822915044 -0.0032846299
v 5.67671632E-05 0.00821966119 -0.0029788157
v 5.67671632E-05 0.00969603751 -0.00338810263
v 0.000276336068 0.00969603751 -0.00338810217
v 0.000276336068 0.00985080656 -0.00323471241
v 5.67671632E-05 0.00985080656 -0.00323471241
v -7.51641346E-05 0.00903775636 -0.00326008839
v -7.51608604E-05 0.00902827922 -0.00295427372
v -7.51608604E-05 0.00919032563 -0.00280065718
v -7.51605621E-05 0.00920912996 -0.00340329949
v -7.51608604E-05 0.00984477066 -0.00288112578
v -7.51608604E-05 0.00985761825 -0.00328216492
v -7.51608604E-05 0.0104927346 -0.00275912485
v -7.51608604E-05 0.0105125783 -0.0033617334
v -7.51608604E-05 0.0105740018 -0.00290501537
v -7.51608604E-05 0.0105841039 -0.00321081001
v 5.6770441E-05 0.00904121157 -0.00330764591
v 0.000276332779 0.00904121157 -0.00330764544
v 0.000276336068 0.00969603751 -0.00338810217
v 5.67671632E-05 0.00969603751 -0.00338810263
v 5.67671632E-05 0.00839315634 -0.00342829037
v 0.000276336068 0.00839315634 -0.00342829037
v 0.000276332779 0.00904121157 -0.00330764544
v 5.6770441E-05 0.00904121157 -0.00330764591
v -0.000294729776 0.00919032563 -0.00280065741
v -0.000294729776 0.00902827922 -0.00295427372
v -0.000294726487 0.00903775636 -0.00326008839
v -0.000294729776 0.00920912996 -0.00340329949
v -0.000294729776 0.00984477066 -0.00288112578
v -0.000294729776 0.00985761825 -0.00328216492
v -0.000294729776 0.0104927346 -0.00275912485
v -0.000294729776 0.0105125783 -0.0033617334
v -0.000294729776 0.0105740018 -0.0029050156
v -0.000294729776 0.0105841039 -0.00321081001
v 5.67671632E-05 0.0074033523 -0.00335688563
v 0.000276336068 0.0074033523 -0.00335688563
v 0.000276336068 0.00807436928 -0.00343779963
v 5.67671632E-05 0.00807436928 -0.00343779963
v 0.000276336068 0.0074033523 -0.00335688563
v 0.000276332488 0.00739053963 -0.00295584532
v 0.000276336068 0.00805558637 -0.00283515686
v 0.000276336068 0.00807436928 -0.00343779963
v 0.000276336068 0.00821966119 -0.00297881546
v 0.000276336068 0.00822915044 -0.00328462943
v -0.000294729776 0.00753751257 -0.00345381442
v -7.51608604E-05 0.00753751257 -0.00345381396
v -7.51608604E-05 0.00820329133 -0.00333306426
v -0.000294729776 0.00820329133 -0.00333306449
v -0.000294729776 0.00820329133 -0.00333306449
v -7.51608604E-05 0.00820329133 -0.00333306426
v -7.51608604E-05 0.00887556095 -0.00341370981
v -0.000294729776 0.00887556095 -0.00341370981
v -0.000365576445 0.0102436226 -0.00289132819
v 0.000358561258 0.0102436226 -0.00289132795
v 0.000358561258 0.0100927707 -0.00298511237
v -0.000365576445 0.0100927707 -0.00298511237
v -0.000365576445 0.0104002496 -0.0029749861
v 0.000358561258 0.0104002496 -0.00297498587
v 0.000358561258 0.0102436226 -0.00289132795
v -0.000365576445 0.0102436226 -0.00289132819
v -0.000365576445 0.0104060695 -0.0031524261
v 0.000358561258 0.0104060695 -0.00315242587
v 0.000358561258 0.0104002496 -0.00297498587
v -0.000365576445 0.0104002496 -0.0029749861
v -0.000365576445 0.0102551812 -0.00324621145
v 0.000358561258 0.0102551812 -0.00324621145
v 0.000358561258 0.0104060695 -0.00315242587
v -0.000365576445 0.0104060695 -0.0031524261
v -0.000365576445 0.0100985141 -0.00316255493
v 0.000358561258 0.0100985141 -0.0031625547
v 0.000358561258 0.0102551812 -0.00324621145
v -0.000365576445 0.0102551812 -0.00324621145
v -0.000365576445 0.0100927707 -0.00298511237
v 0.000358561258 0.0100927707 -0.00298511237
v 0.000358561258 0.0100985141 -0.0031625547
v -0.000365576445 0.0100985141 -0.00316255493
v -0.000365576736 0.00943680946 -0.00291695679
v 0.000358561258 0.00943680946 -0.00291695655
v 0.000358561258 0.00928587653 -0.00301047857
v -0.000365576445 0.00928587653 -0.00301047857
v -0.000365576445 0.00959336013 -0.00300088222
v 0.000358561258 0.00959336013 -0.00300088199
v 0.000358561258 0.00943680946 -0.00291695655
v -0.000365576736 0.00943680946 -0.00291695679
v -0.000365576445 0.00959898718 -0.00317832828
v 0.000358561258 0.00959898718 -0.00317832828
v 0.000358561258 0.00959336013 -0.00300088199
v -0.000365576445 0.00959336013 -0.00300088222
v -0.000365576445 0.00944799371 -0.00327185215
v 0.000358561258 0.00944799371 -0.00327185169
v 0.000358561258 0.00959898718 -0.00317832828
v -0.000365576445 0.00959898718 -0.00317832828
v -0.000365576445 0.00929143373 -0.00318792695
v 0.000358561258 0.00929143373 -0.00318792695
v 0.000358561258 0.00944799371 -0.00327185169
v -0.000365576445 0.00944799371 -0.00327185215
v -0.000365576445 0.00928587653 -0.00301047857
v 0.000358561258 0.00928587653 -0.00301047857
v 0.000358561258 0.00929143373 -0.00318792695
v -0.000365576445 0.00929143373 -0.00318792695
v -0.000365576445 0.00860844832 -0.00294265244
v 0.000358561258 0.00860844832 -0.00294265244
v 0.000358561258 0.00845753867 -0.00303596142
v -0.000365576445 0.00845753867 -0.00303596142
v -0.000365576445 0.00876483228 -0.00302674086
v 0.000358561258 0.00876483228 -0.00302674039
v 0.000358561258 0.00860844832 -0.00294265244
v -0.000365576445 0.00860844832 -0.00294265244
v -0.000365576445 0.00877027214 -0.00320419273
v 0.000358561258 0.00877027214 -0.00320419273
v 0.000358561258 0.00876483228 -0.00302674039
v -0.000365576445 0.00876483228 -0.00302674086
v -0.000365576445 0.00861934386 -0.00329755666
v 0.000358561258 0.00861934386 -0.00329755666
v 0.000358561258 0.00877027214 -0.00320419273
v -0.000365576445 0.00877027214 -0.00320419273
v -0.000365576445 0.00846300833 -0.00321341259
v 0.000358561258 0.00846300833 -0.00321341236
v 0.000358561258 0.00861934386 -0.00329755666
v -0.000365576445 0.00861934386 -0.00329755666
v -0.000365576445 0.00845753867 -0.00303596142
v 0.000358561258 0.00845753867 -0.00303596142
v 0.000358561258 0.00846300833 -0.00321341236
v -0.000365576445 0.00846300833 -0.00321341259
v -0.000365576445 0.00780637981 -0.00296657835
v 0.000358561258 0.00780637981 -0.00296657835
v 0.000358561258 0.00765552977 -0.00305988546
v -0.000365576445 0.00765552977 -0.00305988546
v -0.000365576445 0.00796280801 -0.00305071939
v 0.000358561258 0.00796280801 -0.00305071915
v 0.000358561258 0.00780637981 -0.00296657835
v -0.000365576445 0.00780637981 -0.00296657835
v -0.000365576445 0.00796835404 -0.00322816777
v 0.000358561258 0.00796835404 -0.00322816777
v 0.000358561258 0.00796280801 -0.00305071915
v -0.000365576445 0.00796280801 -0.00305071939
v -0.000365576445 0.0078175189 -0.00332147512
v 0.000358561258 0.0078175189 -0.00332147465
v 0.000358561258 0.00796835404 -0.00322816777
v -0.000365576445 0.00796835404 -0.00322816777
v -0.000365576445 0.00766112329 -0.00323733268
v 0.000358561258 0.00766112329 -0.00323733268
v 0.000358561258 0.0078175189 -0.00332147465
v -0.000365576445 0.0078175189 -0.00332147512
v -0.000365576445 0.00765552977 -0.00305988546
v 0.000358561258 0.00765552977 -0.00305988546
v 0.000358561258 0.00766112329 -0.00323733268
v -0.000365576445 0.00766112329 -0.00323733268
v 5.86137176E-05 0.00996826123 -0.00385284424
v 5.86137176E-05 0.0099611422 -0.00383414607
v 0.000182038246 0.00992331747 -0.00383769255
v 0.000182038246 0.00993761793 -0.00387524953
v 0.000324718945 0.00990450382 -0.00389116281
v 0.000286206603 0.00988795236 -0.00384773128
v 0.000275290018 0.0100455945 -0.00283875107
v 0.000335634948 0.0100455945 -0.00283875107
v -0.000326558045 0.0087253619 -0.00371149997
v -0.000311727519 0.0087253619 -0.00371149997
v -0.00031172781 0.00887459051 -0.00384118478
v -0.000326558336 0.00887459051 -0.00384118478
v -0.000346730929 0.00884491391 -0.00287633436
v -0.000286385999 0.00884491391 -0.00287633436
v -0.000286386901 0.00831665471 -0.00295874965
v -0.000346729736 0.00831665471 -0.00295874965
v -0.000326558336 0.00887459051 -0.00384118478
v -0.00031172781 0.00887459051 -0.00384118478
v -0.000291555218 0.00885757897 -0.00328807812
v -0.000346730638 0.00885757897 -0.00328807812
v -0.000291555218 0.00885757897 -0.00328807812
v -0.000286385999 0.00884491391 -0.00287633436
v -0.000346730929 0.00884491391 -0.00287633436
v -0.000346729736 0.00831665471 -0.00295874965
v -0.000286386901 0.00831665471 -0.00295874965
v -0.000291555218 0.00845681131 -0.00328654633
v -0.000346730638 0.00845681131 -0.00328654633
v -0.000346730638 0.00845681131 -0.00328654633
v -0.000291555218 0.00845681131 -0.00328654633
v -0.000311727519 0.0087253619 -0.00371149997
v -0.000326558045 0.0087253619 -0.00371149997
v 0.000182038246 0.00993761793 -0.00387524953
v 0.000182038246 0.00992331747 -0.00383769255
v 0.000286206603 0.00988795236 -0.00384773128
v 0.000324718945 0.00990450382 -0.00389116281
v 7.13914596E-06 0.0105484864 -0.00364273484
v -0.000291184464 0.0105448812 -0.00363331125
v 5.86137176E-05 0.00996826123 -0.00385284424
v 0.000182038246 0.00993761793 -0.00387524953
v 0.00032872826 0.0105481716 -0.00364191714
v 7.13914596E-06 0.0105484864 -0.00364273484
v 0.000182038246 0.00993761793 -0.00387524953
v 0.000324718945 0.00990450382 -0.00389116281
v -0.000291184464 0.0105377454 -0.00361462473
v 7.13914596E-06 0.0105341477 -0.00360520114
v 0.000182038246 0.00992331747 -0.00383769255
v 5.86137176E-05 0.0099611422 -0.00383414607
v 7.13914596E-06 0.0105341477 -0.00360520114
v 0.000282197288 0.010534456 -0.00360601884
v 0.000286206603 0.00988795236 -0.00384773128
v 0.000182038246 0.00992331747 -0.00383769255
v -0.000291184464 0.0105448812 -0.00363331125
v -0.000291184464 0.0105377454 -0.00361462473
v 5.86137176E-05 0.0099611422 -0.00383414607
v 5.86137176E-05 0.00996826123 -0.00385284424
v 7.13914596E-06 0.0105484864 -0.00364273484
v 7.13914596E-06 0.0105341477 -0.00360520114
v -0.000291184464 0.0105377454 -0.00361462473
v -0.000291184464 0.0105448812 -0.00363331125
v 0.00032872826 0.0105481716 -0.00364191714
v 7.13914596E-06 0.0105341477 -0.00360520114
v 0.000282197288 0.010534456 -0.00360601884
v -0.000294726487 0.00903775636 -0.00326008839
v -7.51641346E-05 0.00903775636 -0.00326008839
v -7.51605621E-05 0.00920912996 -0.00340329949
v -0.000294729776 0.00920912996 -0.00340329949
v 5.67671632E-05 0.00822915044 -0.0032846299
v 0.000276336068 0.00822915044 -0.00328462943
v 0.000276336068 0.00839315634 -0.00342829037
v 5.67671632E-05 0.00839315634 -0.00342829037
v 5.67671632E-05 0.00807436928 -0.00343779963
v 0.000276336068 0.00807436928 -0.00343779963
v 0.000276336068 0.00822915044 -0.00328462943
v 5.67671632E-05 0.00822915044 -0.0032846299
v 5.67671632E-05 0.00985080656 -0.00323471241
v 0.000276336068 0.00985080656 -0.00323471241
v 0.000276336359 0.0100150891 -0.00337811722
v 5.67671632E-05 0.0100150891 -0.00337811722
v 5.67671632E-05 0.00487760315 -0.00295215566
v 5.67707393E-05 0.00421483489 -0.0030904375
v 5.67674615E-05 0.00423501944 -0.00349117443
v 5.67674615E-05 0.00490895007 -0.00355427549
v 5.67674615E-05 0.00504438858 -0.00309240981
v 5.67674615E-05 0.0050599766 -0.00339797395
v -0.000294729456 0.00434083445 -0.00298234774
v -0.000294729456 0.00421723351 -0.00313801877
v -0.000294729456 0.00423262361 -0.00344359269
v -0.000294729456 0.00437136414 -0.00358450972
v -0.000294729456 0.00501469616 -0.00304610329
v -0.000294729456 0.00503527373 -0.00344682019
v -0.000294729456 0.00567727769 -0.00291419984
v -0.000294729456 0.00570314145 -0.00351657975
v -0.000294729456 0.0058495854 -0.00305479555
v -0.000294726196 0.00586207118 -0.00336050196
v -0.000365576445 0.00706211291 -0.00298855407
v -0.000365576445 0.00691157579 -0.00308176456
v -0.000365576445 0.00691756234 -0.00325919921
v -0.000365576445 0.0070738839 -0.00334343035
v -0.000365576445 0.00721853459 -0.00307278149
v -0.000365576445 0.00722431904 -0.00325022265
v -0.000365576154 0.00625631539 -0.00301213493
v -0.000365576154 0.00610643113 -0.00310707185
v -0.000365576154 0.00611310685 -0.00328448135
v -0.000365576154 0.00626914948 -0.00336697442
v -0.000365576154 0.00641300669 -0.00309635396
v -0.000365576154 0.00641932245 -0.00327377673
v -0.000365576154 0.00543122739 -0.00304976106
v -0.000365576154 0.00528241135 -0.00314557715
v -0.000365576154 0.00529093016 -0.00332290796
v -0.000365576154 0.00544758327 -0.00340445573
v -0.000365576154 0.00558821904 -0.00313129183
v -0.000365576154 0.00559605332 -0.00330865406
v -0.000365576154 0.00463105412 -0.00309015019
v -0.000365576154 0.00448196148 -0.00318744313
v -0.000365576154 0.00449100975 -0.00336474809
v -0.000365576154 0.00464928849 -0.00344475312
v -0.000365576154 0.0047892523 -0.00317015965
v -0.000365576154 0.0047984384 -0.00334745739
v -0.000346730347 0.00568376761 -0.00339121651
v -0.000346730347 0.00566602452 -0.00297966064
v -0.000346729445 0.00514065754 -0.00307073118
v -0.000346730347 0.00528605469 -0.00339613203
v -0.000326557754 0.00570760481 -0.00394407101
v -0.000326558045 0.00555882184 -0.00381663325
v 0.00027633665 0.0050599766 -0.00339797395
v 0.000276336359 0.00504438858 -0.00309240981
v 0.000276336068 0.00519593246 -0.00293668406
v 0.000276336359 0.00522544375 -0.00353889703
v 0.000276336359 0.0058496166 -0.00300710136
v 0.000276333099 0.00586598134 -0.00340801221
v 0.000276336359 0.00649562338 -0.00288114906
v 0.000276336359 0.00651687384 -0.00348370988
v 0.000276336068 0.00666007027 -0.0030248845
v 0.000276336068 0.00667067291 -0.00333066192
v -7.51605621E-05 0.00423262361 -0.00344359269
v -7.51605621E-05 0.00421723351 -0.00313801877
v -7.51605621E-05 0.00434083445 -0.00298234774
v -7.51605621E-05 0.00437136414 -0.00358450972
v -7.51605621E-05 0.00501469616 -0.00304610305
v -7.51605621E-05 0.00503527373 -0.00344681996
v -7.51605621E-05 0.00567727769 -0.00291419984
v -7.51605621E-05 0.00570314145 -0.00351657975
v -7.51605621E-05 0.0058495854 -0.00305479555
v -7.51638363E-05 0.00586207118 -0.00336050196
v 0.000358561258 0.00691756234 -0.00325919897
v 0.000358561258 0.00691157579 -0.00308176456
v 0.000358561258 0.00706211291 -0.00298855384
v 0.000358561258 0.0070738839 -0.00334343011
v 0.000358561258 0.00721853459 -0.00307278126
v 0.000358561578 0.00722431904 -0.00325022242
v 0.000358561869 0.00611310685 -0.00328448135
v 0.000358561578 0.00610643113 -0.00310707139
v 0.000358561578 0.00625631539 -0.00301213493
v 0.000358561578 0.00626914948 -0.00336697418
v 0.000358561578 0.00641300669 -0.00309635373
v 0.000358561578 0.00641932245 -0.00327377673
v 0.000358561578 0.00529093016 -0.00332290796
v 0.000358561578 0.00528241135 -0.00314557692
v 0.000358561578 0.00543122739 -0.00304976106
v 0.000358561578 0.00544758327 -0.00340445549
v 0.000358561578 0.00558821904 -0.0031312916
v 0.000358561578 0.00559605332 -0.00330865383
v 0.000358561578 0.00449100975 -0.00336474809
v 0.000358561578 0.00448196148 -0.00318744313
v 0.000358561578 0.00463105412 -0.00309014996
v 0.000358561578 0.00464928849 -0.00344475312
v 0.000358561578 0.0047892523 -0.00317015965
v 0.000358561578 0.0047984384 -0.00334745739
v -0.000291554927 0.00568376761 -0.00339121651
v -0.000311727228 0.00570760481 -0.00394407101
v -0.000311727228 0.00555882184 -0.00381663325
v -0.000291554927 0.00528605469 -0.00339613203
v -0.000294729456 0.00423262361 -0.00344359269
v -7.51605621E-05 0.00423262361 -0.00344359269
v -7.51605621E-05 0.00437136414 -0.00358450972
v -0.000294729456 0.00437136414 -0.00358450972
v -0.000294729456 0.00570314145 -0.00351657975
v -7.51605621E-05 0.00570314145 -0.00351657975
v -7.51638363E-05 0.00586207118 -0.00336050196
v -0.000294726196 0.00586207118 -0.00336050196
v -0.000294729776 0.00667759171 -0.00337812188
v -7.51608604E-05 0.00667759171 -0.00337812142
v -7.51608604E-05 0.0073304316 -0.00345990737
v -0.000294729776 0.0073304316 -0.0034599076
v -0.000294729456 0.00603309879 -0.00350114913
v -7.51605621E-05 0.00603309879 -0.00350114866
v -7.51608604E-05 0.00667759171 -0.00337812142
v -0.000294729776 0.00667759171 -0.00337812188
v 5.67674615E-05 0.00651687384 -0.00348371011
v 5.67671632E-05 0.00667067291 -0.00333066192
v 5.67671632E-05 0.00666007027 -0.0030248845
v 5.67674615E-05 0.00649562338 -0.00288114906
v 5.67707393E-05 0.00586598134 -0.00340801221
v 5.67674615E-05 0.0058496166 -0.00300710136
v 5.67674615E-05 0.00522544375 -0.00353889703
v 5.67674615E-05 0.00519593246 -0.00293668406
v 5.67674615E-05 0.0050599766 -0.00339797395
v 5.67674615E-05 0.00504438858 -0.00309240981
v 5.67674615E-05 0.00651687384 -0.00348371011
v 0.000276336359 0.00651687384 -0.00348370988
v 0.000276336068 0.00667067291 -0.00333066192
v 5.67671632E-05 0.00667067291 -0.00333066192
v -7.51638363E-05 0.00586207118 -0.00336050196
v -7.51605621E-05 0.0058495854 -0.00305479555
v -7.51605621E-05 0.0060097524 -0.00289866584
v -7.51605621E-05 0.00603309879 -0.00350114866
v -7.51608604E-05 0.00666369684 -0.0029771172
v -7.51608604E-05 0.00667759171 -0.00337812142
v -7.51608604E-05 0.00731101027 -0.00285728509
v -7.51608604E-05 0.0073304316 -0.00345990737
v -7.51608604E-05 0.00739206048 -0.00300346245
v -7.51608604E-05 0.00740183098 -0.00330926804
v 5.67707393E-05 0.00586598134 -0.00340801221
v 0.000276333099 0.00586598134 -0.00340801221
v 0.000276336359 0.00651687384 -0.00348370988
v 5.67674615E-05 0.00651687384 -0.00348371011
v 5.67674615E-05 0.00522544375 -0.00353889703
v 0.000276336359 0.00522544375 -0.00353889703
v 0.000276333099 0.00586598134 -0.00340801221
v 5.67707393E-05 0.00586598134 -0.00340801221
v -0.000294729456 0.0060097524 -0.00289866584
v -0.000294729456 0.0058495854 -0.00305479555
v -0.000294726196 0.00586207118 -0.00336050196
v -0.000294729456 0.00603309879 -0.00350114913
v -0.000294729776 0.00666369684 -0.0029771172
v -0.000294729776 0.00667759171 -0.00337812188
v -0.000294729776 0.00731101027 -0.00285728509
v -0.000294729776 0.0073304316 -0.0034599076
v -0.000294729776 0.00739206048 -0.00300346245
v -0.000294729776 0.00740183098 -0.00330926804
v 5.67674615E-05 0.00423501944 -0.00349117443
v 0.000276336359 0.00423501944 -0.00349117443
v 0.000276336359 0.00490895007 -0.00355427549
v 5.67674615E-05 0.00490895007 -0.00355427549
v 0.000276336359 0.00423501944 -0.00349117443
v 0.000276333099 0.00421483489 -0.00309043727
v 0.000276336068 0.00487760315 -0.00295215566
v 0.000276336359 0.00490895007 -0.00355427549
v 0.000276336359 0.00504438858 -0.00309240981
v 0.00027633665 0.0050599766 -0.00339797395
v -0.000294729456 0.00437136414 -0.00358450972
v -7.51605621E-05 0.00437136414 -0.00358450972
v -7.51605621E-05 0.00503527373 -0.00344681996
v -0.000294729456 0.00503527373 -0.00344682019
v -0.000294729456 0.00503527373 -0.00344682019
v -7.51605621E-05 0.00503527373 -0.00344681996
v -7.51605621E-05 0.00570314145 -0.00351657975
v -0.000294729456 0.00570314145 -0.00351657975
v -0.000365576445 0.00706211291 -0.00298855407
v 0.000358561258 0.00706211291 -0.00298855384
v 0.000358561258 0.00691157579 -0.00308176456
v -0.000365576445 0.00691157579 -0.00308176456
v -0.000365576445 0.00721853459 -0.00307278149
v 0.000358561258 0.00721853459 -0.00307278126
v 0.000358561258 0.00706211291 -0.00298855384
v -0.000365576445 0.00706211291 -0.00298855407
v -0.000365576445 0.00722431904 -0.00325022265
v 0.000358561578 0.00722431904 -0.00325022242
v 0.000358561258 0.00721853459 -0.00307278126
v -0.000365576445 0.00721853459 -0.00307278149
v -0.000365576445 0.0070738839 -0.00334343035
v 0.000358561258 0.0070738839 -0.00334343011
v 0.000358561578 0.00722431904 -0.00325022242
v -0.000365576445 0.00722431904 -0.00325022265
v -0.000365576445 0.00691756234 -0.00325919921
v 0.000358561258 0.00691756234 -0.00325919897
v 0.000358561258 0.0070738839 -0.00334343011
v -0.000365576445 0.0070738839 -0.00334343035
v -0.000365576445 0.00691157579 -0.00308176456
v 0.000358561258 0.00691157579 -0.00308176456
v 0.000358561258 0.00691756234 -0.00325919897
v -0.000365576445 0.00691756234 -0.00325919921
v -0.000365576154 0.00625631539 -0.00301213493
v 0.000358561578 0.00625631539 -0.00301213493
v 0.000358561578 0.00610643113 -0.00310707139
v -0.000365576154 0.00610643113 -0.00310707185
v -0.000365576154 0.00641300669 -0.00309635396
v 0.000358561578 0.00641300669 -0.00309635373
v 0.000358561578 0.00625631539 -0.00301213493
v -0.000365576154 0.00625631539 -0.00301213493
v -0.000365576154 0.00641932245 -0.00327377673
v 0.000358561578 0.00641932245 -0.00327377673
v 0.000358561578 0.00641300669 -0.00309635373
v -0.000365576154 0.00641300669 -0.00309635396
v -0.000365576154 0.00626914948 -0.00336697442
v 0.000358561578 0.00626914948 -0.00336697418
v 0.000358561578 0.00641932245 -0.00327377673
v -0.000365576154 0.00641932245 -0.00327377673
v -0.000365576154 0.00611310685 -0.00328448135
v 0.000358561869 0.00611310685 -0.00328448135
v 0.000358561578 0.00626914948 -0.00336697418
v -0.000365576154 0.00626914948 -0.00336697442
v -0.000365576154 0.00610643113 -0.00310707185
v 0.000358561578 0.00610643113 -0.00310707139
v 0.000358561869 0.00611310685 -0.00328448135
v -0.000365576154 0.00611310685 -0.00328448135
v -0.000365576154 0.00543122739 -0.00304976106
v 0.000358561578 0.00543122739 -0.00304976106
v 0.000358561578 0.00528241135 -0.00314557692
v -0.000365576154 0.00528241135 -0.00314557715
v -0.000365576154 0.00558821904 -0.00313129183
v 0.000358561578 0.00558821904 -0.0031312916
v 0.000358561578 0.00543122739 -0.00304976106
v -0.000365576154 0.00543122739 -0.00304976106
v -0.000365576154 0.00559605332 -0.00330865406
v 0.000358561578 0.00559605332 -0.00330865383
v 0.000358561578 0.00558821904 -0.0031312916
v -0.000365576154 0.00558821904 -0.00313129183
v -0.000365576154 0.00544758327 -0.00340445573
v 0.000358561578 0.00544758327 -0.00340445549
v 0.000358561578 0.00559605332 -0.00330865383
v -0.000365576154 0.00559605332 -0.00330865406
v -0.000365576154 0.00529093016 -0.00332290796
v 0.000358561578 0.00529093016 -0.00332290796
v 0.000358561578 0.00544758327 -0.00340445549
v -0.000365576154 0.00544758327 -0.00340445573
v -0.000365576154 0.00528241135 -0.00314557715
v 0.000358561578 0.00528241135 -0.00314557692
v 0.000358561578 0.00529093016 -0.00332290796
v -0.000365576154 0.00529093016 -0.00332290796
v -0.000365576154 0.00463105412 -0.00309015019
v 0.000358561578 0.00463105412 -0.00309014996
v 0.000358561578 0.00448196148 -0.00318744313
v -0.000365576154 0.00448196148 -0.00318744313
v -0.000365576154 0.0047892523 -0.00317015965
v 0.000358561578 0.0047892523 -0.00317015965
v 0.000358561578 0.00463105412 -0.00309014996
v -0.000365576154 0.00463105412 -0.00309015019
v -0.000365576154 0.0047984384 -0.00334745739
v 0.000358561578 0.0047984384 -0.00334745739
v 0.000358561578 0.0047892523 -0.00317015965
v -0.000365576154 0.0047892523 -0.00317015965
v -0.000365576154 0.00464928849 -0.00344475312
v 0.000358561578 0.00464928849 -0.00344475312
v 0.000358561578 0.0047984384 -0.00334745739
v -0.000365576154 0.0047984384 -0.00334745739
v -0.000365576154 0.00449100975 -0.00336474809
v 0.000358561578 0.00449100975 -0.00336474809
v 0.000358561578 0.00464928849 -0.00344475312
v -0.000365576154 0.00464928849 -0.00344475312
v -0.000365576154 0.00448196148 -0.00318744313
v 0.000358561578 0.00448196148 -0.00318744313
v 0.000358561578 0.00449100975 -0.00336474809
v -0.000365576154 0.00449100975 -0.00336474809
v 5.86137176E-05 0.00678918092 -0.00394894788
v 5.86137176E-05 0.00678206189 -0.00393023714
v 0.000182038537 0.00674446113 -0.00393370213
v 0.000182038537 0.00675877556 -0.00397128472
v 0.000324718945 0.0067259022 -0.00398712466
v 0.000286206603 0.00670934189 -0.00394366449
v 0.000275290018 0.00686423294 -0.00293525332
v 0.000335634948 0.00686423294 -0.00293525332
v -0.000326558045 0.00555882184 -0.00381663325
v -0.000311727228 0.00555882184 -0.00381663325
v -0.000311727228 0.00570760481 -0.00394407101
v -0.000326557754 0.00570760481 -0.00394407101
v -0.000346730347 0.00566602452 -0.00297966064
v -0.000286385708 0.00566602452 -0.00297966064
v -0.00028638661 0.00514065754 -0.00307073118
v -0.000346729445 0.00514065754 -0.00307073118
v -0.000326557754 0.00570760481 -0.00394407101
v -0.000311727228 0.00570760481 -0.00394407101
v -0.000291554927 0.00568376761 -0.00339121651
v -0.000346730347 0.00568376761 -0.00339121651
v -0.000291554927 0.00568376761 -0.00339121651
v -0.000286385708 0.00566602452 -0.00297966064
v -0.000346730347 0.00566602452 -0.00297966064
v -0.000346729445 0.00514065754 -0.00307073118
v -0.00028638661 0.00514065754 -0.00307073118
v -0.000291554927 0.00528605469 -0.00339613203
v -0.000346730347 0.00528605469 -0.00339613203
v -0.000346730347 0.00528605469 -0.00339613203
v -0.000291554927 0.00528605469 -0.00339613203
v -0.000311727228 0.00555882184 -0.00381663325
v -0.000326558045 0.00555882184 -0.00381663325
v 0.000182038537 0.00675877556 -0.00397128472
v 0.000182038537 0.00674446113 -0.00393370213
v 0.000286206603 0.00670934189 -0.00394366449
v 0.000324718945 0.0067259022 -0.00398712466
v 7.13914596E-06 0.00736600161 -0.00374101754
v -0.000291184464 0.00736241555 -0.00373158115
v 5.86137176E-05 0.00678918092 -0.00394894788
v 0.000182038537 0.00675877556 -0.00397128472
v 0.00032872794 0.0073656938 -0.00374019844
v 7.13914596E-06 0.00736600161 -0.00374101754
v 0.000182038537 0.00675877556 -0.00397128472
v 0.000324718945 0.0067259022 -0.00398712466
v -0.000291184464 0.00735533005 -0.00371286971
v 7.13914596E-06 0.00735176541 -0.00370343262
v 0.000182038537 0.00674446113 -0.00393370213
v 5.86137176E-05 0.00678206189 -0.00393023714
v 7.13914596E-06 0.00735176541 -0.00370343262
v 0.000282197288 0.0073520611 -0.00370425149
v 0.000286206603 0.00670934189 -0.00394366449
v 0.000182038537 0.00674446113 -0.00393370213
v -0.000291184464 0.00736241555 -0.00373158115
v -0.000291184464 0.00735533005 -0.00371286971
v 5.86137176E-05 0.00678206189 -0.00393023714
v 5.86137176E-05 0.00678918092 -0.00394894788
v 7.13914596E-06 0.00736600161 -0.00374101754
v 7.13914596E-06 0.00735176541 -0.00370343262
v -0.000291184464 0.00735533005 -0.00371286971
v -0.000291184464 0.00736241555 -0.00373158115
v 0.00032872794 0.0073656938 -0.00374019844
v 7.13914596E-06 0.00735176541 -0.00370343262
v 0.000282197288 0.0073520611 -0.00370425149
v -0.000294726196 0.00586207118 -0.00336050196
v -7.51638363E-05 0.00586207118 -0.00336050196
v -7.51605621E-05 0.00603309879 -0.00350114866
v -0.000294729456 0.00603309879 -0.00350114913
v 5.67674615E-05 0.0050599766 -0.00339797395
v 0.00027633665 0.0050599766 -0.00339797395
v 0.000276336359 0.00522544375 -0.00353889703
v 5.67674615E-05 0.00522544375 -0.00353889703
v 5.67674615E-05 0.00490895007 -0.00355427549
v 0.000276336359 0.00490895007 -0.00355427549
v 0.00027633665 0.0050599766 -0.00339797395
v 5.67674615E-05 0.0050599766 -0.00339797395
v 5.67671632E-05 0.00667067291 -0.00333066192
v 0.000276336068 0.00667067291 -0.00333066192
v 0.000276336068 0.0068347645 -0.00347441016
v 5.67671632E-05 0.0068347645 -0.00347441016
v 5.67707393E-05 0.00100836274 -0.00315029547
v 5.67674615E-05 0.000984075014 -0.00355080515
v 5.67674615E-05 0.00167631381 -0.00366932689
v 5.67674615E-05 0.00168784847 -0.00306650181
v 5.67674615E-05 0.00184360018 -0.00352185452
v 5.67674615E-05 0.00184690952 -0.0032159111
v -0.000294729456 0.00100547785 -0.00319784996
v -0.000294729456 0.000986959902 -0.00350325042
v -0.000294729456 0.00111828081 -0.00366553781
v -0.000294729456 0.00114670279 -0.00306327268
v -0.000294729456 0.00181481591 -0.00356932636
v -0.000294729456 0.00181972736 -0.00316811143
v -0.000294729456 0.00250722165 -0.00367030385
v -0.000294729456 0.00249487162 -0.00306749484
v -0.000294729456 0.00266563892 -0.00320917577
v -0.000294726196 0.00267313467 -0.00351504516
v -0.000365576445 0.00388667337 -0.00313201803
v -0.000365576154 0.00373742566 -0.00322931842
v -0.000365576154 0.00374613982 -0.00340663991
v -0.000365576154 0.00390423997 -0.00348665472
v -0.000365576154 0.00404471625 -0.00321203587
v -0.000365576154 0.00405356893 -0.00338935037
v -0.000365576154 0.00307663204 -0.00316797965
v -0.000365576154 0.0029247785 -0.00326296152
v -0.000365576154 0.00293021905 -0.00344041339
v -0.000365576154 0.00308882934 -0.00352284149
v -0.000365576154 0.00323460088 -0.00325042359
v -0.000365576154 0.0032413553 -0.00342783052
v -0.000365576154 0.00224218122 -0.00319359335
v -0.000365576154 0.00208651065 -0.00328149227
v -0.000365576154 0.00208677514 -0.00345902727
v -0.000365576154 0.00224555726 -0.00354864867
v -0.000365576154 0.00239954703 -0.00328319962
v -0.000365576154 0.00240265834 -0.00346070761
v -0.000365576154 0.00126948592 -0.00327661214
v -0.000365576154 0.00126232626 -0.00345400325
v -0.000365576154 0.00141739124 -0.003543759
v -0.000365576154 0.00142886874 -0.00318887294
v -0.000365576154 0.00157819269 -0.00345603726
v -0.000365576154 0.00158251042 -0.00327855442
v -0.000346730347 0.00249035354 -0.00354477274
v -0.000346730638 0.00248205662 -0.00313291792
v -0.000346729445 0.0019460296 -0.00319931749
v -0.000346730347 0.00207817322 -0.00353189581
v -0.000326558045 0.00250149961 -0.00409802888
v -0.000326557754 0.00234786747 -0.00396602461
v 0.000276336359 0.00200768234 -0.00367128779
v 0.000276336359 0.00184360018 -0.00352185452
v 0.000276336359 0.00184690952 -0.0032159111
v 0.000276336068 0.00200918666 -0.00306835375
v 0.000276333099 0.00267632236 -0.00356259127
v 0.000276336359 0.00266647339 -0.00316146715
v 0.000276336359 0.00331698405 -0.0030342117
v 0.000276336359 0.00334123848 -0.00363665936
v 0.000276336359 0.00348338112 -0.00317607657
v 0.000276336359 0.00349686388 -0.00348174083
v -7.51605621E-05 0.00111828081 -0.00366553781
v -7.51605621E-05 0.000986959902 -0.00350325042
v -7.51605621E-05 0.00100547785 -0.00319784996
v -7.51605621E-05 0.00114670279 -0.00306327268
v -7.51605621E-05 0.00181481591 -0.00356932636
v -7.51605621E-05 0.00181972736 -0.00316811143
v -7.51605621E-05 0.00250722165 -0.00367030385
v -7.51605621E-05 0.00249487162 -0.00306749484
v -7.51605621E-05 0.00266563892 -0.00320917577
v -7.51638363E-05 0.00267313467 -0.00351504493
v 0.000358561578 0.00374613982 -0.00340663968
v 0.000358561578 0.00373742566 -0.00322931819
v 0.000358561578 0.00388667337 -0.00313201803
v 0.000358561578 0.00390423997 -0.00348665472
v 0.000358561578 0.00404471625 -0.00321203563
v 0.000358561578 0.00405356893 -0.00338935014
v 0.000358561578 0.00293021905 -0.00344041339
v 0.000358561578 0.0029247785 -0.00326296152
v 0.000358561578 0.00307663204 -0.00316797965
v 0.000358561578 0.00308882934 -0.00352284126
v 0.000358561578 0.00323460088 -0.00325042359
v 0.000358561578 0.0032413553 -0.00342783029
v 0.000358561578 0.00208677514 -0.00345902727
v 0.000358561578 0.00208651065 -0.00328149227
v 0.000358561578 0.00224218122 -0.00319359289
v 0.000358561578 0.00224555726 -0.00354864821
v 0.000358561578 0.00239954703 -0.00328319939
v 0.000358561578 0.00240265834 -0.00346070761
v 0.000358561578 0.00141739124 -0.00354375853
v 0.000358561578 0.00126232626 -0.00345400302
v 0.000358561578 0.00126948592 -0.00327661214
v 0.000358561578 0.00142886874 -0.00318887294
v 0.000358561578 0.00157819269 -0.00345603703
v 0.000358561578 0.00158251042 -0.00327855395
v -0.000291554927 0.00249035354 -0.00354477274
v -0.000311727519 0.00250149961 -0.00409802888
v -0.000311726908 0.00234786747 -0.00396602461
v -0.000291554927 0.00207817322 -0.00353189581
v -0.000294729456 0.000986959902 -0.00350325042
v -7.51605621E-05 0.000986959902 -0.00350325042
v -7.51605621E-05 0.00111828081 -0.00366553781
v -0.000294729456 0.00111828081 -0.00366553781
v -0.000294729456 0.00250722165 -0.00367030385
v -7.51605621E-05 0.00250722165 -0.00367030385
v -7.51638363E-05 0.00267313467 -0.00351504493
v -0.000294726196 0.00267313467 -0.00351504516
v -0.000294729456 0.00350431446 -0.00352911931
v -7.51605621E-05 0.00350431446 -0.00352911931
v -7.51605621E-05 0.00416368945 -0.00359618897
v -0.000294729456 0.00416368945 -0.00359618897
v -0.000294729456 0.00284631015 -0.00365665997
v -7.51605621E-05 0.00284631015 -0.00365665997
v -7.51605621E-05 0.00350431446 -0.00352911931
v -0.000294729456 0.00350431446 -0.00352911931
v 5.67674615E-05 0.00334123848 -0.00363665936
v 5.67674615E-05 0.00349686388 -0.00348174083
v 5.67674615E-05 0.00348338112 -0.00317607657
v 5.67674615E-05 0.00331698405 -0.0030342117
v 5.67707393E-05 0.00267632236 -0.0035625915
v 5.67674615E-05 0.00266647339 -0.00316146715
v 5.67674615E-05 0.00200918666 -0.00306835398
v 5.67674615E-05 0.00200768234 -0.00367128756
v 5.67674615E-05 0.00184690952 -0.0032159111
v 5.67674615E-05 0.00184360018 -0.00352185452
v 5.67674615E-05 0.00334123848 -0.00363665936
v 0.000276336359 0.00334123848 -0.00363665936
v 0.000276336359 0.00349686388 -0.00348174083
v 5.67674615E-05 0.00349686388 -0.00348174083
v -7.51638363E-05 0.00267313467 -0.00351504493
v -7.51605621E-05 0.00266563892 -0.00320917577
v -7.51605621E-05 0.0028291177 -0.0030539697
v -7.51605621E-05 0.00284631015 -0.00365665997
v -7.51605621E-05 0.00348658324 -0.00312826619
v -7.51605621E-05 0.00350431446 -0.00352911931
v -7.51605621E-05 0.00413347455 -0.00299401092
v -7.51605621E-05 0.00416368945 -0.00359618897
v -7.51605621E-05 0.00421723351 -0.00313801877
v -7.51605621E-05 0.00423262361 -0.00344359269
v 5.67707393E-05 0.00267632236 -0.0035625915
v 0.000276333099 0.00267632236 -0.00356259127
v 0.000276336359 0.00334123848 -0.00363665936
v 5.67674615E-05 0.00334123848 -0.00363665936
v 5.67674615E-05 0.00200768234 -0.00367128756
v 0.000276336359 0.00200768234 -0.00367128779
v 0.000276333099 0.00267632236 -0.00356259127
v 5.67707393E-05 0.00267632236 -0.0035625915
v -0.000294729456 0.0028291177 -0.0030539697
v -0.000294729456 0.00266563892 -0.00320917577
v -0.000294726196 0.00267313467 -0.00351504516
v -0.000294729456 0.00284631015 -0.00365665997
v -0.000294729456 0.00348658324 -0.00312826619
v -0.000294729456 0.00350431446 -0.00352911931
v -0.000294729456 0.00413347455 -0.00299401139
v -0.000294729456 0.00416368945 -0.00359618897
v -0.000294729456 0.00421723351 -0.00313801877
v -0.000294729456 0.00423262361 -0.00344359269
v 5.67674615E-05 0.000984075014 -0.00355080515
v 0.000276336359 0.000984075014 -0.00355080515
v 0.000276336359 0.00167631381 -0.00366932689
v 5.67674615E-05 0.00167631381 -0.00366932689
v 0.000276336359 0.00167631381 -0.00366932689
v 0.000276336359 0.000984075014 -0.00355080515
v 0.000276333099 0.00100836274 -0.00315029547
v 0.000276336359 0.00168784847 -0.00306650158
v 0.000276336359 0.00184360018 -0.00352185452
v 0.000276336359 0.00184690952 -0.0032159111
v -0.000294729456 0.00111828081 -0.00366553781
v -7.51605621E-05 0.00111828081 -0.00366553781
v -7.51605621E-05 0.00181481591 -0.00356932636
v -0.000294729456 0.00181481591 -0.00356932636
v -0.000294729456 0.00181481591 -0.00356932636
v -7.51605621E-05 0.00181481591 -0.00356932636
v -7.51605621E-05 0.00250722165 -0.00367030385
v -0.000294729456 0.00250722165 -0.00367030385
v -0.000365576445 0.00388667337 -0.00313201803
v 0.000358561578 0.00388667337 -0.00313201803
v 0.000358561578 0.00373742566 -0.00322931819
v -0.000365576154 0.00373742566 -0.00322931842
v -0.000365576154 0.00404471625 -0.00321203587
v 0.000358561578 0.00404471625 -0.00321203563
v 0.000358561578 0.00388667337 -0.00313201803
v -0.000365576445 0.00388667337 -0.00313201803
v -0.000365576154 0.00405356893 -0.00338935037
v 0.000358561578 0.00405356893 -0.00338935014
v 0.000358561578 0.00404471625 -0.00321203563
v -0.000365576154 0.00404471625 -0.00321203587
v -0.000365576154 0.00390423997 -0.00348665472
v 0.000358561578 0.00390423997 -0.00348665472
v 0.000358561578 0.00405356893 -0.00338935014
v -0.000365576154 0.00405356893 -0.00338935037
v -0.000365576154 0.00374613982 -0.00340663991
v 0.000358561578 0.00374613982 -0.00340663968
v 0.000358561578 0.00390423997 -0.00348665472
v -0.000365576154 0.00390423997 -0.00348665472
v -0.000365576154 0.00373742566 -0.00322931842
v 0.000358561578 0.00373742566 -0.00322931819
v 0.000358561578 0.00374613982 -0.00340663968
v -0.000365576154 0.00374613982 -0.00340663991
v -0.000365576154 0.00307663204 -0.00316797965
v 0.000358561578 0.00307663204 -0.00316797965
v 0.000358561578 0.0029247785 -0.00326296152
v -0.000365576154 0.0029247785 -0.00326296152
v -0.000365576154 0.00323460088 -0.00325042359
v 0.000358561578 0.00323460088 -0.00325042359
v 0.000358561578 0.00307663204 -0.00316797965
v -0.000365576154 0.00307663204 -0.00316797965
v -0.000365576154 0.0032413553 -0.00342783052
v 0.000358561578 0.0032413553 -0.00342783029
v 0.000358561578 0.00323460088 -0.00325042359
v -0.000365576154 0.00323460088 -0.00325042359
v -0.000365576154 0.00308882934 -0.00352284149
v 0.000358561578 0.00308882934 -0.00352284126
v 0.000358561578 0.0032413553 -0.00342783029
v -0.000365576154 0.0032413553 -0.00342783052
v -0.000365576154 0.00293021905 -0.00344041339
v 0.000358561578 0.00293021905 -0.00344041339
v 0.000358561578 0.00308882934 -0.00352284126
v -0.000365576154 0.00308882934 -0.00352284149
v -0.000365576154 0.0029247785 -0.00326296152
v 0.000358561578 0.0029247785 -0.00326296152
v 0.000358561578 0.00293021905 -0.00344041339
v -0.000365576154 0.00293021905 -0.00344041339
v -0.000365576154 0.00224218122 -0.00319359335
v 0.000358561578 0.00224218122 -0.00319359289
v 0.000358561578 0.00208651065 -0.00328149227
v -0.000365576154 0.00208651065 -0.00328149227
v -0.000365576154 0.00239954703 -0.00328319962
v 0.000358561578 0.00239954703 -0.00328319939
v 0.000358561578 0.00224218122 -0.00319359289
v -0.000365576154 0.00224218122 -0.00319359335
v -0.000365576154 0.00240265834 -0.00346070761
v 0.000358561578 0.00240265834 -0.00346070761
v 0.000358561578 0.00239954703 -0.00328319939
v -0.000365576154 0.00239954703 -0.00328319962
v -0.000365576154 0.00224555726 -0.00354864867
v 0.000358561578 0.00224555726 -0.00354864821
v 0.000358561578 0.00240265834 -0.00346070761
v -0.000365576154 0.00240265834 -0.00346070761
v -0.000365576154 0.00208677514 -0.00345902727
v 0.000358561578 0.00208677514 -0.00345902727
v 0.000358561578 0.00224555726 -0.00354864821
v -0.000365576154 0.00224555726 -0.00354864867
v -0.000365576154 0.00208651065 -0.00328149227
v 0.000358561578 0.00208651065 -0.00328149227
v 0.000358561578 0.00208677514 -0.00345902727
v -0.000365576154 0.00208677514 -0.00345902727
v -0.000365576154 0.00142886874 -0.00318887294
v 0.000358561578 0.00142886874 -0.00318887294
v 0.000358561578 0.00126948592 -0.00327661214
v -0.000365576154 0.00126948592 -0.00327661214
v -0.000365576154 0.00158251042 -0.00327855442
v 0.000358561578 0.00158251042 -0.00327855395
v 0.000358561578 0.00142886874 -0.00318887294
v -0.000365576154 0.00142886874 -0.00318887294
v -0.000365576154 0.00157819269 -0.00345603726
v 0.000358561578 0.00157819269 -0.00345603703
v 0.000358561578 0.00158251042 -0.00327855395
v -0.000365576154 0.00158251042 -0.00327855442
v -0.000365576154 0.00141739124 -0.003543759
v 0.000358561578 0.00141739124 -0.00354375853
v 0.000358561578 0.00157819269 -0.00345603703
v -0.000365576154 0.00157819269 -0.00345603726
v -0.000365576154 0.00126232626 -0.00345400325
v 0.000358561578 0.00126232626 -0.00345400302
v 0.000358561578 0.00141739124 -0.00354375853
v -0.000365576154 0.00141739124 -0.003543759
v -0.000365576154 0.00126948592 -0.00327661214
v 0.000358561578 0.00126948592 -0.00327661214
v 0.000358561578 0.00126232626 -0.00345400302
v -0.000365576154 0.00126232626 -0.00345400325
v 5.86140159E-05 0.00362446788 -0.00409855833
v 5.86140159E-05 0.0036169074 -0.00407993933
v 0.000182038537 0.00357808336 -0.00408388441
v 0.000182038537 0.00359326112 -0.004121284
v 0.000324719236 0.00355940335 -0.00413754443
v 0.000286206894 0.00354188192 -0.00409429427
v 0.000275290309 0.00368781551 -0.00308404374
v 0.000335635239 0.00368781551 -0.00308404374
v -0.000326557754 0.00234786747 -0.00396602461
v -0.000311726908 0.00234786747 -0.00396602461
v -0.000311727519 0.00250149961 -0.00409802888
v -0.000326558045 0.00250149961 -0.00409802888
v -0.000346730638 0.00248205662 -0.00313291792
v -0.000286385708 0.00248205662 -0.00313291792
v -0.00028638661 0.0019460296 -0.00319931749
v -0.000346729445 0.0019460296 -0.00319931749
v -0.000326558045 0.00250149961 -0.00409802888
v -0.000311727519 0.00250149961 -0.00409802888
v -0.000291554927 0.00249035354 -0.00354477274
v -0.000346730347 0.00249035354 -0.00354477274
v -0.000291554927 0.00249035354 -0.00354477274
v -0.000286385708 0.00248205662 -0.00313291792
v -0.000346730638 0.00248205662 -0.00313291792
v -0.000346729445 0.0019460296 -0.00319931749
v -0.00028638661 0.0019460296 -0.00319931749
v -0.000291554927 0.00207817322 -0.00353189581
v -0.000346730347 0.00207817322 -0.00353189581
v -0.000346730347 0.00207817322 -0.00353189581
v -0.000291554927 0.00207817322 -0.00353189581
v -0.000311726908 0.00234786747 -0.00396602461
v -0.000326557754 0.00234786747 -0.00396602461
v 0.000182038537 0.00359326112 -0.004121284
v 0.000182038537 0.00357808336 -0.00408388441
v 0.000286206894 0.00354188192 -0.00409429427
v 0.000324719236 0.00355940335 -0.00413754443
v 7.13944428E-06 0.00420444738 -0.00387636852
v -0.000291184173 0.00420068251 -0.00386702828
v 5.86140159E-05 0.00362446788 -0.00409855833
v 0.000182038537 0.00359326112 -0.004121284
v 0.000328728551 0.00420412282 -0.0038755578
v 7.13944428E-06 0.00420444738 -0.00387636852
v 0.000182038537 0.00359326112 -0.004121284
v 0.000324719236 0.00355940335 -0.00413754443
v -0.000291184173 0.00419322262 -0.00384850707
v 7.13944428E-06 0.0041894624 -0.0038391666
v 0.000182038537 0.00357808336 -0.00408388441
v 5.86140159E-05 0.0036169074 -0.00407993933
v 7.13944428E-06 0.0041894624 -0.0038391666
v 0.00028219758 0.00418977253 -0.00383997825
v 0.000286206894 0.00354188192 -0.00409429427
v 0.000182038537 0.00357808336 -0.00408388441
v -0.000291184173 0.00420068251 -0.00386702828
v -0.000291184173 0.00419322262 -0.00384850707
v 5.86140159E-05 0.0036169074 -0.00407993933
v 5.86140159E-05 0.00362446788 -0.00409855833
v 7.13944428E-06 0.00420444738 -0.00387636852
v 7.13944428E-06 0.0041894624 -0.0038391666
v -0.000291184173 0.00419322262 -0.00384850707
v -0.000291184173 0.00420068251 -0.00386702828
v 0.000328728551 0.00420412282 -0.0038755578
v 7.13944428E-06 0.0041894624 -0.0038391666
v 0.00028219758 0.00418977253 -0.00383997825
v -0.000294726196 0.00267313467 -0.00351504516
v -7.51638363E-05 0.00267313467 -0.00351504493
v -7.51605621E-05 0.00284631015 -0.00365665997
v -0.000294729456 0.00284631015 -0.00365665997
v 5.67674615E-05 0.00184360018 -0.00352185452
v 0.000276336359 0.00184360018 -0.00352185452
v 0.000276336359 0.00200768234 -0.00367128779
v 5.67674615E-05 0.00200768234 -0.00367128756
v 5.67674615E-05 0.00167631381 -0.00366932689
v 0.000276336359 0.00167631381 -0.00366932689
v 0.000276336359 0.00184360018 -0.00352185452
v 5.67674615E-05 0.00184360018 -0.00352185452
v 5.67674615E-05 0.00349686388 -0.00348174083
v 0.000276336359 0.00349686388 -0.00348174083
v 0.000276336359 0.00366555434 -0.00362349791
v 5.67674615E-05 0.00366555434 -0.00362349791
v 5.6770441E-05 -0.00210778229 -0.00220566895
v 5.67671632E-05 -0.00236160262 -0.00251642941
v 5.67674615E-05 -0.00173926831 -0.00307001919
v 5.67671632E-05 -0.00147623057 -0.00252748537
v 5.67674615E-05 -0.00151299231 -0.00302846683
v 5.67674615E-05 -0.00139337301 -0.00274685794
v -0.000294729776 -0.00213791849 -0.00224256678
v -0.000294729776 -0.00233146665 -0.0024795311
v -0.000294729776 -0.00229252083 -0.00269048428
v -0.000294729456 -0.00156099082 -0.00306407199
v -0.000294729776 -0.00193289749 -0.00220653927
v -0.000294729456 -0.00140225887 -0.00269555929
v -0.000294729456 -0.00140225887 -0.00269555929
v -0.000294729456 -0.00156099082 -0.00306407199
v -0.000294729456 -0.000869049982 -0.00335821393
v -0.000294729456 -0.000700483331 -0.00277932151
v -0.000294726196 -0.000649201858 -0.00326294405
v -0.000294729456 -0.00057272194 -0.00296669547
v -0.000365576154 0.000504052616 -0.00321060698
v -0.000365576154 0.000484573829 -0.00338707049
v -0.000365576154 0.000637247576 -0.00349215162
v -0.000365576154 0.00067065953 -0.00313865556
v -0.000365576154 0.000806632044 -0.0034203534
v -0.000365576154 0.000820560439 -0.00324336533
v -0.000365576154 -0.000326125621 -0.00309775933
v -0.000365576154 -0.000362362858 -0.00327155762
v -0.000365576154 -0.000215044012 -0.00340095419
v -0.000365576154 -0.000152444831 -0.00305144442
v -0.000365576154 -3.83615479E-05 -0.00333191268
v -0.000365576154 -9.90867557E-06 -0.00315667223
v -0.000365576154 -0.00117665762 -0.0028717583
v -0.000365576154 -0.00123889919 -0.00303802569
v -0.000365576154 -0.00110526802 -0.00316623203
v -0.000365576154 -0.000990254804 -0.00283030421
v -0.000365576154 -0.000914003816 -0.00312607037
v -0.000365576154 -0.000861275184 -0.00295654521
v -0.000365576445 -0.00194123737 -0.00246114843
v -0.000365576445 -0.00204053149 -0.00260832068
v -0.000365576445 -0.00193792337 -0.00278766383
v -0.000365576445 -0.00175541395 -0.00248308806
v -0.000365576154 -0.00174327614 -0.00281341467
v -0.000365576154 -0.00166032545 -0.00265645026
v -0.000346730347 -0.000848917931 -0.00323307142
v -0.000346730638 -0.000732722285 -0.00283786049
v -0.000346729445 -0.00128807302 -0.00275777606
v -0.000346730347 -0.00127348653 -0.00310383318
v -0.000326558045 -0.00100500579 -0.00376396952
v -0.000326558045 -0.00113341329 -0.00359007413
v 0.000276336359 -0.00139698258 -0.0032140105
v 0.000276336359 -0.00151299231 -0.00302846683
v 0.000276336359 -0.00139337301 -0.00274685794
v 0.000276333099 -0.000658960314 -0.00330963964
v 0.000276336359 -0.00117766857 -0.00265237596
v 0.000276336359 -0.000558807864 -0.00292109512
v 0.000276336359 2.39944457E-05 -0.00355223892
v 0.000276333099 -0.000658960314 -0.00330963964
v 0.000276336359 -0.000558807864 -0.00292109512
v 0.000276336359 0.00011513233 -0.00295623112
v 0.000276336359 0.000214421743 -0.0034232873
v 0.000276336359 0.000255739695 -0.00312012853
v -7.51608604E-05 -0.00229252083 -0.00269048428
v -7.51608604E-05 -0.00233146665 -0.0024795311
v -7.51608604E-05 -0.00213791849 -0.00224256678
v -7.51605621E-05 -0.00156099082 -0.00306407199
v -7.51608604E-05 -0.00193289749 -0.00220653927
v -7.51605621E-05 -0.00140225887 -0.00269555929
v -7.51605621E-05 -0.000869049982 -0.00335821346
v -7.51605621E-05 -0.00156099082 -0.00306407199
v -7.51605621E-05 -0.00140225887 -0.00269555929
v -7.51605621E-05 -0.000700483331 -0.00277932151
v -7.51638363E-05 -0.000649201858 -0.00326294382
v -7.51605621E-05 -0.00057272194 -0.002966695
v 0.000358561578 0.000637247576 -0.00349215162
v 0.000358561578 0.000484573829 -0.00338707026
v 0.000358561578 0.000504052616 -0.00321060675
v 0.000358561578 0.00067065953 -0.00313865556
v 0.000358561578 0.000806632044 -0.0034203534
v 0.000358561578 0.000820560439 -0.00324336533
v 0.000358561578 -0.000215044012 -0.00340095419
v 0.000358561578 -0.000362362858 -0.00327155739
v 0.000358561578 -0.000326125621 -0.00309775909
v 0.000358561578 -0.000152444831 -0.00305144419
v 0.000358561578 -3.83615479E-05 -0.00333191268
v 0.000358561578 -9.90867557E-06 -0.003156672
v 0.000358561578 -0.00110526802 -0.00316623203
v 0.000358561578 -0.00123889919 -0.00303802569
v 0.000358561578 -0.00117665762 -0.0028717583
v 0.000358561578 -0.000990254804 -0.00283030374
v 0.000358561578 -0.000914003816 -0.00312607014
v 0.000358561578 -0.000861275184 -0.00295654521
v 0.000358561258 -0.00193792337 -0.00278766383
v 0.000358561258 -0.00204053149 -0.00260832044
v 0.000358561258 -0.00194123737 -0.00246114843
v 0.000358561258 -0.00175541395 -0.00248308806
v 0.000358561578 -0.00174327614 -0.0028134142
v 0.000358561578 -0.00166032545 -0.00265645003
v -0.000291554927 -0.000848917931 -0.00323307142
v -0.000311727228 -0.00100500579 -0.00376396975
v -0.000311727228 -0.00113341329 -0.00359007413
v -0.000291554927 -0.00127348653 -0.00310383318
v -0.000294729776 -0.00233146665 -0.0024795311
v -7.51608604E-05 -0.00233146665 -0.0024795311
v -7.51608604E-05 -0.00229252083 -0.00269048428
v -0.000294729776 -0.00229252083 -0.00269048428
v -0.000294729456 -0.000869049982 -0.00335821393
v -7.51605621E-05 -0.000869049982 -0.00335821346
v -7.51638363E-05 -0.000649201858 -0.00326294382
v -0.000294726196 -0.000649201858 -0.00326294405
v -0.000294729456 0.000213568201 -0.00347108347
v -7.51605621E-05 0.000213568201 -0.00347108347
v -7.51605621E-05 0.00089630601 -0.00364321354
v -0.000294729456 0.00089630601 -0.00364321307
v -0.000294729456 -0.000503411284 -0.00345454481
v -7.51605621E-05 -0.000503411284 -0.00345454481
v -7.51605621E-05 0.000213568201 -0.00347108347
v -0.000294729456 0.000213568201 -0.00347108347
v 5.67674615E-05 -0.000558807864 -0.00292109512
v 5.67707393E-05 -0.000658960314 -0.00330963964
v 5.67674615E-05 2.39944457E-05 -0.00355223892
v 5.67674615E-05 0.00011513233 -0.00295623112
v 5.67674615E-05 0.000214421743 -0.0034232873
v 5.67674615E-05 0.000255739695 -0.00312012853
v 5.67674615E-05 2.39944457E-05 -0.00355223892
v 0.000276336359 2.39944457E-05 -0.00355223892
v 0.000276336359 0.000214421743 -0.0034232873
v 5.67674615E-05 0.000214421743 -0.0034232873
v -7.51605621E-05 -0.000503411284 -0.00345454481
v -7.51638363E-05 -0.000649201858 -0.00326294382
v -7.51605621E-05 -0.00057272194 -0.002966695
v -7.51605621E-05 -0.000370697962 -0.00286639691
v -7.51605621E-05 0.000213568201 -0.00347108347
v -7.51605621E-05 0.000267536641 -0.00307348464
v 5.67707393E-05 -0.000658960314 -0.00330963964
v 0.000276333099 -0.000658960314 -0.00330963964
v 0.000276336359 2.39944457E-05 -0.00355223892
v 5.67674615E-05 2.39944457E-05 -0.00355223892
v 5.67674615E-05 -0.00139698258 -0.0032140105
v 0.000276336359 -0.00139698258 -0.0032140105
v 0.000276333099 -0.000658960314 -0.00330963964
v 5.67707393E-05 -0.000658960314 -0.00330963964
v -0.000294729456 -0.00057272194 -0.00296669547
v -0.000294726196 -0.000649201858 -0.00326294405
v -0.000294729456 -0.000503411284 -0.00345454481
v -0.000294729456 -0.000370697962 -0.00286639691
v -0.000294729456 0.000213568201 -0.00347108347
v -0.000294729456 0.000267536641 -0.00307348464
v -0.000294729456 0.00089630601 -0.00364321307
v -0.000294729456 0.000937495206 -0.00304168626
v -0.000294729456 0.000986959902 -0.00350325042
v -0.000294729456 0.00100547785 -0.00319784996
v 5.67674615E-05 -0.00139337301 -0.00274685794
v 5.67674615E-05 -0.00151299231 -0.00302846683
v 5.67674615E-05 -0.00139698258 -0.0032140105
v 5.67707393E-05 -0.000658960314 -0.00330963964
v 5.67674615E-05 -0.00117766857 -0.00265237596
v 5.67674615E-05 -0.000558807864 -0.00292109512
v 5.67671632E-05 -0.00236160262 -0.00251642941
v 0.000276336068 -0.00236160262 -0.00251642941
v 0.000276336359 -0.00173926831 -0.00307001919
v 5.67674615E-05 -0.00173926831 -0.00307001919
v 0.000276336359 -0.00173926831 -0.00307001919
v 0.000276336068 -0.00236160262 -0.00251642941
v 0.000276332488 -0.00210778229 -0.00220566895
v 0.000276336068 -0.00147623057 -0.00252748537
v 0.000276336359 -0.00151299231 -0.00302846683
v 0.000276336359 -0.00139337301 -0.00274685794
v -0.000294729776 -0.00229252083 -0.00269048428
v -7.51608604E-05 -0.00229252083 -0.00269048428
v -7.51605621E-05 -0.00156099082 -0.00306407199
v -0.000294729456 -0.00156099082 -0.00306407199
v -0.000294729456 -0.00156099082 -0.00306407199
v -7.51605621E-05 -0.00156099082 -0.00306407199
v -7.51605621E-05 -0.000869049982 -0.00335821346
v -0.000294729456 -0.000869049982 -0.00335821393
v -0.000365576154 0.00067065953 -0.00313865556
v 0.000358561578 0.00067065953 -0.00313865556
v 0.000358561578 0.000504052616 -0.00321060675
v -0.000365576154 0.000504052616 -0.00321060698
v -0.000365576154 0.000820560439 -0.00324336533
v 0.000358561578 0.000820560439 -0.00324336533
v 0.000358561578 0.00067065953 -0.00313865556
v -0.000365576154 0.00067065953 -0.00313865556
v -0.000365576154 0.000806632044 -0.0034203534
v 0.000358561578 0.000806632044 -0.0034203534
v 0.000358561578 0.000820560439 -0.00324336533
v -0.000365576154 0.000820560439 -0.00324336533
v -0.000365576154 0.000637247576 -0.00349215162
v 0.000358561578 0.000637247576 -0.00349215162
v 0.000358561578 0.000806632044 -0.0034203534
v -0.000365576154 0.000806632044 -0.0034203534
v -0.000365576154 0.000484573829 -0.00338707049
v 0.000358561578 0.000484573829 -0.00338707026
v 0.000358561578 0.000637247576 -0.00349215162
v -0.000365576154 0.000637247576 -0.00349215162
v -0.000365576154 0.000504052616 -0.00321060698
v 0.000358561578 0.000504052616 -0.00321060675
v 0.000358561578 0.000484573829 -0.00338707026
v -0.000365576154 0.000484573829 -0.00338707049
v -0.000365576154 -0.000152444831 -0.00305144442
v 0.000358561578 -0.000152444831 -0.00305144419
v 0.000358561578 -0.000326125621 -0.00309775909
v -0.000365576154 -0.000326125621 -0.00309775933
v -0.000365576154 -9.90867557E-06 -0.00315667223
v 0.000358561578 -9.90867557E-06 -0.003156672
v 0.000358561578 -0.000152444831 -0.00305144419
v -0.000365576154 -0.000152444831 -0.00305144442
v -0.000365576154 -3.83615479E-05 -0.00333191268
v 0.000358561578 -3.83615479E-05 -0.00333191268
v 0.000358561578 -9.90867557E-06 -0.003156672
v -0.000365576154 -9.90867557E-06 -0.00315667223
v -0.000365576154 -0.000215044012 -0.00340095419
v 0.000358561578 -0.000215044012 -0.00340095419
v 0.000358561578 -3.83615479E-05 -0.00333191268
v -0.000365576154 -3.83615479E-05 -0.00333191268
v -0.000365576154 -0.000362362858 -0.00327155762
v 0.000358561578 -0.000362362858 -0.00327155739
v 0.000358561578 -0.000215044012 -0.00340095419
v -0.000365576154 -0.000215044012 -0.00340095419
v -0.000365576154 -0.000326125621 -0.00309775933
v 0.000358561578 -0.000326125621 -0.00309775909
v 0.000358561578 -0.000362362858 -0.00327155739
v -0.000365576154 -0.000362362858 -0.00327155762
v -0.000365576154 -0.000990254804 -0.00283030421
v 0.000358561578 -0.000990254804 -0.00283030374
v 0.000358561578 -0.00117665762 -0.0028717583
v -0.000365576154 -0.00117665762 -0.0028717583
v -0.000365576154 -0.000861275184 -0.00295654521
v 0.000358561578 -0.000861275184 -0.00295654521
v 0.000358561578 -0.000990254804 -0.00283030374
v -0.000365576154 -0.000990254804 -0.00283030421
v -0.000365576154 -0.000914003816 -0.00312607037
v 0.000358561578 -0.000914003816 -0.00312607014
v 0.000358561578 -0.000861275184 -0.00295654521
v -0.000365576154 -0.000861275184 -0.00295654521
v -0.000365576154 -0.00110526802 -0.00316623203
v 0.000358561578 -0.00110526802 -0.00316623203
v 0.000358561578 -0.000914003816 -0.00312607014
v -0.000365576154 -0.000914003816 -0.00312607037
v -0.000365576154 -0.00123889919 -0.00303802569
v 0.000358561578 -0.00123889919 -0.00303802569
v 0.000358561578 -0.00110526802 -0.00316623203
v -0.000365576154 -0.00110526802 -0.00316623203
v -0.000365576154 -0.00117665762 -0.0028717583
v 0.000358561578 -0.00117665762 -0.0028717583
v 0.000358561578 -0.00123889919 -0.00303802569
v -0.000365576154 -0.00123889919 -0.00303802569
v -0.000365576445 -0.00175541395 -0.00248308806
v 0.000358561258 -0.00175541395 -0.00248308806
v 0.000358561258 -0.00194123737 -0.00246114843
v -0.000365576445 -0.00194123737 -0.00246114843
v -0.000365576154 -0.00166032545 -0.00265645026
v 0.000358561578 -0.00166032545 -0.00265645003
v 0.000358561258 -0.00175541395 -0.00248308806
v -0.000365576445 -0.00175541395 -0.00248308806
v -0.000365576154 -0.00174327614 -0.00281341467
v 0.000358561578 -0.00174327614 -0.0028134142
v 0.000358561578 -0.00166032545 -0.00265645003
v -0.000365576154 -0.00166032545 -0.00265645026
v -0.000365576445 -0.00193792337 -0.00278766383
v 0.000358561258 -0.00193792337 -0.00278766383
v 0.000358561578 -0.00174327614 -0.0028134142
v -0.000365576154 -0.00174327614 -0.00281341467
v -0.000365576445 -0.00204053149 -0.00260832068
v 0.000358561258 -0.00204053149 -0.00260832044
v 0.000358561258 -0.00193792337 -0.00278766383
v -0.000365576445 -0.00193792337 -0.00278766383
v -0.000365576445 -0.00194123737 -0.00246114843
v 0.000358561258 -0.00194123737 -0.00246114843
v 0.000358561258 -0.00204053149 -0.00260832044
v -0.000365576445 -0.00204053149 -0.00260832068
v 5.86140159E-05 0.000239315021 -0.00405071536
v 5.86140159E-05 0.000234429826 -0.0040311832
v 0.000182038537 0.00019191741 -0.00402903091
v 0.000182038537 0.000201611518 -0.00406825589
v 0.000324719236 0.000162112716 -0.00407898659
v 0.000286206894 0.000151033397 -0.00403363677
v 0.000275290309 0.00047727584 -0.00305919303
v 0.000335635239 0.00047727584 -0.00305919303
v -0.000326558045 -0.00113341329 -0.00359007413
v -0.000311727228 -0.00113341329 -0.00359007413
v -0.000311727228 -0.00100500579 -0.00376396975
v -0.000326558045 -0.00100500579 -0.00376396952
v -0.000346730638 -0.000732722285 -0.00283786049
v -0.000286385708 -0.000732722285 -0.00283786049
v -0.00028638661 -0.00128807302 -0.00275777583
v -0.000346729445 -0.00128807302 -0.00275777606
v -0.000326558045 -0.00100500579 -0.00376396952
v -0.000311727228 -0.00100500579 -0.00376396975
v -0.000291554927 -0.000848917931 -0.00323307142
v -0.000346730347 -0.000848917931 -0.00323307142
v -0.000291554927 -0.000848917931 -0.00323307142
v -0.000286385708 -0.000732722285 -0.00283786049
v -0.000346730638 -0.000732722285 -0.00283786049
v -0.000346729445 -0.00128807302 -0.00275777606
v -0.00028638661 -0.00128807302 -0.00275777583
v -0.000291554927 -0.00127348653 -0.00310383318
v -0.000346730347 -0.00127348653 -0.00310383318
v -0.000346730347 -0.00127348653 -0.00310383318
v -0.000291554927 -0.00127348653 -0.00310383318
v -0.000311727228 -0.00113341329 -0.00359007413
v -0.000326558045 -0.00113341329 -0.00359007413
v 0.000182038537 0.000201611518 -0.00406825589
v 0.000182038537 0.00019191741 -0.00402903091
v 0.000286206894 0.000151033397 -0.00403363677
v 0.000324719236 0.000162112716 -0.00407898659
v 7.13944428E-06 0.000906238507 -0.00392751489
v -0.000291184173 0.000903265434 -0.00391763775
v 5.86140159E-05 0.000239315021 -0.00405071536
v 0.000182038537 0.000201611518 -0.00406825589
v 0.00032872826 0.00090599776 -0.00392665947
v 7.13944428E-06 0.000906238507 -0.00392751489
v 0.000182038537 0.000201611518 -0.00406825589
v 0.000324719236 0.000162112716 -0.00407898659
v -0.000291184173 0.000897390826 -0.0038980532
v 7.13944428E-06 0.000894443947 -0.00388817769
v 0.000182038537 0.00019191741 -0.00402903091
v 5.86140159E-05 0.000234429826 -0.0040311832
v 7.13944428E-06 0.000894443947 -0.00388817769
v 0.00028219758 0.000894684752 -0.00388903311
v 0.000286206894 0.000151033397 -0.00403363677
v 0.000182038537 0.00019191741 -0.00402903091
v -0.000291184173 0.000903265434 -0.00391763775
v -0.000291184173 0.000897390826 -0.0038980532
v 5.86140159E-05 0.000234429826 -0.0040311832
v 5.86140159E-05 0.000239315021 -0.00405071536
v 7.13944428E-06 0.000906238507 -0.00392751489
v 7.13944428E-06 0.000894443947 -0.00388817769
v -0.000291184173 0.000897390826 -0.0038980532
v -0.000291184173 0.000903265434 -0.00391763775
v 0.00032872826 0.00090599776 -0.00392665947
v 7.13944428E-06 0.000894443947 -0.00388817769
v 0.00028219758 0.000894684752 -0.00388903311
v -0.000294726196 -0.000649201858 -0.00326294405
v -7.51638363E-05 -0.000649201858 -0.00326294382
v -7.51605621E-05 -0.000503411284 -0.00345454481
v -0.000294729456 -0.000503411284 -0.00345454481
v 5.67674615E-05 -0.00151299231 -0.00302846683
v 0.000276336359 -0.00151299231 -0.00302846683
v 0.000276336359 -0.00139698258 -0.0032140105
v 5.67674615E-05 -0.00139698258 -0.0032140105
v 5.67674615E-05 -0.00173926831 -0.00307001919
v 0.000276336359 -0.00173926831 -0.00307001919
v 0.000276336359 -0.00151299231 -0.00302846683
v 5.67674615E-05 -0.00151299231 -0.00302846683
v 5.67674615E-05 0.000214421743 -0.0034232873
v 0.000276336359 0.000214421743 -0.0034232873
v 0.000276336359 0.00036477804 -0.00358839589
v 5.67674615E-05 0.00036477804 -0.00358839566
v 5.67659736E-05 -0.00348957768 0.000939512625
v 5.67659736E-05 -0.00366892805 0.000144940568
v 5.67662719E-05 -0.00351217273 -4.63372817E-05
v 5.67662719E-05 -0.00320640556 -3.5415942E-05
v 5.67692514E-05 -0.00310155377 0.000837362546
v 5.67659736E-05 -0.00306606991 0.000135275797
v -0.00029473094 -0.00344350561 0.000927383662
v -0.00029473094 -0.00365278241 0.000805646472
v -0.000294730649 -0.0035613298 -1.52095963E-05
v -0.000294730649 -0.00316022872 -4.4465437E-06
v -0.00029473094 -0.00314762583 0.000849491102
v -0.00029473094 -0.0030616282 0.000687030028
v -0.000294730649 -0.0035613298 -1.52095963E-05
v -0.000294730649 -0.00359990122 -0.000839862216
v -0.00029472707 -0.00337241171 -0.00098669983
v -0.000294730649 -0.00316022872 -4.4465437E-06
v -0.000294730358 -0.00308093545 -0.000893670425
v -0.000294730358 -0.00301496731 -0.000693627866
v -0.000365576736 -0.00260668504 -0.00197008043
v -0.000365576445 -0.00274054753 -0.00208669738
v -0.000365576445 -0.00266582472 -0.0022619504
v -0.000365576445 -0.00245752814 -0.00230788696
v -0.000365576445 -0.00241111987 -0.00201456225
v -0.000365576445 -0.00233699544 -0.00217753812
v -0.000365577027 -0.00301800016 -0.001169906
v -0.000365577027 -0.00318103074 -0.00124019047
v -0.000365577027 -0.00317977183 -0.00144332612
v -0.000365577027 -0.00301825511 -0.00156588247
v -0.000365577027 -0.00286463019 -0.00147689576
v -0.000365577027 -0.00286256545 -0.00128377823
v -0.000365577318 -0.00343319657 -0.000318451901
v -0.000365577318 -0.00350950705 -0.000511336373
v -0.000365577318 -0.00340931397 -0.000675371848
v -0.000365577318 -0.0032567787 -0.000298568833
v -0.000365577318 -0.00323575013 -0.00063802884
v -0.000365577318 -0.00315908901 -0.000454039488
v -0.000365577318 -0.00347092864 0.00061457057
v -0.000365577638 -0.00355480192 0.000444658916
v -0.000365577638 -0.00346068852 0.000257225329
v -0.000365577318 -0.00329533336 0.000588395516
v -0.000365577638 -0.00328336004 0.000248656521
v -0.000365577638 -0.00320143695 0.000409871805
v -0.00034673154 -0.00348451617 -0.000793662213
v -0.00034673154 -0.00308434246 -0.000695914903
v -0.000346730638 -0.00318392739 -0.000140088829
v -0.00034673154 -0.00350625743 -0.000316602906
v -0.000326559239 -0.00402207859 -0.000924969092
v -0.000326559239 -0.0039107753 -0.000701990619
v 0.000276331906 -0.00341677177 -0.00100341137
v 0.000276335166 -0.00365021708 -0.000248144788
v 0.000276335486 -0.00351217273 -4.63371798E-05
v 0.000276335486 -0.00320640556 -3.54158692E-05
v 0.000276335486 -0.00303461775 -0.00088111707
v 0.000276335486 -0.00304958574 -0.000195493951
v 0.000276335777 -0.00314949988 -0.00177373819
v 0.000276331906 -0.00341677177 -0.00100341137
v 0.000276335486 -0.00303461775 -0.00088111707
v 0.000276336068 -0.00293360231 -0.00186505227
v 0.000276335777 -0.00263854978 -0.00145364285
v 0.000276336068 -0.00268473383 -0.00168706919
v -7.51617554E-05 -0.0035613298 -1.52095408E-05
v -7.51620537E-05 -0.00365278241 0.000805646589
v -7.51620537E-05 -0.00344350561 0.00092738372
v -7.51614571E-05 -0.00316022872 -4.44646912E-06
v -7.51620537E-05 -0.00314762583 0.000849491276
v -7.51617554E-05 -0.0030616282 0.000687030086
v -7.51650296E-05 -0.00337241171 -0.00098669983
v -7.51614571E-05 -0.00359990122 -0.000839862158
v -7.51617554E-05 -0.0035613298 -1.52095408E-05
v -7.51614571E-05 -0.00316022872 -4.44646912E-06
v -7.51614571E-05 -0.00308093545 -0.000893670367
v -7.51614571E-05 -0.00301496731 -0.000693627808
v 0.000358561258 -0.00266582472 -0.0022619504
v 0.000358561258 -0.00274054753 -0.00208669715
v 0.000358561258 -0.00260668504 -0.00197008043
v 0.000358561258 -0.00245752814 -0.00230788696
v 0.000358561258 -0.00241111987 -0.00201456225
v 0.000358561258 -0.00233699544 -0.00217753788
v 0.000358560967 -0.00317977183 -0.00144332589
v 0.000358560676 -0.00318103074 -0.00124019012
v 0.000358560967 -0.00301800016 -0.00116990576
v 0.000358560967 -0.00301825511 -0.00156588224
v 0.000358560967 -0.00286463252 -0.00147689576
v 0.000358560967 -0.00286256545 -0.00128377788
v 0.000358560384 -0.00340931397 -0.000675371557
v 0.000358560384 -0.00350950705 -0.00051133614
v 0.000358560384 -0.00343319657 -0.000318451668
v 0.000358560676 -0.0032567787 -0.00029856863
v 0.000358560676 -0.00323575013 -0.00063802849
v 0.000358560384 -0.00315908901 -0.000454039226
v 0.000358560384 -0.00346068852 0.000257225678
v 0.000358560064 -0.00355480192 0.000444659352
v 0.000358560384 -0.00347092864 0.000614570861
v 0.000358560676 -0.00329533336 0.000588395866
v 0.000358560384 -0.00328336004 0.000248656812
v 0.000358560064 -0.00320143695 0.000409872155
v -0.00029155612 -0.00348451617 -0.000793662213
v -0.000311728712 -0.00402207859 -0.000924969092
v -0.000311728712 -0.0039107753 -0.000701990619
v -0.00029155612 -0.00350625743 -0.000316602876
v -0.00029473094 -0.00344350561 0.000927383662
v -7.51620537E-05 -0.00344350561 0.00092738372
v -7.51620537E-05 -0.00365278241 0.000805646589
v -0.00029473094 -0.00365278241 0.000805646472
v -0.000294730649 -0.00359990122 -0.000839862216
v -7.51614571E-05 -0.00359990122 -0.000839862158
v -7.51650296E-05 -0.00337241171 -0.00098669983
v -0.00029472707 -0.00337241171 -0.00098669983
v -0.000294729776 -0.00296928152 -0.00189846032
v -7.51608604E-05 -0.00250230543 -0.00253811572
v -0.000294729776 -0.00250230543 -0.00253811572
v -7.51608604E-05 -0.00296928152 -0.00189846032
v -0.000294730649 -0.00342493993 -0.00122292386
v -7.51614571E-05 -0.00342493993 -0.00122292386
v 5.67662719E-05 -0.00303461542 -0.000881117128
v 5.6769848E-05 -0.00341677177 -0.00100341148
v 5.67668649E-05 -0.00314949988 -0.00177373819
v 5.67671632E-05 -0.00293359999 -0.00186505227
v 5.67668649E-05 -0.00263854978 -0.00145364285
v 5.67668649E-05 -0.00268473383 -0.00168706919
v 5.67668649E-05 -0.00314949988 -0.00177373819
v 0.000276335777 -0.00314949988 -0.00177373819
v 0.000276336068 -0.00293360231 -0.00186505227
v 5.67671632E-05 -0.00293359999 -0.00186505227
v -7.51608604E-05 -0.00296928152 -0.00189846032
v -7.51614571E-05 -0.00342493993 -0.00122292386
v -7.51650296E-05 -0.00337241171 -0.00098669983
v -7.51614571E-05 -0.00308093545 -0.000893670367
v -7.51614571E-05 -0.00286344532 -0.00100325409
v -7.51608604E-05 -0.0026433873 -0.00166438788
v 5.6769848E-05 -0.00341677177 -0.00100341148
v 0.000276335777 -0.00314949988 -0.00177373819
v 5.67668649E-05 -0.00314949988 -0.00177373819
v 0.000276331906 -0.00341677177 -0.00100341137
v 5.67662719E-05 -0.00365021708 -0.000248144846
v 0.000276335166 -0.00365021708 -0.000248144788
v -0.00029472707 -0.00337241171 -0.00098669983
v -0.000294730649 -0.00342493993 -0.00122292386
v -0.000294729776 -0.00296928152 -0.00189846032
v -0.000294730358 -0.00308093545 -0.000893670425
v -0.000294730649 -0.00286344532 -0.00100325409
v -0.000294729776 -0.0026433873 -0.00166438811
v 5.67662719E-05 -0.00351217273 -4.63372817E-05
v 5.67662719E-05 -0.00365021708 -0.000248144846
v 5.6769848E-05 -0.00341677177 -0.00100341148
v 5.67662719E-05 -0.00320640556 -3.5415942E-05
v 5.67662719E-05 -0.00303461542 -0.000881117128
v 5.67662719E-05 -0.00304958574 -0.000195494024
v 5.67659736E-05 -0.00348957768 0.000939512625
v 0.000276334875 -0.00348957768 0.000939512684
v 0.000276334875 -0.00366892805 0.000144940757
v 5.67659736E-05 -0.00366892805 0.000144940568
v 0.000276335486 -0.00351217273 -4.63371798E-05
v 0.000276334875 -0.00366892805 0.000144940757
v 0.000276334875 -0.00348957768 0.000939512684
v 0.000276335486 -0.00320640556 -3.54158692E-05
v 0.000276331906 -0.00310155377 0.000837362604
v 0.000276334875 -0.00306606991 0.000135275899
v -0.00029473094 -0.00365278241 0.000805646472
v -7.51620537E-05 -0.00365278241 0.000805646589
v -7.51617554E-05 -0.0035613298 -1.52095408E-05
v -0.000294730649 -0.0035613298 -1.52095963E-05
v -0.000294730649 -0.0035613298 -1.52095963E-05
v -7.51617554E-05 -0.0035613298 -1.52095408E-05
v -7.51614571E-05 -0.00359990122 -0.000839862158
v -0.000294730649 -0.00359990122 -0.000839862216
v -0.000365576445 -0.00241111987 -0.00201456225
v 0.000358561258 -0.00241111987 -0.00201456225
v 0.000358561258 -0.00260668504 -0.00197008043
v -0.000365576736 -0.00260668504 -0.00197008043
v -0.000365576445 -0.00233699544 -0.00217753812
v 0.000358561258 -0.00233699544 -0.00217753788
v 0.000358561258 -0.00241111987 -0.00201456225
v -0.000365576445 -0.00241111987 -0.00201456225
v -0.000365576445 -0.00245752814 -0.00230788696
v 0.000358561258 -0.00245752814 -0.00230788696
v 0.000358561258 -0.00233699544 -0.00217753788
v -0.000365576445 -0.00233699544 -0.00217753812
v -0.000365576445 -0.00266582472 -0.0022619504
v 0.000358561258 -0.00266582472 -0.0022619504
v 0.000358561258 -0.00245752814 -0.00230788696
v -0.000365576445 -0.00245752814 -0.00230788696
v -0.000365576445 -0.00274054753 -0.00208669738
v 0.000358561258 -0.00274054753 -0.00208669715
v 0.000358561258 -0.00266582472 -0.0022619504
v -0.000365576445 -0.00266582472 -0.0022619504
v -0.000365576736 -0.00260668504 -0.00197008043
v 0.000358561258 -0.00260668504 -0.00197008043
v 0.000358561258 -0.00274054753 -0.00208669715
v -0.000365576445 -0.00274054753 -0.00208669738
v -0.000365577027 -0.00286256545 -0.00128377823
v 0.000358560967 -0.00286256545 -0.00128377788
v 0.000358560967 -0.00301800016 -0.00116990576
v -0.000365577027 -0.00301800016 -0.001169906
v -0.000365577027 -0.00286463019 -0.00147689576
v 0.000358560967 -0.00286463252 -0.00147689576
v 0.000358560967 -0.00286256545 -0.00128377788
v -0.000365577027 -0.00286256545 -0.00128377823
v -0.000365577027 -0.00301825511 -0.00156588247
v 0.000358560967 -0.00301825511 -0.00156588224
v 0.000358560967 -0.00286463252 -0.00147689576
v -0.000365577027 -0.00286463019 -0.00147689576
v -0.000365577027 -0.00317977183 -0.00144332612
v 0.000358560967 -0.00317977183 -0.00144332589
v 0.000358560967 -0.00301825511 -0.00156588224
v -0.000365577027 -0.00301825511 -0.00156588247
v -0.000365577027 -0.00318103074 -0.00124019047
v 0.000358560676 -0.00318103074 -0.00124019012
v 0.000358560967 -0.00317977183 -0.00144332589
v -0.000365577027 -0.00317977183 -0.00144332612
v -0.000365577027 -0.00301800016 -0.001169906
v 0.000358560967 -0.00301800016 -0.00116990576
v 0.000358560676 -0.00318103074 -0.00124019012
v -0.000365577027 -0.00318103074 -0.00124019047
v -0.000365577318 -0.00315908901 -0.000454039488
v 0.000358560384 -0.00315908901 -0.000454039226
v 0.000358560676 -0.0032567787 -0.00029856863
v -0.000365577318 -0.0032567787 -0.000298568833
v -0.000365577318 -0.00323575013 -0.00063802884
v 0.000358560676 -0.00323575013 -0.00063802849
v 0.000358560384 -0.00315908901 -0.000454039226
v -0.000365577318 -0.00315908901 -0.000454039488
v -0.000365577318 -0.00340931397 -0.000675371848
v 0.000358560384 -0.00340931397 -0.000675371557
v 0.000358560676 -0.00323575013 -0.00063802849
v -0.000365577318 -0.00323575013 -0.00063802884
v -0.000365577318 -0.00350950705 -0.000511336373
v 0.000358560384 -0.00350950705 -0.00051133614
v 0.000358560384 -0.00340931397 -0.000675371557
v -0.000365577318 -0.00340931397 -0.000675371848
v -0.000365577318 -0.00343319657 -0.000318451901
v 0.000358560384 -0.00343319657 -0.000318451668
v 0.000358560384 -0.00350950705 -0.00051133614
v -0.000365577318 -0.00350950705 -0.000511336373
v -0.000365577318 -0.0032567787 -0.000298568833
v 0.000358560676 -0.0032567787 -0.00029856863
v 0.000358560384 -0.00343319657 -0.000318451668
v -0.000365577318 -0.00343319657 -0.000318451901
v -0.000365577638 -0.00320143695 0.000409871805
v 0.000358560064 -0.00320143695 0.000409872155
v 0.000358560676 -0.00329533336 0.000588395866
v -0.000365577318 -0.00329533336 0.000588395516
v -0.000365577638 -0.00328336004 0.000248656521
v 0.000358560384 -0.00328336004 0.000248656812
v 0.000358560064 -0.00320143695 0.000409872155
v -0.000365577638 -0.00320143695 0.000409871805
v -0.000365577638 -0.00346068852 0.000257225329
v 0.000358560384 -0.00346068852 0.000257225678
v 0.000358560384 -0.00328336004 0.000248656812
v -0.000365577638 -0.00328336004 0.000248656521
v -0.000365577638 -0.00355480192 0.000444658916
v 0.000358560064 -0.00355480192 0.000444659352
v 0.000358560384 -0.00346068852 0.000257225678
v -0.000365577638 -0.00346068852 0.000257225329
v -0.000365577318 -0.00347092864 0.00061457057
v 0.000358560384 -0.00347092864 0.000614570861
v 0.000358560064 -0.00355480192 0.000444659352
v -0.000365577638 -0.00355480192 0.000444658916
v -0.000365577318 -0.00329533336 0.000588395516
v 0.000358560676 -0.00329533336 0.000588395866
v 0.000358560384 -0.00347092864 0.000614570861
v -0.000365577318 -0.00347092864 0.00061457057
v 5.86134192E-05 -0.00336931227 -0.00234859576
v 5.86134192E-05 -0.00335902441 -0.00232895301
v 0.00018203794 -0.00338800182 -0.00228327652
v 0.00018203794 -0.0034089922 -0.0023224405
v 0.000324718654 -0.00344518176 -0.00228901627
v 0.000286205992 -0.00342053175 -0.00224407809
v 0.000275290018 -0.00251594768 -0.00183323293
v 0.000335634948 -0.00251594768 -0.00183323293
v -0.000326559239 -0.0039107753 -0.000701990619
v -0.000311728712 -0.0039107753 -0.000701990619
v -0.000311728712 -0.00402207859 -0.000924969092
v -0.000326559239 -0.00402207859 -0.000924969092
v -0.00034673154 -0.00308434246 -0.000695914903
v -0.00028638661 -0.00308434246 -0.000695914903
v -0.000286387483 -0.00318392739 -0.000140088829
v -0.000346730638 -0.00318392739 -0.000140088829
v -0.000326559239 -0.00402207859 -0.000924969092
v -0.000311728712 -0.00402207859 -0.000924969092
v -0.00029155612 -0.00348451617 -0.000793662213
v -0.00034673154 -0.00348451617 -0.000793662213
v -0.00029155612 -0.00348451617 -0.000793662213
v -0.00028638661 -0.00308434246 -0.000695914903
v -0.00034673154 -0.00308434246 -0.000695914903
v -0.000346730638 -0.00318392739 -0.000140088829
v -0.000286387483 -0.00318392739 -0.000140088829
v -0.00029155612 -0.00350625743 -0.000316602876
v -0.00034673154 -0.00350625743 -0.000316602906
v -0.00034673154 -0.00350625743 -0.000316602906
v -0.00029155612 -0.00350625743 -0.000316602876
v -0.000311728712 -0.0039107753 -0.000701990619
v -0.000326559239 -0.0039107753 -0.000701990619
v 0.00018203794 -0.0034089922 -0.0023224405
v 0.00018203794 -0.00338800182 -0.00228327652
v 0.000286205992 -0.00342053175 -0.00224407809
v 0.000324718654 -0.00344518176 -0.00228901627
v 7.1388481E-06 -0.0026577448 -0.00277309911
v -0.000291184784 -0.00265511265 -0.00276319846
v 5.86134192E-05 -0.00336931227 -0.00234859576
v 0.00018203794 -0.0034089922 -0.0023224405
v 0.00032872794 -0.00265750173 -0.00277225091
v 0.000324718654 -0.00344518176 -0.00228901627
v -0.000291184784 -0.00264986022 -0.00274359109
v 7.1388481E-06 -0.00264719012 -0.00273372186
v 0.00018203794 -0.00338800182 -0.00228327652
v 5.86134192E-05 -0.00335902441 -0.00232895301
v 7.1388481E-06 -0.00264719012 -0.00273372186
v 0.000282197288 -0.00264743809 -0.00273456541
v 0.000286205992 -0.00342053175 -0.00224407809
v 0.00018203794 -0.00338800182 -0.00228327652
v -0.000291184784 -0.00265511265 -0.00276319846
v -0.000291184784 -0.00264986022 -0.00274359109
v 5.86134192E-05 -0.00335902441 -0.00232895301
v 5.86134192E-05 -0.00336931227 -0.00234859576
v 7.1388481E-06 -0.0026577448 -0.00277309911
v 7.1388481E-06 -0.00264719012 -0.00273372186
v -0.000291184784 -0.00264986022 -0.00274359109
v -0.000291184784 -0.00265511265 -0.00276319846
v 0.00032872794 -0.00265750173 -0.00277225091
v 7.1388481E-06 -0.00264719012 -0.00273372186
v 0.000282197288 -0.00264743809 -0.00273456541
v -0.00029472707 -0.00337241171 -0.00098669983
v -7.51650296E-05 -0.00337241171 -0.00098669983
v -7.51614571E-05 -0.00342493993 -0.00122292386
v -0.000294730649 -0.00342493993 -0.00122292386
v 5.67662719E-05 -0.00351217273 -4.63372817E-05
v 0.000276335486 -0.00351217273 -4.63371798E-05
v 0.000276335166 -0.00365021708 -0.000248144788
v 5.67662719E-05 -0.00365021708 -0.000248144846
v 5.67659736E-05 -0.00366892805 0.000144940568
v 0.000276334875 -0.00366892805 0.000144940757
v 0.000276335486 -0.00351217273 -4.63371798E-05
v 5.67662719E-05 -0.00351217273 -4.63372817E-05
v 5.67671632E-05 -0.00293359999 -0.00186505227
v 0.000276336068 -0.00293360231 -0.00186505227
v 0.000276336068 -0.00295700552 -0.00212750887
v 5.67671632E-05 -0.00295700552 -0.00212750887
v 5.67653769E-05 -0.00145406963 0.00314774038
v 5.67656753E-05 -0.00156862976 0.00296150474
v 5.67656753E-05 -0.00145241024 0.00267847558
v 5.67656753E-05 -0.000710194116 0.00325020426
v 5.67656753E-05 -0.0012392163 0.00258438499
v 5.67689531E-05 -0.000607657421 0.00286228233
v -0.000294731261 -0.000877084734 0.00330908527
v -0.000294731261 -0.00155782455 0.00301382411
v -0.000294731261 -0.00140702247 0.00264199614
v -0.000294731261 -0.000710918859 0.00272949901
v -0.000294731261 -0.000698020449 0.00320414384
v -0.000294731261 -0.000619831088 0.00290834182
v -0.000294731261 -0.0019598722 0.00218739407
v -0.000294731261 -0.00155782455 0.00301382411
v -0.000294731261 -0.00219657179 0.00220973557
v -0.000294731261 -0.00230382429 0.00268259947
v -0.000294727972 -0.00238528964 0.00245056348
v -0.000365577929 -0.00313469162 0.00144849659
v -0.000365577929 -0.00329724303 0.00131365808
v -0.000365577638 -0.00329437968 0.00110760506
v -0.000365577638 -0.00312683103 0.00104889867
v -0.000365577929 -0.00297690858 0.00136711355
v -0.000365577929 -0.00297112227 0.00117322942
v -0.000365577929 -0.00280574313 0.00219083624
v -0.000365577929 -0.00285632117 0.00199162774
v -0.000365577929 -0.00272079231 0.00187695166
v -0.000365577929 -0.00259379856 0.0022319376
v -0.000365577929 -0.00254952186 0.00194502051
v -0.000365577929 -0.00247239345 0.00210240064
v -0.000365577929 -0.00197755336 0.00274557341
v -0.000365577929 -0.00208536373 0.00257111876
v -0.000365577929 -0.00198911899 0.00242193509
v -0.000365577929 -0.00180117844 0.00243740552
v -0.000365577929 -0.00178080553 0.00276465714
v -0.000365577929 -0.00170092576 0.00260610785
v -0.00036557822 -0.00114294048 0.00310692191
v -0.000365577929 -0.00127475255 0.00297808042
v -0.000365577929 -0.00121411087 0.00281122327
v -0.000365577929 -0.00102982041 0.00277035148
v -0.000365577929 -0.000954458665 0.00306718308
v -0.000365577929 -0.000902013737 0.00289757038
v -0.000346732442 -0.00221767905 0.0025883012
v -0.000346732122 -0.00198433385 0.00224882574
v -0.000346731249 -0.0015374613 0.00261354889
v -0.000346732122 -0.00180501456 0.00283511519
v -0.000326560141 -0.00253113499 0.00304432865
v -0.000326560141 -0.00229098555 0.0030401065
v 0.000276334584 -0.00216897251 0.00217106123
v 0.000276331004 -0.00241667731 0.00248671882
v 0.000276334293 -0.00179527036 0.00300439284
v 0.000276334584 -0.00153830519 0.00245895656
v 0.000276334584 -0.00156862976 0.00296150474
v 0.000276334584 -0.00145241024 0.00267847558
v 0.000276334584 -0.00305169332 0.00175761851
v 0.000276334584 -0.00307611469 0.00202525128
v 0.000276331004 -0.00241667731 0.00248671882
v 0.000276334584 -0.00279732468 0.00158759113
v 0.000276334875 -0.00260031456 0.00165491994
v 0.000276334584 -0.00216897251 0.00217106123
v -7.5162352E-05 -0.00140702247 0.00264199614
v -7.5162352E-05 -0.00155782455 0.00301382411
v -7.5162352E-05 -0.000877084734 0.00330908527
v -7.51620537E-05 -0.000710918859 0.00272949901
v -7.5162352E-05 -0.000698020449 0.00320414407
v -7.5162352E-05 -0.000619831088 0.00290834182
v -7.5162352E-05 -0.00155782455 0.00301382411
v -7.51620537E-05 -0.0019598722 0.00218739407
v -7.5162352E-05 -0.00219657179 0.00220973557
v -7.51626503E-05 -0.00230382429 0.00268259947
v -7.51656262E-05 -0.00238528964 0.00245056394
v 0.000358560064 -0.00329437968 0.00110760529
v 0.000358560064 -0.00329724303 0.00131365831
v 0.000358559773 -0.00313469162 0.00144849683
v 0.000358560064 -0.00312683103 0.00104889902
v 0.000358559773 -0.00297690858 0.0013671139
v 0.000358560064 -0.00297112227 0.00117322966
v 0.000358560064 -0.00272079231 0.00187695166
v 0.000358559773 -0.00285632117 0.00199162797
v 0.000358559773 -0.00280574313 0.00219083624
v 0.000358559773 -0.00259379856 0.00223193783
v 0.000358559773 -0.00254952186 0.00194502086
v 0.000358559773 -0.00247239345 0.00210240087
v 0.000358559773 -0.00198912132 0.00242193555
v 0.000358559773 -0.00208536629 0.002571119
v 0.000358559773 -0.00197755336 0.00274557364
v 0.000358559773 -0.00180117844 0.00243740552
v 0.000358559773 -0.00178080553 0.00276465737
v 0.000358559773 -0.00170092576 0.00260610809
v 0.000358559773 -0.00121411087 0.0028112235
v 0.000358559773 -0.00127475255 0.00297808065
v 0.000358559773 -0.00114294048 0.00310692214
v 0.000358560064 -0.00102982041 0.00277035171
v 0.000358559773 -0.000954458665 0.00306718354
v 0.000358559773 -0.000902013737 0.00289757061
v -0.000291556993 -0.00221767905 0.00258830143
v -0.000311729615 -0.00253113499 0.00304432865
v -0.000311729615 -0.00229098555 0.0030401065
v -0.000291556993 -0.00180501456 0.00283511519
v -0.000294731261 -0.000698020449 0.00320414384
v -7.5162352E-05 -0.000698020449 0.00320414407
v -7.5162352E-05 -0.000877084734 0.00330908527
v -0.000294731261 -0.000877084734 0.00330908527
v -0.000294731261 -0.00230382429 0.00268259947
v -7.51626503E-05 -0.00230382429 0.00268259947
v -7.51656262E-05 -0.00238528964 0.00245056394
v -0.000294727972 -0.00238528964 0.00245056348
v -0.000294731261 -0.00309439423 0.00177812274
v -7.51620537E-05 -0.0035476971 0.00105776777
v -0.00029473094 -0.0035476971 0.00105776766
v -7.5162352E-05 -0.00309439423 0.00177812309
v -0.000294731261 -0.00264841318 0.00245034811
v -7.5162352E-05 -0.00264841318 0.00245034811
v 5.67689531E-05 -0.00241667731 0.00248671859
v 5.67656753E-05 -0.00307611469 0.00202525128
v 5.67656753E-05 -0.00305169332 0.00175761816
v 5.67656753E-05 -0.00279732468 0.00158759113
v 5.67656753E-05 -0.00260031456 0.00165491994
v 5.67656753E-05 -0.00216897251 0.00217106123
v 5.67656753E-05 -0.00307611469 0.00202525128
v 0.000276334584 -0.00307611469 0.00202525128
v 0.000276334584 -0.00305169332 0.00175761851
v 5.67656753E-05 -0.00305169332 0.00175761816
v -7.5162352E-05 -0.00276027666 0.00155594351
v -7.5162352E-05 -0.00309439423 0.00177812309
v -7.5162352E-05 -0.00264841318 0.00245034811
v -7.51620537E-05 -0.0022498155 0.00199796376
v -7.51656262E-05 -0.00238528964 0.00245056394
v -7.5162352E-05 -0.00219657179 0.00220973557
v 5.67689531E-05 -0.00241667731 0.00248671859
v 0.000276331004 -0.00241667731 0.00248671882
v 0.000276334584 -0.00307611469 0.00202525128
v 5.67656753E-05 -0.00307611469 0.00202525128
v 5.67653769E-05 -0.00179527036 0.00300439284
v 0.000276334293 -0.00179527036 0.00300439284
v 0.000276331004 -0.00241667731 0.00248671882
v 5.67689531E-05 -0.00241667731 0.00248671859
v -0.000294731261 -0.00264841318 0.00245034811
v -0.000294731261 -0.00309439423 0.00177812274
v -0.000294731261 -0.00276027666 0.00155594351
v -0.000294731261 -0.0022498155 0.00199796376
v -0.000294727972 -0.00238528964 0.00245056348
v -0.000294731261 -0.00219657179 0.00220973557
v 5.67653769E-05 -0.00179527036 0.00300439284
v 5.67689531E-05 -0.00241667731 0.00248671859
v 5.67656753E-05 -0.00216897251 0.00217106123
v 5.67656753E-05 -0.00153830519 0.00245895609
v 5.67656753E-05 -0.00156862976 0.00296150474
v 5.67656753E-05 -0.00145241024 0.00267847558
v 5.67656753E-05 -0.000710194116 0.00325020426
v 0.000276334293 -0.000710194116 0.00325020426
v 0.000276334293 -0.00145406963 0.00314774038
v 5.67653769E-05 -0.00145406963 0.00314774038
v 0.000276334584 -0.00145241024 0.00267847558
v 0.000276334584 -0.00156862976 0.00296150474
v 0.000276334293 -0.00145406963 0.00314774038
v 0.000276334293 -0.000710194116 0.00325020426
v 0.000276334875 -0.0012392163 0.00258438499
v 0.000276331295 -0.000607657421 0.00286228233
v -0.000294731261 -0.000877084734 0.00330908527
v -7.5162352E-05 -0.000877084734 0.00330908527
v -7.5162352E-05 -0.00155782455 0.00301382411
v -0.000294731261 -0.00155782455 0.00301382411
v -7.51626503E-05 -0.00230382429 0.00268259947
v -0.000294731261 -0.00230382429 0.00268259947
v -0.000365577929 -0.00297112227 0.00117322942
v 0.000358560064 -0.00297112227 0.00117322966
v 0.000358559773 -0.00297690858 0.0013671139
v -0.000365577929 -0.00297690858 0.00136711355
v -0.000365577638 -0.00312683103 0.00104889867
v 0.000358560064 -0.00312683103 0.00104889902
v 0.000358560064 -0.00297112227 0.00117322966
v -0.000365577929 -0.00297112227 0.00117322942
v -0.000365577638 -0.00329437968 0.00110760506
v 0.000358560064 -0.00329437968 0.00110760529
v 0.000358560064 -0.00312683103 0.00104889902
v -0.000365577638 -0.00312683103 0.00104889867
v -0.000365577929 -0.00329724303 0.00131365808
v 0.000358560064 -0.00329724303 0.00131365831
v 0.000358560064 -0.00329437968 0.00110760529
v -0.000365577638 -0.00329437968 0.00110760506
v -0.000365577929 -0.00313469162 0.00144849659
v 0.000358559773 -0.00313469162 0.00144849683
v 0.000358560064 -0.00329724303 0.00131365831
v -0.000365577929 -0.00329724303 0.00131365808
v -0.000365577929 -0.00297690858 0.00136711355
v 0.000358559773 -0.00297690858 0.0013671139
v 0.000358559773 -0.00313469162 0.00144849683
v -0.000365577929 -0.00313469162 0.00144849659
v -0.000365577929 -0.00254952186 0.00194502051
v 0.000358559773 -0.00254952186 0.00194502086
v 0.000358559773 -0.00247239345 0.00210240087
v -0.000365577929 -0.00247239345 0.00210240064
v -0.000365577929 -0.00272079231 0.00187695166
v 0.000358560064 -0.00272079231 0.00187695166
v 0.000358559773 -0.00254952186 0.00194502086
v -0.000365577929 -0.00254952186 0.00194502051
v -0.000365577929 -0.00285632117 0.00199162774
v 0.000358559773 -0.00285632117 0.00199162797
v 0.000358560064 -0.00272079231 0.00187695166
v -0.000365577929 -0.00272079231 0.00187695166
v -0.000365577929 -0.00280574313 0.00219083624
v 0.000358559773 -0.00280574313 0.00219083624
v 0.000358559773 -0.00285632117 0.00199162797
v -0.000365577929 -0.00285632117 0.00199162774
v -0.000365577929 -0.00259379856 0.0022319376
v 0.000358559773 -0.00259379856 0.00223193783
v 0.000358559773 -0.00280574313 0.00219083624
v -0.000365577929 -0.00280574313 0.00219083624
v -0.000365577929 -0.00247239345 0.00210240064
v 0.000358559773 -0.00247239345 0.00210240087
v 0.000358559773 -0.00259379856 0.00223193783
v -0.000365577929 -0.00259379856 0.0022319376
v -0.000365577929 -0.00180117844 0.00243740552
v 0.000358559773 -0.00180117844 0.00243740552
v 0.000358559773 -0.00170092576 0.00260610809
v -0.000365577929 -0.00170092576 0.00260610785
v -0.000365577929 -0.00198911899 0.00242193509
v 0.000358559773 -0.00198912132 0.00242193555
v 0.000358559773 -0.00180117844 0.00243740552
v -0.000365577929 -0.00180117844 0.00243740552
v -0.000365577929 -0.00208536373 0.00257111876
v 0.000358559773 -0.00208536629 0.002571119
v 0.000358559773 -0.00198912132 0.00242193555
v -0.000365577929 -0.00198911899 0.00242193509
v -0.000365577929 -0.00197755336 0.00274557341
v 0.000358559773 -0.00197755336 0.00274557364
v 0.000358559773 -0.00208536629 0.002571119
v -0.000365577929 -0.00208536373 0.00257111876
v -0.000365577929 -0.00178080553 0.00276465714
v 0.000358559773 -0.00178080553 0.00276465737
v 0.000358559773 -0.00197755336 0.00274557364
v -0.000365577929 -0.00197755336 0.00274557341
v -0.000365577929 -0.00170092576 0.00260610785
v 0.000358559773 -0.00170092576 0.00260610809
v 0.000358559773 -0.00178080553 0.00276465737
v -0.000365577929 -0.00178080553 0.00276465714
v -0.000365577929 -0.00102982041 0.00277035148
v 0.000358560064 -0.00102982041 0.00277035171
v 0.000358559773 -0.000902013737 0.00289757061
v -0.000365577929 -0.000902013737 0.00289757038
v -0.000365577929 -0.00121411087 0.00281122327
v 0.000358559773 -0.00121411087 0.0028112235
v 0.000358560064 -0.00102982041 0.00277035171
v -0.000365577929 -0.00102982041 0.00277035148
v -0.000365577929 -0.00127475255 0.00297808042
v 0.000358559773 -0.00127475255 0.00297808065
v 0.000358559773 -0.00121411087 0.0028112235
v -0.000365577929 -0.00121411087 0.00281122327
v -0.00036557822 -0.00114294048 0.00310692191
v 0.000358559773 -0.00114294048 0.00310692214
v 0.000358559773 -0.00127475255 0.00297808065
v -0.000365577929 -0.00127475255 0.00297808042
v -0.000365577929 -0.000954458665 0.00306718308
v 0.000358559773 -0.000954458665 0.00306718354
v 0.000358559773 -0.00114294048 0.00310692214
v -0.00036557822 -0.00114294048 0.00310692191
v -0.000365577929 -0.000902013737 0.00289757038
v 0.000358559773 -0.000902013737 0.00289757061
v 0.000358559773 -0.000954458665 0.00306718354
v -0.000365577929 -0.000954458665 0.00306718308
v 5.86119277E-05 -0.00363855343 0.00197117799
v 5.86116294E-05 -0.0036177896 0.00197016215
v 0.00018203615 -0.00359288929 0.00202247128
v 0.00018203615 -0.00363441231 0.00202501472
v 0.00032471685 -0.00362256984 0.00207875785
v 0.000286204799 -0.0035747576 0.00207525701
v 0.000275288825 -0.00282569393 0.00134048518
v 0.000335633755 -0.00282569393 0.00134048518
v -0.000326560141 -0.00229098555 0.0030401065
v -0.000311729615 -0.00229098555 0.0030401065
v -0.000311729615 -0.00253113499 0.00304432865
v -0.000326560141 -0.00253113499 0.00304432865
v -0.000346732122 -0.00198433385 0.00224882574
v -0.000286387192 -0.00198433385 0.00224882574
v -0.000286388386 -0.0015374613 0.00261354912
v -0.000346731249 -0.0015374613 0.00261354889
v -0.000326560141 -0.00253113499 0.00304432865
v -0.000311729615 -0.00253113499 0.00304432865
v -0.000291556993 -0.00221767905 0.00258830143
v -0.000346732442 -0.00221767905 0.0025883012
v -0.000291556993 -0.00221767905 0.00258830143
v -0.000286387192 -0.00198433385 0.00224882574
v -0.000346732122 -0.00198433385 0.00224882574
v -0.000346731249 -0.0015374613 0.00261354889
v -0.000286388386 -0.0015374613 0.00261354912
v -0.000291556993 -0.00180501456 0.00283511519
v -0.000346732122 -0.00180501456 0.00283511519
v -0.000346732122 -0.00180501456 0.00283511519
v -0.000291556993 -0.00180501456 0.00283511519
v -0.000311729615 -0.00229098555 0.0030401065
v -0.000326560141 -0.00229098555 0.0030401065
v 0.00018203615 -0.00363441231 0.00202501472
v 0.00018203615 -0.00359288929 0.00202247128
v 0.000286204799 -0.0035747576 0.00207525701
v 0.00032471685 -0.00362256984 0.00207875785
v 7.13765621E-06 -0.00383256911 0.00110347825
v -0.000291185977 -0.00382158975 0.00110520667
v 5.86119277E-05 -0.00363855343 0.00197117799
v 0.00018203615 -0.00363441231 0.00202501472
v 0.000328726455 -0.00383161777 0.00110362202
v 0.00032471685 -0.00362256984 0.00207875785
v -0.000291185977 -0.0037998436 0.00110854977
v 7.13765621E-06 -0.00378888845 0.00111018273
v 0.00018203615 -0.00359288929 0.00202247128
v 5.86116294E-05 -0.0036177896 0.00197016215
v 7.13765621E-06 -0.00378888845 0.00111018273
v 0.000282196095 -0.00378983258 0.00111006142
v 0.000286204799 -0.0035747576 0.00207525701
v 0.00018203615 -0.00359288929 0.00202247128
v -0.000291185977 -0.00382158975 0.00110520667
v -0.000291185977 -0.0037998436 0.00110854977
v 5.86116294E-05 -0.0036177896 0.00197016215
v 5.86119277E-05 -0.00363855343 0.00197117799
v 7.13765621E-06 -0.00383256911 0.00110347825
v 7.13765621E-06 -0.00378888845 0.00111018273
v -0.000291185977 -0.0037998436 0.00110854977
v -0.000291185977 -0.00382158975 0.00110520667
v 0.000328726455 -0.00383161777 0.00110362202
v 7.13765621E-06 -0.00378888845 0.00111018273
v 0.000282196095 -0.00378983258 0.00111006142
v -0.000294727972 -0.00238528964 0.00245056348
v -7.51656262E-05 -0.00238528964 0.00245056394
v -7.5162352E-05 -0.00264841318 0.00245034811
v -0.000294731261 -0.00264841318 0.00245034811
v 5.67656753E-05 -0.00156862976 0.00296150474
v 0.000276334584 -0.00156862976 0.00296150474
v 0.000276334293 -0.00179527036 0.00300439284
v 5.67653769E-05 -0.00179527036 0.00300439284
v 5.67653769E-05 -0.00145406963 0.00314774038
v 0.000276334293 -0.00145406963 0.00314774038
v 0.000276334584 -0.00156862976 0.00296150474
v 5.67656753E-05 -0.00156862976 0.00296150474
v 5.67656753E-05 -0.00305169332 0.00175761816
v 0.000276334584 -0.00305169332 0.00175761851
v 0.000276334293 -0.00327096926 0.00165285286
v 5.67653769E-05 -0.00327096926 0.00165285252
v 5.67653769E-05 0.00188100571 0.00371447322
v 5.67656753E-05 0.00173061131 0.00355454884
v 5.67656753E-05 0.00175515888 0.00324957352
v 5.67656753E-05 0.00192680117 0.00311327935
v 5.67656753E-05 0.00256320229 0.00365953054
v 5.67692514E-05 0.0025890111 0.00325911632
v -0.000294731261 0.00246446603 0.0031508659
v -0.000294731261 0.00258594751 0.0033066594
v -0.000294731261 0.00256626611 0.00361198722
v -0.000294731552 0.0024255442 0.00375254359
v -0.000294731261 0.00178645132 0.00320410077
v -0.000294731261 0.00175455329 0.00360407587
v -0.000294731261 0.00112416979 0.00305439089
v -0.000294731261 0.00106541626 0.0036544567
v -0.000294731261 0.000941383827 0.00318151875
v -0.000294727972 0.000908377173 0.00348569453
v -0.000365577929 -0.000355756289 0.00332202762
v -0.000365577929 -0.000498087378 0.00319190067
v -0.000365577929 -0.000457518094 0.0030190628
v -0.000365577929 -0.000283060072 0.0029744776
v -0.000365577929 -0.000178177346 0.00326821767
v -0.000365577929 -0.000144991878 0.00309381122
v -0.000365577929 0.000481667521 0.00345097156
v -0.000365577929 0.000335717195 0.00334084663
v -0.000365577929 0.000362329476 0.00316531677
v -0.000365577929 0.000530824647 0.00309931929
v -0.000365577929 0.000652182091 0.00338519784
v -0.000365577929 0.000674724579 0.00320909941
v -0.00036557822 0.00133345125 0.00354996906
v -0.000365577929 0.00118599646 0.00345012266
v -0.000365577929 0.0012028265 0.00327338697
v -0.000365577929 0.00136564963 0.00319636078
v -0.000365577929 0.00149700639 0.00347300246
v -0.000365577929 0.00151237485 0.0032961336
v -0.00036557822 0.00214714534 0.00360971969
v -0.000365577929 0.0019977761 0.00350976666
v -0.000365577929 0.00201078644 0.00333270873
v -0.000365577929 0.00217169989 0.0032554986
v -0.00036557822 0.0023087929 0.00353255286
v -0.000365577929 0.00232033734 0.00335539342
v -0.000346732442 0.0010919976 0.00352997868
v -0.000346732122 0.00113198522 0.00311998534
v -0.000346731249 0.00165850879 0.00322527112
v -0.000346732442 0.00149925705 0.00354627566
v -0.000326560141 0.00103828427 0.00408073375
v -0.000326560141 0.00119997503 0.00395810883
v 0.000276334584 0.000944507075 0.00313387392
v 0.000276331295 0.000901160238 0.00353277056
v 0.000276334293 0.00155638449 0.00369062717
v 0.000276334875 0.00160733936 0.00308984867
v 0.000276334584 0.00173061131 0.00355454884
v 0.000276334584 0.00175515888 0.00324957352
v 0.000276334584 0.000119473931 0.00306632929
v 0.000276334584 6.79397563E-05 0.00336791924
v 0.000276334293 0.000209529389 0.00353785092
v 0.000276334875 0.00030394792 0.00294235395
v 0.000276331295 0.000901160238 0.00353277056
v 0.000276334584 0.000944507075 0.00313387392
v -7.5162352E-05 0.00256626611 0.00361198722
v -7.5162352E-05 0.00258594751 0.0033066594
v -7.51620537E-05 0.00246446603 0.0031508659
v -7.5162352E-05 0.0024255442 0.00375254382
v -7.5162352E-05 0.00178645132 0.00320410077
v -7.5162352E-05 0.00175455329 0.00360407587
v -7.51620537E-05 0.00112416979 0.00305439113
v -7.5162352E-05 0.00106541626 0.00365445693
v -7.5162352E-05 0.000941383827 0.00318151875
v -7.51656262E-05 0.000908377173 0.00348569476
v 0.000358559773 -0.000457518094 0.00301906304
v 0.000358559773 -0.000498087378 0.00319190114
v 0.000358559773 -0.000355756289 0.00332202786
v 0.000358560064 -0.000283060072 0.00297447783
v 0.000358559773 -0.000178177346 0.0032682179
v 0.000358559773 -0.000144991878 0.00309381145
v 0.000358560064 0.000362329476 0.003165317
v 0.000358559773 0.000335717195 0.00334084686
v 0.000358559773 0.000481667521 0.0034509718
v 0.000358559773 0.000530824647 0.00309931953
v 0.000358559773 0.000652182091 0.00338519784
v 0.000358559773 0.000674724579 0.00320909964
v 0.000358559773 0.0012028265 0.00327338721
v 0.000358559773 0.00118599646 0.00345012289
v 0.000358559773 0.00133345125 0.00354996976
v 0.000358559773 0.00136564963 0.00319636101
v 0.000358559773 0.00149700639 0.00347300293
v 0.000358560064 0.00151237485 0.00329613383
v 0.000358559773 0.00201078644 0.00333270896
v 0.000358559773 0.0019977761 0.00350976689
v 0.000358559773 0.00214714534 0.00360972015
v 0.000358559773 0.00217169989 0.00325549883
v 0.000358559773 0.0023087929 0.00353255332
v 0.000358559773 0.00232033734 0.00335539365
v -0.000291556993 0.0010919976 0.00352997868
v -0.000311729615 0.00103828427 0.00408073375
v -0.000311729294 0.00119997503 0.00395810883
v -0.000291556993 0.00149925705 0.00354627543
v -0.000294731261 0.00256626611 0.00361198722
v -7.5162352E-05 0.00256626611 0.00361198722
v -7.5162352E-05 0.0024255442 0.00375254382
v -0.000294731552 0.0024255442 0.00375254359
v -0.000294731261 0.00106541626 0.0036544567
v -7.5162352E-05 0.00106541626 0.00365445693
v -7.51656262E-05 0.000908377173 0.00348569476
v -0.000294727972 0.000908377173 0.00348569453
v -0.000294731261 5.44357281E-05 0.00341410446
v -7.5162352E-05 5.44357281E-05 0.00341410446
v -7.5162352E-05 -0.00065377471 0.00337003917
v -0.000294731261 -0.00065377471 0.0033700387
v -0.000294731552 0.000718107214 0.00360912504
v -7.5162352E-05 0.000718107214 0.00360912504
v -7.5162352E-05 5.44357281E-05 0.00341410446
v -0.000294731261 5.44357281E-05 0.00341410446
v 5.67653769E-05 0.000209529389 0.00353785069
v 5.67656753E-05 6.79397563E-05 0.00336791924
v 5.67656753E-05 0.000119473931 0.00306632905
v 5.67656753E-05 0.00030394792 0.00294235395
v 5.67689531E-05 0.000901160238 0.00353277056
v 5.67656753E-05 0.000944507075 0.00313387346
v 5.67656753E-05 0.00155638449 0.00369062694
v 5.67689531E-05 0.000901160238 0.00353277056
v 5.67656753E-05 0.00160733936 0.00308984844
v 5.67656753E-05 0.00173061131 0.00355454884
v 5.67656753E-05 0.00175515888 0.00324957352
v 5.67653769E-05 0.000209529389 0.00353785069
v 0.000276334293 0.000209529389 0.00353785092
v 0.000276334584 6.79397563E-05 0.00336791924
v 5.67656753E-05 6.79397563E-05 0.00336791924
v -7.5162352E-05 0.000122177604 0.00301861903
v -7.5162352E-05 5.44357281E-05 0.00341410446
v -7.5162352E-05 0.000718107214 0.00360912504
v -7.51620537E-05 0.000790665159 0.00301057147
v -7.51656262E-05 0.000908377173 0.00348569476
v -7.5162352E-05 0.000941383827 0.00318151875
v 5.67689531E-05 0.000901160238 0.00353277056
v 0.000276331295 0.000901160238 0.00353277056
v 0.000276334293 0.000209529389 0.00353785092
v 5.67653769E-05 0.000209529389 0.00353785069
v 5.67656753E-05 0.00155638449 0.00369062694
v 0.000276334293 0.00155638449 0.00369062717
v 0.000276331295 0.000901160238 0.00353277056
v 5.67689531E-05 0.000901160238 0.00353277056
v -0.000294731552 0.000718107214 0.00360912504
v -0.000294731261 5.44357281E-05 0.00341410446
v -0.000294731261 0.000122177604 0.00301861903
v -0.000294731261 0.000790665159 0.00301057147
v -0.000294727972 0.000908377173 0.00348569453
v -0.000294731261 0.000941383827 0.00318151875
v -0.000294731261 -0.00050675869 0.00278530177
v -0.000294731261 5.44357281E-05 0.00341410446
v -0.000294731261 -0.000619831088 0.00290834182
v -0.000294731261 -0.00065377471 0.0033700387
v -0.000294731261 -0.000698020449 0.00320414384
v 5.67656753E-05 0.00256320229 0.00365953054
v 0.000276334584 0.00256320229 0.00365953054
v 0.000276334293 0.00188100571 0.00371447322
v 5.67653769E-05 0.00188100571 0.00371447322
v 0.000276334584 0.00175515888 0.00324957352
v 0.000276334584 0.00173061131 0.00355454884
v 0.000276334293 0.00188100571 0.00371447322
v 0.000276334584 0.00192680117 0.00311327958
v 0.000276334584 0.00256320229 0.00365953054
v 0.000276331295 0.0025890111 0.00325911655
v -0.000294731552 0.0024255442 0.00375254359
v -7.5162352E-05 0.0024255442 0.00375254382
v -7.5162352E-05 0.00175455329 0.00360407587
v -0.000294731261 0.00175455329 0.00360407587
v -0.000294731261 0.00175455329 0.00360407587
v -7.5162352E-05 0.00175455329 0.00360407587
v -7.5162352E-05 0.00106541626 0.00365445693
v -0.000294731261 0.00106541626 0.0036544567
v -0.000365577929 -0.000283060072 0.0029744776
v 0.000358560064 -0.000283060072 0.00297447783
v 0.000358559773 -0.000144991878 0.00309381145
v -0.000365577929 -0.000144991878 0.00309381122
v -0.000365577929 -0.000457518094 0.0030190628
v 0.000358559773 -0.000457518094 0.00301906304
v 0.000358560064 -0.000283060072 0.00297447783
v -0.000365577929 -0.000283060072 0.0029744776
v -0.000365577929 -0.000498087378 0.00319190067
v 0.000358559773 -0.000498087378 0.00319190114
v 0.000358559773 -0.000457518094 0.00301906304
v -0.000365577929 -0.000457518094 0.0030190628
v -0.000365577929 -0.000355756289 0.00332202762
v 0.000358559773 -0.000355756289 0.00332202786
v 0.000358559773 -0.000498087378 0.00319190114
v -0.000365577929 -0.000498087378 0.00319190067
v -0.000365577929 -0.000178177346 0.00326821767
v 0.000358559773 -0.000178177346 0.0032682179
v 0.000358559773 -0.000355756289 0.00332202786
v -0.000365577929 -0.000355756289 0.00332202762
v -0.000365577929 -0.000144991878 0.00309381122
v 0.000358559773 -0.000144991878 0.00309381145
v 0.000358559773 -0.000178177346 0.0032682179
v -0.000365577929 -0.000178177346 0.00326821767
v -0.000365577929 0.000530824647 0.00309931929
v 0.000358559773 0.000530824647 0.00309931953
v 0.000358559773 0.000674724579 0.00320909964
v -0.000365577929 0.000674724579 0.00320909941
v -0.000365577929 0.000362329476 0.00316531677
v 0.000358560064 0.000362329476 0.003165317
v 0.000358559773 0.000530824647 0.00309931953
v -0.000365577929 0.000530824647 0.00309931929
v -0.000365577929 0.000335717195 0.00334084663
v 0.000358559773 0.000335717195 0.00334084686
v 0.000358560064 0.000362329476 0.003165317
v -0.000365577929 0.000362329476 0.00316531677
v -0.000365577929 0.000481667521 0.00345097156
v 0.000358559773 0.000481667521 0.0034509718
v 0.000358559773 0.000335717195 0.00334084686
v -0.000365577929 0.000335717195 0.00334084663
v -0.000365577929 0.000652182091 0.00338519784
v 0.000358559773 0.000652182091 0.00338519784
v 0.000358559773 0.000481667521 0.0034509718
v -0.000365577929 0.000481667521 0.00345097156
v -0.000365577929 0.000674724579 0.00320909941
v 0.000358559773 0.000674724579 0.00320909964
v 0.000358559773 0.000652182091 0.00338519784
v -0.000365577929 0.000652182091 0.00338519784
v -0.000365577929 0.00136564963 0.00319636078
v 0.000358559773 0.00136564963 0.00319636101
v 0.000358560064 0.00151237485 0.00329613383
v -0.000365577929 0.00151237485 0.0032961336
v -0.000365577929 0.0012028265 0.00327338697
v 0.000358559773 0.0012028265 0.00327338721
v 0.000358559773 0.00136564963 0.00319636101
v -0.000365577929 0.00136564963 0.00319636078
v -0.000365577929 0.00118599646 0.00345012266
v 0.000358559773 0.00118599646 0.00345012289
v 0.000358559773 0.0012028265 0.00327338721
v -0.000365577929 0.0012028265 0.00327338697
v -0.00036557822 0.00133345125 0.00354996906
v 0.000358559773 0.00133345125 0.00354996976
v 0.000358559773 0.00118599646 0.00345012289
v -0.000365577929 0.00118599646 0.00345012266
v -0.000365577929 0.00149700639 0.00347300246
v 0.000358559773 0.00149700639 0.00347300293
v 0.000358559773 0.00133345125 0.00354996976
v -0.00036557822 0.00133345125 0.00354996906
v -0.000365577929 0.00151237485 0.0032961336
v 0.000358560064 0.00151237485 0.00329613383
v 0.000358559773 0.00149700639 0.00347300293
v -0.000365577929 0.00149700639 0.00347300246
v -0.000365577929 0.00217169989 0.0032554986
v 0.000358559773 0.00217169989 0.00325549883
v 0.000358559773 0.00232033734 0.00335539365
v -0.000365577929 0.00232033734 0.00335539342
v -0.000365577929 0.00201078644 0.00333270873
v 0.000358559773 0.00201078644 0.00333270896
v 0.000358559773 0.00217169989 0.00325549883
v -0.000365577929 0.00217169989 0.0032554986
v -0.000365577929 0.0019977761 0.00350976666
v 0.000358559773 0.0019977761 0.00350976689
v 0.000358559773 0.00201078644 0.00333270896
v -0.000365577929 0.00201078644 0.00333270873
v -0.00036557822 0.00214714534 0.00360971969
v 0.000358559773 0.00214714534 0.00360972015
v 0.000358559773 0.0019977761 0.00350976689
v -0.000365577929 0.0019977761 0.00350976666
v -0.00036557822 0.0023087929 0.00353255286
v 0.000358559773 0.0023087929 0.00353255332
v 0.000358559773 0.00214714534 0.00360972015
v -0.00036557822 0.00214714534 0.00360971969
v -0.000365577929 0.00232033734 0.00335539342
v 0.000358559773 0.00232033734 0.00335539365
v 0.000358559773 0.0023087929 0.00353255332
v -0.00036557822 0.0023087929 0.00353255286
v 5.86116294E-05 -0.000141971104 0.00396548305
v 5.86116294E-05 -0.000131623747 0.00394787313
v 0.00018203615 -9.12117903E-05 0.00395604502
v 0.00018203615 -0.00011188745 0.00399143901
v 0.00032471685 -7.81559938E-05 0.0040112827
v 0.000286204799 -5.43260576E-05 0.00397033431
v 0.000275288825 -7.47466038E-05 0.00295458524
v 0.000335633755 -7.47466038E-05 0.00295458524
v -0.000326560141 0.00119997503 0.00395810883
v -0.000311729294 0.00119997503 0.00395810883
v -0.000311729615 0.00103828427 0.00408073375
v -0.000326560141 0.00103828427 0.00408073375
v -0.000346732122 0.00113198522 0.00311998534
v -0.000286387192 0.00113198522 0.00311998534
v -0.000286388386 0.00165850879 0.00322527112
v -0.000346731249 0.00165850879 0.00322527112
v -0.000326560141 0.00103828427 0.00408073375
v -0.000311729615 0.00103828427 0.00408073375
v -0.000291556993 0.0010919976 0.00352997868
v -0.000346732442 0.0010919976 0.00352997868
v -0.000291556993 0.0010919976 0.00352997868
v -0.000286387192 0.00113198522 0.00311998534
v -0.000346732122 0.00113198522 0.00311998534
v -0.000346731249 0.00165850879 0.00322527112
v -0.000286388386 0.00165850879 0.00322527112
v -0.000291556993 0.00149925705 0.00354627543
v -0.000346732442 0.00149925705 0.00354627566
v -0.000346732442 0.00149925705 0.00354627566
v -0.000291556993 0.00149925705 0.00354627543
v -0.000311729294 0.00119997503 0.00395810883
v -0.000326560141 0.00119997503 0.00395810883
v 0.00018203615 -0.00011188745 0.00399143901
v 0.00018203615 -9.12117903E-05 0.00395604502
v 0.000286204799 -5.43260576E-05 0.00397033431
v 0.00032471685 -7.81559938E-05 0.0040112827
v 7.1373579E-06 -0.000752313121 0.00363550009
v -0.000291186268 -0.000746281119 0.00362725463
v 5.86116294E-05 -0.000141971104 0.00396548305
v 0.00018203615 -0.00011188745 0.00399143901
v 0.000328726164 -0.000751795771 0.00363478297
v 0.00032471685 -7.81559938E-05 0.0040112827
v -0.000291186268 -0.000734357804 0.00361089292
v 7.1373579E-06 -0.00072835444 0.00360263931
v 0.00018203615 -9.12117903E-05 0.00395604502
v 5.86116294E-05 -0.000131623747 0.00394787313
v 7.1373579E-06 -0.00072835444 0.00360263931
v 0.000282195513 -0.000728859857 0.00360336062
v 0.000286204799 -5.43260576E-05 0.00397033431
v 0.00018203615 -9.12117903E-05 0.00395604502
v -0.000291186268 -0.000746281119 0.00362725463
v -0.000291186268 -0.000734357804 0.00361089292
v 5.86116294E-05 -0.000131623747 0.00394787313
v 5.86116294E-05 -0.000141971104 0.00396548305
v 7.1373579E-06 -0.000752313121 0.00363550009
v 7.1373579E-06 -0.00072835444 0.00360263931
v -0.000291186268 -0.000734357804 0.00361089292
v -0.000291186268 -0.000746281119 0.00362725463
v 0.000328726164 -0.000751795771 0.00363478297
v 7.1373579E-06 -0.00072835444 0.00360263931
v 0.000282195513 -0.000728859857 0.00360336062
v -0.000294727972 0.000908377173 0.00348569453
v -7.51656262E-05 0.000908377173 0.00348569476
v -7.5162352E-05 0.000718107214 0.00360912504
v -0.000294731552 0.000718107214 0.00360912504
v 5.67656753E-05 0.00173061131 0.00355454884
v 0.000276334584 0.00173061131 0.00355454884
v 0.000276334293 0.00155638449 0.00369062717
v 5.67656753E-05 0.00155638449 0.00369062694
v 5.67653769E-05 0.00188100571 0.00371447322
v 0.000276334293 0.00188100571 0.00371447322
v 0.000276334584 0.00173061131 0.00355454884
v 5.67656753E-05 0.00173061131 0.00355454884
v 5.67656753E-05 6.79397563E-05 0.00336791924
v 0.000276334584 6.79397563E-05 0.00336791924
v 0.000276334293 -0.000123651029 0.00349061424
v 5.67653769E-05 -0.000123651029 0.00349061401
v 5.67656753E-05 0.00505537493 0.0039246995
v 5.67656753E-05 0.00490820175 0.00376337487
v 5.67653769E-05 0.00493201707 0.00345834182
v 5.67656753E-05 0.00510254595 0.0033236118
v 5.67656753E-05 0.00572854048 0.00387985469
v 5.67689531E-05 0.00576059101 0.00347989146
v -0.000294731261 0.0056379172 0.00336842588
v -0.000294731261 0.00575678563 0.00352738099
v -0.000294731261 0.00573234539 0.00383236469
v -0.000294731261 0.00558995223 0.00396945048
v -0.000294731261 0.00496299006 0.00341312704
v -0.000294731261 0.00493172882 0.0038131522
v -0.000294731261 0.00430385582 0.0032651322
v -0.000294731261 0.00426106201 0.00386654702
v -0.000294731261 0.00412757369 0.00340186735
v -0.000294727972 0.00410646666 0.00370709971
v -0.00036557822 0.00289411307 0.00365563505
v -0.000365577929 0.00274614082 0.00355811999
v -0.000365577929 0.00275750621 0.00338094891
v -0.000365577929 0.00291675073 0.00330128637
v -0.000365577929 0.00305340043 0.00357597531
v -0.000365577929 0.0030646706 0.00339879794
v -0.000365577929 0.00369937648 0.00370376045
v -0.000365577929 0.00355244149 0.0036049746
v -0.000365577929 0.00356356124 0.00342778768
v -0.000365577929 0.00372213591 0.00334941922
v -0.000365577929 0.00385748129 0.00362564134
v -0.000365577929 0.00386918546 0.00344849215
v -0.00036557822 0.00451987749 0.00376008404
v -0.000365577929 0.00437402958 0.00366110029
v -0.000365577929 0.00438683992 0.00348402769
v -0.00036557822 0.0045461487 0.00340598566
v -0.00036557822 0.00467886915 0.00368201686
v -0.00036557822 0.00469233003 0.0035049927
v -0.000365577929 0.00531703001 0.00382223981
v -0.00036557822 0.00517101772 0.00372093939
v -0.00036557822 0.00518494844 0.00354395132
v -0.00036557822 0.00534502976 0.00346827414
v -0.00036557822 0.00547704194 0.00374655682
v -0.00036557822 0.00549110863 0.00356957968
v -0.000346732122 0.00428397628 0.00374169159
v -0.000346732122 0.00431328267 0.00333079696
v -0.00034673154 0.00483619422 0.00343329785
v -0.000346732122 0.00468170643 0.00375529798
v -0.000326559821 0.00424460648 0.00429365784
v -0.00032655953 0.00439706305 0.00416955398
v 0.000276334584 0.00490820175 0.00376337487
v 0.000276334584 0.00493201707 0.00345834182
v 0.000276334875 0.00478462921 0.00329813268
v 0.000276334875 0.00473836157 0.00389929046
v 0.000276334584 0.004128878 0.00335420272
v 0.000276331295 0.00410120701 0.00375449262
v 0.000276334875 0.00348675251 0.00321026775
v 0.000276334584 0.00344889867 0.00381201389
v 0.000276334875 0.00331816426 0.00334920734
v 0.000276334584 0.00329887145 0.00365455984
v -7.5162352E-05 0.00573234539 0.00383236469
v -7.5162352E-05 0.00575678563 0.00352738076
v -7.5162352E-05 0.0056379172 0.00336842588
v -7.5162352E-05 0.00558995223 0.00396945048
v -7.5162352E-05 0.00496299006 0.00341312704
v -7.51626503E-05 0.00493172882 0.0038131522
v -7.51620537E-05 0.00430385582 0.00326513243
v -7.51620537E-05 0.00426106201 0.00386654702
v -7.51620537E-05 0.00412757369 0.00340186735
v -7.51656262E-05 0.00410646666 0.00370709971
v 0.000358559773 0.00275750621 0.00338094938
v 0.000358559773 0.00274614082 0.00355812069
v 0.000358559482 0.00289411307 0.00365563529
v 0.000358559773 0.00291675073 0.0033012866
v 0.000358559773 0.00305340043 0.00357597531
v 0.000358560064 0.0030646706 0.00339879794
v 0.000358560064 0.00356356124 0.00342778792
v 0.000358560064 0.00355244149 0.0036049746
v 0.000358560064 0.00369937648 0.00370376045
v 0.000358560064 0.00372213591 0.00334941922
v 0.000358560064 0.00385748129 0.00362564134
v 0.000358560064 0.00386918546 0.00344849261
v 0.000358560064 0.00438683992 0.00348402769
v 0.000358560064 0.00437402958 0.00366110029
v 0.000358559773 0.00451987749 0.00376008404
v 0.000358559773 0.0045461487 0.00340598566
v 0.000358559482 0.00467886915 0.00368201686
v 0.000358559482 0.00469233003 0.0035049927
v 0.000358559773 0.00518494844 0.00354395132
v 0.000358559773 0.00517101772 0.00372093939
v 0.000358559773 0.00531703001 0.00382223981
v 0.000358559773 0.00534502976 0.00346827414
v 0.000358559482 0.00547704194 0.00374655682
v 0.000358559773 0.00549110863 0.00356957968
v -0.000291556702 0.00428397628 0.00374169159
v -0.000311729294 0.00424460648 0.00429365784
v -0.000311729003 0.00439706305 0.00416955398
v -0.000291556702 0.00468170643 0.00375529798
v -0.000294731261 0.00573234539 0.00383236469
v -7.5162352E-05 0.00573234539 0.00383236469
v -7.5162352E-05 0.00558995223 0.00396945048
v -0.000294731261 0.00558995223 0.00396945048
v -0.000294731261 0.00426106201 0.00386654702
v -7.51620537E-05 0.00426106201 0.00386654702
v -7.51656262E-05 0.00410646666 0.00370709971
v -0.000294727972 0.00410646666 0.00370709971
v -0.000294731261 0.00329058873 0.00370180025
v -7.5162352E-05 0.00329058873 0.00370180025
v -7.5162352E-05 0.0026330757 0.00376460445
v -0.000294731261 0.0026330757 0.00376460445
v -0.000294731261 0.00393138174 0.00384391588
v -7.51620537E-05 0.00393138174 0.00384391588
v -7.5162352E-05 0.00329058873 0.00370180025
v -0.000294731261 0.00329058873 0.00370180025
v 5.67656753E-05 0.00344889867 0.00381201389
v 5.67656753E-05 0.00329887145 0.00365455984
v 5.67656753E-05 0.00331816426 0.00334920734
v 5.67656753E-05 0.00348675251 0.00321026728
v 5.67692514E-05 0.00410120701 0.00375449262
v 5.67656753E-05 0.004128878 0.00335420272
v 5.67659736E-05 0.00473836157 0.00389929046
v 5.67656753E-05 0.00478462921 0.00329813268
v 5.67656753E-05 0.00490820175 0.00376337487
v 5.67653769E-05 0.00493201707 0.00345834182
v 5.67656753E-05 0.00344889867 0.00381201389
v 0.000276334584 0.00344889867 0.00381201389
v 0.000276334584 0.00329887145 0.00365455984
v 5.67656753E-05 0.00329887145 0.00365455984
v -7.51656262E-05 0.00410646666 0.00370709971
v -7.51620537E-05 0.00412757369 0.00340186735
v -7.51620537E-05 0.0039717746 0.00324233528
v -7.51620537E-05 0.00393138174 0.00384391588
v -7.5162352E-05 0.00331589207 0.00330135389
v -7.5162352E-05 0.00329058873 0.00370180025
v -7.51620537E-05 0.00267178053 0.00316291302
v -7.5162352E-05 0.0026330757 0.00376460445
v -7.5162352E-05 0.00258594751 0.0033066594
v -7.5162352E-05 0.00256626611 0.00361198722
v 5.67692514E-05 0.00410120701 0.00375449262
v 0.000276331295 0.00410120701 0.00375449262
v 0.000276334584 0.00344889867 0.00381201389
v 5.67656753E-05 0.00344889867 0.00381201389
v 5.67659736E-05 0.00473836157 0.00389929046
v 0.000276334875 0.00473836157 0.00389929046
v 0.000276331295 0.00410120701 0.00375449262
v 5.67692514E-05 0.00410120701 0.00375449262
v -0.000294731261 0.0039717746 0.00324233528
v -0.000294731261 0.00412757369 0.00340186735
v -0.000294727972 0.00410646666 0.00370709971
v -0.000294731261 0.00393138174 0.00384391588
v -0.000294731261 0.00331589207 0.00330135389
v -0.000294731261 0.00329058873 0.00370180025
v -0.000294731261 0.00267178053 0.00316291302
v -0.000294731261 0.0026330757 0.00376460445
v -0.000294731261 0.00258594751 0.0033066594
v -0.000294731261 0.00256626611 0.00361198722
v 5.67656753E-05 0.00572854048 0.00387985469
v 0.000276334584 0.00572854048 0.00387985469
v 0.000276334584 0.00505537493 0.0039246995
v 5.67656753E-05 0.00505537493 0.0039246995
v 0.000276334584 0.00493201707 0.00345834182
v 0.000276334584 0.00490820175 0.00376337487
v 0.000276334584 0.00505537493 0.0039246995
v 0.000276334584 0.00510254595 0.0033236118
v 0.000276334584 0.00572854048 0.00387985469
v 0.000276331295 0.00576059101 0.00347989146
v -0.000294731261 0.00558995223 0.00396945048
v -7.5162352E-05 0.00558995223 0.00396945048
v -7.51626503E-05 0.00493172882 0.0038131522
v -0.000294731261 0.00493172882 0.0038131522
v -0.000294731261 0.00493172882 0.0038131522
v -7.51626503E-05 0.00493172882 0.0038131522
v -7.51620537E-05 0.00426106201 0.00386654702
v -0.000294731261 0.00426106201 0.00386654702
v -0.000365577929 0.00291675073 0.00330128637
v 0.000358559773 0.00291675073 0.0033012866
v 0.000358560064 0.0030646706 0.00339879794
v -0.000365577929 0.0030646706 0.00339879794
v -0.000365577929 0.00275750621 0.00338094891
v 0.000358559773 0.00275750621 0.00338094938
v 0.000358559773 0.00291675073 0.0033012866
v -0.000365577929 0.00291675073 0.00330128637
v -0.000365577929 0.00274614082 0.00355811999
v 0.000358559773 0.00274614082 0.00355812069
v 0.000358559773 0.00275750621 0.00338094938
v -0.000365577929 0.00275750621 0.00338094891
v -0.00036557822 0.00289411307 0.00365563505
v 0.000358559482 0.00289411307 0.00365563529
v 0.000358559773 0.00274614082 0.00355812069
v -0.000365577929 0.00274614082 0.00355811999
v -0.000365577929 0.00305340043 0.00357597531
v 0.000358559773 0.00305340043 0.00357597531
v 0.000358559482 0.00289411307 0.00365563529
v -0.00036557822 0.00289411307 0.00365563505
v -0.000365577929 0.0030646706 0.00339879794
v 0.000358560064 0.0030646706 0.00339879794
v 0.000358559773 0.00305340043 0.00357597531
v -0.000365577929 0.00305340043 0.00357597531
v -0.000365577929 0.00372213591 0.00334941922
v 0.000358560064 0.00372213591 0.00334941922
v 0.000358560064 0.00386918546 0.00344849261
v -0.000365577929 0.00386918546 0.00344849215
v -0.000365577929 0.00356356124 0.00342778768
v 0.000358560064 0.00356356124 0.00342778792
v 0.000358560064 0.00372213591 0.00334941922
v -0.000365577929 0.00372213591 0.00334941922
v -0.000365577929 0.00355244149 0.0036049746
v 0.000358560064 0.00355244149 0.0036049746
v 0.000358560064 0.00356356124 0.00342778792
v -0.000365577929 0.00356356124 0.00342778768
v -0.000365577929 0.00369937648 0.00370376045
v 0.000358560064 0.00369937648 0.00370376045
v 0.000358560064 0.00355244149 0.0036049746
v -0.000365577929 0.00355244149 0.0036049746
v -0.000365577929 0.00385748129 0.00362564134
v 0.000358560064 0.00385748129 0.00362564134
v 0.000358560064 0.00369937648 0.00370376045
v -0.000365577929 0.00369937648 0.00370376045
v -0.000365577929 0.00386918546 0.00344849215
v 0.000358560064 0.00386918546 0.00344849261
v 0.000358560064 0.00385748129 0.00362564134
v -0.000365577929 0.00385748129 0.00362564134
v -0.00036557822 0.0045461487 0.00340598566
v 0.000358559773 0.0045461487 0.00340598566
v 0.000358559482 0.00469233003 0.0035049927
v -0.00036557822 0.00469233003 0.0035049927
v -0.000365577929 0.00438683992 0.00348402769
v 0.000358560064 0.00438683992 0.00348402769
v 0.000358559773 0.0045461487 0.00340598566
v -0.00036557822 0.0045461487 0.00340598566
v -0.000365577929 0.00437402958 0.00366110029
v 0.000358560064 0.00437402958 0.00366110029
v 0.000358560064 0.00438683992 0.00348402769
v -0.000365577929 0.00438683992 0.00348402769
v -0.00036557822 0.00451987749 0.00376008404
v 0.000358559773 0.00451987749 0.00376008404
v 0.000358560064 0.00437402958 0.00366110029
v -0.000365577929 0.00437402958 0.00366110029
v -0.00036557822 0.00467886915 0.00368201686
v 0.000358559482 0.00467886915 0.00368201686
v 0.000358559773 0.00451987749 0.00376008404
v -0.00036557822 0.00451987749 0.00376008404
v -0.00036557822 0.00469233003 0.0035049927
v 0.000358559482 0.00469233003 0.0035049927
v 0.000358559482 0.00467886915 0.00368201686
v -0.00036557822 0.00467886915 0.00368201686
v -0.00036557822 0.00534502976 0.00346827414
v 0.000358559773 0.00534502976 0.00346827414
v 0.000358559773 0.00549110863 0.00356957968
v -0.00036557822 0.00549110863 0.00356957968
v -0.00036557822 0.00518494844 0.00354395132
v 0.000358559773 0.00518494844 0.00354395132
v 0.000358559773 0.00534502976 0.00346827414
v -0.00036557822 0.00534502976 0.00346827414
v -0.00036557822 0.00517101772 0.00372093939
v 0.000358559773 0.00517101772 0.00372093939
v 0.000358559773 0.00518494844 0.00354395132
v -0.00036557822 0.00518494844 0.00354395132
v -0.000365577929 0.00531703001 0.00382223981
v 0.000358559773 0.00531703001 0.00382223981
v 0.000358559773 0.00517101772 0.00372093939
v -0.00036557822 0.00517101772 0.00372093939
v -0.00036557822 0.00547704194 0.00374655682
v 0.000358559482 0.00547704194 0.00374655682
v 0.000358559773 0.00531703001 0.00382223981
v -0.000365577929 0.00531703001 0.00382223981
v -0.00036557822 0.00549110863 0.00356957968
v 0.000358559773 0.00549110863 0.00356957968
v 0.000358559482 0.00547704194 0.00374655682
v -0.00036557822 0.00547704194 0.00374655682
v 5.86119277E-05 0.0031621838 0.00426915148
v 5.86119277E-05 0.003169887 0.00425065681
v 0.000182036456 0.00320760719 0.0042552175
v 0.000182036456 0.00319214328 0.00429236749
v 0.00032471717 0.00322476868 0.00430916063
v 0.000286204799 0.00324266893 0.00426620105
v 0.000275288825 0.00311640021 0.00325372163
v 0.000335633755 0.00311640021 0.00325372163
v -0.00032655953 0.00439706305 0.00416955398
v -0.000311729003 0.00439706305 0.00416955398
v -0.000311729294 0.00424460648 0.00429365784
v -0.000326559821 0.00424460648 0.00429365784
v -0.000346732122 0.00431328267 0.00333079696
v -0.000286387192 0.00431328267 0.00333079696
v -0.000286388386 0.00483619422 0.00343329785
v -0.00034673154 0.00483619422 0.00343329785
v -0.000326559821 0.00424460648 0.00429365784
v -0.000311729294 0.00424460648 0.00429365784
v -0.000291556702 0.00428397628 0.00374169159
v -0.000346732122 0.00428397628 0.00374169159
v -0.000291556702 0.00428397628 0.00374169159
v -0.000286387192 0.00431328267 0.00333079696
v -0.000346732122 0.00431328267 0.00333079696
v -0.00034673154 0.00483619422 0.00343329785
v -0.000286388386 0.00483619422 0.00343329785
v -0.000291556702 0.00468170643 0.00375529798
v -0.000346732122 0.00468170643 0.00375529798
v -0.000346732122 0.00468170643 0.00375529798
v -0.000291556702 0.00468170643 0.00375529798
v -0.000311729003 0.00439706305 0.00416955398
v -0.00032655953 0.00439706305 0.00416955398
v 0.000182036456 0.00319214328 0.00429236749
v 0.000182036456 0.00320760719 0.0042552175
v 0.000286204799 0.00324266893 0.00426620105
v 0.00032471717 0.00322476868 0.00430916063
v 7.1373579E-06 0.00258836034 0.00404450716
v -0.000291186268 0.00259226793 0.0040351809
v 5.86119277E-05 0.0031621838 0.00426915148
v 0.000182036456 0.00319214328 0.00429236749
v 0.000328726164 0.00258869631 0.00404369785
v 7.1373579E-06 0.00258836034 0.00404450716
v 0.000182036456 0.00319214328 0.00429236749
v 0.00032471717 0.00322476868 0.00430916063
v -0.000291186268 0.00259997603 0.0040166867
v 7.1373579E-06 0.00260387175 0.00400735997
v 0.000182036456 0.00320760719 0.0042552175
v 5.86119277E-05 0.003169887 0.00425065681
v 7.1373579E-06 0.00260387175 0.00400735997
v 0.000282195513 0.00260354043 0.00400816975
v 0.000286204799 0.00324266893 0.00426620105
v 0.000182036456 0.00320760719 0.0042552175
v -0.000291186268 0.00259226793 0.0040351809
v -0.000291186268 0.00259997603 0.0040166867
v 5.86119277E-05 0.003169887 0.00425065681
v 5.86119277E-05 0.0031621838 0.00426915148
v 7.1373579E-06 0.00258836034 0.00404450716
v 7.1373579E-06 0.00260387175 0.00400735997
v -0.000291186268 0.00259997603 0.0040166867
v -0.000291186268 0.00259226793 0.0040351809
v 0.000328726164 0.00258869631 0.00404369785
v 7.1373579E-06 0.00260387175 0.00400735997
v 0.000282195513 0.00260354043 0.00400816975
v -0.000294727972 0.00410646666 0.00370709971
v -7.51656262E-05 0.00410646666 0.00370709971
v -7.51620537E-05 0.00393138174 0.00384391588
v -0.000294731261 0.00393138174 0.00384391588
v 5.67656753E-05 0.00490820175 0.00376337487
v 0.000276334584 0.00490820175 0.00376337487
v 0.000276334875 0.00473836157 0.00389929046
v 5.67659736E-05 0.00473836157 0.00389929046
v 5.67656753E-05 0.00505537493 0.0039246995
v 0.000276334584 0.00505537493 0.0039246995
v 0.000276334584 0.00490820175 0.00376337487
v 5.67656753E-05 0.00490820175 0.00376337487
v 5.67656753E-05 0.00329887145 0.00365455984
v 0.000276334584 0.00329887145 0.00365455984
v 0.000276334584 0.00313011883 0.00379348896
v 5.67656753E-05 0.00313011883 0.00379348896
v 5.67656753E-05 0.00822740328 0.00418436481
v 5.67656753E-05 0.00807988644 0.00402363669
v 5.67656753E-05 0.00810411666 0.00371863646
v 5.67656753E-05 0.00827498455 0.00358330947
v 5.67653769E-05 0.00890271366 0.00413637841
v 5.67689531E-05 0.00893389434 0.00373634696
v -0.000294731261 0.0088108778 0.00362566067
v -0.000294731261 0.0089301914 0.00378384464
v -0.000294731261 0.00890641659 0.00408888049
v -0.000294731261 0.00876388326 0.0042267614
v -0.000294731261 0.00813518278 0.0036733218
v -0.000294731261 0.00810342282 0.00407330832
v -0.000294731261 0.00747546181 0.00351952249
v -0.000294731261 0.00742701255 0.00412050774
v -0.000294731261 0.00729731284 0.00365413469
v -0.000294727972 0.00727267005 0.00395910209
v -0.000365577929 0.00605836604 0.00388429686
v -0.000365577929 0.0059125158 0.00378300995
v -0.000365577929 0.00592677342 0.00360604795
v -0.000365577929 0.00608701445 0.00353038311
v -0.00036557822 0.00621874817 0.00380839664
v -0.00036557822 0.00623307703 0.00363144022
v -0.00036557822 0.00686263805 0.00395017257
v -0.000365577929 0.00671654707 0.00384914805
v -0.000365577929 0.00673086382 0.00367219071
v -0.00036557822 0.00689125992 0.00359625695
v -0.00036557822 0.00702304346 0.00387423905
v -0.00036557822 0.00703734858 0.003697281
v -0.00036557822 0.00768892746 0.00401707878
v -0.000365577929 0.0075426125 0.00391635532
v -0.00036557822 0.00755684823 0.00373939145
v -0.00036557822 0.00771729695 0.00366314244
v -0.000365577929 0.00784944743 0.00394083513
v -0.000365577929 0.00786358304 0.00376386335
v -0.000365577929 0.00848989747 0.00408098102
v -0.00036557822 0.00834344327 0.00398024684
v -0.00036557822 0.00835742243 0.00380326295
v -0.000365577929 0.00851775613 0.00372700416
v -0.00036557822 0.00865027402 0.00400461443
v -0.00036557822 0.00866415445 0.00382762216
v -0.000346732122 0.00745122647 0.00399590703
v -0.000346732442 0.00748431683 0.00358530018
v -0.00034673154 0.00800815783 0.00369376177
v -0.000346732122 0.00785207003 0.00401419308
v -0.000326559821 0.00740677351 0.00454748748
v -0.000326560141 0.00756239891 0.0044252295
v 0.000276334584 0.00807988644 0.00402363669
v 0.000276334584 0.00810411666 0.00371863646
v 0.000276334293 0.00795677397 0.00355792255
v 0.000276334584 0.00790884998 0.00415894995
v 0.000276334293 0.00729915593 0.0036064845
v 0.000276331004 0.00726683578 0.00400642585
v 0.000276334584 0.00665805303 0.00345281861
v 0.000276334584 0.00660943007 0.00405379059
v 0.000276334584 0.00648714788 0.00358781172
v 0.000276334584 0.00646246411 0.00389277562
v -7.5162352E-05 0.00890641659 0.00408888049
v -7.5162352E-05 0.0089301914 0.00378384464
v -7.5162352E-05 0.0088108778 0.00362566067
v -7.5162352E-05 0.00876388326 0.0042267614
v -7.5162352E-05 0.00813518278 0.0036733218
v -7.5162352E-05 0.00810342282 0.00407330785
v -7.5162352E-05 0.00747546181 0.00351952226
v -7.5162352E-05 0.00742701255 0.00412050774
v -7.5162352E-05 0.00729731284 0.00365413469
v -7.51656262E-05 0.00727267005 0.00395910209
v 0.000358559773 0.00592677342 0.00360604748
v 0.000358560064 0.0059125158 0.00378300948
v 0.000358559773 0.00605836604 0.00388429663
v 0.000358559773 0.00608701445 0.00353038264
v 0.000358559773 0.00621874817 0.00380839664
v 0.000358559773 0.00623307703 0.00363144022
v 0.000358559773 0.00673086382 0.00367219071
v 0.000358559773 0.00671654707 0.00384914805
v 0.000358559773 0.00686263805 0.00395017257
v 0.000358559773 0.00689125992 0.00359625695
v 0.000358559773 0.00702304346 0.00387423905
v 0.000358559773 0.00703734858 0.003697281
v 0.000358559482 0.00755684823 0.00373939145
v 0.000358559482 0.0075426125 0.00391635532
v 0.000358559773 0.00768892746 0.00401707878
v 0.000358559773 0.00771729695 0.00366314244
v 0.000358559773 0.00784944743 0.00394083513
v 0.000358559773 0.00786358304 0.00376386335
v 0.000358559773 0.00835742243 0.00380326295
v 0.000358559773 0.00834344327 0.00398024684
v 0.000358559773 0.00848989747 0.00408098102
v 0.000358559773 0.00851775613 0.00372700416
v 0.000358559773 0.00865027402 0.00400461396
v 0.000358559773 0.00866415445 0.00382762216
v -0.000291556993 0.00745122647 0.00399590703
v -0.000311729294 0.00740677351 0.00454748748
v -0.000311729294 0.00756239891 0.0044252295
v -0.000291556702 0.00785207003 0.00401419261
v -0.000294731261 0.00890641659 0.00408888049
v -7.5162352E-05 0.00890641659 0.00408888049
v -7.5162352E-05 0.00876388326 0.0042267614
v -0.000294731261 0.00876388326 0.0042267614
v -0.000294731261 0.00742701255 0.00412050774
v -7.5162352E-05 0.00742701255 0.00412050774
v -7.51656262E-05 0.00727267005 0.00395910209
v -0.000294727972 0.00727267005 0.00395910209
v -0.000294731261 0.00645335671 0.00393983163
v -7.5162352E-05 0.00645335671 0.00393983163
v -7.5162352E-05 0.00579646556 0.00398673769
v -0.000294731261 0.00579646556 0.00398673769
v -0.000294731261 0.0070945262 0.00409350218
v -7.5162352E-05 0.0070945262 0.00409350218
v -7.5162352E-05 0.00645335671 0.00393983163
v -0.000294731261 0.00645335671 0.00393983163
v 5.67656753E-05 0.00660943007 0.00405379059
v 5.67656753E-05 0.00646246411 0.00389277562
v 5.67653769E-05 0.00648714788 0.00358781149
v 5.67656753E-05 0.00665805303 0.00345281861
v 5.67689531E-05 0.00726683578 0.00400642585
v 5.67656753E-05 0.00729915593 0.00360648474
v 5.67653769E-05 0.00790884998 0.00415894995
v 5.67653769E-05 0.00795677397 0.00355792255
v 5.67656753E-05 0.00807988644 0.00402363669
v 5.67656753E-05 0.00810411666 0.00371863646
v 5.67656753E-05 0.00660943007 0.00405379059
v 0.000276334584 0.00660943007 0.00405379059
v 0.000276334584 0.00646246411 0.00389277562
v 5.67656753E-05 0.00646246411 0.00389277562
v -7.51656262E-05 0.00727267005 0.00395910209
v -7.5162352E-05 0.00729731284 0.00365413469
v -7.5162352E-05 0.00714310864 0.00349252718
v -7.5162352E-05 0.0070945262 0.00409350218
v -7.5162352E-05 0.00648572668 0.00353989447
v -7.5162352E-05 0.00645335671 0.00393983163
v -7.5162352E-05 0.00584473601 0.00338573777
v -7.5162352E-05 0.00579646556 0.00398673769
v -7.5162352E-05 0.00575678563 0.00352738076
v -7.5162352E-05 0.00573234539 0.00383236469
v 5.67689531E-05 0.00726683578 0.00400642585
v 0.000276331004 0.00726683578 0.00400642585
v 0.000276334584 0.00660943007 0.00405379059
v 5.67656753E-05 0.00660943007 0.00405379059
v 5.67653769E-05 0.00790884998 0.00415894995
v 0.000276334584 0.00790884998 0.00415894995
v 0.000276331004 0.00726683578 0.00400642585
v 5.67689531E-05 0.00726683578 0.00400642585
v -0.000294731261 0.00714310864 0.00349252718
v -0.000294731261 0.00729731284 0.00365413469
v -0.000294727972 0.00727267005 0.00395910209
v -0.000294731261 0.0070945262 0.00409350218
v -0.000294731261 0.00648572668 0.00353989447
v -0.000294731261 0.00645335671 0.00393983163
v -0.000294731261 0.00584473601 0.00338573777
v -0.000294731261 0.00579646556 0.00398673769
v -0.000294731261 0.00575678563 0.00352738099
v -0.000294731261 0.00573234539 0.00383236469
v 5.67653769E-05 0.00890271366 0.00413637841
v 0.000276334584 0.00890271366 0.00413637888
v 0.000276334584 0.00822740328 0.00418436481
v 5.67656753E-05 0.00822740328 0.00418436481
v 0.000276334584 0.00810411666 0.00371863646
v 0.000276334584 0.00807988644 0.00402363669
v 0.000276334584 0.00822740328 0.00418436481
v 0.000276334584 0.00827498455 0.00358330947
v 0.000276334584 0.00890271366 0.00413637888
v 0.000276331004 0.00893389434 0.00373634696
v -0.000294731261 0.00876388326 0.0042267614
v -7.5162352E-05 0.00876388326 0.0042267614
v -7.5162352E-05 0.00810342282 0.00407330785
v -0.000294731261 0.00810342282 0.00407330832
v -0.000294731261 0.00810342282 0.00407330832
v -7.5162352E-05 0.00810342282 0.00407330785
v -7.5162352E-05 0.00742701255 0.00412050774
v -0.000294731261 0.00742701255 0.00412050774
v -0.000365577929 0.00608701445 0.00353038311
v 0.000358559773 0.00608701445 0.00353038264
v 0.000358559773 0.00623307703 0.00363144022
v -0.00036557822 0.00623307703 0.00363144022
v -0.000365577929 0.00592677342 0.00360604795
v 0.000358559773 0.00592677342 0.00360604748
v 0.000358559773 0.00608701445 0.00353038264
v -0.000365577929 0.00608701445 0.00353038311
v -0.000365577929 0.0059125158 0.00378300995
v 0.000358560064 0.0059125158 0.00378300948
v 0.000358559773 0.00592677342 0.00360604748
v -0.000365577929 0.00592677342 0.00360604795
v -0.000365577929 0.00605836604 0.00388429686
v 0.000358559773 0.00605836604 0.00388429663
v 0.000358560064 0.0059125158 0.00378300948
v -0.000365577929 0.0059125158 0.00378300995
v -0.00036557822 0.00621874817 0.00380839664
v 0.000358559773 0.00621874817 0.00380839664
v 0.000358559773 0.00605836604 0.00388429663
v -0.000365577929 0.00605836604 0.00388429686
v -0.00036557822 0.00623307703 0.00363144022
v 0.000358559773 0.00623307703 0.00363144022
v 0.000358559773 0.00621874817 0.00380839664
v -0.00036557822 0.00621874817 0.00380839664
v -0.00036557822 0.00689125992 0.00359625695
v 0.000358559773 0.00689125992 0.00359625695
v 0.000358559773 0.00703734858 0.003697281
v -0.00036557822 0.00703734858 0.003697281
v -0.000365577929 0.00673086382 0.00367219071
v 0.000358559773 0.00673086382 0.00367219071
v 0.000358559773 0.00689125992 0.00359625695
v -0.00036557822 0.00689125992 0.00359625695
v -0.000365577929 0.00671654707 0.00384914805
v 0.000358559773 0.00671654707 0.00384914805
v 0.000358559773 0.00673086382 0.00367219071
v -0.000365577929 0.00673086382 0.00367219071
v -0.00036557822 0.00686263805 0.00395017257
v 0.000358559773 0.00686263805 0.00395017257
v 0.000358559773 0.00671654707 0.00384914805
v -0.000365577929 0.00671654707 0.00384914805
v -0.00036557822 0.00702304346 0.00387423905
v 0.000358559773 0.00702304346 0.00387423905
v 0.000358559773 0.00686263805 0.00395017257
v -0.00036557822 0.00686263805 0.00395017257
v -0.00036557822 0.00703734858 0.003697281
v 0.000358559773 0.00703734858 0.003697281
v 0.000358559773 0.00702304346 0.00387423905
v -0.00036557822 0.00702304346 0.00387423905
v -0.00036557822 0.00771729695 0.00366314244
v 0.000358559773 0.00771729695 0.00366314244
v 0.000358559773 0.00786358304 0.00376386335
v -0.000365577929 0.00786358304 0.00376386335
v -0.00036557822 0.00755684823 0.00373939145
v 0.000358559482 0.00755684823 0.00373939145
v 0.000358559773 0.00771729695 0.00366314244
v -0.00036557822 0.00771729695 0.00366314244
v -0.000365577929 0.0075426125 0.00391635532
v 0.000358559482 0.0075426125 0.00391635532
v 0.000358559482 0.00755684823 0.00373939145
v -0.00036557822 0.00755684823 0.00373939145
v -0.00036557822 0.00768892746 0.00401707878
v 0.000358559773 0.00768892746 0.00401707878
v 0.000358559482 0.0075426125 0.00391635532
v -0.000365577929 0.0075426125 0.00391635532
v -0.000365577929 0.00784944743 0.00394083513
v 0.000358559773 0.00784944743 0.00394083513
v 0.000358559773 0.00768892746 0.00401707878
v -0.00036557822 0.00768892746 0.00401707878
v -0.000365577929 0.00786358304 0.00376386335
v 0.000358559773 0.00786358304 0.00376386335
v 0.000358559773 0.00784944743 0.00394083513
v -0.000365577929 0.00784944743 0.00394083513
v -0.000365577929 0.00851775613 0.00372700416
v 0.000358559773 0.00851775613 0.00372700416
v 0.000358559773 0.00866415445 0.00382762216
v -0.00036557822 0.00866415445 0.00382762216
v -0.00036557822 0.00835742243 0.00380326295
v 0.000358559773 0.00835742243 0.00380326295
v 0.000358559773 0.00851775613 0.00372700416
v -0.000365577929 0.00851775613 0.00372700416
v -0.00036557822 0.00834344327 0.00398024684
v 0.000358559773 0.00834344327 0.00398024684
v 0.000358559773 0.00835742243 0.00380326295
v -0.00036557822 0.00835742243 0.00380326295
v -0.000365577929 0.00848989747 0.00408098102
v 0.000358559773 0.00848989747 0.00408098102
v 0.000358559773 0.00834344327 0.00398024684
v -0.00036557822 0.00834344327 0.00398024684
v -0.00036557822 0.00865027402 0.00400461443
v 0.000358559773 0.00865027402 0.00400461396
v 0.000358559773 0.00848989747 0.00408098102
v -0.000365577929 0.00848989747 0.00408098102
v -0.00036557822 0.00866415445 0.00382762216
v 0.000358559773 0.00866415445 0.00382762216
v 0.000358559773 0.00865027402 0.00400461396
v -0.00036557822 0.00865027402 0.00400461443
v 5.86119277E-05 0.00631518103 0.00450429227
v 5.86119277E-05 0.00632318249 0.00448597316
v 0.000182036456 0.00636072876 0.00449141907
v 0.000182036747 0.00634464482 0.00452821516
v 0.00032471717 0.00637689326 0.0045457771
v 0.000286205119 0.00639551645 0.00450322777
v 0.000275288825 0.00628726464 0.00348754693
v 0.000335633464 0.00628726464 0.00348754693
v -0.000326560141 0.00756239891 0.0044252295
v -0.000311729294 0.00756239891 0.0044252295
v -0.000311729294 0.00740677351 0.00454748748
v -0.000326559821 0.00740677351 0.00454748748
v -0.000346732442 0.00748431683 0.00358530018
v -0.000286387483 0.00748431683 0.00358530018
v -0.000286388386 0.00800815783 0.00369376177
v -0.00034673154 0.00800815783 0.00369376177
v -0.000326559821 0.00740677351 0.00454748748
v -0.000311729294 0.00740677351 0.00454748748
v -0.000291556993 0.00745122647 0.00399590703
v -0.000346732122 0.00745122647 0.00399590703
v -0.000291556993 0.00745122647 0.00399590703
v -0.000286387483 0.00748431683 0.00358530018
v -0.000346732442 0.00748431683 0.00358530018
v -0.00034673154 0.00800815783 0.00369376177
v -0.000286388386 0.00800815783 0.00369376177
v -0.000291556702 0.00785207003 0.00401419261
v -0.000346732122 0.00785207003 0.00401419308
v -0.000346732122 0.00785207003 0.00401419308
v -0.000291556702 0.00785207003 0.00401419261
v -0.000311729294 0.00756239891 0.0044252295
v -0.000326560141 0.00756239891 0.0044252295
v 0.000182036747 0.00634464482 0.00452821516
v 0.000182036456 0.00636072876 0.00449141907
v 0.000286205119 0.00639551645 0.00450322777
v 0.00032471717 0.00637689326 0.0045457771
v 7.1373579E-06 0.00574744912 0.00426565064
v -0.000291185977 0.00575148314 0.00425641751
v 5.86119277E-05 0.00631518103 0.00450429227
v 0.000182036747 0.00634464482 0.00452821516
v 0.000328726455 0.005747783 0.00426484831
v 7.1373579E-06 0.00574744912 0.00426565064
v 0.000182036747 0.00634464482 0.00452821516
v 0.00032471717 0.00637689326 0.0045457771
v -0.000291186268 0.00575944409 0.00423810724
v 7.1373579E-06 0.00576347113 0.00422887364
v 0.000182036456 0.00636072876 0.00449141907
v 5.86119277E-05 0.00632318249 0.00448597316
v 7.1373579E-06 0.00576347113 0.00422887364
v 0.000282195804 0.00576312281 0.00422967551
v 0.000286205119 0.00639551645 0.00450322777
v 0.000182036456 0.00636072876 0.00449141907
v -0.000291185977 0.00575148314 0.00425641751
v -0.000291186268 0.00575944409 0.00423810724
v 5.86119277E-05 0.00632318249 0.00448597316
v 5.86119277E-05 0.00631518103 0.00450429227
v 7.1373579E-06 0.00574744912 0.00426565064
v 7.1373579E-06 0.00576347113 0.00422887364
v -0.000291186268 0.00575944409 0.00423810724
v -0.000291185977 0.00575148314 0.00425641751
v 0.000328726455 0.005747783 0.00426484831
v 7.1373579E-06 0.00576347113 0.00422887364
v 0.000282195804 0.00576312281 0.00422967551
v -0.000294727972 0.00727267005 0.00395910209
v -7.51656262E-05 0.00727267005 0.00395910209
v -7.5162352E-05 0.0070945262 0.00409350218
v -0.000294731261 0.0070945262 0.00409350218
v 5.67656753E-05 0.00807988644 0.00402363669
v 0.000276334584 0.00807988644 0.00402363669
v 0.000276334584 0.00790884998 0.00415894995
v 5.67653769E-05 0.00790884998 0.00415894995
v 5.67656753E-05 0.00822740328 0.00418436481
v 0.000276334584 0.00822740328 0.00418436481
v 0.000276334584 0.00807988644 0.00402363669
v 5.67656753E-05 0.00807988644 0.00402363669
v 5.67656753E-05 0.00646246411 0.00389277562
v 0.000276334584 0.00646246411 0.00389277562
v 0.000276334584 0.00629153941 0.00402776664
v 5.67656753E-05 0.00629153941 0.00402776664
v 5.67656753E-05 0.0114053888 0.00442702416
v 5.67653769E-05 0.0112570049 0.00426732562
v 5.67653769E-05 0.0112795373 0.00396219501
v 5.67653769E-05 0.0114496518 0.00382571574
v 5.67656753E-05 0.0120803015 0.00437511457
v 5.67689531E-05 0.0121093653 0.00397492293
v -0.000294731261 0.0119857742 0.00386480079
v -0.000294731261 0.0121059129 0.00402243948
v -0.000294731261 0.0120837539 0.00432759756
v -0.000294731261 0.011941988 0.0044661439
v -0.000294731261 0.0113103511 0.00391667336
v -0.000294731261 0.0112808151 0.00431683008
v -0.000294731261 0.0106498143 0.00376634509
v -0.000294731261 0.0106047699 0.00436759554
v -0.000294731261 0.0104724076 0.00390193728
v -0.000294727972 0.0104494644 0.00420703692
v -0.00036557822 0.00923353434 0.00413887436
v -0.00036557822 0.00908694509 0.00403847313
v -0.00036557822 0.0091006849 0.00386147038
v -0.00036557822 0.00926091615 0.00378486025
v -0.000365577929 0.00939381309 0.00406226749
v -0.00036557822 0.00940745603 0.00388525706
v -0.000365577929 0.0100389598 0.00420085853
v -0.000365577929 0.00989222527 0.00410083029
v -0.00036557822 0.00990570989 0.00392380729
v -0.00036557822 0.010065834 0.00384680554
v -0.000365577929 0.0101991268 0.00412385911
v -0.000365577929 0.0102125164 0.00394682959
v -0.000365577929 0.0108660599 0.00426292187
v -0.00036557822 0.0107191987 0.00416288478
v -0.00036557822 0.010732431 0.00398584316
v -0.00036557822 0.010892434 0.00390883116
v -0.00036557822 0.0110261077 0.0041859136
v -0.00036557822 0.0110392468 0.00400886545
v -0.00036557822 0.011667273 0.00432185549
v -0.000365577929 0.0115202973 0.00422213739
v -0.000365577929 0.0115333032 0.004045079
v -0.00036557822 0.0116932075 0.00396773266
v -0.000365577929 0.0118272277 0.00424451334
v -0.00036557822 0.0118401544 0.00406744936
v -0.000346732442 0.0106282737 0.00424287328
v -0.000346732442 0.010659039 0.00383208506
v -0.00034673154 0.0111834379 0.00393797923
v -0.000346732442 0.0110291643 0.00425926549
v -0.000326559821 0.0105869481 0.00479469588
v -0.000326559821 0.0107418532 0.00467169471
v 0.000276334293 0.0112570049 0.00426732516
v 0.000276334293 0.0112795373 0.00396219501
v 0.000276334293 0.0111312838 0.00380247342
v 0.000276334293 0.0110867359 0.00440376112
v 0.000276334293 0.0104739834 0.0038542801
v 0.000276331004 0.0104438923 0.00425439514
v 0.000276334584 0.00983184576 0.00370482425
v 0.000276334584 0.0097859595 0.00430601183
v 0.000276334584 0.00966147613 0.00384054682
v 0.000276334584 0.00963810179 0.00414561434
v -7.5162352E-05 0.0120837539 0.00432759756
v -7.5162352E-05 0.0121059129 0.00402243948
v -7.5162352E-05 0.0119857742 0.00386480079
v -7.5162352E-05 0.011941988 0.0044661439
v -7.5162352E-05 0.0113103511 0.00391667336
v -7.5162352E-05 0.0112808151 0.00431683008
v -7.5162352E-05 0.0106498143 0.00376634509
v -7.5162352E-05 0.0106047699 0.00436759554
v -7.5162352E-05 0.0104724076 0.00390193728
v -7.51659245E-05 0.0104494644 0.00420703692
v 0.000358559773 0.0091006849 0.00386147038
v 0.000358559773 0.00908694509 0.00403847313
v 0.000358559773 0.00923353434 0.00413887436
v 0.000358559773 0.00926091615 0.00378486025
v 0.000358559773 0.00939381309 0.00406226749
v 0.000358559773 0.00940745603 0.00388525706
v 0.000358559773 0.00990570989 0.00392380729
v 0.000358559773 0.00989222527 0.00410083029
v 0.000358559773 0.0100389598 0.00420085853
v 0.000358559773 0.010065834 0.00384680554
v 0.000358559773 0.0101991268 0.00412385911
v 0.000358559773 0.0102125164 0.00394682912
v 0.000358559773 0.010732431 0.00398584316
v 0.000358559773 0.0107191987 0.00416288478
v 0.000358559773 0.0108660599 0.00426292187
v 0.000358559773 0.010892434 0.00390883116
v 0.000358559773 0.0110261077 0.00418591406
v 0.000358559773 0.0110392468 0.00400886545
v 0.000358559773 0.0115333032 0.00404507853
v 0.000358559773 0.0115202973 0.00422213692
v 0.000358559773 0.011667273 0.00432185549
v 0.000358559773 0.0116932075 0.00396773266
v 0.000358559773 0.0118272277 0.00424451334
v 0.000358559773 0.0118401544 0.00406744936
v -0.000291556993 0.0106282737 0.00424287328
v -0.000311729294 0.0105869481 0.00479469588
v -0.000311729294 0.0107418532 0.00467169425
v -0.000291556993 0.0110291643 0.00425926503
v -0.000294731261 0.0120837539 0.00432759756
v -7.5162352E-05 0.0120837539 0.00432759756
v -7.5162352E-05 0.011941988 0.0044661439
v -0.000294731261 0.011941988 0.0044661439
v -0.000294731261 0.0106047699 0.00436759554
v -7.5162352E-05 0.0106047699 0.00436759554
v -7.51659245E-05 0.0104494644 0.00420703692
v -0.000294727972 0.0104494644 0.00420703692
v -0.000294731261 0.00962917786 0.00419270759
v -7.5162352E-05 0.00962917786 0.00419270759
v -7.5162352E-05 0.0089711519 0.00424283324
v -0.000294731261 0.0089711519 0.00424283324
v -0.000294731261 0.0102718659 0.0043426156
v -7.5162352E-05 0.0102718659 0.0043426156
v -7.5162352E-05 0.00962917786 0.00419270759
v -0.000294731261 0.00962917786 0.00419270759
v 5.67656753E-05 0.0097859595 0.00430601137
v 5.67656753E-05 0.00963810179 0.00414561434
v 5.67656753E-05 0.00966147613 0.00384054682
v 5.67656753E-05 0.00983184576 0.00370482472
v 5.67689531E-05 0.0104438923 0.00425439514
v 5.67653769E-05 0.0104739834 0.0038542801
v 5.67656753E-05 0.0110867359 0.00440376112
v 5.67653769E-05 0.0111312838 0.00380247342
v 5.67653769E-05 0.0112570049 0.00426732562
v 5.67653769E-05 0.0112795373 0.00396219501
v 5.67656753E-05 0.0097859595 0.00430601137
v 0.000276334584 0.0097859595 0.00430601183
v 0.000276334584 0.00963810179 0.00414561434
v 5.67656753E-05 0.00963810179 0.00414561434
v -7.51659245E-05 0.0104494644 0.00420703692
v -7.5162352E-05 0.0104724076 0.00390193728
v -7.5162352E-05 0.0103172511 0.003741391
v -7.5162352E-05 0.0102718659 0.0043426156
v -7.5162352E-05 0.00965983327 0.0037926354
v -7.5162352E-05 0.00962917786 0.00419270759
v -7.5162352E-05 0.00901792292 0.00364171457
v -7.5162352E-05 0.0089711519 0.00424283324
v -7.5162352E-05 0.0089301914 0.00378384464
v -7.5162352E-05 0.00890641659 0.00408888049
v 5.67689531E-05 0.0104438923 0.00425439514
v 0.000276331004 0.0104438923 0.00425439514
v 0.000276334584 0.0097859595 0.00430601183
v 5.67656753E-05 0.0097859595 0.00430601137
v 5.67656753E-05 0.0110867359 0.00440376112
v 0.000276334293 0.0110867359 0.00440376112
v 0.000276331004 0.0104438923 0.00425439514
v 5.67689531E-05 0.0104438923 0.00425439514
v -0.000294731261 0.0103172511 0.003741391
v -0.000294731261 0.0104724076 0.00390193728
v -0.000294727972 0.0104494644 0.00420703692
v -0.000294731261 0.0102718659 0.0043426156
v -0.000294731261 0.00965983327 0.0037926354
v -0.000294731261 0.00962917786 0.00419270759
v -0.000294731261 0.00901792292 0.00364171457
v -0.000294731261 0.0089711519 0.00424283324
v -0.000294731261 0.0089301914 0.00378384464
v -0.000294731261 0.00890641659 0.00408888049
v 5.67656753E-05 0.0120803015 0.00437511457
v 0.000276334584 0.0120803015 0.00437511457
v 0.000276334584 0.0114053888 0.00442702416
v 5.67656753E-05 0.0114053888 0.00442702416
v 0.000276334293 0.0112795373 0.00396219501
v 0.000276334293 0.0112570049 0.00426732516
v 0.000276334584 0.0114053888 0.00442702416
v 0.000276334584 0.0114496518 0.00382571574
v 0.000276334584 0.0120803015 0.00437511457
v 0.000276331004 0.0121093653 0.00397492293
v -0.000294731261 0.011941988 0.0044661439
v -7.5162352E-05 0.011941988 0.0044661439
v -7.5162352E-05 0.0112808151 0.00431683008
v -0.000294731261 0.0112808151 0.00431683008
v -0.000294731261 0.0112808151 0.00431683008
v -7.5162352E-05 0.0112808151 0.00431683008
v -7.5162352E-05 0.0106047699 0.00436759554
v -0.000294731261 0.0106047699 0.00436759554
v -0.00036557822 0.00926091615 0.00378486025
v 0.000358559773 0.00926091615 0.00378486025
v 0.000358559773 0.00940745603 0.00388525706
v -0.00036557822 0.00940745603 0.00388525706
v -0.00036557822 0.0091006849 0.00386147038
v 0.000358559773 0.0091006849 0.00386147038
v 0.000358559773 0.00926091615 0.00378486025
v -0.00036557822 0.00926091615 0.00378486025
v -0.00036557822 0.00908694509 0.00403847313
v 0.000358559773 0.00908694509 0.00403847313
v 0.000358559773 0.0091006849 0.00386147038
v -0.00036557822 0.0091006849 0.00386147038
v -0.00036557822 0.00923353434 0.00413887436
v 0.000358559773 0.00923353434 0.00413887436
v 0.000358559773 0.00908694509 0.00403847313
v -0.00036557822 0.00908694509 0.00403847313
v -0.000365577929 0.00939381309 0.00406226749
v 0.000358559773 0.00939381309 0.00406226749
v 0.000358559773 0.00923353434 0.00413887436
v -0.00036557822 0.00923353434 0.00413887436
v -0.00036557822 0.00940745603 0.00388525706
v 0.000358559773 0.00940745603 0.00388525706
v 0.000358559773 0.00939381309 0.00406226749
v -0.000365577929 0.00939381309 0.00406226749
v -0.00036557822 0.010065834 0.00384680554
v 0.000358559773 0.010065834 0.00384680554
v 0.000358559773 0.0102125164 0.00394682912
v -0.000365577929 0.0102125164 0.00394682959
v -0.00036557822 0.00990570989 0.00392380729
v 0.000358559773 0.00990570989 0.00392380729
v 0.000358559773 0.010065834 0.00384680554
v -0.00036557822 0.010065834 0.00384680554
v -0.000365577929 0.00989222527 0.00410083029
v 0.000358559773 0.00989222527 0.00410083029
v 0.000358559773 0.00990570989 0.00392380729
v -0.00036557822 0.00990570989 0.00392380729
v -0.000365577929 0.0100389598 0.00420085853
v 0.000358559773 0.0100389598 0.00420085853
v 0.000358559773 0.00989222527 0.00410083029
v -0.000365577929 0.00989222527 0.00410083029
v -0.000365577929 0.0101991268 0.00412385911
v 0.000358559773 0.0101991268 0.00412385911
v 0.000358559773 0.0100389598 0.00420085853
v -0.000365577929 0.0100389598 0.00420085853
v -0.000365577929 0.0102125164 0.00394682959
v 0.000358559773 0.0102125164 0.00394682912
v 0.000358559773 0.0101991268 0.00412385911
v -0.000365577929 0.0101991268 0.00412385911
v -0.00036557822 0.010892434 0.00390883116
v 0.000358559773 0.010892434 0.00390883116
v 0.000358559773 0.0110392468 0.00400886545
v -0.00036557822 0.0110392468 0.00400886545
v -0.00036557822 0.010732431 0.00398584316
v 0.000358559773 0.010732431 0.00398584316
v 0.000358559773 0.010892434 0.00390883116
v -0.00036557822 0.010892434 0.00390883116
v -0.00036557822 0.0107191987 0.00416288478
v 0.000358559773 0.0107191987 0.00416288478
v 0.000358559773 0.010732431 0.00398584316
v -0.00036557822 0.010732431 0.00398584316
v -0.000365577929 0.0108660599 0.00426292187
v 0.000358559773 0.0108660599 0.00426292187
v 0.000358559773 0.0107191987 0.00416288478
v -0.00036557822 0.0107191987 0.00416288478
v -0.00036557822 0.0110261077 0.0041859136
v 0.000358559773 0.0110261077 0.00418591406
v 0.000358559773 0.0108660599 0.00426292187
v -0.000365577929 0.0108660599 0.00426292187
v -0.00036557822 0.0110392468 0.00400886545
v 0.000358559773 0.0110392468 0.00400886545
v 0.000358559773 0.0110261077 0.00418591406
v -0.00036557822 0.0110261077 0.0041859136
v -0.00036557822 0.0116932075 0.00396773266
v 0.000358559773 0.0116932075 0.00396773266
v 0.000358559773 0.0118401544 0.00406744936
v -0.00036557822 0.0118401544 0.00406744936
v -0.000365577929 0.0115333032 0.004045079
v 0.000358559773 0.0115333032 0.00404507853
v 0.000358559773 0.0116932075 0.00396773266
v -0.00036557822 0.0116932075 0.00396773266
v -0.000365577929 0.0115202973 0.00422213739
v 0.000358559773 0.0115202973 0.00422213692
v 0.000358559773 0.0115333032 0.00404507853
v -0.000365577929 0.0115333032 0.004045079
v -0.00036557822 0.011667273 0.00432185549
v 0.000358559773 0.011667273 0.00432185549
v 0.000358559773 0.0115202973 0.00422213692
v -0.000365577929 0.0115202973 0.00422213739
v -0.000365577929 0.0118272277 0.00424451334
v 0.000358559773 0.0118272277 0.00424451334
v 0.000358559773 0.011667273 0.00432185549
v -0.00036557822 0.011667273 0.00432185549
v -0.00036557822 0.0118401544 0.00406744936
v 0.000358559773 0.0118401544 0.00406744936
v 0.000358559773 0.0118272277 0.00424451334
v -0.000365577929 0.0118272277 0.00424451334
v 5.8612226E-05 0.00949324854 0.00475774333
v 5.86119277E-05 0.00950119458 0.00473939162
v 0.000182036456 0.00953883585 0.004744682
v 0.000182036456 0.00952288602 0.00478154421
v 0.00032471717 0.00955526531 0.00479897205
v 0.000286204799 0.00957373623 0.00475634541
v 0.000275288505 0.00946110021 0.00374113768
v 0.000335633464 0.00946110021 0.00374113768
v -0.000326559821 0.0107418532 0.00467169471
v -0.000311729294 0.0107418532 0.00467169425
v -0.000311729294 0.0105869481 0.00479469588
v -0.000326559821 0.0105869481 0.00479469588
v -0.000346732442 0.010659039 0.00383208506
v -0.000286387483 0.010659039 0.00383208506
v -0.000286388386 0.0111834379 0.00393797923
v -0.00034673154 0.0111834379 0.00393797923
v -0.000326559821 0.0105869481 0.00479469588
v -0.000311729294 0.0105869481 0.00479469588
v -0.000291556993 0.0106282737 0.00424287328
v -0.000346732442 0.0106282737 0.00424287328
v -0.000291556993 0.0106282737 0.00424287328
v -0.000286387483 0.010659039 0.00383208506
v -0.000346732442 0.010659039 0.00383208506
v -0.00034673154 0.0111834379 0.00393797923
v -0.000286388386 0.0111834379 0.00393797923
v -0.000291556993 0.0110291643 0.00425926503
v -0.000346732442 0.0110291643 0.00425926549
v -0.000346732442 0.0110291643 0.00425926549
v -0.000291556993 0.0110291643 0.00425926503
v -0.000311729294 0.0107418532 0.00467169425
v -0.000326559821 0.0107418532 0.00467169471
v 0.000182036456 0.00952288602 0.00478154421
v 0.000182036456 0.00953883585 0.004744682
v 0.000286204799 0.00957373623 0.00475634541
v 0.00032471717 0.00955526531 0.00479897205
v 7.1373579E-06 0.00892271008 0.00452195434
v -0.000291186268 0.0089267185 0.00451269932
v 5.8612226E-05 0.00949324854 0.00475774333
v 0.000182036456 0.00952288602 0.00478154421
v 0.000328726455 0.00892304163 0.00452115061
v 7.1373579E-06 0.00892271008 0.00452195434
v 0.000182036456 0.00952288602 0.00478154421
v 0.00032471717 0.00955526531 0.00479897205
v -0.000291185977 0.0089346813 0.00449434901
v 7.1373579E-06 0.00893869903 0.00448509492
v 0.000182036456 0.00953883585 0.004744682
v 5.86119277E-05 0.00950119458 0.00473939162
v 7.1373579E-06 0.00893869903 0.00448509492
v 0.000282195804 0.00893835723 0.00448589865
v 0.000286204799 0.00957373623 0.00475634541
v 0.000182036456 0.00953883585 0.004744682
v -0.000291186268 0.0089267185 0.00451269932
v -0.000291185977 0.0089346813 0.00449434901
v 5.86119277E-05 0.00950119458 0.00473939162
v 5.8612226E-05 0.00949324854 0.00475774333
v 7.1373579E-06 0.00892271008 0.00452195434
v 7.1373579E-06 0.00893869903 0.00448509492
v -0.000291185977 0.0089346813 0.00449434901
v -0.000291186268 0.0089267185 0.00451269932
v 0.000328726455 0.00892304163 0.00452115061
v 7.1373579E-06 0.00893869903 0.00448509492
v 0.000282195804 0.00893835723 0.00448589865
v -0.000294727972 0.0104494644 0.00420703692
v -7.51659245E-05 0.0104494644 0.00420703692
v -7.5162352E-05 0.0102718659 0.0043426156
v -0.000294731261 0.0102718659 0.0043426156
v 5.67653769E-05 0.0112570049 0.00426732562
v 0.000276334293 0.0112570049 0.00426732516
v 0.000276334293 0.0110867359 0.00440376112
v 5.67656753E-05 0.0110867359 0.00440376112
v 5.67656753E-05 0.0114053888 0.00442702416
v 0.000276334584 0.0114053888 0.00442702416
v 0.000276334293 0.0112570049 0.00426732516
v 5.67653769E-05 0.0112570049 0.00426732562
v 5.67656753E-05 0.00963810179 0.00414561434
v 0.000276334584 0.00963810179 0.00414561434
v 0.000276334584 0.00946757011 0.00428132433
v 5.67653769E-05 0.00946757011 0.00428132433
v 5.67656753E-05 0.0145831676 0.00465387758
v 5.67653769E-05 0.0144342734 0.00449459767
v 5.67656753E-05 0.0144556565 0.00418938417
v 5.67656753E-05 0.0146252299 0.00405241083
v 5.67656753E-05 0.0152574778 0.00459974119
v 5.67689531E-05 0.0152853196 0.00419946294
v -0.000294731261 0.0151613951 0.00408978714
v -0.000294731261 0.0152820153 0.00424698973
v -0.000294731261 0.0152607821 0.00455221394
v -0.000294731552 0.0151195284 0.00469126692
v -0.000294731261 0.0144862933 0.00414377125
v -0.000294731261 0.0144582558 0.00454403553
v -0.000294731552 0.0138252396 0.00399637967
v -0.000294731552 0.0137827918 0.00459781894
v -0.000294731261 0.0136484569 0.00413284311
v -0.000294727972 0.0136268754 0.00443804264
v -0.000365577929 0.0124110244 0.0043760105
v -0.000365577929 0.0122639537 0.00427635154
v -0.00036557822 0.0122767659 0.00409927918
v -0.00036557822 0.0124365734 0.00402185926
v -0.00036557822 0.0125708859 0.00429841038
v -0.00036557822 0.0125836302 0.0041213329
v -0.00036557822 0.0132164955 0.0044334135
v -0.000365577929 0.0130693456 0.00433393428
v -0.000365577929 0.0130819846 0.00415684888
v -0.00036557822 0.0132417101 0.00407923851
v -0.000365577929 0.0133762527 0.00435580593
v -0.000365577929 0.0133888293 0.00417871634
v -0.00036557822 0.0140435025 0.00449184328
v -0.000365577929 0.013896293 0.004392548
v -0.00036557822 0.0139087792 0.00421545189
v -0.00036557822 0.0140684294 0.0041376478
v -0.000365577929 0.0142031694 0.00441404106
v -0.00036557822 0.0142156119 0.00423694216
v -0.00036557822 0.0148445461 0.00454794802
v -0.00036557822 0.0146972844 0.00444864901
v -0.00036557822 0.0147096533 0.00427154498
v -0.00036557822 0.0148692457 0.00419373717
v -0.00036557822 0.0150041385 0.00447006011
v -0.00036557822 0.0150164748 0.00429295376
v -0.000346732122 0.0138057536 0.00447298586
v -0.000346732122 0.0138347503 0.00406206958
v -0.00034673154 0.0143594742 0.0041654408
v -0.000346732122 0.0142065119 0.00448737014
v -0.00032655953 0.013766801 0.00502498215
v -0.000326559821 0.0139210438 0.00490120891
v 0.000276334584 0.0144342734 0.00449459767
v 0.000276334584 0.0144556565 0.00418938417
v 0.000276334293 0.0143068265 0.00403010985
v 0.000276334293 0.0142646097 0.00463156542
v 0.000276334584 0.0136498213 0.00408517802
v 0.000276331295 0.0136215184 0.00448542368
v 0.000276334584 0.0130070755 0.00393827027
v 0.000276334584 0.0129640866 0.00453967135
v 0.000276334584 0.0128373932 0.00407504151
v 0.000276334584 0.0128155202 0.00438022008
v -7.5162352E-05 0.0152607821 0.00455221394
v -7.5162352E-05 0.0152820153 0.00424698973
v -7.5162352E-05 0.0151613951 0.00408978714
v -7.5162352E-05 0.0151195284 0.00469126692
v -7.5162352E-05 0.0144862933 0.00414377125
v -7.5162352E-05 0.0144582558 0.00454403553
v -7.51626503E-05 0.0138252396 0.00399637967
v -7.51626503E-05 0.0137827918 0.00459781894
v -7.5162352E-05 0.0136484569 0.00413284311
v -7.51656262E-05 0.0136268754 0.00443804264
v 0.000358559773 0.0122767659 0.00409927918
v 0.000358559773 0.0122639537 0.00427635154
v 0.000358559773 0.0124110244 0.0043760105
v 0.000358559773 0.0124365734 0.00402185926
v 0.000358559773 0.0125708859 0.00429841038
v 0.000358559773 0.0125836302 0.0041213329
v 0.000358559773 0.0130819846 0.00415684888
v 0.000358559773 0.0130693456 0.00433393428
v 0.000358559773 0.0132164955 0.0044334135
v 0.000358559773 0.0132417101 0.00407923851
v 0.000358559773 0.0133762527 0.00435580593
v 0.000358559773 0.0133888293 0.00417871634
v 0.000358559773 0.0139087792 0.00421545189
v 0.000358559773 0.013896293 0.004392548
v 0.000358559773 0.0140435025 0.00449184328
v 0.000358559773 0.0140684294 0.0041376478
v 0.000358559773 0.0142031694 0.00441404106
v 0.000358559773 0.0142156119 0.00423694216
v 0.000358559773 0.0147096533 0.00427154498
v 0.000358559773 0.0146972844 0.00444864901
v 0.000358559773 0.0148445461 0.00454794802
v 0.000358559773 0.0148692457 0.00419373717
v 0.000358559773 0.0150041385 0.00447006011
v 0.000358559773 0.0150164748 0.00429295329
v -0.000291556702 0.0138057536 0.00447298586
v -0.000311729003 0.013766801 0.00502498215
v -0.000311729294 0.0139210438 0.00490120891
v -0.000291556702 0.0142065119 0.00448737014
v -0.000294731261 0.0152607821 0.00455221394
v -7.5162352E-05 0.0152607821 0.00455221394
v -7.5162352E-05 0.0151195284 0.00469126692
v -0.000294731552 0.0151195284 0.00469126692
v -0.000294731552 0.0137827918 0.00459781894
v -7.51626503E-05 0.0137827918 0.00459781894
v -7.51656262E-05 0.0136268754 0.00443804264
v -0.000294727972 0.0136268754 0.00443804264
v -0.000294731261 0.0128068328 0.00442736363
v -7.5162352E-05 0.0128068328 0.00442736363
v -7.5162352E-05 0.0121492809 0.00448125601
v -0.000294731261 0.0121492809 0.00448125601
v -0.000294731261 0.0134499595 0.00457429839
v -7.5162352E-05 0.0134499595 0.00457429839
v -7.5162352E-05 0.0128068328 0.00442736363
v -0.000294731261 0.0128068328 0.00442736363
v 5.67656753E-05 0.0129640866 0.00453967135
v 5.67656753E-05 0.0128155202 0.00438022008
v 5.67656753E-05 0.0128373932 0.00407504151
v 5.67656753E-05 0.0130070755 0.00393827027
v 5.67689531E-05 0.0136215184 0.00448542368
v 5.67653769E-05 0.0136498213 0.00408517802
v 5.67653769E-05 0.0142646097 0.00463156542
v 5.67656753E-05 0.0143068265 0.00403010985
v 5.67653769E-05 0.0144342734 0.00449459767
v 5.67656753E-05 0.0144556565 0.00418938417
v 5.67656753E-05 0.0129640866 0.00453967135
v 0.000276334584 0.0129640866 0.00453967135
v 0.000276334584 0.0128155202 0.00438022008
v 5.67656753E-05 0.0128155202 0.00438022008
v -7.51656262E-05 0.0136268754 0.00443804264
v -7.5162352E-05 0.0136484569 0.00413284311
v -7.5162352E-05 0.0134926056 0.00397287309
v -7.5162352E-05 0.0134499595 0.00457429839
v -7.5162352E-05 0.0128355194 0.00402714545
v -7.5162352E-05 0.0128068328 0.00442736363
v -7.5162352E-05 0.0121928835 0.00387989939
v -7.5162352E-05 0.0121492809 0.00448125601
v -7.5162352E-05 0.0121059129 0.00402243948
v -7.5162352E-05 0.0120837539 0.00432759756
v 5.67689531E-05 0.0136215184 0.00448542368
v 0.000276331295 0.0136215184 0.00448542368
v 0.000276334584 0.0129640866 0.00453967135
v 5.67656753E-05 0.0129640866 0.00453967135
v 5.67653769E-05 0.0142646097 0.00463156542
v 0.000276334293 0.0142646097 0.00463156542
v 0.000276331295 0.0136215184 0.00448542368
v 5.67689531E-05 0.0136215184 0.00448542368
v -0.000294731261 0.0134926056 0.00397287309
v -0.000294731261 0.0136484569 0.00413284311
v -0.000294727972 0.0136268754 0.00443804264
v -0.000294731261 0.0134499595 0.00457429839
v -0.000294731261 0.0128355194 0.00402714545
v -0.000294731261 0.0128068328 0.00442736363
v -0.000294731261 0.0121928835 0.00387989939
v -0.000294731261 0.0121492809 0.00448125601
v -0.000294731261 0.0121059129 0.00402243948
v -0.000294731261 0.0120837539 0.00432759756
v 5.67656753E-05 0.0152574778 0.00459974119
v 0.000276334584 0.0152574778 0.00459974119
v 0.000276334584 0.0145831676 0.00465387758
v 5.67656753E-05 0.0145831676 0.00465387758
v 0.000276334584 0.0144556565 0.00418938417
v 0.000276334584 0.0144342734 0.00449459767
v 0.000276334584 0.0145831676 0.00465387758
v 0.000276334584 0.0146252299 0.00405241083
v 0.000276334584 0.0152574778 0.00459974119
v 0.000276331295 0.0152853196 0.00419946294
v -0.000294731552 0.0151195284 0.00469126692
v -7.5162352E-05 0.0151195284 0.00469126692
v -7.5162352E-05 0.0144582558 0.00454403553
v -0.000294731261 0.0144582558 0.00454403553
v -0.000294731261 0.0144582558 0.00454403553
v -7.5162352E-05 0.0144582558 0.00454403553
v -7.51626503E-05 0.0137827918 0.00459781894
v -0.000294731552 0.0137827918 0.00459781894
v -0.00036557822 0.0124365734 0.00402185926
v 0.000358559773 0.0124365734 0.00402185926
v 0.000358559773 0.0125836302 0.0041213329
v -0.00036557822 0.0125836302 0.0041213329
v -0.00036557822 0.0122767659 0.00409927918
v 0.000358559773 0.0122767659 0.00409927918
v 0.000358559773 0.0124365734 0.00402185926
v -0.00036557822 0.0124365734 0.00402185926
v -0.000365577929 0.0122639537 0.00427635154
v 0.000358559773 0.0122639537 0.00427635154
v 0.000358559773 0.0122767659 0.00409927918
v -0.00036557822 0.0122767659 0.00409927918
v -0.000365577929 0.0124110244 0.0043760105
v 0.000358559773 0.0124110244 0.0043760105
v 0.000358559773 0.0122639537 0.00427635154
v -0.000365577929 0.0122639537 0.00427635154
v -0.00036557822 0.0125708859 0.00429841038
v 0.000358559773 0.0125708859 0.00429841038
v 0.000358559773 0.0124110244 0.0043760105
v -0.000365577929 0.0124110244 0.0043760105
v -0.00036557822 0.0125836302 0.0041213329
v 0.000358559773 0.0125836302 0.0041213329
v 0.000358559773 0.0125708859 0.00429841038
v -0.00036557822 0.0125708859 0.00429841038
v -0.00036557822 0.0132417101 0.00407923851
v 0.000358559773 0.0132417101 0.00407923851
v 0.000358559773 0.0133888293 0.00417871634
v -0.000365577929 0.0133888293 0.00417871634
v -0.000365577929 0.0130819846 0.00415684888
v 0.000358559773 0.0130819846 0.00415684888
v 0.000358559773 0.0132417101 0.00407923851
v -0.00036557822 0.0132417101 0.00407923851
v -0.000365577929 0.0130693456 0.00433393428
v 0.000358559773 0.0130693456 0.00433393428
v 0.000358559773 0.0130819846 0.00415684888
v -0.000365577929 0.0130819846 0.00415684888
v -0.00036557822 0.0132164955 0.0044334135
v 0.000358559773 0.0132164955 0.0044334135
v 0.000358559773 0.0130693456 0.00433393428
v -0.000365577929 0.0130693456 0.00433393428
v -0.000365577929 0.0133762527 0.00435580593
v 0.000358559773 0.0133762527 0.00435580593
v 0.000358559773 0.0132164955 0.0044334135
v -0.00036557822 0.0132164955 0.0044334135
v -0.000365577929 0.0133888293 0.00417871634
v 0.000358559773 0.0133888293 0.00417871634
v 0.000358559773 0.0133762527 0.00435580593
v -0.000365577929 0.0133762527 0.00435580593
v -0.00036557822 0.0140684294 0.0041376478
v 0.000358559773 0.0140684294 0.0041376478
v 0.000358559773 0.0142156119 0.00423694216
v -0.00036557822 0.0142156119 0.00423694216
v -0.00036557822 0.0139087792 0.00421545189
v 0.000358559773 0.0139087792 0.00421545189
v 0.000358559773 0.0140684294 0.0041376478
v -0.00036557822 0.0140684294 0.0041376478
v -0.000365577929 0.013896293 0.004392548
v 0.000358559773 0.013896293 0.004392548
v 0.000358559773 0.0139087792 0.00421545189
v -0.00036557822 0.0139087792 0.00421545189
v -0.00036557822 0.0140435025 0.00449184328
v 0.000358559773 0.0140435025 0.00449184328
v 0.000358559773 0.013896293 0.004392548
v -0.000365577929 0.013896293 0.004392548
v -0.000365577929 0.0142031694 0.00441404106
v 0.000358559773 0.0142031694 0.00441404106
v 0.000358559773 0.0140435025 0.00449184328
v -0.00036557822 0.0140435025 0.00449184328
v -0.00036557822 0.0142156119 0.00423694216
v 0.000358559773 0.0142156119 0.00423694216
v 0.000358559773 0.0142031694 0.00441404106
v -0.000365577929 0.0142031694 0.00441404106
v -0.00036557822 0.0148692457 0.00419373717
v 0.000358559773 0.0148692457 0.00419373717
v 0.000358559773 0.0150164748 0.00429295329
v -0.00036557822 0.0150164748 0.00429295376
v -0.00036557822 0.0147096533 0.00427154498
v 0.000358559773 0.0147096533 0.00427154498
v 0.000358559773 0.0148692457 0.00419373717
v -0.00036557822 0.0148692457 0.00419373717
v -0.00036557822 0.0146972844 0.00444864901
v 0.000358559773 0.0146972844 0.00444864901
v 0.000358559773 0.0147096533 0.00427154498
v -0.00036557822 0.0147096533 0.00427154498
v -0.00036557822 0.0148445461 0.00454794802
v 0.000358559773 0.0148445461 0.00454794802
v 0.000358559773 0.0146972844 0.00444864901
v -0.00036557822 0.0146972844 0.00444864901
v -0.00036557822 0.0150041385 0.00447006011
v 0.000358559773 0.0150041385 0.00447006011
v 0.000358559773 0.0148445461 0.00454794802
v -0.00036557822 0.0148445461 0.00454794802
v -0.00036557822 0.0150164748 0.00429295376
v 0.000358559773 0.0150164748 0.00429295329
v 0.000358559773 0.0150041385 0.00447006011
v -0.00036557822 0.0150041385 0.00447006011
v 5.86119277E-05 0.0126737449 0.00499318773
v 5.8612226E-05 0.0126815988 0.00497478759
v 0.000182036747 0.0127192419 0.00497984141
v 0.000182036456 0.0127034783 0.00501679955
v 0.00032471717 0.0127359219 0.00503402157
v 0.000286204799 0.012754173 0.00499128457
v 0.000275288505 0.0126365274 0.00397689268
v 0.000335633464 0.0126365274 0.00397689268
v -0.000326559821 0.0139210438 0.00490120891
v -0.000311729294 0.0139210438 0.00490120891
v -0.000311729003 0.013766801 0.00502498215
v -0.00032655953 0.013766801 0.00502498215
v -0.000346732122 0.0138347503 0.00406206958
v -0.000286387192 0.0138347503 0.00406206958
v -0.000286388386 0.0143594742 0.0041654408
v -0.00034673154 0.0143594742 0.0041654408
v -0.00032655953 0.013766801 0.00502498215
v -0.000311729003 0.013766801 0.00502498215
v -0.000291556702 0.0138057536 0.00447298586
v -0.000346732122 0.0138057536 0.00447298586
v -0.000291556702 0.0138057536 0.00447298586
v -0.000286387192 0.0138347503 0.00406206958
v -0.000346732122 0.0138347503 0.00406206958
v -0.00034673154 0.0143594742 0.0041654408
v -0.000286388386 0.0143594742 0.0041654408
v -0.000291556702 0.0142065119 0.00448737014
v -0.000346732122 0.0142065119 0.00448737014
v -0.000346732122 0.0142065119 0.00448737014
v -0.000291556702 0.0142065119 0.00448737014
v -0.000311729294 0.0139210438 0.00490120891
v -0.000326559821 0.0139210438 0.00490120891
v 0.000182036456 0.0127034783 0.00501679955
v 0.000182036747 0.0127192419 0.00497984141
v 0.000286204799 0.012754173 0.00499128457
v 0.00032471717 0.0127359219 0.00503402157
v 7.1373579E-06 0.0121023199 0.0047606118
v -0.000291186268 0.0121062752 0.00475133816
v 5.86119277E-05 0.0126737449 0.00499318773
v 0.000182036456 0.0127034783 0.00501679955
v 0.000328726455 0.0121026486 0.00475980621
v 7.1373579E-06 0.0121023199 0.0047606118
v 0.000182036456 0.0127034783 0.00501679955
v 0.00032471717 0.0127359219 0.00503402157
v -0.000291186268 0.012114143 0.00473295059
v 7.1373579E-06 0.0121181076 0.00472367741
v 0.000182036747 0.0127192419 0.00497984141
v 5.8612226E-05 0.0126815988 0.00497478759
v 7.1373579E-06 0.0121181076 0.00472367741
v 0.000282195804 0.0121177714 0.00472448254
v 0.000286204799 0.012754173 0.00499128457
v 0.000182036747 0.0127192419 0.00497984141
v -0.000291186268 0.0121062752 0.00475133816
v -0.000291186268 0.012114143 0.00473295059
v 5.8612226E-05 0.0126815988 0.00497478759
v 5.86119277E-05 0.0126737449 0.00499318773
v 7.1373579E-06 0.0121023199 0.0047606118
v 7.1373579E-06 0.0121181076 0.00472367741
v -0.000291186268 0.012114143 0.00473295059
v -0.000291186268 0.0121062752 0.00475133816
v 0.000328726455 0.0121026486 0.00475980621
v 7.1373579E-06 0.0121181076 0.00472367741
v 0.000282195804 0.0121177714 0.00472448254
v -0.000294727972 0.0136268754 0.00443804264
v -7.51656262E-05 0.0136268754 0.00443804264
v -7.5162352E-05 0.0134499595 0.00457429839
v -0.000294731261 0.0134499595 0.00457429839
v 5.67653769E-05 0.0144342734 0.00449459767
v 0.000276334584 0.0144342734 0.00449459767
v 0.000276334293 0.0142646097 0.00463156542
v 5.67653769E-05 0.0142646097 0.00463156542
v 5.67656753E-05 0.0145831676 0.00465387758
v 0.000276334584 0.0145831676 0.00465387758
v 0.000276334584 0.0144342734 0.00449459767
v 5.67653769E-05 0.0144342734 0.00449459767
v 5.67656753E-05 0.0128155202 0.00438022008
v 0.000276334584 0.0128155202 0.00438022008
v 0.000276334293 0.0126457168 0.00451698247
v 5.67656753E-05 0.0126457168 0.00451698247
v 5.67653769E-05 0.0177591518 0.00487390347
v 5.67653769E-05 0.0176102594 0.0047147451
v 5.67653769E-05 0.017631406 0.00440951576
v 5.67656753E-05 0.0178008601 0.00427241204
v 5.67653769E-05 0.018433027 0.00481950073
v 5.67689531E-05 0.0184608735 0.00441922341
v -0.000294731261 0.0183369629 0.00430955226
v -0.000294731552 0.0184575692 0.00446675019
v -0.000294731261 0.0184363369 0.00477197394
v -0.000294731261 0.0182951447 0.0049110353
v -0.000294731261 0.0176620092 0.00436387956
v -0.000294731261 0.0176342726 0.0047641648
v -0.000294731261 0.0170009267 0.00421708496
v -0.000294731261 0.0169592947 0.00481858104
v -0.000294731261 0.0168243684 0.00435373047
v -0.000294727972 0.016803246 0.0046589612
v -0.000365577929 0.015587992 0.00459950557
v -0.000365577929 0.0154407304 0.00450031832
v -0.000365577929 0.0154530378 0.0043232101
v -0.00036557822 0.0156125873 0.00424528681
v -0.00036557822 0.0157475509 0.00452158321
v -0.00036557822 0.0157598387 0.00434447359
v -0.00036557822 0.0163931325 0.00465524802
v -0.00036557822 0.0162458792 0.00455609802
v -0.00036557822 0.0162581336 0.00437898608
v -0.00036557822 0.0164176505 0.00430102414
v -0.00036557822 0.0165526476 0.00457728654
v -0.00036557822 0.0165649038 0.0044001746
v -0.00036557822 0.0172197297 0.00471234228
v -0.00036557822 0.0170724727 0.00461319182
v -0.00036557822 0.0170847308 0.00443608034
v -0.00036557822 0.0172442477 0.0043581184
v -0.00036557822 0.0173792411 0.00463438127
v -0.00036557822 0.017391501 0.00445726933
v -0.00036557822 0.0180202965 0.00476776576
v -0.00036557822 0.0178730916 0.00466858689
v -0.00036557822 0.0178853795 0.00449147681
v -0.00036557822 0.0180448871 0.00441354699
v -0.00036557822 0.0181797929 0.00468983455
v -0.00036557822 0.0181920994 0.00451272633
v -0.000346732442 0.0169820599 0.00469372142
v -0.000346732442 0.0170105025 0.00428276602
v -0.00034673154 0.0175352432 0.0043856483
v -0.000346732442 0.0173826311 0.0047077057
v -0.000326559821 0.0169438496 0.00524576893
v -0.000326559821 0.0170978252 0.00512183644
v 0.000276334293 0.0176102594 0.0047147451
v 0.000276334293 0.017631406 0.00440951576
v 0.000276334584 0.0174824949 0.004250356
v 0.000276334293 0.0174408536 0.00485185208
v 0.000276334293 0.0168256517 0.00430606399
v 0.000276331004 0.0167979468 0.00470635155
v 0.000276334584 0.0161827654 0.00416057277
v 0.000276334293 0.0161411371 0.00476206932
v 0.000276334584 0.0160134416 0.00429768162
v 0.000276334293 0.0159922931 0.00460291142
v -7.5162352E-05 0.0184363369 0.00477197394
v -7.5162352E-05 0.0184575692 0.00446675019
v -7.5162352E-05 0.0183369629 0.00430955226
v -7.5162352E-05 0.0182951447 0.00491103576
v -7.5162352E-05 0.0176620092 0.00436387956
v -7.5162352E-05 0.0176342726 0.0047641648
v -7.5162352E-05 0.0170009267 0.00421708496
v -7.5162352E-05 0.0169592947 0.00481858104
v -7.5162352E-05 0.0168243684 0.00435373047
v -7.51659245E-05 0.016803246 0.00465896167
v 0.000358559773 0.0154530378 0.0043232101
v 0.000358559773 0.0154407304 0.00450031832
v 0.000358559773 0.015587992 0.00459950557
v 0.000358559773 0.0156125873 0.00424528634
v 0.000358559773 0.0157475509 0.00452158321
v 0.000358559773 0.0157598387 0.00434447359
v 0.000358559773 0.0162581336 0.00437898608
v 0.000358559773 0.0162458792 0.00455609802
v 0.000358559773 0.0163931325 0.00465524802
v 0.000358559773 0.0164176505 0.00430102414
v 0.000358559773 0.0165526476 0.00457728654
v 0.000358559773 0.0165649038 0.0044001746
v 0.000358559773 0.0170847308 0.00443608034
v 0.000358559773 0.0170724727 0.00461319182
v 0.000358559773 0.0172197297 0.00471234228
v 0.000358559773 0.0172442477 0.0043581184
v 0.000358559773 0.0173792411 0.00463438127
v 0.000358559773 0.017391501 0.00445726933
v 0.000358559773 0.0178853795 0.00449147681
v 0.000358559773 0.0178730916 0.00466858689
v 0.000358559773 0.0180202965 0.00476776576
v 0.000358559773 0.0180448871 0.00441354699
v 0.000358559773 0.0181797929 0.00468983455
v 0.000358559773 0.0181920994 0.00451272633
v -0.000291556993 0.0169820599 0.00469372142
v -0.000311729294 0.0169438496 0.00524576893
v -0.000311729294 0.0170978252 0.00512183644
v -0.000291556993 0.0173826311 0.0047077057
v -0.000294731261 0.0184363369 0.00477197394
v -7.5162352E-05 0.0184363369 0.00477197394
v -7.5162352E-05 0.0182951447 0.00491103576
v -0.000294731261 0.0182951447 0.0049110353
v -0.000294731261 0.0169592947 0.00481858104
v -7.5162352E-05 0.0169592947 0.00481858104
v -7.51659245E-05 0.016803246 0.00465896167
v -0.000294727972 0.016803246 0.0046589612
v -0.000294731261 0.0159837194 0.00465007359
v -7.5162352E-05 0.0159837194 0.00465007359
v -7.5162352E-05 0.0153267002 0.00470562559
v -0.000294731261 0.0153267002 0.00470562559
v -0.000294731261 0.0166266635 0.00479560532
v -7.5162352E-05 0.0166266635 0.00479560532
v -7.5162352E-05 0.0159837194 0.00465007359
v -0.000294731261 0.0159837194 0.00465007359
v 5.67653769E-05 0.0161411371 0.00476206932
v 5.67656753E-05 0.0159922931 0.00460291188
v 5.67653769E-05 0.0160134416 0.00429768162
v 5.67656753E-05 0.0161827654 0.00416057277
v 5.67689531E-05 0.0167979468 0.00470635155
v 5.67653769E-05 0.0168256517 0.00430606399
v 5.67656753E-05 0.0174408536 0.00485185208
v 5.67656753E-05 0.0174824949 0.004250356
v 5.67653769E-05 0.0176102594 0.0047147451
v 5.67653769E-05 0.017631406 0.00440951576
v 5.67653769E-05 0.0161411371 0.00476206932
v 0.000276334293 0.0161411371 0.00476206932
v 0.000276334293 0.0159922931 0.00460291142
v 5.67656753E-05 0.0159922931 0.00460291188
v -7.51659245E-05 0.016803246 0.00465896167
v -7.5162352E-05 0.0168243684 0.00435373047
v -7.5162352E-05 0.0166682899 0.00419410923
v -7.5162352E-05 0.0166266635 0.00479560532
v -7.5162352E-05 0.0160114467 0.00424978789
v -7.5162352E-05 0.0159837194 0.00465007359
v -7.5162352E-05 0.0153685184 0.00410414208
v -7.5162352E-05 0.0153267002 0.00470562559
v -7.5162352E-05 0.0152820153 0.00424698973
v -7.5162352E-05 0.0152607821 0.00455221394
v 5.67689531E-05 0.0167979468 0.00470635155
v 0.000276331004 0.0167979468 0.00470635155
v 0.000276334293 0.0161411371 0.00476206932
v 5.67653769E-05 0.0161411371 0.00476206932
v 5.67656753E-05 0.0174408536 0.00485185208
v 0.000276334293 0.0174408536 0.00485185208
v 0.000276331004 0.0167979468 0.00470635155
v 5.67689531E-05 0.0167979468 0.00470635155
v -0.000294731261 0.0166682899 0.00419410923
v -0.000294731261 0.0168243684 0.00435373047
v -0.000294727972 0.016803246 0.0046589612
v -0.000294731261 0.0166266635 0.00479560532
v -0.000294731261 0.0160114467 0.00424978789
v -0.000294731261 0.0159837194 0.00465007359
v -0.000294731261 0.0153685184 0.00410414208
v -0.000294731261 0.0153267002 0.00470562559
v -0.000294731261 0.0152820153 0.00424698973
v -0.000294731261 0.0152607821 0.00455221394
v 5.67653769E-05 0.018433027 0.00481950073
v 0.000276334293 0.018433027 0.00481950073
v 0.000276334293 0.0177591518 0.00487390347
v 5.67653769E-05 0.0177591518 0.00487390347
v 0.000276334293 0.017631406 0.00440951576
v 0.000276334293 0.0176102594 0.0047147451
v 0.000276334293 0.0177591518 0.00487390347
v 0.000276334584 0.0178008601 0.00427241204
v 0.000276334293 0.018433027 0.00481950073
v 0.000276331004 0.0184608735 0.00441922341
v -0.000294731261 0.0182951447 0.0049110353
v -7.5162352E-05 0.0182951447 0.00491103576
v -7.5162352E-05 0.0176342726 0.0047641648
v -0.000294731261 0.0176342726 0.0047641648
v -0.000294731261 0.0176342726 0.0047641648
v -7.5162352E-05 0.0176342726 0.0047641648
v -7.5162352E-05 0.0169592947 0.00481858104
v -0.000294731261 0.0169592947 0.00481858104
v -0.00036557822 0.0156125873 0.00424528681
v 0.000358559773 0.0156125873 0.00424528634
v 0.000358559773 0.0157598387 0.00434447359
v -0.00036557822 0.0157598387 0.00434447359
v -0.000365577929 0.0154530378 0.0043232101
v 0.000358559773 0.0154530378 0.0043232101
v 0.000358559773 0.0156125873 0.00424528634
v -0.00036557822 0.0156125873 0.00424528681
v -0.000365577929 0.0154407304 0.00450031832
v 0.000358559773 0.0154407304 0.00450031832
v 0.000358559773 0.0154530378 0.0043232101
v -0.000365577929 0.0154530378 0.0043232101
v -0.000365577929 0.015587992 0.00459950557
v 0.000358559773 0.015587992 0.00459950557
v 0.000358559773 0.0154407304 0.00450031832
v -0.000365577929 0.0154407304 0.00450031832
v -0.00036557822 0.0157475509 0.00452158321
v 0.000358559773 0.0157475509 0.00452158321
v 0.000358559773 0.015587992 0.00459950557
v -0.000365577929 0.015587992 0.00459950557
v -0.00036557822 0.0157598387 0.00434447359
v 0.000358559773 0.0157598387 0.00434447359
v 0.000358559773 0.0157475509 0.00452158321
v -0.00036557822 0.0157475509 0.00452158321
v -0.00036557822 0.0164176505 0.00430102414
v 0.000358559773 0.0164176505 0.00430102414
v 0.000358559773 0.0165649038 0.0044001746
v -0.00036557822 0.0165649038 0.0044001746
v -0.00036557822 0.0162581336 0.00437898608
v 0.000358559773 0.0162581336 0.00437898608
v 0.000358559773 0.0164176505 0.00430102414
v -0.00036557822 0.0164176505 0.00430102414
v -0.00036557822 0.0162458792 0.00455609802
v 0.000358559773 0.0162458792 0.00455609802
v 0.000358559773 0.0162581336 0.00437898608
v -0.00036557822 0.0162581336 0.00437898608
v -0.00036557822 0.0163931325 0.00465524802
v 0.000358559773 0.0163931325 0.00465524802
v 0.000358559773 0.0162458792 0.00455609802
v -0.00036557822 0.0162458792 0.00455609802
v -0.00036557822 0.0165526476 0.00457728654
v 0.000358559773 0.0165526476 0.00457728654
v 0.000358559773 0.0163931325 0.00465524802
v -0.00036557822 0.0163931325 0.00465524802
v -0.00036557822 0.0165649038 0.0044001746
v 0.000358559773 0.0165649038 0.0044001746
v 0.000358559773 0.0165526476 0.00457728654
v -0.00036557822 0.0165526476 0.00457728654
v -0.00036557822 0.0172442477 0.0043581184
v 0.000358559773 0.0172442477 0.0043581184
v 0.000358559773 0.017391501 0.00445726933
v -0.00036557822 0.017391501 0.00445726933
v -0.00036557822 0.0170847308 0.00443608034
v 0.000358559773 0.0170847308 0.00443608034
v 0.000358559773 0.0172442477 0.0043581184
v -0.00036557822 0.0172442477 0.0043581184
v -0.00036557822 0.0170724727 0.00461319182
v 0.000358559773 0.0170724727 0.00461319182
v 0.000358559773 0.0170847308 0.00443608034
v -0.00036557822 0.0170847308 0.00443608034
v -0.00036557822 0.0172197297 0.00471234228
v 0.000358559773 0.0172197297 0.00471234228
v 0.000358559773 0.0170724727 0.00461319182
v -0.00036557822 0.0170724727 0.00461319182
v -0.00036557822 0.0173792411 0.00463438127
v 0.000358559773 0.0173792411 0.00463438127
v 0.000358559773 0.0172197297 0.00471234228
v -0.00036557822 0.0172197297 0.00471234228
v -0.00036557822 0.017391501 0.00445726933
v 0.000358559773 0.017391501 0.00445726933
v 0.000358559773 0.0173792411 0.00463438127
v -0.00036557822 0.0173792411 0.00463438127
v -0.00036557822 0.0180448871 0.00441354699
v 0.000358559773 0.0180448871 0.00441354699
v 0.000358559773 0.0181920994 0.00451272633
v -0.00036557822 0.0181920994 0.00451272633
v -0.00036557822 0.0178853795 0.00449147681
v 0.000358559773 0.0178853795 0.00449147681
v 0.000358559773 0.0180448871 0.00441354699
v -0.00036557822 0.0180448871 0.00441354699
v -0.00036557822 0.0178730916 0.00466858689
v 0.000358559773 0.0178730916 0.00466858689
v 0.000358559773 0.0178853795 0.00449147681
v -0.00036557822 0.0178853795 0.00449147681
v -0.00036557822 0.0180202965 0.00476776576
v 0.000358559773 0.0180202965 0.00476776576
v 0.000358559773 0.0178730916 0.00466858689
v -0.00036557822 0.0178730916 0.00466858689
v -0.00036557822 0.0181797929 0.00468983455
v 0.000358559773 0.0181797929 0.00468983455
v 0.000358559773 0.0180202965 0.00476776576
v -0.00036557822 0.0180202965 0.00476776576
v -0.00036557822 0.0181920994 0.00451272633
v 0.000358559773 0.0181920994 0.00451272633
v 0.000358559773 0.0181797929 0.00468983455
v -0.00036557822 0.0181797929 0.00468983455
v 5.86119277E-05 0.0158520751 0.00521617942
v 5.86119277E-05 0.0158598758 0.00519776344
v 0.000182036456 0.0158974938 0.0052027409
v 0.000182036456 0.0158818234 0.00523973163
v 0.000324717461 0.0159142874 0.00525688939
v 0.000286204799 0.0159324221 0.00521411421
v 0.000275288505 0.0158123784 0.00419992488
v 0.000335633464 0.0158123784 0.00419992488
v -0.000326559821 0.0170978252 0.00512183644
v -0.000311729294 0.0170978252 0.00512183644
v -0.000311729294 0.0169438496 0.00524576893
v -0.000326559821 0.0169438496 0.00524576893
v -0.000346732442 0.0170105025 0.00428276602
v -0.000286387483 0.0170105025 0.00428276602
v -0.000286388386 0.0175352432 0.0043856483
v -0.00034673154 0.0175352432 0.0043856483
v -0.000326559821 0.0169438496 0.00524576893
v -0.000311729294 0.0169438496 0.00524576893
v -0.000291556993 0.0169820599 0.00469372142
v -0.000346732442 0.0169820599 0.00469372142
v -0.000291556993 0.0169820599 0.00469372142
v -0.000286387483 0.0170105025 0.00428276602
v -0.000346732442 0.0170105025 0.00428276602
v -0.00034673154 0.0175352432 0.0043856483
v -0.000286388386 0.0175352432 0.0043856483
v -0.000291556993 0.0173826311 0.0047077057
v -0.000346732442 0.0173826311 0.0047077057
v -0.000346732442 0.0173826311 0.0047077057
v -0.000291556993 0.0173826311 0.0047077057
v -0.000311729294 0.0170978252 0.00512183644
v -0.000326559821 0.0170978252 0.00512183644
v 0.000182036456 0.0158818234 0.00523973163
v 0.000182036456 0.0158974938 0.0052027409
v 0.000286204799 0.0159324221 0.00521411421
v 0.000324717461 0.0159142874 0.00525688939
v 7.1373579E-06 0.0152806183 0.00498513924
v -0.000291186268 0.0152845429 0.00497585163
v 5.86119277E-05 0.0158520751 0.00521617942
v 0.000182036456 0.0158818234 0.00523973163
v 0.000328726455 0.0152809424 0.00498433225
v 7.1373579E-06 0.0152806183 0.00498513924
v 0.000182036456 0.0158818234 0.00523973163
v 0.000324717461 0.0159142874 0.00525688939
v -0.000291186268 0.0152923344 0.00495743519
v 7.1373579E-06 0.0152962822 0.0049481485
v 0.000182036456 0.0158974938 0.0052027409
v 5.86119277E-05 0.0158598758 0.00519776344
v 7.1373579E-06 0.0152962822 0.0049481485
v 0.000282195804 0.0152959488 0.00494895503
v 0.000286204799 0.0159324221 0.00521411421
v 0.000182036456 0.0158974938 0.0052027409
v -0.000291186268 0.0152845429 0.00497585163
v -0.000291186268 0.0152923344 0.00495743519
v 5.86119277E-05 0.0158598758 0.00519776344
v 5.86119277E-05 0.0158520751 0.00521617942
v 7.1373579E-06 0.0152806183 0.00498513924
v 7.1373579E-06 0.0152962822 0.0049481485
v -0.000291186268 0.0152923344 0.00495743519
v -0.000291186268 0.0152845429 0.00497585163
v 0.000328726455 0.0152809424 0.00498433225
v 7.1373579E-06 0.0152962822 0.0049481485
v 0.000282195804 0.0152959488 0.00494895503
v -0.000294727972 0.016803246 0.0046589612
v -7.51659245E-05 0.016803246 0.00465896167
v -7.5162352E-05 0.0166266635 0.00479560532
v -0.000294731261 0.0166266635 0.00479560532
v 5.67653769E-05 0.0176102594 0.0047147451
v 0.000276334293 0.0176102594 0.0047147451
v 0.000276334293 0.0174408536 0.00485185208
v 5.67656753E-05 0.0174408536 0.00485185208
v 5.67653769E-05 0.0177591518 0.00487390347
v 0.000276334293 0.0177591518 0.00487390347
v 0.000276334293 0.0176102594 0.0047147451
v 5.67653769E-05 0.0176102594 0.0047147451
v 5.67656753E-05 0.0159922931 0.00460291188
v 0.000276334293 0.0159922931 0.00460291142
v 0.000276334584 0.0158229154 0.0047400156
v 5.67656753E-05 0.0158229154 0.0047400156
v 5.67653769E-05 0.0209330563 0.00509630144
v 5.67656753E-05 0.0207845345 0.00493689161
v 5.67656753E-05 0.0208062548 0.00463170232
v 5.67653769E-05 0.0209759418 0.00449489336
v 5.67656753E-05 0.0216067079 0.00504352804
v 5.67689531E-05 0.0216355417 0.00464332011
v -0.00029473094 0.0215119217 0.00453329599
v -0.000294731261 0.0216321182 0.00469083851
v -0.000294731261 0.0216101315 0.00499600871
v -0.00029473094 0.0214686915 0.00513467938
v -0.000294731261 0.0208369307 0.0045861192
v -0.000294731261 0.0208084397 0.00498635089
v -0.000294731261 0.0201762002 0.00443808828
v -0.000294731261 0.0201337244 0.00503952568
v -0.000294731552 0.0199994855 0.00457439758
v -0.000294727972 0.0199779738 0.0048796013
v -0.00036557822 0.0187633801 0.00481930282
v -0.00036557822 0.0186162237 0.004720069
v -0.00036557822 0.0186285544 0.00454296265
v -0.00036557822 0.0187880751 0.00446509151
v -0.00036557822 0.0189228766 0.00474146102
v -0.00036557822 0.0189352408 0.00456435652
v -0.00036557822 0.0195680428 0.00487551419
v -0.00036557822 0.0194209386 0.00477625336
v -0.00036557822 0.019433355 0.00459915306
v -0.00036557822 0.0195929147 0.00452131499
v -0.00036557822 0.0197275877 0.00479767565
v -0.00036557822 0.0197400376 0.00462057721
v -0.000365577929 0.0203941725 0.00493378099
v -0.00036557822 0.0202471446 0.00483434554
v -0.00036557822 0.0202596653 0.00465725223
v -0.00036557822 0.0204192642 0.00457959715
v -0.00036557822 0.020553736 0.00485612312
v -0.00036557822 0.0205663051 0.00467903353
v -0.00036557822 0.0211943425 0.00499063497
v -0.00036557822 0.0210473668 0.00489118556
v -0.00036557822 0.0210600086 0.00471410062
v -0.00036557822 0.0212196726 0.00463646837
v -0.00036557822 0.0213539265 0.004913148
v -0.00036557822 0.0213666242 0.00473606773
v -0.000346732442 0.0201566648 0.00491470518
v -0.000346732442 0.0201856904 0.00450379075
v -0.00034673154 0.0207101572 0.00460766768
v -0.000346732442 0.0205569975 0.00492945546
v -0.000326559821 0.020117674 0.0054666982
v -0.000326559821 0.0202716682 0.0053430507
v 0.000276334584 0.0207845345 0.00493689161
v 0.000276334584 0.0208062548 0.00463170232
v 0.000276334584 0.0206576493 0.00447228504
v 0.000276334584 0.0206149239 0.00507370522
v 0.000276334584 0.0200008489 0.00452673249
v 0.000276331004 0.0199726392 0.00492698466
v 0.000276334584 0.0193581916 0.00438068388
v 0.000276334293 0.0193160474 0.00498214457
v 0.000276334293 0.0191887859 0.00451769866
v 0.000276334293 0.0191674326 0.00482291402
v -7.5162352E-05 0.0216101315 0.00499600871
v -7.5162352E-05 0.0216321182 0.00469083851
v -7.51620537E-05 0.0215119217 0.00453329599
v -7.51620537E-05 0.0214686915 0.00513467938
v -7.5162352E-05 0.0208369307 0.0045861192
v -7.5162352E-05 0.0208084397 0.00498635089
v -7.5162352E-05 0.0201762002 0.00443808828
v -7.5162352E-05 0.0201337244 0.00503952475
v -7.5162352E-05 0.0199994855 0.00457439758
v -7.51659245E-05 0.0199779738 0.0048796013
v 0.000358559773 0.0186285544 0.00454296265
v 0.000358559773 0.0186162237 0.004720069
v 0.000358559773 0.0187633801 0.00481930282
v 0.000358559773 0.0187880751 0.00446509151
v 0.000358559773 0.0189228766 0.00474146102
v 0.000358559773 0.0189352408 0.00456435652
v 0.000358559773 0.019433355 0.00459915306
v 0.000358559773 0.0194209386 0.00477625336
v 0.000358559773 0.0195680428 0.00487551419
v 0.000358559482 0.0195929147 0.00452131499
v 0.000358559773 0.0197275877 0.00479767565
v 0.000358559773 0.0197400376 0.00462057721
v 0.000358559482 0.0202596653 0.00465725223
v 0.000358559482 0.0202471446 0.00483434554
v 0.000358559773 0.0203941725 0.00493378099
v 0.000358559773 0.0204192642 0.00457959715
v 0.000358559773 0.020553736 0.00485612312
v 0.000358559773 0.0205663051 0.00467903353
v 0.000358559773 0.0210600086 0.00471410062
v 0.000358559773 0.0210473668 0.00489118556
v 0.000358559773 0.0211943425 0.00499063497
v 0.000358559773 0.0212196726 0.00463646837
v 0.000358559773 0.0213539265 0.004913148
v 0.000358559773 0.0213666242 0.00473606773
v -0.000291556993 0.0201566648 0.00491470518
v -0.000311729294 0.020117674 0.0054666982
v -0.000311729294 0.0202716682 0.0053430507
v -0.000291556993 0.0205569975 0.004929455
v -0.000294731261 0.0216101315 0.00499600871
v -7.5162352E-05 0.0216101315 0.00499600871
v -7.51620537E-05 0.0214686915 0.00513467938
v -0.00029473094 0.0214686915 0.00513467938
v -0.000294731261 0.0201337244 0.00503952568
v -7.5162352E-05 0.0201337244 0.00503952475
v -7.51659245E-05 0.0199779738 0.0048796013
v -0.000294727972 0.0199779738 0.0048796013
v -0.000294731261 0.0191588253 0.00487007061
v -7.5162352E-05 0.0191588253 0.00487007061
v -7.5162352E-05 0.0185022112 0.00492538046
v -0.000294731261 0.0185022112 0.00492538093
v -0.000294731261 0.0198013205 0.00501604425
v -7.5162352E-05 0.0198013205 0.00501604471
v -7.5162352E-05 0.0191588253 0.00487007061
v -0.000294731261 0.0191588253 0.00487007061
v 5.67656753E-05 0.0193160474 0.00498214457
v 5.67656753E-05 0.0191674326 0.00482291402
v 5.67653769E-05 0.0191887859 0.00451769866
v 5.67656753E-05 0.0193581916 0.00438068388
v 5.67689531E-05 0.0199726392 0.00492698466
v 5.67656753E-05 0.0200008489 0.00452673249
v 5.67653769E-05 0.0206149239 0.00507370522
v 5.67653769E-05 0.0206576493 0.00447228504
v 5.67656753E-05 0.0207845345 0.00493689161
v 5.67656753E-05 0.0208062548 0.00463170232
v 5.67656753E-05 0.0193160474 0.00498214457
v 0.000276334293 0.0193160474 0.00498214457
v 0.000276334293 0.0191674326 0.00482291402
v 5.67656753E-05 0.0191674326 0.00482291402
v -7.51659245E-05 0.0199779738 0.0048796013
v -7.5162352E-05 0.0199994855 0.00457439758
v -7.5162352E-05 0.0198436398 0.00441459659
v -7.5162352E-05 0.0198013205 0.00501604471
v -7.5162352E-05 0.0191868301 0.004469804
v -7.5162352E-05 0.0191588253 0.00487007061
v -7.5162352E-05 0.0185440723 0.00432390021
v -7.5162352E-05 0.0185022112 0.00492538046
v -7.5162352E-05 0.0184575692 0.00446675019
v -7.5162352E-05 0.0184363369 0.00477197394
v 5.67689531E-05 0.0199726392 0.00492698466
v 0.000276331004 0.0199726392 0.00492698466
v 0.000276334293 0.0193160474 0.00498214457
v 5.67656753E-05 0.0193160474 0.00498214457
v 5.67653769E-05 0.0206149239 0.00507370522
v 0.000276334584 0.0206149239 0.00507370522
v 0.000276331004 0.0199726392 0.00492698466
v 5.67689531E-05 0.0199726392 0.00492698466
v -0.000294731261 0.0198436398 0.00441459659
v -0.000294731552 0.0199994855 0.00457439758
v -0.000294727972 0.0199779738 0.0048796013
v -0.000294731261 0.0198013205 0.00501604425
v -0.000294731261 0.0191868301 0.004469804
v -0.000294731261 0.0191588253 0.00487007061
v -0.000294731261 0.0185440723 0.00432390021
v -0.000294731261 0.0185022112 0.00492538093
v -0.000294731552 0.0184575692 0.00446675019
v -0.000294731261 0.0184363369 0.00477197394
v 5.67656753E-05 0.0216067079 0.00504352804
v 0.000276334584 0.0216067079 0.00504352804
v 0.000276334293 0.0209330563 0.00509630144
v 5.67653769E-05 0.0209330563 0.00509630144
v 0.000276334584 0.0208062548 0.00463170232
v 0.000276334584 0.0207845345 0.00493689161
v 0.000276334293 0.0209330563 0.00509630144
v 0.000276334584 0.0209759418 0.00449489336
v 0.000276334584 0.0216067079 0.00504352804
v 0.000276331004 0.0216355417 0.00464332011
v -0.00029473094 0.0214686915 0.00513467938
v -7.51620537E-05 0.0214686915 0.00513467938
v -7.5162352E-05 0.0208084397 0.00498635089
v -0.000294731261 0.0208084397 0.00498635089
v -0.000294731261 0.0208084397 0.00498635089
v -7.5162352E-05 0.0208084397 0.00498635089
v -7.5162352E-05 0.0201337244 0.00503952475
v -0.000294731261 0.0201337244 0.00503952568
v -0.00036557822 0.0187880751 0.00446509151
v 0.000358559773 0.0187880751 0.00446509151
v 0.000358559773 0.0189352408 0.00456435652
v -0.00036557822 0.0189352408 0.00456435652
v -0.00036557822 0.0186285544 0.00454296265
v 0.000358559773 0.0186285544 0.00454296265
v 0.000358559773 0.0187880751 0.00446509151
v -0.00036557822 0.0187880751 0.00446509151
v -0.00036557822 0.0186162237 0.004720069
v 0.000358559773 0.0186162237 0.004720069
v 0.000358559773 0.0186285544 0.00454296265
v -0.00036557822 0.0186285544 0.00454296265
v -0.00036557822 0.0187633801 0.00481930282
v 0.000358559773 0.0187633801 0.00481930282
v 0.000358559773 0.0186162237 0.004720069
v -0.00036557822 0.0186162237 0.004720069
v -0.00036557822 0.0189228766 0.00474146102
v 0.000358559773 0.0189228766 0.00474146102
v 0.000358559773 0.0187633801 0.00481930282
v -0.00036557822 0.0187633801 0.00481930282
v -0.00036557822 0.0189352408 0.00456435652
v 0.000358559773 0.0189352408 0.00456435652
v 0.000358559773 0.0189228766 0.00474146102
v -0.00036557822 0.0189228766 0.00474146102
v -0.00036557822 0.0195929147 0.00452131499
v 0.000358559482 0.0195929147 0.00452131499
v 0.000358559773 0.0197400376 0.00462057721
v -0.00036557822 0.0197400376 0.00462057721
v -0.00036557822 0.019433355 0.00459915306
v 0.000358559773 0.019433355 0.00459915306
v 0.000358559482 0.0195929147 0.00452131499
v -0.00036557822 0.0195929147 0.00452131499
v -0.00036557822 0.0194209386 0.00477625336
v 0.000358559773 0.0194209386 0.00477625336
v 0.000358559773 0.019433355 0.00459915306
v -0.00036557822 0.019433355 0.00459915306
v -0.00036557822 0.0195680428 0.00487551419
v 0.000358559773 0.0195680428 0.00487551419
v 0.000358559773 0.0194209386 0.00477625336
v -0.00036557822 0.0194209386 0.00477625336
v -0.00036557822 0.0197275877 0.00479767565
v 0.000358559773 0.0197275877 0.00479767565
v 0.000358559773 0.0195680428 0.00487551419
v -0.00036557822 0.0195680428 0.00487551419
v -0.00036557822 0.0197400376 0.00462057721
v 0.000358559773 0.0197400376 0.00462057721
v 0.000358559773 0.0197275877 0.00479767565
v -0.00036557822 0.0197275877 0.00479767565
v -0.00036557822 0.0204192642 0.00457959715
v 0.000358559773 0.0204192642 0.00457959715
v 0.000358559773 0.0205663051 0.00467903353
v -0.00036557822 0.0205663051 0.00467903353
v -0.00036557822 0.0202596653 0.00465725223
v 0.000358559482 0.0202596653 0.00465725223
v 0.000358559773 0.0204192642 0.00457959715
v -0.00036557822 0.0204192642 0.00457959715
v -0.00036557822 0.0202471446 0.00483434554
v 0.000358559482 0.0202471446 0.00483434554
v 0.000358559482 0.0202596653 0.00465725223
v -0.00036557822 0.0202596653 0.00465725223
v -0.000365577929 0.0203941725 0.00493378099
v 0.000358559773 0.0203941725 0.00493378099
v 0.000358559482 0.0202471446 0.00483434554
v -0.00036557822 0.0202471446 0.00483434554
v -0.00036557822 0.020553736 0.00485612312
v 0.000358559773 0.020553736 0.00485612312
v 0.000358559773 0.0203941725 0.00493378099
v -0.000365577929 0.0203941725 0.00493378099
v -0.00036557822 0.0205663051 0.00467903353
v 0.000358559773 0.0205663051 0.00467903353
v 0.000358559773 0.020553736 0.00485612312
v -0.00036557822 0.020553736 0.00485612312
v -0.00036557822 0.0212196726 0.00463646837
v 0.000358559773 0.0212196726 0.00463646837
v 0.000358559773 0.0213666242 0.00473606773
v -0.00036557822 0.0213666242 0.00473606773
v -0.00036557822 0.0210600086 0.00471410062
v 0.000358559773 0.0210600086 0.00471410062
v 0.000358559773 0.0212196726 0.00463646837
v -0.00036557822 0.0212196726 0.00463646837
v -0.00036557822 0.0210473668 0.00489118556
v 0.000358559773 0.0210473668 0.00489118556
v 0.000358559773 0.0210600086 0.00471410062
v -0.00036557822 0.0210600086 0.00471410062
v -0.00036557822 0.0211943425 0.00499063497
v 0.000358559773 0.0211943425 0.00499063497
v 0.000358559773 0.0210473668 0.00489118556
v -0.00036557822 0.0210473668 0.00489118556
v -0.00036557822 0.0213539265 0.004913148
v 0.000358559773 0.0213539265 0.004913148
v 0.000358559773 0.0211943425 0.00499063497
v -0.00036557822 0.0211943425 0.00499063497
v -0.00036557822 0.0213666242 0.00473606773
v 0.000358559773 0.0213666242 0.00473606773
v 0.000358559773 0.0213539265 0.004913148
v -0.00036557822 0.0213539265 0.004913148
v 5.86119277E-05 0.019026909 0.00543610752
v 5.86119277E-05 0.0190346912 0.00541769294
v 0.000182036456 0.01907227 0.00542268902
v 0.000182036456 0.0190566052 0.00545967277
v 0.00032471717 0.0190890115 0.00547684496
v 0.000286204799 0.0191071592 0.0054340791
v 0.000275288505 0.0189878363 0.00441983482
v 0.000335633464 0.0189878363 0.00441983482
v -0.000326559821 0.0202716682 0.0053430507
v -0.000311729294 0.0202716682 0.0053430507
v -0.000311729294 0.020117674 0.0054666982
v -0.000326559821 0.020117674 0.0054666982
v -0.000346732442 0.0201856904 0.00450379075
v -0.000286387483 0.0201856904 0.00450379075
v -0.000286388386 0.0207101572 0.00460766768
v -0.00034673154 0.0207101572 0.00460766768
v -0.000326559821 0.020117674 0.0054666982
v -0.000311729294 0.020117674 0.0054666982
v -0.000291556993 0.0201566648 0.00491470518
v -0.000346732442 0.0201566648 0.00491470518
v -0.000291556993 0.0201566648 0.00491470518
v -0.000286387483 0.0201856904 0.00450379075
v -0.000346732442 0.0201856904 0.00450379075
v -0.00034673154 0.0207101572 0.00460766768
v -0.000286388386 0.0207101572 0.00460766768
v -0.000291556993 0.0205569975 0.004929455
v -0.000346732442 0.0205569975 0.00492945546
v -0.000346732442 0.0205569975 0.00492945546
v -0.000291556993 0.0205569975 0.004929455
v -0.000311729294 0.0202716682 0.0053430507
v -0.000326559821 0.0202716682 0.0053430507
v 0.000182036456 0.0190566052 0.00545967277
v 0.000182036456 0.01907227 0.00542268902
v 0.000286204799 0.0191071592 0.0054340791
v 0.00032471717 0.0190890115 0.00547684496
v 7.13765621E-06 0.0184561107 0.00520489365
v -0.000291186268 0.018460054 0.00519560697
v 5.86119277E-05 0.019026909 0.00543610752
v 0.000182036456 0.0190566052 0.00545967277
v 0.000328726455 0.0184564348 0.00520408619
v 7.13765621E-06 0.0184561107 0.00520489365
v 0.000182036456 0.0190566052 0.00545967277
v 0.00032471717 0.0190890115 0.00547684496
v -0.000291186268 0.0184678398 0.00517719006
v 7.1373579E-06 0.0184717886 0.00516790384
v 0.000182036456 0.01907227 0.00542268902
v 5.86119277E-05 0.0190346912 0.00541769294
v 7.1373579E-06 0.0184717886 0.00516790384
v 0.000282195804 0.0184714403 0.00516870897
v 0.000286204799 0.0191071592 0.0054340791
v 0.000182036456 0.01907227 0.00542268902
v -0.000291186268 0.018460054 0.00519560697
v -0.000291186268 0.0184678398 0.00517719006
v 5.86119277E-05 0.0190346912 0.00541769294
v 5.86119277E-05 0.019026909 0.00543610752
v 7.13765621E-06 0.0184561107 0.00520489365
v 7.1373579E-06 0.0184717886 0.00516790384
v -0.000291186268 0.0184678398 0.00517719006
v -0.000291186268 0.018460054 0.00519560697
v 0.000328726455 0.0184564348 0.00520408619
v 7.1373579E-06 0.0184717886 0.00516790384
v 0.000282195804 0.0184714403 0.00516870897
v -0.000294727972 0.0199779738 0.0048796013
v -7.51659245E-05 0.0199779738 0.0048796013
v -7.5162352E-05 0.0198013205 0.00501604471
v -0.000294731261 0.0198013205 0.00501604425
v 5.67656753E-05 0.0207845345 0.00493689161
v 0.000276334584 0.0207845345 0.00493689161
v 0.000276334584 0.0206149239 0.00507370522
v 5.67653769E-05 0.0206149239 0.00507370522
v 5.67653769E-05 0.0209330563 0.00509630144
v 0.000276334293 0.0209330563 0.00509630144
v 0.000276334584 0.0207845345 0.00493689161
v 5.67656753E-05 0.0207845345 0.00493689161
v 5.67656753E-05 0.0191674326 0.00482291402
v 0.000276334293 0.0191674326 0.00482291402
v 0.000276334584 0.0189980641 0.00495993113
v 5.67653769E-05 0.0189980641 0.00495993113
v 5.67656753E-05 0.0241042487 0.00532827713
v 5.67656753E-05 0.0239566099 0.00516813528
v 5.67656753E-05 0.023979703 0.00486304704
v 5.67656753E-05 0.0241499674 0.0047270772
v 5.67656753E-05 0.0247776955 0.00527834939
v 5.67692514E-05 0.0248086993 0.00487830397
v -0.00029473094 0.0246856939 0.00476781419
v -0.00029473094 0.0248050187 0.00492580282
v -0.00029473094 0.0247813761 0.00523084914
v -0.00029473094 0.0246392749 0.00536895962
v -0.00029473094 0.0240105744 0.00481761433
v -0.00029473094 0.0239802673 0.00521771377
v -0.00029473094 0.0233505704 0.00466721272
v -0.00029473094 0.0233057756 0.00526848203
v -0.00029473094 0.0231733564 0.00480305916
v -0.000294727681 0.0231507067 0.00510818092
v -0.000365577929 0.0219369028 0.00504420046
v -0.000365577929 0.0217900649 0.00494460948
v -0.000365577929 0.0218028594 0.00476753572
v -0.000365577929 0.0219625607 0.00469005713
v -0.000365577929 0.0220965706 0.00496671908
v -0.000365577929 0.0221094321 0.00478964997
v -0.000365577929 0.0227410272 0.00510265259
v -0.000365577929 0.0225943364 0.00500284974
v -0.000365577929 0.0226073209 0.00482578902
v -0.000365577929 0.0227670763 0.00474853814
v -0.000365577929 0.0229007341 0.00502539799
v -0.000365577929 0.0229138043 0.00484834472
v -0.000365577929 0.0235665236 0.00516340462
v -0.000365577929 0.0234199539 0.00506361015
v -0.000365577929 0.0234331731 0.00488656666
v -0.000365577929 0.0235930514 0.0048093251
v -0.000365577929 0.0237263553 0.00508622825
v -0.000365577929 0.0237396639 0.00490919221
v -0.000365577929 0.0243658088 0.00522387633
v -0.000365577929 0.0242194571 0.00512372376
v -0.000365577929 0.0242329575 0.00494670216
v -0.000365577929 0.0243929271 0.00486984197
v -0.000365577929 0.0245257299 0.00514701242
v -0.000365577929 0.0245393477 0.00497000013
v -0.000346732122 0.023329189 0.0051437323
v -0.000346732122 0.0233598016 0.00473293243
v -0.000346731249 0.0238837507 0.00483853556
v -0.000346732122 0.0237292983 0.00515957922
v -0.00032655953 0.0232880656 0.00569556979
v -0.00032655953 0.0234424416 0.00557232089
v 0.000276334584 0.0239566099 0.00516813528
v 0.000276334584 0.023979703 0.00486304704
v 0.000276334875 0.0238318555 0.00470288796
v 0.000276334875 0.023786556 0.00530411955
v 0.000276334875 0.0231748912 0.00475540198
v 0.000276331295 0.0231451932 0.00515554659
v 0.000276334875 0.0225328673 0.00460703438
v 0.000276334875 0.0224888753 0.00520836283
v 0.000276334875 0.0223630462 0.00474356487
v 0.000276334875 0.0223407876 0.00504871598
v -7.51620537E-05 0.0247813761 0.00523084914
v -7.51620537E-05 0.0248050187 0.00492580282
v -7.51620537E-05 0.0246856939 0.00476781419
v -7.51620537E-05 0.0246392749 0.00536895962
v -7.51620537E-05 0.0240105744 0.00481761433
v -7.51620537E-05 0.0239802673 0.00521771377
v -7.51620537E-05 0.0233505704 0.00466721272
v -7.51620537E-05 0.0233057756 0.00526848203
v -7.51620537E-05 0.0231733564 0.00480305916
v -7.51656262E-05 0.0231507067 0.00510818092
v 0.000358560064 0.0218028594 0.00476753572
v 0.000358560064 0.0217900649 0.00494460948
v 0.000358560064 0.0219369028 0.00504420046
v 0.000358560064 0.0219625607 0.00469005713
v 0.000358560064 0.0220965706 0.00496671908
v 0.000358560064 0.0221094321 0.00478964997
v 0.000358560064 0.0226073209 0.00482578902
v 0.000358560064 0.0225943364 0.00500284974
v 0.000358560064 0.0227410272 0.00510265259
v 0.000358560064 0.0227670763 0.00474853814
v 0.000358560064 0.0229007341 0.00502539799
v 0.000358560064 0.0229138043 0.00484834425
v 0.000358560064 0.0234331731 0.00488656666
v 0.000358560064 0.0234199539 0.00506361015
v 0.000358560064 0.0235665236 0.00516340462
v 0.000358560064 0.0235930514 0.0048093251
v 0.000358560064 0.0237263553 0.00508622825
v 0.000358560064 0.0237396639 0.00490919221
v 0.000358560064 0.0242329575 0.00494670216
v 0.000358560064 0.0242194571 0.00512372376
v 0.000358560064 0.0243658088 0.00522387633
v 0.000358560064 0.0243929271 0.00486984197
v 0.000358559773 0.0245257299 0.00514701242
v 0.000358560064 0.0245393477 0.00497000013
v -0.000291556702 0.023329189 0.0051437323
v -0.000311729003 0.0232880656 0.00569556979
v -0.000311729003 0.0234424416 0.00557232089
v -0.000291556702 0.0237292983 0.00515957922
v -0.00029473094 0.0247813761 0.00523084914
v -7.51620537E-05 0.0247813761 0.00523084914
v -7.51620537E-05 0.0246392749 0.00536895962
v -0.00029473094 0.0246392749 0.00536895962
v -0.00029473094 0.0233057756 0.00526848203
v -7.51620537E-05 0.0233057756 0.00526848203
v -7.51656262E-05 0.0231507067 0.00510818092
v -0.000294727681 0.0231507067 0.00510818092
v -0.000294731261 0.0223320629 0.00509585207
v -7.51620537E-05 0.0223320629 0.00509585207
v -7.51620537E-05 0.0216755867 0.00514960382
v -0.000294731261 0.0216755867 0.00514960382
v -0.000294731261 0.0229736511 0.00524403993
v -7.51620537E-05 0.0229736511 0.00524403993
v -7.51620537E-05 0.0223320629 0.00509585207
v -0.000294731261 0.0223320629 0.00509585207
v 5.67656753E-05 0.0224888753 0.00520836283
v 5.67659736E-05 0.0223407876 0.00504871598
v 5.67656753E-05 0.0223630462 0.00474356487
v 5.67656753E-05 0.0225328673 0.00460703438
v 5.67692514E-05 0.0231451932 0.00515554659
v 5.67656753E-05 0.0231748912 0.00475540198
v 5.67659736E-05 0.023786556 0.00530411955
v 5.67656753E-05 0.0238318555 0.00470288796
v 5.67656753E-05 0.0239566099 0.00516813528
v 5.67656753E-05 0.023979703 0.00486304704
v 5.67656753E-05 0.0224888753 0.00520836283
v 0.000276334875 0.0224888753 0.00520836283
v 0.000276334875 0.0223407876 0.00504871598
v 5.67659736E-05 0.0223407876 0.00504871598
v -7.51656262E-05 0.0231507067 0.00510818092
v -7.51620537E-05 0.0231733564 0.00480305916
v -7.51620537E-05 0.0230181161 0.00464274641
v -7.51620537E-05 0.0229736511 0.00524403993
v -7.51620537E-05 0.0223612487 0.00469566975
v -7.51620537E-05 0.0223320629 0.00509585207
v -7.51620537E-05 0.021718964 0.00454823114
v -7.51620537E-05 0.0216755867 0.00514960382
v -7.5162352E-05 0.0216321182 0.00469083851
v -7.5162352E-05 0.0216101315 0.00499600871
v 5.67692514E-05 0.0231451932 0.00515554659
v 0.000276331295 0.0231451932 0.00515554659
v 0.000276334875 0.0224888753 0.00520836283
v 5.67656753E-05 0.0224888753 0.00520836283
v 5.67659736E-05 0.023786556 0.00530411955
v 0.000276334875 0.023786556 0.00530411955
v 0.000276331295 0.0231451932 0.00515554659
v 5.67692514E-05 0.0231451932 0.00515554659
v -0.00029473094 0.0230181161 0.00464274641
v -0.00029473094 0.0231733564 0.00480305916
v -0.000294727681 0.0231507067 0.00510818092
v -0.000294731261 0.0229736511 0.00524403993
v -0.00029473094 0.0223612487 0.00469566975
v -0.000294731261 0.0223320629 0.00509585207
v -0.00029473094 0.021718964 0.00454823114
v -0.000294731261 0.0216755867 0.00514960382
v -0.000294731261 0.0216321182 0.00469083851
v -0.000294731261 0.0216101315 0.00499600871
v 5.67656753E-05 0.0247776955 0.00527834939
v 0.000276334584 0.0247776955 0.00527834939
v 0.000276334584 0.0241042487 0.00532827713
v 5.67656753E-05 0.0241042487 0.00532827713
v 0.000276334584 0.023979703 0.00486304704
v 0.000276334584 0.0239566099 0.00516813528
v 0.000276334584 0.0241042487 0.00532827713
v 0.000276334875 0.0241499674 0.0047270772
v 0.000276334584 0.0247776955 0.00527834939
v 0.000276331295 0.0248086993 0.00487830397
v -0.00029473094 0.0246392749 0.00536895962
v -7.51620537E-05 0.0246392749 0.00536895962
v -7.51620537E-05 0.0239802673 0.00521771377
v -0.00029473094 0.0239802673 0.00521771377
v -0.00029473094 0.0239802673 0.00521771377
v -7.51620537E-05 0.0239802673 0.00521771377
v -7.51620537E-05 0.0233057756 0.00526848203
v -0.00029473094 0.0233057756 0.00526848203
v -0.000365577929 0.0219625607 0.00469005713
v 0.000358560064 0.0219625607 0.00469005713
v 0.000358560064 0.0221094321 0.00478964997
v -0.000365577929 0.0221094321 0.00478964997
v -0.000365577929 0.0218028594 0.00476753572
v 0.000358560064 0.0218028594 0.00476753572
v 0.000358560064 0.0219625607 0.00469005713
v -0.000365577929 0.0219625607 0.00469005713
v -0.000365577929 0.0217900649 0.00494460948
v 0.000358560064 0.0217900649 0.00494460948
v 0.000358560064 0.0218028594 0.00476753572
v -0.000365577929 0.0218028594 0.00476753572
v -0.000365577929 0.0219369028 0.00504420046
v 0.000358560064 0.0219369028 0.00504420046
v 0.000358560064 0.0217900649 0.00494460948
v -0.000365577929 0.0217900649 0.00494460948
v -0.000365577929 0.0220965706 0.00496671908
v 0.000358560064 0.0220965706 0.00496671908
v 0.000358560064 0.0219369028 0.00504420046
v -0.000365577929 0.0219369028 0.00504420046
v -0.000365577929 0.0221094321 0.00478964997
v 0.000358560064 0.0221094321 0.00478964997
v 0.000358560064 0.0220965706 0.00496671908
v -0.000365577929 0.0220965706 0.00496671908
v -0.000365577929 0.0227670763 0.00474853814
v 0.000358560064 0.0227670763 0.00474853814
v 0.000358560064 0.0229138043 0.00484834425
v -0.000365577929 0.0229138043 0.00484834472
v -0.000365577929 0.0226073209 0.00482578902
v 0.000358560064 0.0226073209 0.00482578902
v 0.000358560064 0.0227670763 0.00474853814
v -0.000365577929 0.0227670763 0.00474853814
v -0.000365577929 0.0225943364 0.00500284974
v 0.000358560064 0.0225943364 0.00500284974
v 0.000358560064 0.0226073209 0.00482578902
v -0.000365577929 0.0226073209 0.00482578902
v -0.000365577929 0.0227410272 0.00510265259
v 0.000358560064 0.0227410272 0.00510265259
v 0.000358560064 0.0225943364 0.00500284974
v -0.000365577929 0.0225943364 0.00500284974
v -0.000365577929 0.0229007341 0.00502539799
v 0.000358560064 0.0229007341 0.00502539799
v 0.000358560064 0.0227410272 0.00510265259
v -0.000365577929 0.0227410272 0.00510265259
v -0.000365577929 0.0229138043 0.00484834472
v 0.000358560064 0.0229138043 0.00484834425
v 0.000358560064 0.0229007341 0.00502539799
v -0.000365577929 0.0229007341 0.00502539799
v -0.000365577929 0.0235930514 0.0048093251
v 0.000358560064 0.0235930514 0.0048093251
v 0.000358560064 0.0237396639 0.00490919221
v -0.000365577929 0.0237396639 0.00490919221
v -0.000365577929 0.0234331731 0.00488656666
v 0.000358560064 0.0234331731 0.00488656666
v 0.000358560064 0.0235930514 0.0048093251
v -0.000365577929 0.0235930514 0.0048093251
v -0.000365577929 0.0234199539 0.00506361015
v 0.000358560064 0.0234199539 0.00506361015
v 0.000358560064 0.0234331731 0.00488656666
v -0.000365577929 0.0234331731 0.00488656666
v -0.000365577929 0.0235665236 0.00516340462
v 0.000358560064 0.0235665236 0.00516340462
v 0.000358560064 0.0234199539 0.00506361015
v -0.000365577929 0.0234199539 0.00506361015
v -0.000365577929 0.0237263553 0.00508622825
v 0.000358560064 0.0237263553 0.00508622825
v 0.000358560064 0.0235665236 0.00516340462
v -0.000365577929 0.0235665236 0.00516340462
v -0.000365577929 0.0237396639 0.00490919221
v 0.000358560064 0.0237396639 0.00490919221
v 0.000358560064 0.0237263553 0.00508622825
v -0.000365577929 0.0237263553 0.00508622825
v -0.000365577929 0.0243929271 0.00486984197
v 0.000358560064 0.0243929271 0.00486984197
v 0.000358560064 0.0245393477 0.00497000013
v -0.000365577929 0.0245393477 0.00497000013
v -0.000365577929 0.0242329575 0.00494670216
v 0.000358560064 0.0242329575 0.00494670216
v 0.000358560064 0.0243929271 0.00486984197
v -0.000365577929 0.0243929271 0.00486984197
v -0.000365577929 0.0242194571 0.00512372376
v 0.000358560064 0.0242194571 0.00512372376
v 0.000358560064 0.0242329575 0.00494670216
v -0.000365577929 0.0242329575 0.00494670216
v -0.000365577929 0.0243658088 0.00522387633
v 0.000358560064 0.0243658088 0.00522387633
v 0.000358560064 0.0242194571 0.00512372376
v -0.000365577929 0.0242194571 0.00512372376
v -0.000365577929 0.0245257299 0.00514701242
v 0.000358559773 0.0245257299 0.00514701242
v 0.000358560064 0.0243658088 0.00522387633
v -0.000365577929 0.0243658088 0.00522387633
v -0.000365577929 0.0245393477 0.00497000013
v 0.000358560064 0.0245393477 0.00497000013
v 0.000358559773 0.0245257299 0.00514701242
v -0.000365577929 0.0245257299 0.00514701242
v 5.8612226E-05 0.0221985187 0.00566156255
v 5.8612226E-05 0.0222063735 0.00564316846
v 0.000182036747 0.0222439133 0.00564824743
v 0.000182036747 0.0222281404 0.00568519393
v 0.000324717461 0.0222604703 0.0057024369
v 0.000286205119 0.0222787336 0.00565971341
v 0.000275288825 0.0221624281 0.00464525353
v 0.000335633755 0.0221624281 0.00464525353
v -0.00032655953 0.0234424416 0.00557232089
v -0.000311729003 0.0234424416 0.00557232089
v -0.000311729003 0.0232880656 0.00569556979
v -0.00032655953 0.0232880656 0.00569556979
v -0.000346732122 0.0233598016 0.00473293243
v -0.000286387192 0.0233598016 0.00473293243
v -0.000286388095 0.0238837507 0.00483853556
v -0.000346731249 0.0238837507 0.00483853556
v -0.00032655953 0.0232880656 0.00569556979
v -0.000311729003 0.0232880656 0.00569556979
v -0.000291556702 0.023329189 0.0051437323
v -0.000346732122 0.023329189 0.0051437323
v -0.000291556702 0.023329189 0.0051437323
v -0.000286387192 0.0233598016 0.00473293243
v -0.000346732122 0.0233598016 0.00473293243
v -0.000346731249 0.0238837507 0.00483853556
v -0.000286388095 0.0238837507 0.00483853556
v -0.000291556702 0.0237292983 0.00515957922
v -0.000346732122 0.0237292983 0.00515957922
v -0.000346732122 0.0237292983 0.00515957922
v -0.000291556702 0.0237292983 0.00515957922
v -0.000311729003 0.0234424416 0.00557232089
v -0.00032655953 0.0234424416 0.00557232089
v 0.000182036747 0.0222281404 0.00568519393
v 0.000182036747 0.0222439133 0.00564824743
v 0.000286205119 0.0222787336 0.00565971341
v 0.000324717461 0.0222604703 0.0057024369
v 7.1373579E-06 0.0216288045 0.00542899314
v -0.000291185977 0.0216327477 0.00541971531
v 5.8612226E-05 0.0221985187 0.00566156255
v 0.000182036747 0.0222281404 0.00568519393
v 0.000328726775 0.0216291286 0.00542818708
v 7.1373579E-06 0.0216288045 0.00542899314
v 0.000182036747 0.0222281404 0.00568519393
v 0.000324717461 0.0222604703 0.0057024369
v -0.000291185977 0.021640595 0.00540132169
v 7.1373579E-06 0.0216445494 0.00539204478
v 0.000182036747 0.0222439133 0.00564824743
v 5.8612226E-05 0.0222063735 0.00564316846
v 7.1373579E-06 0.0216445494 0.00539204478
v 0.000282195804 0.021644216 0.00539285038
v 0.000286205119 0.0222787336 0.00565971341
v 0.000182036747 0.0222439133 0.00564824743
v -0.000291185977 0.0216327477 0.00541971531
v -0.000291185977 0.021640595 0.00540132169
v 5.8612226E-05 0.0222063735 0.00564316846
v 5.8612226E-05 0.0221985187 0.00566156255
v 7.1373579E-06 0.0216288045 0.00542899314
v 7.1373579E-06 0.0216445494 0.00539204478
v -0.000291185977 0.021640595 0.00540132169
v -0.000291185977 0.0216327477 0.00541971531
v 0.000328726775 0.0216291286 0.00542818708
v 7.1373579E-06 0.0216445494 0.00539204478
v 0.000282195804 0.021644216 0.00539285038
v -0.000294727681 0.0231507067 0.00510818092
v -7.51656262E-05 0.0231507067 0.00510818092
v -7.51620537E-05 0.0229736511 0.00524403993
v -0.000294731261 0.0229736511 0.00524403993
v 5.67656753E-05 0.0239566099 0.00516813528
v 0.000276334584 0.0239566099 0.00516813528
v 0.000276334875 0.023786556 0.00530411955
v 5.67659736E-05 0.023786556 0.00530411955
v 5.67656753E-05 0.0241042487 0.00532827713
v 0.000276334584 0.0241042487 0.00532827713
v 0.000276334584 0.0239566099 0.00516813528
v 5.67656753E-05 0.0239566099 0.00516813528
v 5.67659736E-05 0.0223407876 0.00504871598
v 0.000276334875 0.0223407876 0.00504871598
v 0.000276334875 0.0221711006 0.00518534845
v 5.67656753E-05 0.0221711006 0.00518534845
v 5.67656753E-05 0.0272721648 0.00558080245
v 5.67656753E-05 0.0271256324 0.00541974278
v 5.67656753E-05 0.0271508656 0.00511482405
v 5.67656753E-05 0.0273220893 0.00497993734
v 5.67656753E-05 0.027946122 0.00553622097
v 5.67692514E-05 0.0279797856 0.00513639068
v -0.00029473094 0.0278575104 0.00502484059
v -0.00029473094 0.0279757902 0.00518386392
v -0.00029473094 0.0279501211 0.00548874727
v -0.000294731261 0.027807042 0.00562566007
v -0.00029473094 0.0271820556 0.00506959017
v -0.00029473094 0.0271489397 0.00546946609
v -0.00029473094 0.0265231673 0.00491413148
v -0.00029473094 0.02647423 0.00551507762
v -0.00029473094 0.0263450686 0.00504845195
v -0.000294727681 0.0263203401 0.00535341213
v -0.000365577929 0.0251076669 0.00528090121
v -0.000365577929 0.0249614976 0.00518017588
v -0.000365577929 0.0249752831 0.00500317663
v -0.000365577929 0.0251353662 0.00492691156
v -0.000365577929 0.0252676606 0.00520462915
v -0.000365577929 0.0252815783 0.00502763968
v -0.000365577929 0.0259108748 0.00534505304
v -0.000365577929 0.0257648863 0.00524434261
v -0.000365577929 0.0257790107 0.0050673699
v -0.000365577929 0.0259392466 0.00499111693
v -0.000365577929 0.0260710344 0.00526879355
v -0.000365577929 0.0260852836 0.00509183109
v -0.000365577929 0.0267355982 0.00541225541
v -0.000365577929 0.026589781 0.00531117525
v -0.000365577929 0.0266042296 0.00513422908
v -0.000365577929 0.0267645996 0.00505837006
v -0.000365577929 0.0268959105 0.00533639127
v -0.000365577929 0.0269104689 0.00515945349
v -0.000365577929 0.0275344923 0.00547822798
v -0.000365577929 0.027388813 0.00537699042
v -0.000365577929 0.0274035465 0.00520006754
v -0.000365577929 0.0275640599 0.00512439013
v -0.000365577929 0.0276949666 0.00540271914
v -0.000365577929 0.0277097914 0.0052258037
v -0.000346732122 0.0264985003 0.00539051834
v -0.000346732122 0.0265319515 0.00497994013
v -0.000346731249 0.0270550512 0.00508970907
v -0.000346732122 0.0268983524 0.00540975574
v -0.00032655953 0.0264535733 0.00594205968
v -0.00032655953 0.0266087074 0.00582013512
v 0.000276334584 0.0271256324 0.00541974278
v 0.000276334875 0.0271508656 0.00511482405
v 0.000276334875 0.0270041153 0.00495374668
v 0.000276334875 0.026954582 0.00555464439
v 0.000276334875 0.0263469387 0.00500080222
v 0.000276331295 0.0263145082 0.00540073495
v 0.000276334875 0.0257059839 0.00484815938
v 0.000276334875 0.0256581511 0.00544919493
v 0.000276334875 0.0255353563 0.00498349173
v 0.000276334875 0.0255111996 0.00528849754
v -7.51620537E-05 0.0279501211 0.00548874727
v -7.51620537E-05 0.0279757902 0.00518386392
v -7.51620537E-05 0.0278575104 0.00502484059
v -7.51620537E-05 0.027807042 0.00562566007
v -7.51620537E-05 0.0271820556 0.00506959017
v -7.51620537E-05 0.0271489397 0.00546946609
v -7.51620537E-05 0.0265231673 0.00491413148
v -7.51620537E-05 0.02647423 0.00551507762
v -7.51620537E-05 0.0263450686 0.00504845195
v -7.51656262E-05 0.0263203401 0.00535341213
v 0.000358560064 0.0249752831 0.00500317663
v 0.000358560064 0.0249614976 0.00518017588
v 0.000358560064 0.0251076669 0.00528090028
v 0.000358560064 0.0251353662 0.00492691156
v 0.000358560064 0.0252676606 0.00520462915
v 0.000358560064 0.0252815783 0.00502763968
v 0.000358560064 0.0257790107 0.0050673699
v 0.000358560064 0.0257648863 0.00524434261
v 0.000358560064 0.0259108748 0.00534505304
v 0.000358560064 0.0259392466 0.00499111693
v 0.000358560064 0.0260710344 0.00526879355
v 0.000358560064 0.0260852836 0.00509183109
v 0.000358560064 0.0266042296 0.00513422908
v 0.000358560064 0.026589781 0.00531117525
v 0.000358560064 0.0267355982 0.00541225541
v 0.000358560064 0.0267645996 0.00505837006
v 0.000358560064 0.0268959105 0.00533639127
v 0.000358560064 0.0269104689 0.00515945349
v 0.000358560064 0.0274035465 0.00520006707
v 0.000358560064 0.027388813 0.00537699042
v 0.000358560064 0.0275344923 0.00547822798
v 0.000358560064 0.0275640599 0.00512439013
v 0.000358560064 0.0276949666 0.00540271914
v 0.000358560064 0.0277097914 0.0052258037
v -0.000291556702 0.0264985003 0.00539051834
v -0.000311729003 0.0264535733 0.00594205968
v -0.000311729003 0.0266087074 0.00582013512
v -0.000291556702 0.0268983524 0.00540975574
v -0.00029473094 0.0279501211 0.00548874727
v -7.51620537E-05 0.0279501211 0.00548874727
v -7.51620537E-05 0.027807042 0.00562566007
v -0.000294731261 0.027807042 0.00562566007
v -0.00029473094 0.02647423 0.00551507762
v -7.51620537E-05 0.02647423 0.00551507762
v -7.51656262E-05 0.0263203401 0.00535341213
v -0.000294727681 0.0263203401 0.00535341213
v -0.000294731261 0.0255021788 0.00533557124
v -7.51620537E-05 0.0255021788 0.00533557124
v -7.51620537E-05 0.024845954 0.00538467569
v -0.000294731261 0.024845954 0.00538467569
v -0.00029473094 0.0261424407 0.00548787415
v -7.51620537E-05 0.0261424407 0.00548787415
v -7.51620537E-05 0.0255021788 0.00533557124
v -0.000294731261 0.0255021788 0.00533557124
v 5.67656753E-05 0.0256581511 0.00544919493
v 5.67656753E-05 0.0255111996 0.00528849754
v 5.67656753E-05 0.0255353563 0.00498349173
v 5.67656753E-05 0.0257059839 0.00484815938
v 5.67692514E-05 0.0263145082 0.00540073495
v 5.67656753E-05 0.0263469387 0.00500080222
v 5.67656753E-05 0.026954582 0.00555464439
v 5.67656753E-05 0.0270041153 0.00495374668
v 5.67656753E-05 0.0271256324 0.00541974278
v 5.67656753E-05 0.0271508656 0.00511482405
v 5.67656753E-05 0.0256581511 0.00544919493
v 0.000276334875 0.0256581511 0.00544919493
v 0.000276334875 0.0255111996 0.00528849754
v 5.67656753E-05 0.0255111996 0.00528849754
v -7.51656262E-05 0.0263203401 0.00535341213
v -7.51620537E-05 0.0263450686 0.00504845195
v -7.51620537E-05 0.0261909589 0.00488689449
v -7.51620537E-05 0.0261424407 0.00548787415
v -7.51620537E-05 0.0255338587 0.00493557844
v -7.51620537E-05 0.0255021788 0.00533557124
v -7.51620537E-05 0.0248926468 0.00478355121
v -7.51620537E-05 0.024845954 0.00538467569
v -7.51620537E-05 0.0248050187 0.00492580282
v -7.51620537E-05 0.0247813761 0.00523084914
v 5.67692514E-05 0.0263145082 0.00540073495
v 0.000276331295 0.0263145082 0.00540073495
v 0.000276334875 0.0256581511 0.00544919493
v 5.67656753E-05 0.0256581511 0.00544919493
v 5.67656753E-05 0.026954582 0.00555464439
v 0.000276334875 0.026954582 0.00555464439
v 0.000276331295 0.0263145082 0.00540073495
v 5.67692514E-05 0.0263145082 0.00540073495
v -0.00029473094 0.0261909589 0.00488689449
v -0.00029473094 0.0263450686 0.00504845195
v -0.000294727681 0.0263203401 0.00535341213
v -0.00029473094 0.0261424407 0.00548787415
v -0.00029473094 0.0255338587 0.00493557844
v -0.000294731261 0.0255021788 0.00533557124
v -0.00029473094 0.0248926468 0.00478355121
v -0.000294731261 0.024845954 0.00538467569
v -0.00029473094 0.0248050187 0.00492580282
v -0.00029473094 0.0247813761 0.00523084914
v 5.67656753E-05 0.027946122 0.00553622097
v 0.000276334875 0.027946122 0.00553622097
v 0.000276334875 0.0272721648 0.00558080245
v 5.67656753E-05 0.0272721648 0.00558080245
v 0.000276334875 0.0271508656 0.00511482405
v 0.000276334584 0.0271256324 0.00541974278
v 0.000276334875 0.0272721648 0.00558080245
v 0.000276334875 0.0273220893 0.00497993734
v 0.000276334875 0.027946122 0.00553622097
v 0.000276331295 0.0279797856 0.00513639068
v -0.000294731261 0.027807042 0.00562566007
v -7.51620537E-05 0.027807042 0.00562566007
v -7.51620537E-05 0.0271489397 0.00546946609
v -0.00029473094 0.0271489397 0.00546946609
v -0.00029473094 0.0271489397 0.00546946609
v -7.51620537E-05 0.0271489397 0.00546946609
v -7.51620537E-05 0.02647423 0.00551507762
v -0.00029473094 0.02647423 0.00551507762
v -0.000365577929 0.0251353662 0.00492691156
v 0.000358560064 0.0251353662 0.00492691156
v 0.000358560064 0.0252815783 0.00502763968
v -0.000365577929 0.0252815783 0.00502763968
v -0.000365577929 0.0249752831 0.00500317663
v 0.000358560064 0.0249752831 0.00500317663
v 0.000358560064 0.0251353662 0.00492691156
v -0.000365577929 0.0251353662 0.00492691156
v -0.000365577929 0.0249614976 0.00518017588
v 0.000358560064 0.0249614976 0.00518017588
v 0.000358560064 0.0249752831 0.00500317663
v -0.000365577929 0.0249752831 0.00500317663
v -0.000365577929 0.0251076669 0.00528090121
v 0.000358560064 0.0251076669 0.00528090028
v 0.000358560064 0.0249614976 0.00518017588
v -0.000365577929 0.0249614976 0.00518017588
v -0.000365577929 0.0252676606 0.00520462915
v 0.000358560064 0.0252676606 0.00520462915
v 0.000358560064 0.0251076669 0.00528090028
v -0.000365577929 0.0251076669 0.00528090121
v -0.000365577929 0.0252815783 0.00502763968
v 0.000358560064 0.0252815783 0.00502763968
v 0.000358560064 0.0252676606 0.00520462915
v -0.000365577929 0.0252676606 0.00520462915
v -0.000365577929 0.0259392466 0.00499111693
v 0.000358560064 0.0259392466 0.00499111693
v 0.000358560064 0.0260852836 0.00509183109
v -0.000365577929 0.0260852836 0.00509183109
v -0.000365577929 0.0257790107 0.0050673699
v 0.000358560064 0.0257790107 0.0050673699
v 0.000358560064 0.0259392466 0.00499111693
v -0.000365577929 0.0259392466 0.00499111693
v -0.000365577929 0.0257648863 0.00524434261
v 0.000358560064 0.0257648863 0.00524434261
v 0.000358560064 0.0257790107 0.0050673699
v -0.000365577929 0.0257790107 0.0050673699
v -0.000365577929 0.0259108748 0.00534505304
v 0.000358560064 0.0259108748 0.00534505304
v 0.000358560064 0.0257648863 0.00524434261
v -0.000365577929 0.0257648863 0.00524434261
v -0.000365577929 0.0260710344 0.00526879355
v 0.000358560064 0.0260710344 0.00526879355
v 0.000358560064 0.0259108748 0.00534505304
v -0.000365577929 0.0259108748 0.00534505304
v -0.000365577929 0.0260852836 0.00509183109
v 0.000358560064 0.0260852836 0.00509183109
v 0.000358560064 0.0260710344 0.00526879355
v -0.000365577929 0.0260710344 0.00526879355
v -0.000365577929 0.0267645996 0.00505837006
v 0.000358560064 0.0267645996 0.00505837006
v 0.000358560064 0.0269104689 0.00515945349
v -0.000365577929 0.0269104689 0.00515945349
v -0.000365577929 0.0266042296 0.00513422908
v 0.000358560064 0.0266042296 0.00513422908
v 0.000358560064 0.0267645996 0.00505837006
v -0.000365577929 0.0267645996 0.00505837006
v -0.000365577929 0.026589781 0.00531117525
v 0.000358560064 0.026589781 0.00531117525
v 0.000358560064 0.0266042296 0.00513422908
v -0.000365577929 0.0266042296 0.00513422908
v -0.000365577929 0.0267355982 0.00541225541
v 0.000358560064 0.0267355982 0.00541225541
v 0.000358560064 0.026589781 0.00531117525
v -0.000365577929 0.026589781 0.00531117525
v -0.000365577929 0.0268959105 0.00533639127
v 0.000358560064 0.0268959105 0.00533639127
v 0.000358560064 0.0267355982 0.00541225541
v -0.000365577929 0.0267355982 0.00541225541
v -0.000365577929 0.0269104689 0.00515945349
v 0.000358560064 0.0269104689 0.00515945349
v 0.000358560064 0.0268959105 0.00533639127
v -0.000365577929 0.0268959105 0.00533639127
v -0.000365577929 0.0275640599 0.00512439013
v 0.000358560064 0.0275640599 0.00512439013
v 0.000358560064 0.0277097914 0.0052258037
v -0.000365577929 0.0277097914 0.0052258037
v -0.000365577929 0.0274035465 0.00520006754
v 0.000358560064 0.0274035465 0.00520006707
v 0.000358560064 0.0275640599 0.00512439013
v -0.000365577929 0.0275640599 0.00512439013
v -0.000365577929 0.027388813 0.00537699042
v 0.000358560064 0.027388813 0.00537699042
v 0.000358560064 0.0274035465 0.00520006707
v -0.000365577929 0.0274035465 0.00520006754
v -0.000365577929 0.0275344923 0.00547822798
v 0.000358560064 0.0275344923 0.00547822798
v 0.000358560064 0.027388813 0.00537699042
v -0.000365577929 0.027388813 0.00537699042
v -0.000365577929 0.0276949666 0.00540271914
v 0.000358560064 0.0276949666 0.00540271914
v 0.000358560064 0.0275344923 0.00547822798
v -0.000365577929 0.0275344923 0.00547822798
v -0.000365577929 0.0277097914 0.0052258037
v 0.000358560064 0.0277097914 0.0052258037
v 0.000358560064 0.0276949666 0.00540271914
v -0.000365577929 0.0276949666 0.00540271914
v 5.8612226E-05 0.0253652502 0.00590031501
v 5.8612226E-05 0.0253732037 0.00588197913
v 0.000182036747 0.0254106596 0.00588734215
v 0.000182036747 0.0253946856 0.0059241727
v 0.000324717461 0.0254268516 0.00594166154
v 0.000286205119 0.0254453495 0.00589907262
v 0.000275288825 0.025335405 0.00488363393
v 0.000335633755 0.025335405 0.00488363393
v -0.00032655953 0.0266087074 0.00582013512
v -0.000311729003 0.0266087074 0.00582013512
v -0.000311729003 0.0264535733 0.00594205968
v -0.00032655953 0.0264535733 0.00594205968
v -0.000346732122 0.0265319515 0.00497994013
v -0.000286387192 0.0265319515 0.00497994013
v -0.000286388095 0.0270550512 0.00508970907
v -0.000346731249 0.0270550512 0.00508970907
v -0.00032655953 0.0264535733 0.00594205968
v -0.000311729003 0.0264535733 0.00594205968
v -0.000291556702 0.0264985003 0.00539051834
v -0.000346732122 0.0264985003 0.00539051834
v -0.000291556702 0.0264985003 0.00539051834
v -0.000286387192 0.0265319515 0.00497994013
v -0.000346732122 0.0265319515 0.00497994013
v -0.000346731249 0.0270550512 0.00508970907
v -0.000286388095 0.0270550512 0.00508970907
v -0.000291556702 0.0268983524 0.00540975574
v -0.000346732122 0.0268983524 0.00540975574
v -0.000346732122 0.0268983524 0.00540975574
v -0.000291556702 0.0268983524 0.00540975574
v -0.000311729003 0.0266087074 0.00582013512
v -0.00032655953 0.0266087074 0.00582013512
v 0.000182036747 0.0253946856 0.0059241727
v 0.000182036747 0.0254106596 0.00588734215
v 0.000286205119 0.0254453495 0.00589907262
v 0.000324717461 0.0254268516 0.00594166154
v 7.13765621E-06 0.0247976556 0.00566384802
v -0.000291185977 0.0248016473 0.00565458694
v 5.8612226E-05 0.0253652502 0.00590031501
v 0.000182036747 0.0253946856 0.0059241727
v 0.000328726775 0.0247979891 0.00566304335
v 7.13765621E-06 0.0247976556 0.00566384802
v 0.000182036747 0.0253946856 0.0059241727
v 0.000324717461 0.0254268516 0.00594166154
v -0.000291185977 0.0248095952 0.00563622499
v 7.13765621E-06 0.0248135924 0.00562696485
v 0.000182036747 0.0254106596 0.00588734215
v 5.8612226E-05 0.0253732037 0.00588197913
v 7.13765621E-06 0.0248135924 0.00562696485
v 0.000282196095 0.0248132534 0.00562776905
v 0.000286205119 0.0254453495 0.00589907262
v 0.000182036747 0.0254106596 0.00588734215
v -0.000291185977 0.0248016473 0.00565458694
v -0.000291185977 0.0248095952 0.00563622499
v 5.8612226E-05 0.0253732037 0.00588197913
v 5.8612226E-05 0.0253652502 0.00590031501
v 7.13765621E-06 0.0247976556 0.00566384802
v 7.13765621E-06 0.0248135924 0.00562696485
v -0.000291185977 0.0248095952 0.00563622499
v -0.000291185977 0.0248016473 0.00565458694
v 0.000328726775 0.0247979891 0.00566304335
v 7.13765621E-06 0.0248135924 0.00562696485
v 0.000282196095 0.0248132534 0.00562776905
v -0.000294727681 0.0263203401 0.00535341213
v -7.51656262E-05 0.0263203401 0.00535341213
v -7.51620537E-05 0.0261424407 0.00548787415
v -0.00029473094 0.0261424407 0.00548787415
v 5.67656753E-05 0.0271256324 0.00541974278
v 0.000276334584 0.0271256324 0.00541974278
v 0.000276334875 0.026954582 0.00555464439
v 5.67656753E-05 0.026954582 0.00555464439
v 5.67656753E-05 0.0272721648 0.00558080245
v 0.000276334875 0.0272721648 0.00558080245
v 0.000276334584 0.0271256324 0.00541974278
v 5.67656753E-05 0.0271256324 0.00541974278
v 5.67656753E-05 0.0255111996 0.00528849754
v 0.000276334875 0.0255111996 0.00528849754
v 0.000276334875 0.0253408123 0.00542384852
v 5.67656753E-05 0.0253408123 0.00542384852
v 5.67656753E-05 0.0304416008 0.00585138611
v 5.67656753E-05 0.0302953124 0.00568969361
v 5.67656753E-05 0.0303215664 0.00538486056
v 5.67656753E-05 0.0304933041 0.00525067095
v 5.67656753E-05 0.031116588 0.00580853643
v 5.67692514E-05 0.0311508905 0.00540876016
v -0.00029473094 0.0310287587 0.00529697724
v -0.00029473094 0.031146815 0.00545622734
v -0.00029473094 0.0311206598 0.00576106878
v -0.00029473094 0.030977184 0.00589770265
v -0.000294731261 0.0303529371 0.00533975428
v -0.000294731261 0.0303185098 0.00573951937
v -0.00029473094 0.0296944249 0.00518169161
v -0.000294731261 0.0296427459 0.00578240817
v -0.00029473094 0.0295156408 0.00531532709
v -0.000294727681 0.029489452 0.00562016526
v -0.000365577929 0.0282762013 0.00554097584
v -0.000365577929 0.0281306133 0.0054395739
v -0.000365577929 0.0281455591 0.00526266871
v -0.000365577929 0.0283061657 0.00518717058
v -0.000365577929 0.0284367967 0.00546547584
v -0.000365577929 0.0284518171 0.00528857717
v -0.000365577929 0.0290796589 0.00560951093
v -0.000365577929 0.0289341081 0.00550787617
v -0.000365577929 0.0289492346 0.00533098634
v -0.000365577929 0.0291099511 0.00525573362
v -0.000365577929 0.029240353 0.00553425727
v -0.000365577929 0.029255515 0.00535737071
v -0.000365577929 0.0299048014 0.00568059133
v -0.000365577929 0.029759299 0.00557896122
v -0.000365577929 0.0297745299 0.00540208025
v -0.000365577929 0.0299353004 0.00532683264
v -0.000365577929 0.0300655998 0.00560537633
v -0.000365577929 0.0300808493 0.00542849721
v -0.000365577929 0.0307045709 0.00574973272
v -0.000365577929 0.0305589698 0.00564804161
v -0.000365577929 0.0305741858 0.0054711597
v -0.000365577929 0.0307349842 0.00539596612
v -0.000365577929 0.0308653805 0.00567454007
v -0.000365577929 0.030880576 0.0054976563
v -0.000346732122 0.0296675898 0.00565794855
v -0.000346732122 0.0297028981 0.0052475268
v -0.000346731249 0.0302257929 0.00535934977
v -0.000346732122 0.0300677419 0.00567875057
v -0.00032655953 0.0296201482 0.00620927988
v -0.00032655953 0.0297760554 0.00608796533
v 0.000276334875 0.0302953124 0.00568969361
v 0.000276334875 0.0303215664 0.00538486056
v 0.000276334875 0.0301753301 0.00522317318
v 0.000276334875 0.0301235542 0.00582388137
v 0.000276334875 0.0295177326 0.005267689
v 0.000276331295 0.029483391 0.00566746155
v 0.000276334875 0.0288774222 0.00511131203
v 0.000276334875 0.0288260914 0.00571205886
v 0.000276334875 0.0287059564 0.00524563435
v 0.000276334584 0.0286799539 0.00555048883
v -7.51620537E-05 0.0311206598 0.00576106878
v -7.51620537E-05 0.031146815 0.00545622734
v -7.51620537E-05 0.0310287587 0.00529697724
v -7.51620537E-05 0.030977184 0.00589770265
v -7.51620537E-05 0.0303529371 0.00533975428
v -7.51620537E-05 0.0303185098 0.00573951937
v -7.51620537E-05 0.0296944249 0.00518169207
v -7.51620537E-05 0.0296427459 0.00578240817
v -7.51620537E-05 0.0295156408 0.00531532709
v -7.51656262E-05 0.029489452 0.00562016526
v 0.000358560064 0.0281455591 0.00526266871
v 0.000358560064 0.0281306133 0.0054395739
v 0.000358560064 0.0282762013 0.00554097584
v 0.000358560064 0.0283061657 0.00518717058
v 0.000358560064 0.0284367967 0.00546547584
v 0.000358560064 0.0284518171 0.00528857717
v 0.000358560064 0.0289492346 0.00533098634
v 0.000358560064 0.0289341081 0.00550787617
v 0.000358560064 0.0290796589 0.00560951093
v 0.000358560064 0.0291099511 0.00525573362
v 0.000358560064 0.029240353 0.00553425727
v 0.000358560064 0.029255515 0.00535737071
v 0.000358560064 0.0297745299 0.00540208025
v 0.000358560064 0.029759299 0.00557896122
v 0.000358560064 0.0299048014 0.00568059133
v 0.000358560064 0.0299353004 0.00532683264
v 0.000358560064 0.0300655998 0.00560537633
v 0.000358560064 0.0300808493 0.00542849721
v 0.000358560064 0.0305741858 0.0054711597
v 0.000358560064 0.0305589698 0.00564804161
v 0.000358560064 0.0307045709 0.00574973272
v 0.000358560064 0.0307349842 0.00539596612
v 0.000358560064 0.0308653805 0.00567454007
v 0.000358560064 0.030880576 0.0054976563
v -0.000291556702 0.0296675898 0.00565794855
v -0.000311729003 0.0296201482 0.00620927988
v -0.000311729003 0.0297760554 0.00608796533
v -0.000291556702 0.0300677419 0.00567875057
v -0.00029473094 0.0311206598 0.00576106878
v -7.51620537E-05 0.0311206598 0.00576106878
v -7.51620537E-05 0.030977184 0.00589770265
v -0.00029473094 0.030977184 0.00589770265
v -0.000294731261 0.0296427459 0.00578240817
v -7.51620537E-05 0.0296427459 0.00578240817
v -7.51656262E-05 0.029489452 0.00562016526
v -0.000294727681 0.029489452 0.00562016526
v -0.00029473094 0.0286706463 0.0055975127
v -7.51620537E-05 0.0286706463 0.0055975127
v -7.51620537E-05 0.0280136894 0.00564314239
v -0.000294731261 0.0280136894 0.00564314239
v -0.00029473094 0.0293107238 0.00575380679
v -7.51620537E-05 0.0293107238 0.00575380679
v -7.51620537E-05 0.0286706463 0.0055975127
v -0.00029473094 0.0286706463 0.0055975127
v 5.67656753E-05 0.0288260914 0.0057120584
v 5.67656753E-05 0.0286799539 0.00555048883
v 5.67656753E-05 0.0287059564 0.00524563435
v 5.67656753E-05 0.0288774222 0.00511131203
v 5.67692514E-05 0.029483391 0.00566746155
v 5.67656753E-05 0.0295177326 0.005267689
v 5.67656753E-05 0.0301235542 0.00582388137
v 5.67656753E-05 0.0301753301 0.00522317318
v 5.67656753E-05 0.0302953124 0.00568969361
v 5.67656753E-05 0.0303215664 0.00538486056
v 5.67656753E-05 0.0288260914 0.0057120584
v 0.000276334875 0.0288260914 0.00571205886
v 0.000276334584 0.0286799539 0.00555048883
v 5.67656753E-05 0.0286799539 0.00555048883
v -7.51656262E-05 0.029489452 0.00562016526
v -7.51620537E-05 0.0295156408 0.00531532709
v -7.51620537E-05 0.0293622613 0.00515307765
v -7.51620537E-05 0.0293107238 0.00575380679
v -7.51620537E-05 0.0287047457 0.00519771921
v -7.51620537E-05 0.0286706463 0.0055975127
v -7.51620537E-05 0.0280643441 0.00504233828
v -7.51620537E-05 0.0280136894 0.00564314239
v -7.51620537E-05 0.0279757902 0.00518386392
v -7.51620537E-05 0.0279501211 0.00548874727
v 5.67692514E-05 0.029483391 0.00566746155
v 0.000276331295 0.029483391 0.00566746155
v 0.000276334875 0.0288260914 0.00571205886
v 5.67656753E-05 0.0288260914 0.0057120584
v 5.67656753E-05 0.0301235542 0.00582388137
v 0.000276334875 0.0301235542 0.00582388137
v 0.000276331295 0.029483391 0.00566746155
v 5.67692514E-05 0.029483391 0.00566746155
v -0.00029473094 0.0293622613 0.00515307765
v -0.00029473094 0.0295156408 0.00531532709
v -0.000294727681 0.029489452 0.00562016526
v -0.00029473094 0.0293107238 0.00575380679
v -0.00029473094 0.0287047457 0.00519771921
v -0.00029473094 0.0286706463 0.0055975127
v -0.00029473094 0.0280643441 0.00504233828
v -0.000294731261 0.0280136894 0.00564314239
v -0.00029473094 0.0279757902 0.00518386392
v -0.00029473094 0.0279501211 0.00548874727
v 5.67656753E-05 0.031116588 0.00580853643
v 0.000276334584 0.031116588 0.00580853643
v 0.000276334584 0.0304416008 0.00585138611
v 5.67656753E-05 0.0304416008 0.00585138611
v 0.000276334875 0.0303215664 0.00538486056
v 0.000276334875 0.0302953124 0.00568969361
v 0.000276334584 0.0304416008 0.00585138611
v 0.000276334875 0.0304933041 0.00525067095
v 0.000276334584 0.031116588 0.00580853643
v 0.000276331295 0.0311508905 0.00540876016
v -0.00029473094 0.030977184 0.00589770265
v -7.51620537E-05 0.030977184 0.00589770265
v -7.51620537E-05 0.0303185098 0.00573951937
v -0.000294731261 0.0303185098 0.00573951937
v -0.000294731261 0.0303185098 0.00573951937
v -7.51620537E-05 0.0303185098 0.00573951937
v -7.51620537E-05 0.0296427459 0.00578240817
v -0.000294731261 0.0296427459 0.00578240817
v -0.000365577929 0.0283061657 0.00518717058
v 0.000358560064 0.0283061657 0.00518717058
v 0.000358560064 0.0284518171 0.00528857717
v -0.000365577929 0.0284518171 0.00528857717
v -0.000365577929 0.0281455591 0.00526266871
v 0.000358560064 0.0281455591 0.00526266871
v 0.000358560064 0.0283061657 0.00518717058
v -0.000365577929 0.0283061657 0.00518717058
v -0.000365577929 0.0281306133 0.0054395739
v 0.000358560064 0.0281306133 0.0054395739
v 0.000358560064 0.0281455591 0.00526266871
v -0.000365577929 0.0281455591 0.00526266871
v -0.000365577929 0.0282762013 0.00554097584
v 0.000358560064 0.0282762013 0.00554097584
v 0.000358560064 0.0281306133 0.0054395739
v -0.000365577929 0.0281306133 0.0054395739
v -0.000365577929 0.0284367967 0.00546547584
v 0.000358560064 0.0284367967 0.00546547584
v 0.000358560064 0.0282762013 0.00554097584
v -0.000365577929 0.0282762013 0.00554097584
v -0.000365577929 0.0284518171 0.00528857717
v 0.000358560064 0.0284518171 0.00528857717
v 0.000358560064 0.0284367967 0.00546547584
v -0.000365577929 0.0284367967 0.00546547584
v -0.000365577929 0.0291099511 0.00525573362
v 0.000358560064 0.0291099511 0.00525573362
v 0.000358560064 0.029255515 0.00535737071
v -0.000365577929 0.029255515 0.00535737071
v -0.000365577929 0.0289492346 0.00533098634
v 0.000358560064 0.0289492346 0.00533098634
v 0.000358560064 0.0291099511 0.00525573362
v -0.000365577929 0.0291099511 0.00525573362
v -0.000365577929 0.0289341081 0.00550787617
v 0.000358560064 0.0289341081 0.00550787617
v 0.000358560064 0.0289492346 0.00533098634
v -0.000365577929 0.0289492346 0.00533098634
v -0.000365577929 0.0290796589 0.00560951093
v 0.000358560064 0.0290796589 0.00560951093
v 0.000358560064 0.0289341081 0.00550787617
v -0.000365577929 0.0289341081 0.00550787617
v -0.000365577929 0.029240353 0.00553425727
v 0.000358560064 0.029240353 0.00553425727
v 0.000358560064 0.0290796589 0.00560951093
v -0.000365577929 0.0290796589 0.00560951093
v -0.000365577929 0.029255515 0.00535737071
v 0.000358560064 0.029255515 0.00535737071
v 0.000358560064 0.029240353 0.00553425727
v -0.000365577929 0.029240353 0.00553425727
v -0.000365577929 0.0299353004 0.00532683264
v 0.000358560064 0.0299353004 0.00532683264
v 0.000358560064 0.0300808493 0.00542849721
v -0.000365577929 0.0300808493 0.00542849721
v -0.000365577929 0.0297745299 0.00540208025
v 0.000358560064 0.0297745299 0.00540208025
v 0.000358560064 0.0299353004 0.00532683264
v -0.000365577929 0.0299353004 0.00532683264
v -0.000365577929 0.029759299 0.00557896122
v 0.000358560064 0.029759299 0.00557896122
v 0.000358560064 0.0297745299 0.00540208025
v -0.000365577929 0.0297745299 0.00540208025
v -0.000365577929 0.0299048014 0.00568059133
v 0.000358560064 0.0299048014 0.00568059133
v 0.000358560064 0.029759299 0.00557896122
v -0.000365577929 0.029759299 0.00557896122
v -0.000365577929 0.0300655998 0.00560537633
v 0.000358560064 0.0300655998 0.00560537633
v 0.000358560064 0.0299048014 0.00568059133
v -0.000365577929 0.0299048014 0.00568059133
v -0.000365577929 0.0300808493 0.00542849721
v 0.000358560064 0.0300808493 0.00542849721
v 0.000358560064 0.0300655998 0.00560537633
v -0.000365577929 0.0300655998 0.00560537633
v -0.000365577929 0.0307349842 0.00539596612
v 0.000358560064 0.0307349842 0.00539596612
v 0.000358560064 0.030880576 0.0054976563
v -0.000365577929 0.030880576 0.0054976563
v -0.000365577929 0.0305741858 0.0054711597
v 0.000358560064 0.0305741858 0.0054711597
v 0.000358560064 0.0307349842 0.00539596612
v -0.000365577929 0.0307349842 0.00539596612
v -0.000365577929 0.0305589698 0.00564804161
v 0.000358560064 0.0305589698 0.00564804161
v 0.000358560064 0.0305741858 0.0054711597
v -0.000365577929 0.0305741858 0.0054711597
v -0.000365577929 0.0307045709 0.00574973272
v 0.000358560064 0.0307045709 0.00574973272
v 0.000358560064 0.0305589698 0.00564804161
v -0.000365577929 0.0305589698 0.00564804161
v -0.000365577929 0.0308653805 0.00567454007
v 0.000358560064 0.0308653805 0.00567454007
v 0.000358560064 0.0307045709 0.00574973272
v -0.000365577929 0.0307045709 0.00574973272
v -0.000365577929 0.030880576 0.0054976563
v 0.000358560064 0.030880576 0.0054976563
v 0.000358560064 0.0308653805 0.00567454007
v -0.000365577929 0.0308653805 0.00567454007
v 5.8612226E-05 0.0285301991 0.00616153469
v 5.8612226E-05 0.0285382774 0.00614323886
v 0.000182036747 0.028575737 0.00614878163
v 0.000182036747 0.0285595004 0.00618552836
v 0.000324717461 0.0285916198 0.00620317133
v 0.000286205119 0.028610399 0.00616067648
v 0.000275288825 0.0285065565 0.00514484523
v 0.000335633755 0.0285065565 0.00514484523
v -0.00032655953 0.0297760554 0.00608796533
v -0.000311729003 0.0297760554 0.00608796533
v -0.000311729003 0.0296201482 0.00620927988
v -0.00032655953 0.0296201482 0.00620927988
v -0.000346732122 0.0297028981 0.0052475268
v -0.000286387192 0.0297028981 0.0052475268
v -0.000286388095 0.0302257929 0.00535934977
v -0.000346731249 0.0302257929 0.00535934977
v -0.00032655953 0.0296201482 0.00620927988
v -0.000311729003 0.0296201482 0.00620927988
v -0.000291556702 0.0296675898 0.00565794855
v -0.000346732122 0.0296675898 0.00565794855
v -0.000291556702 0.0296675898 0.00565794855
v -0.000286387192 0.0297028981 0.0052475268
v -0.000346732122 0.0297028981 0.0052475268
v -0.000346731249 0.0302257929 0.00535934977
v -0.000286388095 0.0302257929 0.00535934977
v -0.000291556702 0.0300677419 0.00567875057
v -0.000346732122 0.0300677419 0.00567875057
v -0.000346732122 0.0300677419 0.00567875057
v -0.000291556702 0.0300677419 0.00567875057
v -0.000311729003 0.0297760554 0.00608796533
v -0.00032655953 0.0297760554 0.00608796533
v 0.000182036747 0.0285595004 0.00618552836
v 0.000182036747 0.028575737 0.00614878163
v 0.000286205119 0.028610399 0.00616067648
v 0.000324717461 0.0285916198 0.00620317133
v 7.13765621E-06 0.0279635452 0.00592193892
v -0.000291185977 0.027967602 0.00591271091
v 5.8612226E-05 0.0285301991 0.00616153469
v 0.000182036747 0.0285595004 0.00618552836
v 0.000328726775 0.0279638786 0.00592113659
v 7.13765621E-06 0.0279635452 0.00592193892
v 0.000182036747 0.0285595004 0.00618552836
v 0.000324717461 0.0285916198 0.00620317133
v -0.000291185977 0.027975671 0.00589441461
v 7.13765621E-06 0.027979739 0.00588518707
v 0.000182036747 0.028575737 0.00614878163
v 5.8612226E-05 0.0285382774 0.00614323886
v 7.13765621E-06 0.027979739 0.00588518707
v 0.000282195804 0.0279793851 0.00588598847
v 0.000286205119 0.028610399 0.00616067648
v 0.000182036747 0.028575737 0.00614878163
v -0.000291185977 0.027967602 0.00591271091
v -0.000291185977 0.027975671 0.00589441461
v 5.8612226E-05 0.0285382774 0.00614323886
v 5.8612226E-05 0.0285301991 0.00616153469
v 7.13765621E-06 0.0279635452 0.00592193892
v 7.13765621E-06 0.027979739 0.00588518707
v -0.000291185977 0.027975671 0.00589441461
v -0.000291185977 0.027967602 0.00591271091
v 0.000328726775 0.0279638786 0.00592113659
v 7.13765621E-06 0.027979739 0.00588518707
v 0.000282195804 0.0279793851 0.00588598847
v -0.000294727681 0.029489452 0.00562016526
v -7.51656262E-05 0.029489452 0.00562016526
v -7.51620537E-05 0.0293107238 0.00575380679
v -0.00029473094 0.0293107238 0.00575380679
v 5.67656753E-05 0.0302953124 0.00568969361
v 0.000276334875 0.0302953124 0.00568969361
v 0.000276334875 0.0301235542 0.00582388137
v 5.67656753E-05 0.0301235542 0.00582388137
v 5.67656753E-05 0.0304416008 0.00585138611
v 0.000276334584 0.0304416008 0.00585138611
v 0.000276334875 0.0302953124 0.00568969361
v 5.67656753E-05 0.0302953124 0.00568969361
v 5.67656753E-05 0.0286799539 0.00555048883
v 0.000276334584 0.0286799539 0.00555048883
v 0.000276334584 0.0285086315 0.00568501279
v 5.67656753E-05 0.0285086315 0.00568501279
v 5.67656753E-05 0.0336174108 0.00611947943
v 5.67656753E-05 0.0334700793 0.00595836528
v 5.67656753E-05 0.0334948078 0.00565340463
v 5.67659736E-05 0.033665888 0.00551849511
v 5.67656753E-05 0.0342935473 0.0060717389
v 5.67692514E-05 0.0343249068 0.00567172095
v -0.00029473094 0.0342019051 0.00556093454
v -0.00029473094 0.0343211815 0.00571921701
v -0.000294731261 0.0342972726 0.00602424238
v -0.00029473094 0.034154512 0.00616200361
v -0.00029473094 0.0335259438 0.00560816517
v -0.000294731261 0.0334935486 0.00600809976
v -0.00029473094 0.0328664668 0.00545270555
v -0.00029473094 0.0328167081 0.00605358416
v -0.00029473094 0.0326879174 0.00558699993
v -0.000294727681 0.0326625332 0.00589190656
v -0.000365577929 0.031447228 0.00581364753
v -0.000365577929 0.0313014537 0.00571215665
v -0.000365577929 0.0313166007 0.00553526916
v -0.000365577929 0.0314774401 0.00545986323
v -0.000365577929 0.031608101 0.00573824439
v -0.000365577929 0.0316231661 0.00556134945
v -0.000365577929 0.0322520621 0.00588211697
v -0.000365577929 0.0321061686 0.00578061817
v -0.000365577929 0.0321210921 0.00560371066
v -0.000365577929 0.032281816 0.00552829495
v -0.000365577929 0.0324128158 0.00580670591
v -0.000365577929 0.0324276499 0.00562979095
v -0.000365577929 0.0330789723 0.00595081691
v -0.000365577929 0.0329327844 0.00584971765
v -0.000365577929 0.0329473875 0.00567278452
v -0.000365577929 0.033108037 0.00559693668
v -0.000365577929 0.0332396813 0.00587497512
v -0.000365577929 0.0332541429 0.00569802942
v -0.000365577929 0.0338802971 0.0060162181
v -0.000365577929 0.0337338001 0.00591563853
v -0.000365577929 0.0337480232 0.0057386742
v -0.000365577929 0.0339085646 0.00566227362
v -0.000365577929 0.0340409279 0.00593975838
v -0.000365577929 0.0340549685 0.00576277822
v -0.000346732122 0.0328411832 0.00592904026
v -0.000346732122 0.0328751616 0.00551850535
v -0.000346731249 0.0333988629 0.0056282864
v -0.000346732122 0.0332421698 0.00594834238
v -0.00032655953 0.0327955373 0.00648052245
v -0.00032655953 0.0329515487 0.00635865983
v 0.000276334875 0.0334700793 0.00595836528
v 0.000276334875 0.0334948078 0.00565340463
v 0.000276334875 0.0333477259 0.00549231097
v 0.000276334875 0.033298742 0.00609325338
v 0.000276334875 0.0326898955 0.00553935999
v 0.000276331586 0.03265661 0.00593922148
v 0.000276334584 0.0320490003 0.00538410898
v 0.000276334875 0.0319982357 0.00598490331
v 0.000276334875 0.0318775512 0.00551854679
v 0.000276334875 0.0318517126 0.00582341477
v -7.51620537E-05 0.0342972726 0.00602424238
v -7.51620537E-05 0.0343211815 0.00571921701
v -7.51620537E-05 0.0342019051 0.00556093454
v -7.51620537E-05 0.034154512 0.00616200361
v -7.51620537E-05 0.0335259438 0.00560816517
v -7.51620537E-05 0.0334935486 0.00600809976
v -7.51620537E-05 0.0328664668 0.00545270555
v -7.51620537E-05 0.0328167081 0.00605358416
v -7.51620537E-05 0.0326879174 0.00558699993
v -7.51653279E-05 0.0326625332 0.00589190656
v 0.000358560064 0.0313166007 0.00553526916
v 0.000358560064 0.0313014537 0.00571215665
v 0.000358560064 0.031447228 0.00581364753
v 0.000358560064 0.0314774401 0.00545986323
v 0.000358560064 0.031608101 0.00573824439
v 0.000358560064 0.0316231661 0.00556134945
v 0.000358560064 0.0321210921 0.00560371066
v 0.000358560064 0.0321061686 0.00578061817
v 0.000358560064 0.0322520621 0.00588211743
v 0.000358560064 0.032281816 0.00552829495
v 0.000358560064 0.0324128158 0.00580670591
v 0.000358560064 0.0324276499 0.00562979095
v 0.000358560064 0.0329473875 0.00567278452
v 0.000358560064 0.0329327844 0.00584971765
v 0.000358560064 0.0330789723 0.00595081691
v 0.000358560064 0.033108037 0.00559693668
v 0.000358560064 0.0332396813 0.00587497465
v 0.000358560064 0.0332541429 0.00569802942
v 0.000358560064 0.0337480232 0.0057386742
v 0.000358560064 0.0337338001 0.00591563853
v 0.000358560064 0.0338802971 0.0060162181
v 0.000358560064 0.0339085646 0.00566227362
v 0.000358560064 0.0340409279 0.00593975838
v 0.000358560064 0.0340549685 0.00576277822
v -0.000291556702 0.0328411832 0.00592904026
v -0.000311729003 0.0327955373 0.00648052245
v -0.000311729003 0.0329515487 0.00635865983
v -0.000291556702 0.0332421698 0.00594834238
v -0.000294731261 0.0342972726 0.00602424238
v -7.51620537E-05 0.0342972726 0.00602424238
v -7.51620537E-05 0.034154512 0.00616200361
v -0.00029473094 0.034154512 0.00616200361
v -0.00029473094 0.0328167081 0.00605358416
v -7.51620537E-05 0.0328167081 0.00605358416
v -7.51653279E-05 0.0326625332 0.00589190656
v -0.000294727681 0.0326625332 0.00589190656
v -0.00029473094 0.031842418 0.00587043818
v -7.51620537E-05 0.031842418 0.00587043818
v -7.51620537E-05 0.0311840884 0.00591559568
v -0.000294731261 0.0311840884 0.00591559568
v -0.000294731261 0.0324837528 0.00602618186
v -7.51620537E-05 0.0324837528 0.00602618139
v -7.51620537E-05 0.031842418 0.00587043818
v -0.00029473094 0.031842418 0.00587043818
v 5.67656753E-05 0.0319982357 0.00598490331
v 5.67656753E-05 0.0318517126 0.00582341477
v 5.67656753E-05 0.0318775512 0.00551854679
v 5.67656753E-05 0.0320490003 0.00538410898
v 5.67692514E-05 0.03265661 0.00593922148
v 5.67659736E-05 0.0326898955 0.00553935999
v 5.67656753E-05 0.033298742 0.00609325338
v 5.67656753E-05 0.0333477259 0.00549231097
v 5.67656753E-05 0.0334700793 0.00595836528
v 5.67656753E-05 0.0334948078 0.00565340463
v 5.67656753E-05 0.0319982357 0.00598490331
v 0.000276334875 0.0319982357 0.00598490331
v 0.000276334875 0.0318517126 0.00582341477
v 5.67656753E-05 0.0318517126 0.00582341477
v -7.51653279E-05 0.0326625332 0.00589190656
v -7.51620537E-05 0.0326879174 0.00558699993
v -7.51620537E-05 0.0325340368 0.00542534748
v -7.51620537E-05 0.0324837528 0.00602618139
v -7.51620537E-05 0.031876307 0.00547062699
v -7.51620537E-05 0.031842418 0.00587043818
v -7.51620537E-05 0.0312356111 0.00531486608
v -7.51620537E-05 0.0311840884 0.00591559568
v -7.51620537E-05 0.031146815 0.00545622734
v -7.51620537E-05 0.0311206598 0.00576106878
v 5.67692514E-05 0.03265661 0.00593922148
v 0.000276331586 0.03265661 0.00593922148
v 0.000276334875 0.0319982357 0.00598490331
v 5.67656753E-05 0.0319982357 0.00598490331
v 5.67656753E-05 0.033298742 0.00609325338
v 0.000276334875 0.033298742 0.00609325338
v 0.000276331586 0.03265661 0.00593922148
v 5.67692514E-05 0.03265661 0.00593922148
v -0.00029473094 0.0325340368 0.00542534748
v -0.00029473094 0.0326879174 0.00558699993
v -0.000294727681 0.0326625332 0.00589190656
v -0.000294731261 0.0324837528 0.00602618186
v -0.00029473094 0.031876307 0.00547062699
v -0.00029473094 0.031842418 0.00587043818
v -0.00029473094 0.0312356111 0.00531486608
v -0.000294731261 0.0311840884 0.00591559568
v -0.00029473094 0.031146815 0.00545622734
v -0.00029473094 0.0311206598 0.00576106878
v 5.67656753E-05 0.0342935473 0.0060717389
v 0.000276334584 0.0342935473 0.0060717389
v 0.000276334875 0.0336174108 0.00611947943
v 5.67656753E-05 0.0336174108 0.00611947943
v 0.000276334875 0.0334948078 0.00565340463
v 0.000276334875 0.0334700793 0.00595836528
v 0.000276334875 0.0336174108 0.00611947943
v 0.000276334875 0.033665888 0.00551849511
v 0.000276334584 0.0342935473 0.0060717389
v 0.000276331295 0.0343249068 0.00567172095
v -0.00029473094 0.034154512 0.00616200361
v -7.51620537E-05 0.034154512 0.00616200361
v -7.51620537E-05 0.0334935486 0.00600809976
v -0.000294731261 0.0334935486 0.00600809976
v -0.000294731261 0.0334935486 0.00600809976
v -7.51620537E-05 0.0334935486 0.00600809976
v -7.51620537E-05 0.0328167081 0.00605358416
v -0.00029473094 0.0328167081 0.00605358416
v -0.000365577929 0.0314774401 0.00545986323
v 0.000358560064 0.0314774401 0.00545986323
v 0.000358560064 0.0316231661 0.00556134945
v -0.000365577929 0.0316231661 0.00556134945
v -0.000365577929 0.0313166007 0.00553526916
v 0.000358560064 0.0313166007 0.00553526916
v 0.000358560064 0.0314774401 0.00545986323
v -0.000365577929 0.0314774401 0.00545986323
v -0.000365577929 0.0313014537 0.00571215665
v 0.000358560064 0.0313014537 0.00571215665
v 0.000358560064 0.0313166007 0.00553526916
v -0.000365577929 0.0313166007 0.00553526916
v -0.000365577929 0.031447228 0.00581364753
v 0.000358560064 0.031447228 0.00581364753
v 0.000358560064 0.0313014537 0.00571215665
v -0.000365577929 0.0313014537 0.00571215665
v -0.000365577929 0.031608101 0.00573824439
v 0.000358560064 0.031608101 0.00573824439
v 0.000358560064 0.031447228 0.00581364753
v -0.000365577929 0.031447228 0.00581364753
v -0.000365577929 0.0316231661 0.00556134945
v 0.000358560064 0.0316231661 0.00556134945
v 0.000358560064 0.031608101 0.00573824439
v -0.000365577929 0.031608101 0.00573824439
v -0.000365577929 0.032281816 0.00552829495
v 0.000358560064 0.032281816 0.00552829495
v 0.000358560064 0.0324276499 0.00562979095
v -0.000365577929 0.0324276499 0.00562979095
v -0.000365577929 0.0321210921 0.00560371066
v 0.000358560064 0.0321210921 0.00560371066
v 0.000358560064 0.032281816 0.00552829495
v -0.000365577929 0.032281816 0.00552829495
v -0.000365577929 0.0321061686 0.00578061817
v 0.000358560064 0.0321061686 0.00578061817
v 0.000358560064 0.0321210921 0.00560371066
v -0.000365577929 0.0321210921 0.00560371066
v -0.000365577929 0.0322520621 0.00588211697
v 0.000358560064 0.0322520621 0.00588211743
v 0.000358560064 0.0321061686 0.00578061817
v -0.000365577929 0.0321061686 0.00578061817
v -0.000365577929 0.0324128158 0.00580670591
v 0.000358560064 0.0324128158 0.00580670591
v 0.000358560064 0.0322520621 0.00588211743
v -0.000365577929 0.0322520621 0.00588211697
v -0.000365577929 0.0324276499 0.00562979095
v 0.000358560064 0.0324276499 0.00562979095
v 0.000358560064 0.0324128158 0.00580670591
v -0.000365577929 0.0324128158 0.00580670591
v -0.000365577929 0.033108037 0.00559693668
v 0.000358560064 0.033108037 0.00559693668
v 0.000358560064 0.0332541429 0.00569802942
v -0.000365577929 0.0332541429 0.00569802942
v -0.000365577929 0.0329473875 0.00567278452
v 0.000358560064 0.0329473875 0.00567278452
v 0.000358560064 0.033108037 0.00559693668
v -0.000365577929 0.033108037 0.00559693668
v -0.000365577929 0.0329327844 0.00584971765
v 0.000358560064 0.0329327844 0.00584971765
v 0.000358560064 0.0329473875 0.00567278452
v -0.000365577929 0.0329473875 0.00567278452
v -0.000365577929 0.0330789723 0.00595081691
v 0.000358560064 0.0330789723 0.00595081691
v 0.000358560064 0.0329327844 0.00584971765
v -0.000365577929 0.0329327844 0.00584971765
v -0.000365577929 0.0332396813 0.00587497512
v 0.000358560064 0.0332396813 0.00587497465
v 0.000358560064 0.0330789723 0.00595081691
v -0.000365577929 0.0330789723 0.00595081691
v -0.000365577929 0.0332541429 0.00569802942
v 0.000358560064 0.0332541429 0.00569802942
v 0.000358560064 0.0332396813 0.00587497465
v -0.000365577929 0.0332396813 0.00587497512
v -0.000365577929 0.0339085646 0.00566227362
v 0.000358560064 0.0339085646 0.00566227362
v 0.000358560064 0.0340549685 0.00576277822
v -0.000365577929 0.0340549685 0.00576277822
v -0.000365577929 0.0337480232 0.0057386742
v 0.000358560064 0.0337480232 0.0057386742
v 0.000358560064 0.0339085646 0.00566227362
v -0.000365577929 0.0339085646 0.00566227362
v -0.000365577929 0.0337338001 0.00591563853
v 0.000358560064 0.0337338001 0.00591563853
v 0.000358560064 0.0337480232 0.0057386742
v -0.000365577929 0.0337480232 0.0057386742
v -0.000365577929 0.0338802971 0.0060162181
v 0.000358560064 0.0338802971 0.0060162181
v 0.000358560064 0.0337338001 0.00591563853
v -0.000365577929 0.0337338001 0.00591563853
v -0.000365577929 0.0340409279 0.00593975838
v 0.000358560064 0.0340409279 0.00593975838
v 0.000358560064 0.0338802971 0.0060162181
v -0.000365577929 0.0338802971 0.0060162181
v -0.000365577929 0.0340549685 0.00576277822
v 0.000358560064 0.0340549685 0.00576277822
v 0.000358560064 0.0340409279 0.00593975838
v -0.000365577929 0.0340409279 0.00593975838
v 5.8612226E-05 0.0317019373 0.00643441267
v 5.8612226E-05 0.0317100212 0.0064161215
v 0.000182036747 0.0317476206 0.00642169267
v 0.000182036747 0.0317313634 0.00645843241
v 0.00032471717 0.0317636169 0.00647610193
v 0.000286205119 0.0317824297 0.00643361732
v 0.000275288825 0.0316779874 0.00541764498
v 0.000335633755 0.0316779874 0.00541764498
v -0.00032655953 0.0329515487 0.00635865983
v -0.000311729003 0.0329515487 0.00635865983
v -0.000311729003 0.0327955373 0.00648052245
v -0.00032655953 0.0327955373 0.00648052245
v -0.000346732122 0.0328751616 0.00551850535
v -0.000286387192 0.0328751616 0.00551850535
v -0.000286388095 0.0333988629 0.0056282864
v -0.000346731249 0.0333988629 0.0056282864
v -0.00032655953 0.0327955373 0.00648052245
v -0.000311729003 0.0327955373 0.00648052245
v -0.000291556702 0.0328411832 0.00592904026
v -0.000346732122 0.0328411832 0.00592904026
v -0.000291556702 0.0328411832 0.00592904026
v -0.000286387192 0.0328751616 0.00551850535
v -0.000346732122 0.0328751616 0.00551850535
v -0.000346731249 0.0333988629 0.0056282864
v -0.000286388095 0.0333988629 0.0056282864
v -0.000291556702 0.0332421698 0.00594834238
v -0.000346732122 0.0332421698 0.00594834238
v -0.000346732122 0.0332421698 0.00594834238
v -0.000291556702 0.0332421698 0.00594834238
v -0.000311729003 0.0329515487 0.00635865983
v -0.00032655953 0.0329515487 0.00635865983
v 0.000182036747 0.0317313634 0.00645843241
v 0.000182036747 0.0317476206 0.00642169267
v 0.000286205119 0.0317824297 0.00643361732
v 0.00032471717 0.0317636169 0.00647610193
v 7.13765621E-06 0.0311334729 0.00619430188
v -0.000291185977 0.0311375689 0.00618508365
v 5.8612226E-05 0.0317019373 0.00643441267
v 0.000182036747 0.0317313634 0.00645843241
v 0.000328726775 0.0311338305 0.00619350234
v 7.13765621E-06 0.0311334729 0.00619430188
v 0.000182036747 0.0317313634 0.00645843241
v 0.00032471717 0.0317636169 0.00647610193
v -0.000291185977 0.0311456658 0.00616680132
v 7.13765621E-06 0.0311497655 0.00615758356
v 0.000182036747 0.0317476206 0.00642169267
v 5.8612226E-05 0.0317100212 0.0064161215
v 7.13765621E-06 0.0311497655 0.00615758356
v 0.000282195804 0.0311494041 0.00615838356
v 0.000286205119 0.0317824297 0.00643361732
v 0.000182036747 0.0317476206 0.00642169267
v -0.000291185977 0.0311375689 0.00618508365
v -0.000291185977 0.0311456658 0.00616680132
v 5.8612226E-05 0.0317100212 0.0064161215
v 5.8612226E-05 0.0317019373 0.00643441267
v 7.13765621E-06 0.0311334729 0.00619430188
v 7.13765621E-06 0.0311497655 0.00615758356
v -0.000291185977 0.0311456658 0.00616680132
v -0.000291185977 0.0311375689 0.00618508365
v 0.000328726775 0.0311338305 0.00619350234
v 7.13765621E-06 0.0311497655 0.00615758356
v 0.000282195804 0.0311494041 0.00615838356
v -0.000294727681 0.0326625332 0.00589190656
v -7.51653279E-05 0.0326625332 0.00589190656
v -7.51620537E-05 0.0324837528 0.00602618139
v -0.000294731261 0.0324837528 0.00602618186
v 5.67656753E-05 0.0334700793 0.00595836528
v 0.000276334875 0.0334700793 0.00595836528
v 0.000276334875 0.033298742 0.00609325338
v 5.67656753E-05 0.033298742 0.00609325338
v 5.67656753E-05 0.0336174108 0.00611947943
v 0.000276334875 0.0336174108 0.00611947943
v 0.000276334875 0.0334700793 0.00595836528
v 5.67656753E-05 0.0334700793 0.00595836528
v 5.67656753E-05 0.0318517126 0.00582341477
v 0.000276334875 0.0318517126 0.00582341477
v 0.000276334875 0.0316800959 0.00595783815
v 5.67656753E-05 0.0316800959 0.00595783815
v 5.67656753E-05 0.0368009023 0.00635758508
v 5.67656753E-05 0.0366513729 0.00619856128
v 5.67656753E-05 0.0366723798 0.00589332171
v 5.67656753E-05 0.0368418619 0.00575604243
v 5.67656753E-05 0.0374768116 0.00630257418
v 5.67692514E-05 0.0375028513 0.00590217533
v -0.00029473094 0.0373783968 0.00579261361
v -0.00029473094 0.0374997631 0.00594971655
v -0.00029473094 0.0374799073 0.00625503296
v -0.000294731261 0.037338905 0.00639425404
v -0.00029473094 0.0367029831 0.00584765524
v -0.000294731261 0.0366754867 0.00624795724
v -0.00029473094 0.036041487 0.00570012815
v -0.00029473094 0.0359984003 0.00630152132
v -0.00029473094 0.0358644016 0.00583600812
v -0.000294727681 0.0358423255 0.00614117179
v -0.000365577929 0.0346246958 0.00607451284
v -0.000365577929 0.034477964 0.00597398262
v -0.000365577929 0.0344917327 0.00579698151
v -0.000365577929 0.0346520282 0.00572049525
v -0.000365577929 0.0347850956 0.0059980345
v -0.000365577929 0.0347986668 0.00582101801
v -0.000365577929 0.0354312547 0.00613559829
v -0.000365577929 0.0352841392 0.00603578473
v -0.000365577929 0.0352973677 0.0058587431
v -0.000365577929 0.0354574807 0.00578149641
v -0.000365577929 0.0355914608 0.00605835905
v -0.000365577929 0.0356044658 0.00588129973
v -0.000365577929 0.0362596959 0.00619644765
v -0.000365577929 0.036112275 0.00609661406
v -0.000365577929 0.0361248925 0.00591952726
v -0.000365577929 0.0362847 0.00584225776
v -0.000365577929 0.036419712 0.00611840887
v -0.000365577929 0.0364320911 0.00594130578
v -0.000365577929 0.037062671 0.00625120848
v -0.000365577929 0.0369148366 0.00615215767
v -0.000365577929 0.0369268209 0.0059750271
v -0.000365577929 0.0370863825 0.00589692919
v -0.000365577929 0.0372223742 0.00617311941
v -0.000365577929 0.0372341089 0.00599597208
v -0.000346732122 0.036021512 0.00617674738
v -0.000346732122 0.0360509269 0.00576586043
v -0.000346731249 0.0365760662 0.00586955296
v -0.000346732122 0.0364230759 0.00619172398
v -0.00032655953 0.0359819941 0.00672870316
v -0.00032655953 0.0361368433 0.00660546683
v 0.000276334875 0.0366513729 0.00619856128
v 0.000276334875 0.0366723798 0.00589332171
v 0.000276334875 0.0365232863 0.00573432725
v 0.000276334875 0.0364814587 0.00633580983
v 0.000276334584 0.0358658694 0.00578834442
v 0.000276331295 0.0358369127 0.00618854351
v 0.000276334875 0.0352231264 0.00564001687
v 0.000276334875 0.0351779796 0.00624125963
v 0.000276334875 0.0350527763 0.00577639043
v 0.000276334875 0.0350296721 0.00608147774
v -7.51620537E-05 0.0374799073 0.00625503296
v -7.51620537E-05 0.0374997631 0.00594971655
v -7.51620537E-05 0.0373783968 0.00579261361
v -7.51620537E-05 0.037338905 0.00639425404
v -7.51620537E-05 0.0367029831 0.00584765524
v -7.51620537E-05 0.0366754867 0.00624795724
v -7.51620537E-05 0.036041487 0.00570012815
v -7.51620537E-05 0.0359984003 0.00630152132
v -7.51620537E-05 0.0358644016 0.00583600812
v -7.51656262E-05 0.0358423255 0.00614117179
v 0.000358560064 0.0344917327 0.00579698151
v 0.000358560064 0.034477964 0.00597398262
v 0.000358560064 0.0346246958 0.00607451284
v 0.000358560064 0.0346520282 0.00572049525
v 0.000358560064 0.0347850956 0.0059980345
v 0.000358560064 0.0347986668 0.00582101801
v 0.000358560064 0.0352973677 0.0058587431
v 0.000358560064 0.0352841392 0.00603578473
v 0.000358560064 0.0354312547 0.00613559829
v 0.000358560064 0.0354574807 0.00578149641
v 0.000358560064 0.0355914608 0.00605835905
v 0.000358560064 0.0356044658 0.00588129973
v 0.000358560064 0.0361248925 0.00591952726
v 0.000358560064 0.036112275 0.00609661406
v 0.000358560064 0.0362596959 0.00619644765
v 0.000358560064 0.0362847 0.00584225776
v 0.000358560064 0.036419712 0.00611840887
v 0.000358560064 0.0364320911 0.00594130578
v 0.000358560064 0.0369268209 0.0059750271
v 0.000358560064 0.0369148366 0.00615215767
v 0.000358560064 0.037062671 0.00625120802
v 0.000358560064 0.0370863825 0.00589692919
v 0.000358560064 0.0372223742 0.00617311941
v 0.000358560064 0.0372341089 0.00599597208
v -0.000291556702 0.036021512 0.00617674738
v -0.000311729003 0.0359819941 0.00672870316
v -0.000311729003 0.0361368433 0.00660546683
v -0.000291556702 0.0364230759 0.00619172398
v -0.00029473094 0.0374799073 0.00625503296
v -7.51620537E-05 0.0374799073 0.00625503296
v -7.51620537E-05 0.037338905 0.00639425404
v -0.000294731261 0.037338905 0.00639425404
v -0.00029473094 0.0359984003 0.00630152132
v -7.51620537E-05 0.0359984003 0.00630152132
v -7.51656262E-05 0.0358423255 0.00614117179
v -0.000294727681 0.0358423255 0.00614117179
v -0.000294731261 0.0350207947 0.00612859707
v -7.51620537E-05 0.0350207947 0.00612859707
v -7.51620537E-05 0.0343620367 0.00617825566
v -0.000294731261 0.0343620367 0.00617825566
v -0.000294731261 0.0356648564 0.00627702242
v -7.51620537E-05 0.0356648564 0.00627702242
v -7.51620537E-05 0.0350207947 0.00612859707
v -0.000294731261 0.0350207947 0.00612859707
v 5.67659736E-05 0.0351779796 0.00624125963
v 5.67659736E-05 0.0350296721 0.00608147774
v 5.67656753E-05 0.0350527763 0.00577639043
v 5.67656753E-05 0.0352231264 0.00564001687
v 5.67692514E-05 0.0358369127 0.00618854351
v 5.67656753E-05 0.0358658694 0.00578834442
v 5.67656753E-05 0.0364814587 0.00633580983
v 5.67656753E-05 0.0365232863 0.00573432725
v 5.67656753E-05 0.0366513729 0.00619856128
v 5.67656753E-05 0.0366723798 0.00589332171
v 5.67659736E-05 0.0351779796 0.00624125963
v 0.000276334875 0.0351779796 0.00624125963
v 0.000276334875 0.0350296721 0.00608147774
v 5.67659736E-05 0.0350296721 0.00608147774
v -7.51656262E-05 0.0358423255 0.00614117179
v -7.51620537E-05 0.0358644016 0.00583600812
v -7.51620537E-05 0.0357087776 0.00567568932
v -7.51620537E-05 0.0356648564 0.00627702242
v -7.51620537E-05 0.0350511149 0.00572849903
v -7.51620537E-05 0.0350207947 0.00612859707
v -7.51620537E-05 0.0344089866 0.0055771512
v -7.51620537E-05 0.0343620367 0.00617825566
v -7.51620537E-05 0.0343211815 0.00571921701
v -7.51620537E-05 0.0342972726 0.00602424238
v 5.67692514E-05 0.0358369127 0.00618854351
v 0.000276331295 0.0358369127 0.00618854351
v 0.000276334875 0.0351779796 0.00624125963
v 5.67659736E-05 0.0351779796 0.00624125963
v 5.67656753E-05 0.0364814587 0.00633580983
v 0.000276334875 0.0364814587 0.00633580983
v 0.000276331295 0.0358369127 0.00618854351
v 5.67692514E-05 0.0358369127 0.00618854351
v -0.00029473094 0.0357087776 0.00567568932
v -0.00029473094 0.0358644016 0.00583600812
v -0.000294727681 0.0358423255 0.00614117179
v -0.000294731261 0.0356648564 0.00627702242
v -0.00029473094 0.0350511149 0.00572849903
v -0.000294731261 0.0350207947 0.00612859707
v -0.00029473094 0.0344089866 0.0055771512
v -0.000294731261 0.0343620367 0.00617825566
v -0.00029473094 0.0343211815 0.00571921701
v -0.000294731261 0.0342972726 0.00602424238
v 5.67656753E-05 0.0374768116 0.00630257418
v 0.000276334875 0.0374768116 0.00630257418
v 0.000276334875 0.0368009023 0.00635758508
v 5.67656753E-05 0.0368009023 0.00635758508
v 0.000276334875 0.0366723798 0.00589332171
v 0.000276334875 0.0366513729 0.00619856128
v 0.000276334875 0.0368009023 0.00635758508
v 0.000276334875 0.0368418619 0.00575604243
v 0.000276334875 0.0374768116 0.00630257418
v 0.000276331295 0.0375028513 0.00590217533
v -0.000294731261 0.037338905 0.00639425404
v -7.51620537E-05 0.037338905 0.00639425404
v -7.51620537E-05 0.0366754867 0.00624795724
v -0.000294731261 0.0366754867 0.00624795724
v -0.000294731261 0.0366754867 0.00624795724
v -7.51620537E-05 0.0366754867 0.00624795724
v -7.51620537E-05 0.0359984003 0.00630152132
v -0.00029473094 0.0359984003 0.00630152132
v -0.000365577929 0.0346520282 0.00572049525
v 0.000358560064 0.0346520282 0.00572049525
v 0.000358560064 0.0347986668 0.00582101801
v -0.000365577929 0.0347986668 0.00582101801
v -0.000365577929 0.0344917327 0.00579698151
v 0.000358560064 0.0344917327 0.00579698151
v 0.000358560064 0.0346520282 0.00572049525
v -0.000365577929 0.0346520282 0.00572049525
v -0.000365577929 0.034477964 0.00597398262
v 0.000358560064 0.034477964 0.00597398262
v 0.000358560064 0.0344917327 0.00579698151
v -0.000365577929 0.0344917327 0.00579698151
v -0.000365577929 0.0346246958 0.00607451284
v 0.000358560064 0.0346246958 0.00607451284
v 0.000358560064 0.034477964 0.00597398262
v -0.000365577929 0.034477964 0.00597398262
v -0.000365577929 0.0347850956 0.0059980345
v 0.000358560064 0.0347850956 0.0059980345
v 0.000358560064 0.0346246958 0.00607451284
v -0.000365577929 0.0346246958 0.00607451284
v -0.000365577929 0.0347986668 0.00582101801
v 0.000358560064 0.0347986668 0.00582101801
v 0.000358560064 0.0347850956 0.0059980345
v -0.000365577929 0.0347850956 0.0059980345
v -0.000365577929 0.0354574807 0.00578149641
v 0.000358560064 0.0354574807 0.00578149641
v 0.000358560064 0.0356044658 0.00588129973
v -0.000365577929 0.0356044658 0.00588129973
v -0.000365577929 0.0352973677 0.0058587431
v 0.000358560064 0.0352973677 0.0058587431
v 0.000358560064 0.0354574807 0.00578149641
v -0.000365577929 0.0354574807 0.00578149641
v -0.000365577929 0.0352841392 0.00603578473
v 0.000358560064 0.0352841392 0.00603578473
v 0.000358560064 0.0352973677 0.0058587431
v -0.000365577929 0.0352973677 0.0058587431
v -0.000365577929 0.0354312547 0.00613559829
v 0.000358560064 0.0354312547 0.00613559829
v 0.000358560064 0.0352841392 0.00603578473
v -0.000365577929 0.0352841392 0.00603578473
v -0.000365577929 0.0355914608 0.00605835905
v 0.000358560064 0.0355914608 0.00605835905
v 0.000358560064 0.0354312547 0.00613559829
v -0.000365577929 0.0354312547 0.00613559829
v -0.000365577929 0.0356044658 0.00588129973
v 0.000358560064 0.0356044658 0.00588129973
v 0.000358560064 0.0355914608 0.00605835905
v -0.000365577929 0.0355914608 0.00605835905
v -0.000365577929 0.0362847 0.00584225776
v 0.000358560064 0.0362847 0.00584225776
v 0.000358560064 0.0364320911 0.00594130578
v -0.000365577929 0.0364320911 0.00594130578
v -0.000365577929 0.0361248925 0.00591952726
v 0.000358560064 0.0361248925 0.00591952726
v 0.000358560064 0.0362847 0.00584225776
v -0.000365577929 0.0362847 0.00584225776
v -0.000365577929 0.036112275 0.00609661406
v 0.000358560064 0.036112275 0.00609661406
v 0.000358560064 0.0361248925 0.00591952726
v -0.000365577929 0.0361248925 0.00591952726
v -0.000365577929 0.0362596959 0.00619644765
v 0.000358560064 0.0362596959 0.00619644765
v 0.000358560064 0.036112275 0.00609661406
v -0.000365577929 0.036112275 0.00609661406
v -0.000365577929 0.036419712 0.00611840887
v 0.000358560064 0.036419712 0.00611840887
v 0.000358560064 0.0362596959 0.00619644765
v -0.000365577929 0.0362596959 0.00619644765
v -0.000365577929 0.0364320911 0.00594130578
v 0.000358560064 0.0364320911 0.00594130578
v 0.000358560064 0.036419712 0.00611840887
v -0.000365577929 0.036419712 0.00611840887
v -0.000365577929 0.0370863825 0.00589692919
v 0.000358560064 0.0370863825 0.00589692919
v 0.000358560064 0.0372341089 0.00599597208
v -0.000365577929 0.0372341089 0.00599597208
v -0.000365577929 0.0369268209 0.0059750271
v 0.000358560064 0.0369268209 0.0059750271
v 0.000358560064 0.0370863825 0.00589692919
v -0.000365577929 0.0370863825 0.00589692919
v -0.000365577929 0.0369148366 0.00615215767
v 0.000358560064 0.0369148366 0.00615215767
v 0.000358560064 0.0369268209 0.0059750271
v -0.000365577929 0.0369268209 0.0059750271
v -0.000365577929 0.037062671 0.00625120848
v 0.000358560064 0.037062671 0.00625120802
v 0.000358560064 0.0369148366 0.00615215767
v -0.000365577929 0.0369148366 0.00615215767
v -0.000365577929 0.0372223742 0.00617311941
v 0.000358560064 0.0372223742 0.00617311941
v 0.000358560064 0.037062671 0.00625120802
v -0.000365577929 0.037062671 0.00625120848
v -0.000365577929 0.0372341089 0.00599597208
v 0.000358560064 0.0372341089 0.00599597208
v 0.000358560064 0.0372223742 0.00617311941
v -0.000365577929 0.0372223742 0.00617311941
v 5.8612226E-05 0.034885142 0.00669367379
v 5.8612226E-05 0.0348930694 0.00667532627
v 0.000182036747 0.0349308066 0.0066806525
v 0.000182036747 0.0349148437 0.006717504
v 0.000324717461 0.0349473096 0.00673496397
v 0.000286205119 0.0349657834 0.00669231685
v 0.000275288825 0.0348522812 0.00567692937
v 0.000335633755 0.0348522812 0.00567692937
v -0.00032655953 0.0361368433 0.00660546683
v -0.000311729003 0.0361368433 0.00660546683
v -0.000311729003 0.0359819941 0.00672870316
v -0.00032655953 0.0359819941 0.00672870316
v -0.000346732122 0.0360509269 0.00576586043
v -0.000286387192 0.0360509269 0.00576586043
v -0.000286388095 0.0365760662 0.00586955296
v -0.000346731249 0.0365760662 0.00586955296
v -0.00032655953 0.0359819941 0.00672870316
v -0.000311729003 0.0359819941 0.00672870316
v -0.000291556702 0.036021512 0.00617674738
v -0.000346732122 0.036021512 0.00617674738
v -0.000291556702 0.036021512 0.00617674738
v -0.000286387192 0.0360509269 0.00576586043
v -0.000346732122 0.0360509269 0.00576586043
v -0.000346731249 0.0365760662 0.00586955296
v -0.000286388095 0.0365760662 0.00586955296
v -0.000291556702 0.0364230759 0.00619172398
v -0.000346732122 0.0364230759 0.00619172398
v -0.000346732122 0.0364230759 0.00619172398
v -0.000291556702 0.0364230759 0.00619172398
v -0.000311729003 0.0361368433 0.00660546683
v -0.00032655953 0.0361368433 0.00660546683
v 0.000182036747 0.0349148437 0.006717504
v 0.000182036747 0.0349308066 0.0066806525
v 0.000286205119 0.0349657834 0.00669231685
v 0.000324717461 0.0349473096 0.00673496397
v 7.13765621E-06 0.0343134515 0.00645734556
v -0.000291185977 0.0343174748 0.00644809427
v 5.8612226E-05 0.034885142 0.00669367379
v 0.000182036747 0.0349148437 0.006717504
v 0.000328726455 0.0343137905 0.00645654183
v 7.13765621E-06 0.0343134515 0.00645734556
v 0.000182036747 0.0349148437 0.006717504
v 0.000324717461 0.0349473096 0.00673496397
v -0.000291185977 0.0343254693 0.0064297514
v 7.13765621E-06 0.0343294814 0.00642049965
v 0.000182036747 0.0349308066 0.0066806525
v 5.8612226E-05 0.0348930694 0.00667532627
v 7.13765621E-06 0.0343294814 0.00642049965
v 0.000282195804 0.0343291536 0.00642130338
v 0.000286205119 0.0349657834 0.00669231685
v 0.000182036747 0.0349308066 0.0066806525
v -0.000291185977 0.0343174748 0.00644809427
v -0.000291185977 0.0343254693 0.0064297514
v 5.8612226E-05 0.0348930694 0.00667532627
v 5.8612226E-05 0.034885142 0.00669367379
v 7.13765621E-06 0.0343134515 0.00645734556
v 7.13765621E-06 0.0343294814 0.00642049965
v -0.000291185977 0.0343254693 0.0064297514
v -0.000291185977 0.0343174748 0.00644809427
v 0.000328726455 0.0343137905 0.00645654183
v 7.13765621E-06 0.0343294814 0.00642049965
v 0.000282195804 0.0343291536 0.00642130338
v -0.000294727681 0.0358423255 0.00614117179
v -7.51656262E-05 0.0358423255 0.00614117179
v -7.51620537E-05 0.0356648564 0.00627702242
v -0.000294731261 0.0356648564 0.00627702242
v 5.67656753E-05 0.0366513729 0.00619856128
v 0.000276334875 0.0366513729 0.00619856128
v 0.000276334875 0.0364814587 0.00633580983
v 5.67656753E-05 0.0364814587 0.00633580983
v 5.67656753E-05 0.0368009023 0.00635758508
v 0.000276334875 0.0368009023 0.00635758508
v 0.000276334875 0.0366513729 0.00619856128
v 5.67656753E-05 0.0366513729 0.00619856128
v 5.67659736E-05 0.0350296721 0.00608147774
v 0.000276334875 0.0350296721 0.00608147774
v 0.000276334875 0.0348590538 0.00621717609
v 5.67659736E-05 0.0348590538 0.00621717609
v 5.67659736E-05 0.0399889424 0.00655198283
v 5.67656753E-05 0.0398371108 0.00639491109
v 5.67656753E-05 0.0398536474 0.00608939677
v 5.67659736E-05 0.0400210954 0.00594990468
v 5.67656753E-05 0.0406624787 0.00648501422
v 5.67692514E-05 0.0406836495 0.00608432805
v -0.00029473094 0.0405578986 0.00597706204
v -0.000294731261 0.0406811424 0.0061319042
v -0.000294731261 0.040664997 0.00643743901
v -0.00029473094 0.0405260473 0.0065791551
v -0.00029473094 0.0398835763 0.0060433317
v -0.00029473094 0.0398619436 0.00644399272
v -0.00029473094 0.039219968 0.00590579258
v -0.000294731261 0.0391856246 0.00650774874
v -0.00029473094 0.039044816 0.00604485953
v -0.000294727681 0.0390271582 0.00635031098
v -0.000365577929 0.0378082246 0.00630044425
v -0.000365577929 0.0376600102 0.00620223209
v -0.000365577929 0.0376713872 0.00602506148
v -0.000365577929 0.0378307216 0.00594608672
v -0.000365577929 0.0379676782 0.00622147741
v -0.000365577929 0.0379788019 0.00604429049
v -0.000365577929 0.0386159234 0.00635096338
v -0.000365577929 0.0384673625 0.00625273027
v -0.000365577929 0.0384780653 0.00607551821
v -0.000365577929 0.038637083 0.00599652296
v -0.000365577929 0.0387750156 0.00627197232
v -0.000365577929 0.0387854688 0.00609474536
v -0.000365577929 0.0394454785 0.00639793975
v -0.000365577929 0.0392965488 0.00630083587
v -0.000365577929 0.039306581 0.00612358423
v -0.000365577929 0.039465297 0.00604342157
v -0.000365577929 0.0396043137 0.00631778268
v -0.000365577929 0.0396140963 0.00614051754
v -0.000365577929 0.0402486585 0.00644118106
v -0.000365577929 0.0400997624 0.00634484738
v -0.000365577929 0.0401091836 0.00616756175
v -0.000365577929 0.0402674675 0.00608660793
v -0.000365577929 0.0404069498 0.00636022724
v -0.000365577929 0.040416345 0.00618294068
v -0.000346732122 0.0392069221 0.00638259947
v -0.000346732122 0.0392303579 0.00597132789
v -0.000346731249 0.0397570021 0.00606688485
v -0.000346732122 0.0396087579 0.00639105495
v -0.00032655953 0.0391754396 0.0069350712
v -0.00032655953 0.0393285677 0.00680905348
v 0.000276334875 0.0398371108 0.00639491109
v 0.000276334875 0.0398536474 0.00608939677
v 0.000276334875 0.0397022367 0.00593234831
v 0.000276334875 0.0396692157 0.00653437898
v 0.000276334875 0.0390455872 0.00599718839
v 0.000276331586 0.0390224233 0.00639776466
v 0.000276334875 0.0384007618 0.00585756684
v 0.000276334875 0.0383641459 0.00645938935
v 0.000276334875 0.0382323712 0.00599581236
v 0.000276334875 0.0382135585 0.0063011949
v -7.51620537E-05 0.040664997 0.00643743901
v -7.51620537E-05 0.0406811424 0.0061319042
v -7.51620537E-05 0.0405578986 0.00597706204
v -7.51620537E-05 0.0405260473 0.0065791551
v -7.51620537E-05 0.0398835763 0.0060433317
v -7.51620537E-05 0.0398619436 0.00644399272
v -7.51620537E-05 0.039219968 0.00590579258
v -7.51620537E-05 0.0391856246 0.00650774874
v -7.51620537E-05 0.039044816 0.00604485953
v -7.51656262E-05 0.0390271582 0.00635031098
v 0.000358560064 0.0376713872 0.00602506148
v 0.000358560064 0.0376600102 0.00620223209
v 0.000358560064 0.0378082246 0.00630044425
v 0.000358560064 0.0378307216 0.00594608672
v 0.000358560064 0.0379676782 0.00622147741
v 0.000358560064 0.0379788019 0.00604429049
v 0.000358560064 0.0384780653 0.00607551821
v 0.000358560064 0.0384673625 0.00625273027
v 0.000358560064 0.0386159234 0.00635096338
v 0.000358560064 0.038637083 0.00599652296
v 0.000358560064 0.0387750156 0.00627197232
v 0.000358560064 0.0387854688 0.00609474536
v 0.000358560064 0.039306581 0.00612358423
v 0.000358560064 0.0392965488 0.00630083587
v 0.000358560064 0.0394454785 0.00639793975
v 0.000358560064 0.039465297 0.00604342157
v 0.000358560064 0.0396043137 0.00631778268
v 0.000358560064 0.0396140963 0.00614051754
v 0.000358560064 0.0401091836 0.00616756175
v 0.000358560064 0.0400997624 0.00634484692
v 0.000358560064 0.0402486585 0.00644118106
v 0.000358560064 0.0402674675 0.00608660793
v 0.000358560064 0.0404069498 0.00636022724
v 0.000358560064 0.040416345 0.00618294068
v -0.000291556702 0.0392069221 0.00638259947
v -0.000311729003 0.0391754396 0.0069350712
v -0.000311729003 0.0393285677 0.00680905348
v -0.000291556702 0.0396087579 0.00639105495
v -0.000294731261 0.040664997 0.00643743901
v -7.51620537E-05 0.040664997 0.00643743901
v -7.51620537E-05 0.0405260473 0.0065791551
v -0.00029473094 0.0405260473 0.0065791551
v -0.000294731261 0.0391856246 0.00650774874
v -7.51620537E-05 0.0391856246 0.00650774874
v -7.51656262E-05 0.0390271582 0.00635031098
v -0.000294727681 0.0390271582 0.00635031098
v -0.000294731261 0.0382053517 0.00634841621
v -7.51620537E-05 0.0382053517 0.00634841621
v -7.51620537E-05 0.0375467502 0.00640826207
v -0.00029473094 0.0375467502 0.00640826207
v -0.000294731261 0.0388515852 0.00648935372
v -7.51620537E-05 0.0388515852 0.00648935372
v -7.51620537E-05 0.0382053517 0.00634841621
v -0.000294731261 0.0382053517 0.00634841621
v 5.67656753E-05 0.0383641459 0.00645938935
v 5.67656753E-05 0.0382135585 0.0063011949
v 5.67656753E-05 0.0382323712 0.00599581236
v 5.67656753E-05 0.0384007618 0.00585756684
v 5.67692514E-05 0.0390224233 0.00639776466
v 5.67659736E-05 0.0390455872 0.00599718839
v 5.67656753E-05 0.0396692157 0.00653437898
v 5.67656753E-05 0.0397022367 0.00593234831
v 5.67656753E-05 0.0398371108 0.00639491109
v 5.67656753E-05 0.0398536474 0.00608939677
v 5.67656753E-05 0.0383641459 0.00645938935
v 0.000276334875 0.0383641459 0.00645938935
v 0.000276334875 0.0382135585 0.0063011949
v 5.67656753E-05 0.0382135585 0.0063011949
v -7.51656262E-05 0.0390271582 0.00635031098
v -7.51620537E-05 0.039044816 0.00604485953
v -7.51620537E-05 0.0388868377 0.00588744972
v -7.51620537E-05 0.0388515852 0.00648935372
v -7.51620537E-05 0.038230028 0.00594793074
v -7.51620537E-05 0.0382053517 0.00634841621
v -7.51620537E-05 0.0375856683 0.00580658438
v -7.51620537E-05 0.0375467502 0.00640826207
v -7.51620537E-05 0.0374997631 0.00594971655
v -7.51620537E-05 0.0374799073 0.00625503296
v 5.67692514E-05 0.0390224233 0.00639776466
v 0.000276331586 0.0390224233 0.00639776466
v 0.000276334875 0.0383641459 0.00645938935
v 5.67656753E-05 0.0383641459 0.00645938935
v 5.67656753E-05 0.0396692157 0.00653437898
v 0.000276334875 0.0396692157 0.00653437898
v 0.000276331586 0.0390224233 0.00639776466
v 5.67692514E-05 0.0390224233 0.00639776466
v -0.00029473094 0.0388868377 0.00588744972
v -0.00029473094 0.039044816 0.00604485953
v -0.000294727681 0.0390271582 0.00635031098
v -0.000294731261 0.0388515852 0.00648935372
v -0.00029473094 0.038230028 0.00594793074
v -0.000294731261 0.0382053517 0.00634841621
v -0.00029473094 0.0375856683 0.00580658438
v -0.00029473094 0.0375467502 0.00640826207
v -0.00029473094 0.0374997631 0.00594971655
v -0.00029473094 0.0374799073 0.00625503296
v 5.67656753E-05 0.0406624787 0.00648501422
v 0.000276334875 0.0406624787 0.00648501422
v 0.000276334875 0.0399889424 0.00655198283
v 5.67659736E-05 0.0399889424 0.00655198283
v 0.000276334875 0.0398536474 0.00608939677
v 0.000276334875 0.0398371108 0.00639491109
v 0.000276334875 0.0399889424 0.00655198283
v 0.000276334875 0.0400210954 0.00594990468
v 0.000276334875 0.0406624787 0.00648501422
v 0.000276331295 0.0406836495 0.00608432805
v -0.00029473094 0.0405260473 0.0065791551
v -7.51620537E-05 0.0405260473 0.0065791551
v -7.51620537E-05 0.0398619436 0.00644399272
v -0.00029473094 0.0398619436 0.00644399272
v -0.00029473094 0.0398619436 0.00644399272
v -7.51620537E-05 0.0398619436 0.00644399272
v -7.51620537E-05 0.0391856246 0.00650774874
v -0.000294731261 0.0391856246 0.00650774874
v -0.000365577929 0.0378307216 0.00594608672
v 0.000358560064 0.0378307216 0.00594608672
v 0.000358560064 0.0379788019 0.00604429049
v -0.000365577929 0.0379788019 0.00604429049
v -0.000365577929 0.0376713872 0.00602506148
v 0.000358560064 0.0376713872 0.00602506148
v 0.000358560064 0.0378307216 0.00594608672
v -0.000365577929 0.0378307216 0.00594608672
v -0.000365577929 0.0376600102 0.00620223209
v 0.000358560064 0.0376600102 0.00620223209
v 0.000358560064 0.0376713872 0.00602506148
v -0.000365577929 0.0376713872 0.00602506148
v -0.000365577929 0.0378082246 0.00630044425
v 0.000358560064 0.0378082246 0.00630044425
v 0.000358560064 0.0376600102 0.00620223209
v -0.000365577929 0.0376600102 0.00620223209
v -0.000365577929 0.0379676782 0.00622147741
v 0.000358560064 0.0379676782 0.00622147741
v 0.000358560064 0.0378082246 0.00630044425
v -0.000365577929 0.0378082246 0.00630044425
v -0.000365577929 0.0379788019 0.00604429049
v 0.000358560064 0.0379788019 0.00604429049
v 0.000358560064 0.0379676782 0.00622147741
v -0.000365577929 0.0379676782 0.00622147741
v -0.000365577929 0.038637083 0.00599652296
v 0.000358560064 0.038637083 0.00599652296
v 0.000358560064 0.0387854688 0.00609474536
v -0.000365577929 0.0387854688 0.00609474536
v -0.000365577929 0.0384780653 0.00607551821
v 0.000358560064 0.0384780653 0.00607551821
v 0.000358560064 0.038637083 0.00599652296
v -0.000365577929 0.038637083 0.00599652296
v -0.000365577929 0.0384673625 0.00625273027
v 0.000358560064 0.0384673625 0.00625273027
v 0.000358560064 0.0384780653 0.00607551821
v -0.000365577929 0.0384780653 0.00607551821
v -0.000365577929 0.0386159234 0.00635096338
v 0.000358560064 0.0386159234 0.00635096338
v 0.000358560064 0.0384673625 0.00625273027
v -0.000365577929 0.0384673625 0.00625273027
v -0.000365577929 0.0387750156 0.00627197232
v 0.000358560064 0.0387750156 0.00627197232
v 0.000358560064 0.0386159234 0.00635096338
v -0.000365577929 0.0386159234 0.00635096338
v -0.000365577929 0.0387854688 0.00609474536
v 0.000358560064 0.0387854688 0.00609474536
v 0.000358560064 0.0387750156 0.00627197232
v -0.000365577929 0.0387750156 0.00627197232
v -0.000365577929 0.039465297 0.00604342157
v 0.000358560064 0.039465297 0.00604342157
v 0.000358560064 0.0396140963 0.00614051754
v -0.000365577929 0.0396140963 0.00614051754
v -0.000365577929 0.039306581 0.00612358423
v 0.000358560064 0.039306581 0.00612358423
v 0.000358560064 0.039465297 0.00604342157
v -0.000365577929 0.039465297 0.00604342157
v -0.000365577929 0.0392965488 0.00630083587
v 0.000358560064 0.0392965488 0.00630083587
v 0.000358560064 0.039306581 0.00612358423
v -0.000365577929 0.039306581 0.00612358423
v -0.000365577929 0.0394454785 0.00639793975
v 0.000358560064 0.0394454785 0.00639793975
v 0.000358560064 0.0392965488 0.00630083587
v -0.000365577929 0.0392965488 0.00630083587
v -0.000365577929 0.0396043137 0.00631778268
v 0.000358560064 0.0396043137 0.00631778268
v 0.000358560064 0.0394454785 0.00639793975
v -0.000365577929 0.0394454785 0.00639793975
v -0.000365577929 0.0396140963 0.00614051754
v 0.000358560064 0.0396140963 0.00614051754
v 0.000358560064 0.0396043137 0.00631778268
v -0.000365577929 0.0396043137 0.00631778268
v -0.000365577929 0.0402674675 0.00608660793
v 0.000358560064 0.0402674675 0.00608660793
v 0.000358560064 0.040416345 0.00618294068
v -0.000365577929 0.040416345 0.00618294068
v -0.000365577929 0.0401091836 0.00616756175
v 0.000358560064 0.0401091836 0.00616756175
v 0.000358560064 0.0402674675 0.00608660793
v -0.000365577929 0.0402674675 0.00608660793
v -0.000365577929 0.0400997624 0.00634484738
v 0.000358560064 0.0400997624 0.00634484692
v 0.000358560064 0.0401091836 0.00616756175
v -0.000365577929 0.0401091836 0.00616756175
v -0.000365577929 0.0402486585 0.00644118106
v 0.000358560064 0.0402486585 0.00644118106
v 0.000358560064 0.0400997624 0.00634484692
v -0.000365577929 0.0400997624 0.00634484738
v -0.000365577929 0.0404069498 0.00636022724
v 0.000358560064 0.0404069498 0.00636022724
v 0.000358560064 0.0402486585 0.00644118106
v -0.000365577929 0.0402486585 0.00644118106
v -0.000365577929 0.040416345 0.00618294068
v 0.000358560064 0.040416345 0.00618294068
v 0.000358560064 0.0404069498 0.00636022724
v -0.000365577929 0.0404069498 0.00636022724
v 5.8612226E-05 0.0380775332 0.00691539561
v 5.8612226E-05 0.0380852446 0.00689692982
v 0.000182036747 0.0381230935 0.00690166652
v 0.000182036747 0.0381076336 0.0069387597
v 0.000324717461 0.0381403901 0.00695570931
v 0.000286205119 0.0381582752 0.00691281585
v 0.000275288825 0.038030412 0.0058993944
v 0.000335633755 0.038030412 0.0058993944
v -0.00032655953 0.0393285677 0.00680905348
v -0.000311729003 0.0393285677 0.00680905348
v -0.000311729003 0.0391754396 0.0069350712
v -0.00032655953 0.0391754396 0.0069350712
v -0.000346732122 0.0392303579 0.00597132789
v -0.000286387192 0.0392303579 0.00597132789
v -0.000286388095 0.0397570021 0.00606688485
v -0.000346731249 0.0397570021 0.00606688485
v -0.00032655953 0.0391754396 0.0069350712
v -0.000311729003 0.0391754396 0.0069350712
v -0.000291556702 0.0392069221 0.00638259947
v -0.000346732122 0.0392069221 0.00638259947
v -0.000291556702 0.0392069221 0.00638259947
v -0.000286387192 0.0392303579 0.00597132789
v -0.000346732122 0.0392303579 0.00597132789
v -0.000346731249 0.0397570021 0.00606688485
v -0.000286388095 0.0397570021 0.00606688485
v -0.000291556702 0.0396087579 0.00639105495
v -0.000346732122 0.0396087579 0.00639105495
v -0.000346732122 0.0396087579 0.00639105495
v -0.000291556702 0.0396087579 0.00639105495
v -0.000311729003 0.0393285677 0.00680905348
v -0.00032655953 0.0393285677 0.00680905348
v 0.000182036747 0.0381076336 0.0069387597
v 0.000182036747 0.0381230935 0.00690166652
v 0.000286205119 0.0381582752 0.00691281585
v 0.000324717461 0.0381403901 0.00695570931
v 7.13765621E-06 0.0375018604 0.00668803556
v -0.000291185977 0.037505772 0.0066787242
v 5.8612226E-05 0.0380775332 0.00691539561
v 0.000182036747 0.0381076336 0.0069387597
v 0.000328726775 0.0375021957 0.00668722717
v 7.13765621E-06 0.0375018604 0.00668803556
v 0.000182036747 0.0381076336 0.0069387597
v 0.000324717461 0.0381403901 0.00695570931
v -0.000291185977 0.0375135243 0.00666026166
v 7.13765621E-06 0.0375174209 0.0066509489
v 0.000182036747 0.0381230935 0.00690166652
v 5.8612226E-05 0.0380852446 0.00689692982
v 7.13765621E-06 0.0375174209 0.0066509489
v 0.000282196095 0.0375171006 0.00665175915
v 0.000286205119 0.0381582752 0.00691281585
v 0.000182036747 0.0381230935 0.00690166652
v -0.000291185977 0.037505772 0.0066787242
v -0.000291185977 0.0375135243 0.00666026166
v 5.8612226E-05 0.0380852446 0.00689692982
v 5.8612226E-05 0.0380775332 0.00691539561
v 7.13765621E-06 0.0375018604 0.00668803556
v 7.13765621E-06 0.0375174209 0.0066509489
v -0.000291185977 0.0375135243 0.00666026166
v -0.000291185977 0.037505772 0.0066787242
v 0.000328726775 0.0375021957 0.00668722717
v 7.13765621E-06 0.0375174209 0.0066509489
v 0.000282196095 0.0375171006 0.00665175915
v -0.000294727681 0.0390271582 0.00635031098
v -7.51656262E-05 0.0390271582 0.00635031098
v -7.51620537E-05 0.0388515852 0.00648935372
v -0.000294731261 0.0388515852 0.00648935372
v 5.67656753E-05 0.0398371108 0.00639491109
v 0.000276334875 0.0398371108 0.00639491109
v 0.000276334875 0.0396692157 0.00653437898
v 5.67656753E-05 0.0396692157 0.00653437898
v 5.67659736E-05 0.0399889424 0.00655198283
v 0.000276334875 0.0399889424 0.00655198283
v 0.000276334875 0.0398371108 0.00639491109
v 5.67656753E-05 0.0398371108 0.00639491109
v 5.67656753E-05 0.0382135585 0.0063011949
v 0.000276334875 0.0382135585 0.0063011949
v 0.000276334875 0.0380447432 0.00643941248
v 5.67656753E-05 0.0380447432 0.00643941248
v 5.67656753E-05 0.0431571752 0.00671991333
v 5.67656753E-05 0.04300946 0.00656111212
v 5.67653769E-05 0.0430292599 0.00625579292
v 5.67656753E-05 0.0431977361 0.00611834275
v 5.67653769E-05 0.0438243002 0.00666408939
v 5.67686548E-05 0.0438555144 0.0062640598
v -0.000294731261 0.0437327474 0.00615445897
v -0.000294731261 0.043851804 0.00631155726
v -0.000294731552 0.0438280106 0.00661659148
v -0.000294731261 0.0436870456 0.00675565982
v -0.000294731552 0.0430595577 0.00621008873
v -0.000294731552 0.0430334099 0.00661048107
v -0.000294731261 0.0423989557 0.00606806437
v -0.000294731261 0.042364683 0.00667002471
v -0.000294731261 0.0422241949 0.00620816881
v -0.000294727972 0.0422070213 0.00651364727
v -0.000365577929 0.0409930013 0.006478447
v -0.000365577929 0.0408440866 0.00638211239
v -0.000365577929 0.0408534333 0.00620482303
v -0.000365577929 0.0410116762 0.00612386735
v -0.000365577929 0.041151274 0.00639749225
v -0.000365577929 0.0411606021 0.0062202015
v -0.000365577929 0.0417977981 0.00651820004
v -0.000365577929 0.0416494086 0.0064220624
v -0.000365577929 0.041658964 0.00624478469
v -0.000365577929 0.0418171398 0.00616365531
v -0.000365577929 0.0419558622 0.00643706415
v -0.000365577929 0.0419656448 0.00625979807
v -0.00036557822 0.0426227935 0.0065595964
v -0.00036557822 0.0424751751 0.00646248553
v -0.00036557822 0.0424853303 0.00628524087
v -0.00036557822 0.0426435843 0.00620513409
v -0.00036557822 0.0427800938 0.00648126006
v -0.00036557822 0.042790927 0.00630405452
v -0.00036557822 0.0434156694 0.00661314605
v -0.00036557822 0.0432698987 0.00651433831
v -0.00036557822 0.0432821177 0.00633722404
v -0.00036557822 0.043440979 0.00625897804
v -0.00036557822 0.0435741022 0.00653486652
v -0.00036557822 0.0435871892 0.00635781465
v -0.000346732442 0.0423858911 0.00654478418
v -0.000346732442 0.0424093343 0.00613351353
v -0.00034673154 0.0429334342 0.00623211777
v -0.000346732442 0.0427839831 0.00655460404
v -0.000326560141 0.0423544012 0.0070972559
v -0.000326559821 0.042506285 0.00697028404
v 0.000276334584 0.04300946 0.00656111212
v 0.000276334584 0.0430292599 0.00625579245
v 0.000276334584 0.0428800285 0.00609689159
v 0.000276334293 0.0428425297 0.00669866009
v 0.000276334293 0.0422249027 0.00616050512
v 0.000276331004 0.0422023684 0.00656111771
v 0.000276334875 0.0415803045 0.00602798024
v 0.000276334875 0.0415480807 0.00663005374
v 0.000276334875 0.041413296 0.00616846653
v 0.000276334875 0.0413971432 0.00647400133
v -7.5162352E-05 0.0438280106 0.00661659148
v -7.5162352E-05 0.043851804 0.00631155726
v -7.5162352E-05 0.0437327474 0.00615445897
v -7.5162352E-05 0.0436870456 0.00675565982
v -7.5162352E-05 0.0430595577 0.00621008873
v -7.5162352E-05 0.0430334099 0.00661048107
v -7.5162352E-05 0.0423989557 0.00606806437
v -7.5162352E-05 0.042364683 0.00667002471
v -7.5162352E-05 0.0422241949 0.00620816881
v -7.51659245E-05 0.0422070213 0.00651364727
v 0.000358560064 0.0408534333 0.00620482303
v 0.000358560064 0.0408440866 0.00638211193
v 0.000358560064 0.0409930013 0.006478447
v 0.000358560064 0.0410116762 0.00612386735
v 0.000358560064 0.041151274 0.00639749225
v 0.000358560064 0.0411606021 0.0062202015
v 0.000358560064 0.041658964 0.00624478469
v 0.000358560064 0.0416494086 0.0064220624
v 0.000358560064 0.0417977981 0.00651820004
v 0.000358560064 0.0418171398 0.00616365531
v 0.000358560064 0.0419558622 0.00643706415
v 0.000358560064 0.0419656448 0.00625979807
v 0.000358559773 0.0424853303 0.00628524087
v 0.000358559773 0.0424751751 0.00646248553
v 0.000358559773 0.0426227935 0.0065595964
v 0.000358559773 0.0426435843 0.00620513409
v 0.000358559773 0.0427800938 0.00648126006
v 0.000358559773 0.042790927 0.00630405452
v 0.000358559773 0.0432821177 0.00633722404
v 0.000358559482 0.0432698987 0.00651433831
v 0.000358559773 0.0434156694 0.00661314651
v 0.000358559773 0.043440979 0.00625897804
v 0.000358559773 0.0435741022 0.00653486652
v 0.000358559773 0.0435871892 0.00635781465
v -0.000291556993 0.0423858911 0.00654478418
v -0.000311729294 0.0423544012 0.0070972559
v -0.000311729294 0.042506285 0.00697028404
v -0.000291556993 0.0427839831 0.00655460404
v -0.000294731552 0.0438280106 0.00661659148
v -7.5162352E-05 0.0438280106 0.00661659148
v -7.5162352E-05 0.0436870456 0.00675565982
v -0.000294731261 0.0436870456 0.00675565982
v -0.000294731261 0.042364683 0.00667002471
v -7.5162352E-05 0.042364683 0.00667002471
v -7.51659245E-05 0.0422070213 0.00651364727
v -0.000294727972 0.0422070213 0.00651364727
v -0.000294731261 0.0413893685 0.0065213195
v -7.51620537E-05 0.0413893685 0.0065213195
v -7.51620537E-05 0.040733479 0.00658954028
v -0.000294731261 0.040733479 0.00658954028
v -0.000294731261 0.0420326702 0.006653775
v -7.51620537E-05 0.0420326702 0.006653775
v -7.51620537E-05 0.0413893685 0.0065213195
v -0.000294731261 0.0413893685 0.0065213195
v 5.67656753E-05 0.0415480807 0.00663005374
v 5.67656753E-05 0.0413971432 0.00647400133
v 5.67659736E-05 0.041413296 0.00616846653
v 5.67656753E-05 0.0415803045 0.00602798024
v 5.67689531E-05 0.0422023684 0.00656111771
v 5.67653769E-05 0.0422249027 0.00616050512
v 5.67653769E-05 0.0428425297 0.00669866009
v 5.67653769E-05 0.0428800285 0.00609689159
v 5.67656753E-05 0.04300946 0.00656111212
v 5.67653769E-05 0.0430292599 0.00625579292
v 5.67656753E-05 0.0415480807 0.00663005374
v 0.000276334875 0.0415480807 0.00663005374
v 0.000276334875 0.0413971432 0.00647400133
v 5.67656753E-05 0.0413971432 0.00647400133
v -7.51659245E-05 0.0422070213 0.00651364727
v -7.5162352E-05 0.0422241949 0.00620816881
v -7.51620537E-05 0.0420661159 0.00605176715
v -7.51620537E-05 0.0420326702 0.006653775
v -7.51620537E-05 0.0414105393 0.00612063333
v -7.51620537E-05 0.0413893685 0.0065213195
v -7.51620537E-05 0.0407652743 0.00598744303
v -7.51620537E-05 0.040733479 0.00658954028
v -7.51620537E-05 0.0406811424 0.0061319042
v -7.51620537E-05 0.040664997 0.00643743901
v 5.67689531E-05 0.0422023684 0.00656111771
v 0.000276331004 0.0422023684 0.00656111771
v 0.000276334875 0.0415480807 0.00663005374
v 5.67656753E-05 0.0415480807 0.00663005374
v 5.67653769E-05 0.0428425297 0.00669866009
v 0.000276334293 0.0428425297 0.00669866009
v 0.000276331004 0.0422023684 0.00656111771
v 5.67689531E-05 0.0422023684 0.00656111771
v -0.00029473094 0.0420661159 0.00605176715
v -0.000294731261 0.0422241949 0.00620816881
v -0.000294727972 0.0422070213 0.00651364727
v -0.000294731261 0.0420326702 0.006653775
v -0.00029473094 0.0414105393 0.00612063333
v -0.000294731261 0.0413893685 0.0065213195
v -0.00029473094 0.0407652743 0.00598744303
v -0.000294731261 0.040733479 0.00658954028
v -0.000294731261 0.0406811424 0.0061319042
v -0.000294731261 0.040664997 0.00643743901
v 5.67653769E-05 0.0438243002 0.00666408939
v 0.000276334293 0.0438243002 0.00666408939
v 0.000276334584 0.0431571752 0.00671991333
v 5.67656753E-05 0.0431571752 0.00671991333
v 0.000276334584 0.0430292599 0.00625579245
v 0.000276334584 0.04300946 0.00656111212
v 0.000276334584 0.0431571752 0.00671991333
v 0.000276334584 0.0431977361 0.00611834275
v 0.000276334293 0.0438243002 0.00666408939
v 0.000276331004 0.0438555144 0.0062640598
v -0.000294731261 0.0436870456 0.00675565982
v -7.5162352E-05 0.0436870456 0.00675565982
v -7.5162352E-05 0.0430334099 0.00661048107
v -0.000294731552 0.0430334099 0.00661048107
v -0.000294731552 0.0430334099 0.00661048107
v -7.5162352E-05 0.0430334099 0.00661048107
v -7.5162352E-05 0.042364683 0.00667002471
v -0.000294731261 0.042364683 0.00667002471
v -0.000365577929 0.0410116762 0.00612386735
v 0.000358560064 0.0410116762 0.00612386735
v 0.000358560064 0.0411606021 0.0062202015
v -0.000365577929 0.0411606021 0.0062202015
v -0.000365577929 0.0408534333 0.00620482303
v 0.000358560064 0.0408534333 0.00620482303
v 0.000358560064 0.0410116762 0.00612386735
v -0.000365577929 0.0410116762 0.00612386735
v -0.000365577929 0.0408440866 0.00638211239
v 0.000358560064 0.0408440866 0.00638211193
v 0.000358560064 0.0408534333 0.00620482303
v -0.000365577929 0.0408534333 0.00620482303
v -0.000365577929 0.0409930013 0.006478447
v 0.000358560064 0.0409930013 0.006478447
v 0.000358560064 0.0408440866 0.00638211193
v -0.000365577929 0.0408440866 0.00638211239
v -0.000365577929 0.041151274 0.00639749225
v 0.000358560064 0.041151274 0.00639749225
v 0.000358560064 0.0409930013 0.006478447
v -0.000365577929 0.0409930013 0.006478447
v -0.000365577929 0.0411606021 0.0062202015
v 0.000358560064 0.0411606021 0.0062202015
v 0.000358560064 0.041151274 0.00639749225
v -0.000365577929 0.041151274 0.00639749225
v -0.000365577929 0.0418171398 0.00616365531
v 0.000358560064 0.0418171398 0.00616365531
v 0.000358560064 0.0419656448 0.00625979807
v -0.000365577929 0.0419656448 0.00625979807
v -0.000365577929 0.041658964 0.00624478469
v 0.000358560064 0.041658964 0.00624478469
v 0.000358560064 0.0418171398 0.00616365531
v -0.000365577929 0.0418171398 0.00616365531
v -0.000365577929 0.0416494086 0.0064220624
v 0.000358560064 0.0416494086 0.0064220624
v 0.000358560064 0.041658964 0.00624478469
v -0.000365577929 0.041658964 0.00624478469
v -0.000365577929 0.0417977981 0.00651820004
v 0.000358560064 0.0417977981 0.00651820004
v 0.000358560064 0.0416494086 0.0064220624
v -0.000365577929 0.0416494086 0.0064220624
v -0.000365577929 0.0419558622 0.00643706415
v 0.000358560064 0.0419558622 0.00643706415
v 0.000358560064 0.0417977981 0.00651820004
v -0.000365577929 0.0417977981 0.00651820004
v -0.000365577929 0.0419656448 0.00625979807
v 0.000358560064 0.0419656448 0.00625979807
v 0.000358560064 0.0419558622 0.00643706415
v -0.000365577929 0.0419558622 0.00643706415
v -0.00036557822 0.0426435843 0.00620513409
v 0.000358559773 0.0426435843 0.00620513409
v 0.000358559773 0.042790927 0.00630405452
v -0.00036557822 0.042790927 0.00630405452
v -0.00036557822 0.0424853303 0.00628524087
v 0.000358559773 0.0424853303 0.00628524087
v 0.000358559773 0.0426435843 0.00620513409
v -0.00036557822 0.0426435843 0.00620513409
v -0.00036557822 0.0424751751 0.00646248553
v 0.000358559773 0.0424751751 0.00646248553
v 0.000358559773 0.0424853303 0.00628524087
v -0.00036557822 0.0424853303 0.00628524087
v -0.00036557822 0.0426227935 0.0065595964
v 0.000358559773 0.0426227935 0.0065595964
v 0.000358559773 0.0424751751 0.00646248553
v -0.00036557822 0.0424751751 0.00646248553
v -0.00036557822 0.0427800938 0.00648126006
v 0.000358559773 0.0427800938 0.00648126006
v 0.000358559773 0.0426227935 0.0065595964
v -0.00036557822 0.0426227935 0.0065595964
v -0.00036557822 0.042790927 0.00630405452
v 0.000358559773 0.042790927 0.00630405452
v 0.000358559773 0.0427800938 0.00648126006
v -0.00036557822 0.0427800938 0.00648126006
v -0.00036557822 0.043440979 0.00625897804
v 0.000358559773 0.043440979 0.00625897804
v 0.000358559773 0.0435871892 0.00635781465
v -0.00036557822 0.0435871892 0.00635781465
v -0.00036557822 0.0432821177 0.00633722404
v 0.000358559773 0.0432821177 0.00633722404
v 0.000358559773 0.043440979 0.00625897804
v -0.00036557822 0.043440979 0.00625897804
v -0.00036557822 0.0432698987 0.00651433831
v 0.000358559482 0.0432698987 0.00651433831
v 0.000358559773 0.0432821177 0.00633722404
v -0.00036557822 0.0432821177 0.00633722404
v -0.00036557822 0.0434156694 0.00661314605
v 0.000358559773 0.0434156694 0.00661314651
v 0.000358559482 0.0432698987 0.00651433831
v -0.00036557822 0.0432698987 0.00651433831
v -0.00036557822 0.0435741022 0.00653486652
v 0.000358559773 0.0435741022 0.00653486652
v 0.000358559773 0.0434156694 0.00661314651
v -0.00036557822 0.0434156694 0.00661314605
v -0.00036557822 0.0435871892 0.00635781465
v 0.000358559773 0.0435871892 0.00635781465
v 0.000358559773 0.0435741022 0.00653486652
v -0.00036557822 0.0435741022 0.00653486652
v 5.8612226E-05 0.0412674025 0.00708987052
v 5.8612226E-05 0.0412749089 0.00707131065
v 0.000182036747 0.041312445 0.00707552396
v 0.000182036747 0.0412974618 0.0071128211
v 0.000324717461 0.0413300134 0.00712930365
v 0.000286205119 0.0413473584 0.0070861741
v 0.000275288825 0.0412107185 0.00607469119
v 0.000335633755 0.0412107185 0.00607469119
v -0.000326559821 0.042506285 0.00697028404
v -0.000311729294 0.042506285 0.00697028404
v -0.000311729294 0.0423544012 0.0070972559
v -0.000326560141 0.0423544012 0.0070972559
v -0.000346732442 0.0424093343 0.00613351353
v -0.000286387483 0.0424093343 0.00613351353
v -0.000286388386 0.0429334342 0.00623211777
v -0.00034673154 0.0429334342 0.00623211777
v -0.000326560141 0.0423544012 0.0070972559
v -0.000311729294 0.0423544012 0.0070972559
v -0.000291556993 0.0423858911 0.00654478418
v -0.000346732442 0.0423858911 0.00654478418
v -0.000291556993 0.0423858911 0.00654478418
v -0.000286387483 0.0424093343 0.00613351353
v -0.000346732442 0.0424093343 0.00613351353
v -0.00034673154 0.0429334342 0.00623211777
v -0.000286388386 0.0429334342 0.00623211777
v -0.000291556993 0.0427839831 0.00655460404
v -0.000346732442 0.0427839831 0.00655460404
v -0.000346732442 0.0427839831 0.00655460404
v -0.000291556993 0.0427839831 0.00655460404
v -0.000311729294 0.042506285 0.00697028404
v -0.000326559821 0.042506285 0.00697028404
v 0.000182036747 0.0412974618 0.0071128211
v 0.000182036747 0.041312445 0.00707552396
v 0.000286205119 0.0413473584 0.0070861741
v 0.000324717461 0.0413300134 0.00712930365
v 7.13765621E-06 0.0406920239 0.00686984835
v -0.000291185977 0.0406958088 0.00686048856
v 5.8612226E-05 0.0412674025 0.00708987052
v 0.000182036747 0.0412974618 0.0071128211
v 0.000328726775 0.0406923555 0.00686903531
v 7.13765621E-06 0.0406920239 0.00686984835
v 0.000182036747 0.0412974618 0.0071128211
v 0.000324717461 0.0413300134 0.00712930365
v -0.000291185977 0.0407033153 0.00684192963
v 7.13765621E-06 0.0407070927 0.00683256984
v 0.000182036747 0.041312445 0.00707552396
v 5.8612226E-05 0.0412749089 0.00707131065
v 7.13765621E-06 0.0407070927 0.00683256984
v 0.000282195804 0.0407067761 0.00683338195
v 0.000286205119 0.0413473584 0.0070861741
v 0.000182036747 0.041312445 0.00707552396
v -0.000291185977 0.0406958088 0.00686048856
v -0.000291185977 0.0407033153 0.00684192963
v 5.8612226E-05 0.0412749089 0.00707131065
v 5.8612226E-05 0.0412674025 0.00708987052
v 7.13765621E-06 0.0406920239 0.00686984835
v 7.13765621E-06 0.0407070927 0.00683256984
v -0.000291185977 0.0407033153 0.00684192963
v -0.000291185977 0.0406958088 0.00686048856
v 0.000328726775 0.0406923555 0.00686903531
v 7.13765621E-06 0.0407070927 0.00683256984
v 0.000282195804 0.0407067761 0.00683338195
v -0.000294727972 0.0422070213 0.00651364727
v -7.51659245E-05 0.0422070213 0.00651364727
v -7.51620537E-05 0.0420326702 0.006653775
v -0.000294731261 0.0420326702 0.006653775
v 5.67656753E-05 0.04300946 0.00656111212
v 0.000276334584 0.04300946 0.00656111212
v 0.000276334293 0.0428425297 0.00669866009
v 5.67653769E-05 0.0428425297 0.00669866009
v 5.67656753E-05 0.0431571752 0.00671991333
v 0.000276334584 0.0431571752 0.00671991333
v 0.000276334584 0.04300946 0.00656111212
v 5.67656753E-05 0.04300946 0.00656111212
v 5.67656753E-05 0.0413971432 0.00647400133
v 0.000276334875 0.0413971432 0.00647400133
v 0.000276334875 0.0412302874 0.00661441311
v 5.67656753E-05 0.0412302874 0.00661441311
v 5.67656753E-05 0.0463192053 0.00698705018
v 5.67653769E-05 0.0461715497 0.00682484172
v 5.67653769E-05 0.0461964495 0.00651989551
v 5.67656753E-05 0.0463676341 0.00638606213
v 5.67653769E-05 0.0470034778 0.00693529472
v 5.67689531E-05 0.0470298678 0.00653491821
v -0.000294731261 0.0469052196 0.00642482797
v -0.000294731261 0.0470267273 0.00658245711
v -0.000294731261 0.0470066071 0.00688775582
v -0.000294731552 0.0468638428 0.00702634221
v -0.000294731552 0.0462276265 0.00647485349
v -0.000294731552 0.0461950377 0.00687477319
v -0.000294731552 0.0455682464 0.00631464273
v -0.000294731261 0.0455166996 0.00691537
v -0.000294731261 0.0453892127 0.0064477101
v -0.000294727972 0.0453627296 0.00675252313
v -0.00036557822 0.0441527069 0.00666994089
v -0.00036557822 0.0440074056 0.00656798808
v -0.00036557822 0.0440214798 0.00639101118
v -0.00036557822 0.0441813283 0.00631602434
v -0.00036557822 0.0443123318 0.00659493543
v -0.00036557822 0.0443268754 0.00641799672
v -0.00036557822 0.0449522659 0.00674059149
v -0.00036557822 0.0448075756 0.00663869502
v -0.00036557822 0.0448228717 0.00646181963
v -0.00036557822 0.0449833386 0.00638688169
v -0.00036557822 0.0451127887 0.00666570291
v -0.00036557822 0.0451284498 0.00648885965
v -0.00036557822 0.0457797609 0.00681446586
v -0.000365577929 0.0456335545 0.00671227137
v -0.00036557822 0.0456486121 0.00653537689
v -0.00036557822 0.0458095446 0.00646064617
v -0.00036557822 0.0459408574 0.00673974957
v -0.00036557822 0.0459555723 0.00656282529
v -0.00036557822 0.0465851016 0.00688199187
v -0.00036557822 0.0464366227 0.00678228028
v -0.00036557822 0.0464504994 0.00660528755
v -0.00036557822 0.0466116704 0.0065279156
v -0.00036557822 0.0467468537 0.00680465857
v -0.00036557822 0.0467595384 0.00662757689
v -0.000346732442 0.0455415733 0.00679095974
v -0.000346732442 0.0455767512 0.00638052635
v -0.00034673154 0.0461004898 0.00649408344
v -0.000346732442 0.0459432788 0.00681317272
v -0.000326560141 0.0454943068 0.0073423055
v -0.000326560141 0.0456511974 0.00722155068
v 0.000276334584 0.0461715497 0.00682484172
v 0.000276334584 0.0461964495 0.00651989551
v 0.000276334584 0.0460494496 0.00635767495
v 0.000276334293 0.0459997542 0.00695855962
v 0.000276334293 0.0453913398 0.00640006876
v 0.000276331004 0.0453565978 0.00679980684
v 0.000276334293 0.0447513871 0.00624197582
v 0.000276334293 0.0446998887 0.00684270775
v 0.000276334584 0.0445802584 0.00637592142
v 0.000276334584 0.0445545465 0.00668080011
v -7.5162352E-05 0.0470066071 0.00688775582
v -7.5162352E-05 0.0470267273 0.00658245711
v -7.5162352E-05 0.0469052196 0.00642482797
v -7.51626503E-05 0.0468638428 0.00702634221
v -7.5162352E-05 0.0462276265 0.00647485442
v -7.51626503E-05 0.0461950377 0.00687477319
v -7.5162352E-05 0.0455682464 0.00631464273
v -7.51626503E-05 0.0455166996 0.00691537
v -7.5162352E-05 0.0453892127 0.0064477101
v -7.51659245E-05 0.0453627296 0.00675252313
v 0.000358559773 0.0440214798 0.00639101118
v 0.000358559773 0.0440074056 0.00656798808
v 0.000358559482 0.0441527069 0.00666994089
v 0.000358559773 0.0441813283 0.00631602434
v 0.000358559482 0.0443123318 0.00659493543
v 0.000358559773 0.0443268754 0.00641799672
v 0.000358559773 0.0448228717 0.00646181963
v 0.000358559773 0.0448075756 0.00663869502
v 0.000358559773 0.0449522659 0.00674059149
v 0.000358559773 0.0449833386 0.00638688169
v 0.000358559773 0.0451127887 0.00666570291
v 0.000358559773 0.0451284498 0.00648885965
v 0.000358559773 0.0456486121 0.00653537689
v 0.000358559773 0.0456335545 0.00671227137
v 0.000358559482 0.0457797609 0.00681446586
v 0.000358559773 0.0458095446 0.00646064617
v 0.000358559482 0.0459408574 0.00673974957
v 0.000358559773 0.0459555723 0.00656282576
v 0.000358559482 0.0464504994 0.00660528755
v 0.000358559482 0.0464366227 0.00678228028
v 0.000358559482 0.0465851016 0.00688199187
v 0.000358559773 0.0466116704 0.0065279156
v 0.000358559773 0.0467468537 0.00680465857
v 0.000358559482 0.0467595384 0.00662757689
v -0.000291556993 0.0455415733 0.00679095974
v -0.000311729294 0.0454943068 0.0073423055
v -0.000311729294 0.0456511974 0.00722155068
v -0.000291556993 0.0459432788 0.00681317272
v -0.000294731261 0.0470066071 0.00688775582
v -7.5162352E-05 0.0470066071 0.00688775582
v -7.51626503E-05 0.0468638428 0.00702634221
v -0.000294731552 0.0468638428 0.00702634221
v -0.000294731261 0.0455166996 0.00691537
v -7.51626503E-05 0.0455166996 0.00691537
v -7.51659245E-05 0.0453627296 0.00675252313
v -0.000294727972 0.0453627296 0.00675252313
v -0.000294731552 0.0445453078 0.00672781095
v -7.51626503E-05 0.0445453078 0.00672781095
v -7.5162352E-05 0.0438920856 0.00677131442
v -0.000294731261 0.0438920856 0.00677131442
v -0.000294731552 0.045183029 0.00688553276
v -7.51626503E-05 0.045183029 0.00688553276
v -7.51626503E-05 0.0445453078 0.00672781095
v -0.000294731552 0.0445453078 0.00672781095
v 5.67653769E-05 0.0446998887 0.00684270775
v 5.67656753E-05 0.0445545465 0.00668080011
v 5.67656753E-05 0.0445802584 0.00637592142
v 5.67653769E-05 0.0447513871 0.00624197582
v 5.67686548E-05 0.0453565978 0.00679980684
v 5.67653769E-05 0.0453913398 0.00640006876
v 5.67656753E-05 0.0459997542 0.00695855962
v 5.67656753E-05 0.0460494496 0.00635767495
v 5.67653769E-05 0.0461715497 0.00682484172
v 5.67653769E-05 0.0461964495 0.00651989551
v 5.67653769E-05 0.0446998887 0.00684270775
v 0.000276334293 0.0446998887 0.00684270775
v 0.000276334584 0.0445545465 0.00668080011
v 5.67656753E-05 0.0445545465 0.00668080011
v -7.51659245E-05 0.0453627296 0.00675252313
v -7.5162352E-05 0.0453892127 0.0064477101
v -7.5162352E-05 0.0452358611 0.00628491677
v -7.51626503E-05 0.045183029 0.00688553276
v -7.5162352E-05 0.0445790105 0.00632798439
v -7.51626503E-05 0.0445453078 0.00672781095
v -7.5162352E-05 0.0439393781 0.00617023697
v -7.5162352E-05 0.0438920856 0.00677131442
v -7.5162352E-05 0.043851804 0.00631155726
v -7.5162352E-05 0.0438280106 0.00661659148
v 5.67686548E-05 0.0453565978 0.00679980684
v 0.000276331004 0.0453565978 0.00679980684
v 0.000276334293 0.0446998887 0.00684270775
v 5.67653769E-05 0.0446998887 0.00684270775
v 5.67656753E-05 0.0459997542 0.00695855962
v 0.000276334293 0.0459997542 0.00695855962
v 0.000276331004 0.0453565978 0.00679980684
v 5.67686548E-05 0.0453565978 0.00679980684
v -0.000294731261 0.0452358611 0.00628491677
v -0.000294731261 0.0453892127 0.0064477101
v -0.000294727972 0.0453627296 0.00675252313
v -0.000294731552 0.045183029 0.00688553276
v -0.000294731552 0.0445790105 0.00632798439
v -0.000294731552 0.0445453078 0.00672781095
v -0.000294731261 0.0439393781 0.00617023697
v -0.000294731261 0.0438920856 0.00677131442
v -0.000294731261 0.043851804 0.00631155726
v -0.000294731552 0.0438280106 0.00661659148
v 5.67653769E-05 0.0470034778 0.00693529472
v 0.000276334293 0.0470034778 0.00693529472
v 0.000276334584 0.0463192053 0.00698705018
v 5.67656753E-05 0.0463192053 0.00698705018
v 0.000276334584 0.0461964495 0.00651989551
v 0.000276334584 0.0461715497 0.00682484172
v 0.000276334584 0.0463192053 0.00698705018
v 0.000276334584 0.0463676341 0.00638606213
v 0.000276334293 0.0470034778 0.00693529472
v 0.000276331004 0.0470298678 0.00653491821
v -0.000294731552 0.0468638428 0.00702634221
v -7.51626503E-05 0.0468638428 0.00702634221
v -7.51626503E-05 0.0461950377 0.00687477319
v -0.000294731552 0.0461950377 0.00687477319
v -0.000294731552 0.0461950377 0.00687477319
v -7.51626503E-05 0.0461950377 0.00687477319
v -7.51626503E-05 0.0455166996 0.00691537
v -0.000294731261 0.0455166996 0.00691537
v -0.00036557822 0.0441813283 0.00631602434
v 0.000358559773 0.0441813283 0.00631602434
v 0.000358559773 0.0443268754 0.00641799672
v -0.00036557822 0.0443268754 0.00641799672
v -0.00036557822 0.0440214798 0.00639101118
v 0.000358559773 0.0440214798 0.00639101118
v 0.000358559773 0.0441813283 0.00631602434
v -0.00036557822 0.0441813283 0.00631602434
v -0.00036557822 0.0440074056 0.00656798808
v 0.000358559773 0.0440074056 0.00656798808
v 0.000358559773 0.0440214798 0.00639101118
v -0.00036557822 0.0440214798 0.00639101118
v -0.00036557822 0.0441527069 0.00666994089
v 0.000358559482 0.0441527069 0.00666994089
v 0.000358559773 0.0440074056 0.00656798808
v -0.00036557822 0.0440074056 0.00656798808
v -0.00036557822 0.0443123318 0.00659493543
v 0.000358559482 0.0443123318 0.00659493543
v 0.000358559482 0.0441527069 0.00666994089
v -0.00036557822 0.0441527069 0.00666994089
v -0.00036557822 0.0443268754 0.00641799672
v 0.000358559773 0.0443268754 0.00641799672
v 0.000358559482 0.0443123318 0.00659493543
v -0.00036557822 0.0443123318 0.00659493543
v -0.00036557822 0.0449833386 0.00638688169
v 0.000358559773 0.0449833386 0.00638688169
v 0.000358559773 0.0451284498 0.00648885965
v -0.00036557822 0.0451284498 0.00648885965
v -0.00036557822 0.0448228717 0.00646181963
v 0.000358559773 0.0448228717 0.00646181963
v 0.000358559773 0.0449833386 0.00638688169
v -0.00036557822 0.0449833386 0.00638688169
v -0.00036557822 0.0448075756 0.00663869502
v 0.000358559773 0.0448075756 0.00663869502
v 0.000358559773 0.0448228717 0.00646181963
v -0.00036557822 0.0448228717 0.00646181963
v -0.00036557822 0.0449522659 0.00674059149
v 0.000358559773 0.0449522659 0.00674059149
v 0.000358559773 0.0448075756 0.00663869502
v -0.00036557822 0.0448075756 0.00663869502
v -0.00036557822 0.0451127887 0.00666570291
v 0.000358559773 0.0451127887 0.00666570291
v 0.000358559773 0.0449522659 0.00674059149
v -0.00036557822 0.0449522659 0.00674059149
v -0.00036557822 0.0451284498 0.00648885965
v 0.000358559773 0.0451284498 0.00648885965
v 0.000358559773 0.0451127887 0.00666570291
v -0.00036557822 0.0451127887 0.00666570291
v -0.00036557822 0.0458095446 0.00646064617
v 0.000358559773 0.0458095446 0.00646064617
v 0.000358559773 0.0459555723 0.00656282576
v -0.00036557822 0.0459555723 0.00656282529
v -0.00036557822 0.0456486121 0.00653537689
v 0.000358559773 0.0456486121 0.00653537689
v 0.000358559773 0.0458095446 0.00646064617
v -0.00036557822 0.0458095446 0.00646064617
v -0.000365577929 0.0456335545 0.00671227137
v 0.000358559773 0.0456335545 0.00671227137
v 0.000358559773 0.0456486121 0.00653537689
v -0.00036557822 0.0456486121 0.00653537689
v -0.00036557822 0.0457797609 0.00681446586
v 0.000358559482 0.0457797609 0.00681446586
v 0.000358559773 0.0456335545 0.00671227137
v -0.000365577929 0.0456335545 0.00671227137
v -0.00036557822 0.0459408574 0.00673974957
v 0.000358559482 0.0459408574 0.00673974957
v 0.000358559482 0.0457797609 0.00681446586
v -0.00036557822 0.0457797609 0.00681446586
v -0.00036557822 0.0459555723 0.00656282529
v 0.000358559773 0.0459555723 0.00656282576
v 0.000358559482 0.0459408574 0.00673974957
v -0.00036557822 0.0459408574 0.00673974957
v -0.00036557822 0.0466116704 0.0065279156
v 0.000358559773 0.0466116704 0.0065279156
v 0.000358559482 0.0467595384 0.00662757689
v -0.00036557822 0.0467595384 0.00662757689
v -0.00036557822 0.0464504994 0.00660528755
v 0.000358559482 0.0464504994 0.00660528755
v 0.000358559773 0.0466116704 0.0065279156
v -0.00036557822 0.0466116704 0.0065279156
v -0.00036557822 0.0464366227 0.00678228028
v 0.000358559482 0.0464366227 0.00678228028
v 0.000358559482 0.0464504994 0.00660528755
v -0.00036557822 0.0464504994 0.00660528755
v -0.00036557822 0.0465851016 0.00688199187
v 0.000358559482 0.0465851016 0.00688199187
v 0.000358559482 0.0464366227 0.00678228028
v -0.00036557822 0.0464366227 0.00678228028
v -0.00036557822 0.0467468537 0.00680465857
v 0.000358559773 0.0467468537 0.00680465857
v 0.000358559482 0.0465851016 0.00688199187
v -0.00036557822 0.0465851016 0.00688199187
v -0.00036557822 0.0467595384 0.00662757689
v 0.000358559482 0.0467595384 0.00662757689
v 0.000358559773 0.0467468537 0.00680465857
v -0.00036557822 0.0467468537 0.00680465857
v 5.86119277E-05 0.0444062501 0.0072916057
v 5.86119277E-05 0.0444142334 0.00727332709
v 0.000182036456 0.0444513597 0.00727898302
v 0.000182036456 0.0444353111 0.00731569622
v 0.00032471717 0.0444671325 0.00733344024
v 0.000286204799 0.0444857292 0.0072909859
v 0.000275288505 0.0443811417 0.00627438212
v 0.000335633464 0.0443811417 0.00627438212
v -0.000326560141 0.0456511974 0.00722155068
v -0.000311729294 0.0456511974 0.00722155068
v -0.000311729294 0.0454943068 0.0073423055
v -0.000326560141 0.0454943068 0.0073423055
v -0.000346732442 0.0455767512 0.00638052635
v -0.000286387483 0.0455767512 0.00638052635
v -0.000286388386 0.0461004898 0.00649408344
v -0.00034673154 0.0461004898 0.00649408344
v -0.000326560141 0.0454943068 0.0073423055
v -0.000311729294 0.0454943068 0.0073423055
v -0.000291556993 0.0455415733 0.00679095974
v -0.000346732442 0.0455415733 0.00679095974
v -0.000291556993 0.0455415733 0.00679095974
v -0.000286387483 0.0455767512 0.00638052635
v -0.000346732442 0.0455767512 0.00638052635
v -0.00034673154 0.0461004898 0.00649408344
v -0.000286388386 0.0461004898 0.00649408344
v -0.000291556993 0.0459432788 0.00681317272
v -0.000346732442 0.0459432788 0.00681317272
v -0.000346732442 0.0459432788 0.00681317272
v -0.000291556993 0.0459432788 0.00681317272
v -0.000311729294 0.0456511974 0.00722155068
v -0.000326560141 0.0456511974 0.00722155068
v 0.000182036456 0.0444353111 0.00731569622
v 0.000182036456 0.0444513597 0.00727898302
v 0.000286204799 0.0444857292 0.0072909859
v 0.00032471717 0.0444671325 0.00733344024
v 7.1373579E-06 0.0438436866 0.00705015287
v -0.000291186268 0.0438476838 0.00704093277
v 5.86119277E-05 0.0444062501 0.0072916057
v 0.000182036456 0.0444353111 0.00731569622
v 0.000328726164 0.043844033 0.0070493524
v 7.1373579E-06 0.0438436866 0.00705015287
v 0.000182036456 0.0444353111 0.00731569622
v 0.00032471717 0.0444671325 0.00733344024
v -0.000291186268 0.0438555814 0.00702264719
v 7.1373579E-06 0.0438595749 0.00701342616
v 0.000182036456 0.0444513597 0.00727898302
v 5.86119277E-05 0.0444142334 0.00727332709
v 7.1373579E-06 0.0438595749 0.00701342616
v 0.000282195804 0.0438592248 0.00701422663
v 0.000286204799 0.0444857292 0.0072909859
v 0.000182036456 0.0444513597 0.00727898302
v -0.000291186268 0.0438476838 0.00704093277
v -0.000291186268 0.0438555814 0.00702264719
v 5.86119277E-05 0.0444142334 0.00727332709
v 5.86119277E-05 0.0444062501 0.0072916057
v 7.1373579E-06 0.0438436866 0.00705015287
v 7.1373579E-06 0.0438595749 0.00701342616
v -0.000291186268 0.0438555814 0.00702264719
v -0.000291186268 0.0438476838 0.00704093277
v 0.000328726164 0.043844033 0.0070493524
v 7.1373579E-06 0.0438595749 0.00701342616
v 0.000282195804 0.0438592248 0.00701422663
v -0.000294727972 0.0453627296 0.00675252313
v -7.51659245E-05 0.0453627296 0.00675252313
v -7.51626503E-05 0.045183029 0.00688553276
v -0.000294731552 0.045183029 0.00688553276
v 5.67653769E-05 0.0461715497 0.00682484172
v 0.000276334584 0.0461715497 0.00682484172
v 0.000276334293 0.0459997542 0.00695855962
v 5.67656753E-05 0.0459997542 0.00695855962
v 5.67656753E-05 0.0463192053 0.00698705018
v 0.000276334584 0.0463192053 0.00698705018
v 0.000276334584 0.0461715497 0.00682484172
v 5.67653769E-05 0.0461715497 0.00682484172
v 5.67656753E-05 0.0445545465 0.00668080011
v 0.000276334584 0.0445545465 0.00668080011
v 0.000276334293 0.0443842411 0.0068148151
v 5.67656753E-05 0.0443842411 0.0068148151
v 5.67653769E-05 0.0494187623 0.0069543235
v 5.67653769E-05 0.0494076163 0.00664856518
v 5.67656753E-05 0.0495631397 0.00649428274
v 5.67653769E-05 0.0495921038 0.00709652249
v 5.67689531E-05 0.0502473041 0.0065611545
v 5.67653769E-05 0.0502876453 0.00696036639
v -0.000294731552 0.0502520949 0.00660855509
v -0.000294731552 0.0502828583 0.00691296579
v -0.000294731261 0.0501576997 0.00707493909
v -0.000294731261 0.050105188 0.00647429517
v -0.000294731552 0.0494491011 0.00700088684
v -0.000294731261 0.0494336784 0.00659993757
v -0.000294731552 0.0487549007 0.00651415391
v -0.000294731552 0.0487512387 0.00711707771
v -0.000294731261 0.048585441 0.00665709656
v -0.000294727972 0.0485814549 0.00696303183
v -0.00036557822 0.0473381691 0.00693623768
v -0.00036557822 0.0471882634 0.00683645904
v -0.00036557822 0.0471992567 0.00665926374
v -0.00036557822 0.0473589785 0.00658177584
v -0.00036557822 0.047498472 0.00685877865
v -0.00036557822 0.0475082882 0.00668151444
v -0.00036557822 0.0481615439 0.00697379699
v -0.00036557822 0.0480072089 0.00687986379
v -0.00036557822 0.0480136946 0.00670244684
v -0.00036557822 0.0481722355 0.00661888625
v -0.00036557822 0.0483212061 0.00689025316
v -0.00036557822 0.0483254232 0.0067127673
v -0.00036557822 0.0490128994 0.00699348422
v -0.00036557822 0.0488533303 0.00690766005
v -0.00036557822 0.048853673 0.00673012482
v -0.00036557822 0.0490100458 0.00663842447
v -0.00036557822 0.0491682142 0.00672152266
v -0.00036557822 0.0491716266 0.00689902529
v -0.00036557822 0.0496850386 0.00688023772
v -0.00036557822 0.0496752262 0.00670297444
v -0.00036557822 0.0498267934 0.00660854857
v -0.00036557822 0.0498503968 0.00696283486
v -0.00036557822 0.0499901362 0.00669122394
v -0.00036557822 0.0500039198 0.00686822319
v -0.000346732442 0.0487664416 0.00699141668
v -0.000346732442 0.0487686992 0.00657948432
v -0.00034673154 0.0493076406 0.00663503679
v -0.000346732442 0.0491818339 0.00697161257
v -0.000326560141 0.0487633981 0.00754477642
v -0.000326560141 0.0489160046 0.00741383247
v 0.000276334293 0.0492562205 0.00710880198
v 0.000276334293 0.0494187623 0.0069543235
v 0.000276334293 0.0494076163 0.00664856518
v 0.000276334584 0.0492412634 0.00650605187
v 0.000276334584 0.0485840216 0.00660939189
v 0.000276331004 0.0485787578 0.00701060239
v 0.000276334584 0.0479307361 0.0064868778
v 0.000276334584 0.0479064472 0.00708932383
v 0.000276334293 0.047763519 0.00662987819
v 0.000276334293 0.0477491543 0.00693550287
v -7.5162352E-05 0.0501576997 0.00707493909
v -7.5162352E-05 0.0502828583 0.00691296579
v -7.5162352E-05 0.0502520949 0.00660855509
v -7.5162352E-05 0.050105188 0.00647429517
v -7.5162352E-05 0.0494491011 0.00700088684
v -7.5162352E-05 0.0494336784 0.00659993757
v -7.5162352E-05 0.0487549007 0.00651415391
v -7.5162352E-05 0.0487512387 0.00711707771
v -7.5162352E-05 0.048585441 0.00665709656
v -7.51656262E-05 0.0485814549 0.00696303183
v 0.000358559482 0.0471992567 0.00665926421
v 0.000358559482 0.0471882634 0.00683645904
v 0.000358559773 0.0473381691 0.00693623768
v 0.000358559773 0.0473589785 0.00658177584
v 0.000358559773 0.047498472 0.00685877865
v 0.000358559773 0.0475082882 0.00668151444
v 0.000358559773 0.0480136946 0.00670244684
v 0.000358559773 0.0480072089 0.00687986379
v 0.000358559482 0.0481615439 0.00697379699
v 0.000358559773 0.0481722355 0.00661888625
v 0.000358559773 0.0483212061 0.00689025316
v 0.000358559773 0.0483254232 0.0067127673
v 0.000358559773 0.048853673 0.00673012482
v 0.000358559773 0.0488533303 0.00690766005
v 0.000358559773 0.0490128994 0.00699348422
v 0.000358559773 0.0490100458 0.00663842447
v 0.000358559773 0.0491682142 0.00672152266
v 0.000358559773 0.0491716266 0.00689902483
v 0.000358559482 0.0498267934 0.00660854857
v 0.000358559773 0.0496752262 0.00670297444
v 0.000358559773 0.0496850386 0.00688023772
v 0.000358559773 0.0498503968 0.00696283486
v 0.000358559773 0.0499901362 0.00669122394
v 0.000358559773 0.0500039198 0.00686822319
v -0.000291556993 0.0487664416 0.00699141668
v -0.000311729294 0.0487633981 0.00754477642
v -0.000311729294 0.0489160046 0.00741383247
v -0.000291556993 0.0491818339 0.00697161257
v -0.000294731552 0.0502828583 0.00691296579
v -7.5162352E-05 0.0502828583 0.00691296579
v -7.5162352E-05 0.0501576997 0.00707493909
v -0.000294731261 0.0501576997 0.00707493909
v -0.000294731552 0.0487512387 0.00711707771
v -7.5162352E-05 0.0487512387 0.00711707771
v -7.51656262E-05 0.0485814549 0.00696303183
v -0.000294727972 0.0485814549 0.00696303183
v -0.000294731843 0.0477415062 0.00698291091
v -7.51626503E-05 0.0477415062 0.00698291091
v -7.5162352E-05 0.0470742509 0.0070414939
v -0.000294731552 0.0470742509 0.0070414939
v -0.000294731261 0.0484077521 0.00710589765
v -7.5162352E-05 0.0484077521 0.00710589765
v -7.51626503E-05 0.0477415062 0.00698291091
v -0.000294731843 0.0477415062 0.00698291091
v 5.67656753E-05 0.0479064472 0.00708932383
v 5.67653769E-05 0.0477491543 0.00693550287
v 5.67653769E-05 0.047763519 0.00662987819
v 5.67656753E-05 0.0479307361 0.0064868778
v 5.67689531E-05 0.0485787578 0.00701060239
v 5.67656753E-05 0.0485840216 0.00660939142
v 5.67653769E-05 0.0492562205 0.00710880198
v 5.67653769E-05 0.0492412634 0.00650605187
v 5.67653769E-05 0.0494076163 0.00664856518
v 5.67653769E-05 0.0494187623 0.0069543235
v 5.67656753E-05 0.0479064472 0.00708932383
v 0.000276334584 0.0479064472 0.00708932383
v 0.000276334293 0.0477491543 0.00693550287
v 5.67653769E-05 0.0477491543 0.00693550287
v -7.51656262E-05 0.0485814549 0.00696303183
v -7.5162352E-05 0.048585441 0.00665709656
v -7.5162352E-05 0.0484198071 0.00650308281
v -7.5162352E-05 0.0484077521 0.00710589765
v -7.51626503E-05 0.047760427 0.00658211298
v -7.51626503E-05 0.0477415062 0.00698291091
v -7.5162352E-05 0.0471129008 0.00643979944
v -7.5162352E-05 0.0470742509 0.0070414939
v -7.5162352E-05 0.0470267273 0.00658245711
v -7.5162352E-05 0.0470066071 0.00688775582
v 5.67689531E-05 0.0485787578 0.00701060239
v 0.000276331004 0.0485787578 0.00701060239
v 0.000276334584 0.0479064472 0.00708932383
v 5.67656753E-05 0.0479064472 0.00708932383
v 5.67653769E-05 0.0492562205 0.00710880198
v 0.000276334293 0.0492562205 0.00710880198
v 0.000276331004 0.0485787578 0.00701060239
v 5.67689531E-05 0.0485787578 0.00701060239
v -0.000294731261 0.0484198071 0.00650308281
v -0.000294731261 0.048585441 0.00665709656
v -0.000294727972 0.0485814549 0.00696303183
v -0.000294731261 0.0484077521 0.00710589765
v -0.000294731843 0.047760427 0.00658211298
v -0.000294731843 0.0477415062 0.00698291091
v -0.000294731261 0.0471129008 0.00643979944
v -0.000294731552 0.0470742509 0.0070414939
v -0.000294731261 0.0470267273 0.00658245711
v -0.000294731261 0.0470066071 0.00688775582
v 5.67653769E-05 0.0502876453 0.00696036639
v 0.000276334293 0.0502876453 0.00696036639
v 0.000276334293 0.0495921038 0.00709652249
v 5.67653769E-05 0.0495921038 0.00709652249
v 0.000276334293 0.0495631397 0.00649428274
v 0.000276334293 0.0494076163 0.00664856518
v 0.000276334293 0.0494187623 0.0069543235
v 0.000276334293 0.0495921038 0.00709652249
v 0.000276331004 0.0502473041 0.0065611545
v 0.000276334293 0.0502876453 0.00696036639
v -0.000294731261 0.0501576997 0.00707493909
v -7.5162352E-05 0.0501576997 0.00707493909
v -7.5162352E-05 0.0494491011 0.00700088684
v -0.000294731552 0.0494491011 0.00700088684
v -0.000294731552 0.0494491011 0.00700088684
v -7.5162352E-05 0.0494491011 0.00700088684
v -7.5162352E-05 0.0487512387 0.00711707771
v -0.000294731552 0.0487512387 0.00711707771
v -0.00036557822 0.0473589785 0.00658177584
v 0.000358559773 0.0473589785 0.00658177584
v 0.000358559773 0.0475082882 0.00668151444
v -0.00036557822 0.0475082882 0.00668151444
v -0.00036557822 0.0471992567 0.00665926374
v 0.000358559482 0.0471992567 0.00665926421
v 0.000358559773 0.0473589785 0.00658177584
v -0.00036557822 0.0473589785 0.00658177584
v -0.00036557822 0.0471882634 0.00683645904
v 0.000358559482 0.0471882634 0.00683645904
v 0.000358559482 0.0471992567 0.00665926421
v -0.00036557822 0.0471992567 0.00665926374
v -0.00036557822 0.0473381691 0.00693623768
v 0.000358559773 0.0473381691 0.00693623768
v 0.000358559482 0.0471882634 0.00683645904
v -0.00036557822 0.0471882634 0.00683645904
v -0.00036557822 0.047498472 0.00685877865
v 0.000358559773 0.047498472 0.00685877865
v 0.000358559773 0.0473381691 0.00693623768
v -0.00036557822 0.0473381691 0.00693623768
v -0.00036557822 0.0475082882 0.00668151444
v 0.000358559773 0.0475082882 0.00668151444
v 0.000358559773 0.047498472 0.00685877865
v -0.00036557822 0.047498472 0.00685877865
v -0.00036557822 0.0481722355 0.00661888625
v 0.000358559773 0.0481722355 0.00661888625
v 0.000358559773 0.0483254232 0.0067127673
v -0.00036557822 0.0483254232 0.0067127673
v -0.00036557822 0.0480136946 0.00670244684
v 0.000358559773 0.0480136946 0.00670244684
v 0.000358559773 0.0481722355 0.00661888625
v -0.00036557822 0.0481722355 0.00661888625
v -0.00036557822 0.0480072089 0.00687986379
v 0.000358559773 0.0480072089 0.00687986379
v 0.000358559773 0.0480136946 0.00670244684
v -0.00036557822 0.0480136946 0.00670244684
v -0.00036557822 0.0481615439 0.00697379699
v 0.000358559482 0.0481615439 0.00697379699
v 0.000358559773 0.0480072089 0.00687986379
v -0.00036557822 0.0480072089 0.00687986379
v -0.00036557822 0.0483212061 0.00689025316
v 0.000358559773 0.0483212061 0.00689025316
v 0.000358559482 0.0481615439 0.00697379699
v -0.00036557822 0.0481615439 0.00697379699
v -0.00036557822 0.0483254232 0.0067127673
v 0.000358559773 0.0483254232 0.0067127673
v 0.000358559773 0.0483212061 0.00689025316
v -0.00036557822 0.0483212061 0.00689025316
v -0.00036557822 0.0490100458 0.00663842447
v 0.000358559773 0.0490100458 0.00663842447
v 0.000358559773 0.0491682142 0.00672152266
v -0.00036557822 0.0491682142 0.00672152266
v -0.00036557822 0.048853673 0.00673012482
v 0.000358559773 0.048853673 0.00673012482
v 0.000358559773 0.0490100458 0.00663842447
v -0.00036557822 0.0490100458 0.00663842447
v -0.00036557822 0.0488533303 0.00690766005
v 0.000358559773 0.0488533303 0.00690766005
v 0.000358559773 0.048853673 0.00673012482
v -0.00036557822 0.048853673 0.00673012482
v -0.00036557822 0.0490128994 0.00699348422
v 0.000358559773 0.0490128994 0.00699348422
v 0.000358559773 0.0488533303 0.00690766005
v -0.00036557822 0.0488533303 0.00690766005
v -0.00036557822 0.0491716266 0.00689902529
v 0.000358559773 0.0491716266 0.00689902483
v 0.000358559773 0.0490128994 0.00699348422
v -0.00036557822 0.0490128994 0.00699348422
v -0.00036557822 0.0491682142 0.00672152266
v 0.000358559773 0.0491682142 0.00672152266
v 0.000358559773 0.0491716266 0.00689902483
v -0.00036557822 0.0491716266 0.00689902529
v -0.00036557822 0.0498267934 0.00660854857
v 0.000358559482 0.0498267934 0.00660854857
v 0.000358559773 0.0499901362 0.00669122394
v -0.00036557822 0.0499901362 0.00669122394
v -0.00036557822 0.0496752262 0.00670297444
v 0.000358559773 0.0496752262 0.00670297444
v 0.000358559482 0.0498267934 0.00660854857
v -0.00036557822 0.0498267934 0.00660854857
v -0.00036557822 0.0496850386 0.00688023772
v 0.000358559773 0.0496850386 0.00688023772
v 0.000358559773 0.0496752262 0.00670297444
v -0.00036557822 0.0496752262 0.00670297444
v -0.00036557822 0.0498503968 0.00696283486
v 0.000358559773 0.0498503968 0.00696283486
v 0.000358559773 0.0496850386 0.00688023772
v -0.00036557822 0.0496850386 0.00688023772
v -0.00036557822 0.0500039198 0.00686822319
v 0.000358559773 0.0500039198 0.00686822319
v 0.000358559773 0.0498503968 0.00696283486
v -0.00036557822 0.0498503968 0.00696283486
v -0.00036557822 0.0499901362 0.00669122394
v 0.000358559773 0.0499901362 0.00669122394
v 0.000358559773 0.0500039198 0.00686822319
v -0.00036557822 0.0500039198 0.00686822319
v 5.86119277E-05 0.0476177 0.00755284354
v 5.86119277E-05 0.0476254933 0.00753418962
v 0.00018203615 0.0476650782 0.00753789814
v 0.000182036456 0.0476494879 0.0075753727
v 0.00032471717 0.0476840101 0.00759142265
v 0.000286204799 0.047702007 0.00754808588
v 0.000275288505 0.047558926 0.00653696386
v 0.000335633464 0.047558926 0.00653696386
v -0.000326560141 0.0489160046 0.00741383247
v -0.000311729294 0.0489160046 0.00741383247
v -0.000311729294 0.0487633981 0.00754477642
v -0.000326560141 0.0487633981 0.00754477642
v -0.000346732442 0.0487686992 0.00657948432
v -0.000286387483 0.0487686992 0.00657948432
v -0.000286388386 0.0493076406 0.00663503679
v -0.00034673154 0.0493076406 0.00663503679
v -0.000326560141 0.0487633981 0.00754477642
v -0.000311729294 0.0487633981 0.00754477642
v -0.000291556993 0.0487664416 0.00699141668
v -0.000346732442 0.0487664416 0.00699141668
v -0.000291556993 0.0487664416 0.00699141668
v -0.000286387483 0.0487686992 0.00657948432
v -0.000346732442 0.0487686992 0.00657948432
v -0.00034673154 0.0493076406 0.00663503679
v -0.000286388386 0.0493076406 0.00663503679
v -0.000291556993 0.0491818339 0.00697161257
v -0.000346732442 0.0491818339 0.00697161257
v -0.000346732442 0.0491818339 0.00697161257
v -0.000291556993 0.0491818339 0.00697161257
v -0.000311729294 0.0489160046 0.00741383247
v -0.000326560141 0.0489160046 0.00741383247
v 0.000182036456 0.0476494879 0.0075753727
v 0.00018203615 0.0476650782 0.00753789814
v 0.000286204799 0.047702007 0.00754808588
v 0.00032471717 0.0476840101 0.00759142265
v 7.1373579E-06 0.0470290743 0.00732099591
v -0.000291186268 0.0470330305 0.00731171947
v 5.86119277E-05 0.0476177 0.00755284354
v 0.000182036456 0.0476494879 0.0075753727
v 0.000328726164 0.0470294096 0.00732019031
v 7.1373579E-06 0.0470290743 0.00732099591
v 0.000182036456 0.0476494879 0.0075753727
v 0.00032471717 0.0476840101 0.00759142265
v -0.000291186268 0.0470408797 0.00729332445
v 7.1373579E-06 0.0470448285 0.00728404615
v 0.00018203615 0.0476650782 0.00753789814
v 5.86119277E-05 0.0476254933 0.00753418962
v 7.1373579E-06 0.0470448285 0.00728404615
v 0.000282195804 0.047044497 0.00728485268
v 0.000286204799 0.047702007 0.00754808588
v 0.00018203615 0.0476650782 0.00753789814
v -0.000291186268 0.0470330305 0.00731171947
v -0.000291186268 0.0470408797 0.00729332445
v 5.86119277E-05 0.0476254933 0.00753418962
v 5.86119277E-05 0.0476177 0.00755284354
v 7.1373579E-06 0.0470290743 0.00732099591
v 7.1373579E-06 0.0470448285 0.00728404615
v -0.000291186268 0.0470408797 0.00729332445
v -0.000291186268 0.0470330305 0.00731171947
v 0.000328726164 0.0470294096 0.00732019031
v 7.1373579E-06 0.0470448285 0.00728404615
v 0.000282195804 0.047044497 0.00728485268
v -0.000294727972 0.0485814549 0.00696303183
v -7.51656262E-05 0.0485814549 0.00696303183
v -7.5162352E-05 0.0484077521 0.00710589765
v -0.000294731261 0.0484077521 0.00710589765
v 5.67653769E-05 0.0494187623 0.0069543235
v 0.000276334293 0.0494187623 0.0069543235
v 0.000276334293 0.0492562205 0.00710880198
v 5.67653769E-05 0.0492562205 0.00710880198
v 5.67653769E-05 0.0495921038 0.00709652249
v 0.000276334293 0.0495921038 0.00709652249
v 0.000276334293 0.0494187623 0.0069543235
v 5.67653769E-05 0.0494187623 0.0069543235
v 5.67653769E-05 0.0477491543 0.00693550287
v 0.000276334293 0.0477491543 0.00693550287
v 0.000276334584 0.0475782007 0.00707772281
v 5.67656753E-05 0.0475782007 0.00707772281
v 5.67656753E-05 0.0527731106 0.00625054212
v 5.67656753E-05 0.0526230894 0.00598388584
v 5.67653769E-05 0.0526909642 0.00577555876
v 5.67692514E-05 0.053272143 0.00538137881
v 5.67653769E-05 0.0530090779 0.0062877438
v 5.67656753E-05 0.0535559915 0.00566497073
v -0.000294731552 0.0528253913 0.00628062524
v -0.000294731261 0.0526265129 0.00593213225
v -0.00029473094 0.0531011187 0.00540188374
v -0.00029473094 0.0535079837 0.00584684312
v -0.00029473094 0.0533058457 0.00541505078
v -0.00029473094 0.0535222888 0.00563129829
v -0.000294727972 0.0519214049 0.00657551177
v -0.000294731552 0.0518216304 0.00628627604
v -0.000294731552 0.0519334674 0.00608619628
v -0.000294731552 0.0521511175 0.0066484767
v -0.000294731261 0.0526265129 0.00593213225
v -0.000294731552 0.0528253913 0.00628062524
v -0.00036557822 0.0504615754 0.0068205297
v -0.00036557822 0.0504397564 0.0066443393
v -0.00036557822 0.0505854972 0.00653176475
v -0.00036557822 0.0506360531 0.00688321982
v -0.00036557822 0.0507564992 0.00659478409
v -0.00036557822 0.0507852249 0.00676998077
v -0.00036557822 0.0513105951 0.00668617059
v -0.00036557822 0.0512707606 0.00651316205
v -0.00036557822 0.0514074117 0.00640165294
v -0.00036557822 0.0514938645 0.00674603926
v -0.00036557822 0.0515851118 0.00644183345
v -0.00036557822 0.0516333468 0.0066126883
v -0.00036557822 0.0521771908 0.00641148118
v -0.00036557822 0.0521094687 0.00624736724
v -0.00036557822 0.0522272289 0.00610829331
v -0.000365577929 0.0523738265 0.00643169042
v -0.00036557822 0.0524181277 0.00613053609
v -0.00036557822 0.0524969287 0.00628962787
v -0.00036557822 0.052984219 0.00603093952
v -0.00036557822 0.0528854355 0.00588341942
v -0.000365577929 0.0529588871 0.00569913676
v -0.000365577929 0.0531381592 0.00565618603
v -0.000365577929 0.0531717688 0.00598331634
v -0.000365577929 0.0532519631 0.00579244969
v -0.000346732442 0.0521205328 0.00652524503
v -0.000346732442 0.0519706234 0.0061415527
v -0.00034673154 0.052518528 0.00600567041
v -0.000346732442 0.0525381826 0.00635152915
v -0.000326560141 0.0523219109 0.00704067014
v -0.000326560141 0.0524392314 0.00685254391
v 0.000276334293 0.0523971468 0.0059122825
v 0.000276334584 0.0518041104 0.00624197582
v 0.000276331295 0.0519347861 0.00662134588
v 0.000276334293 0.0526739098 0.00644794153
v 0.000276334584 0.0526230894 0.00598388584
v 0.000276334584 0.0527731106 0.00625054212
v 0.000276334584 0.0511325076 0.00632020272
v 0.000276334584 0.0510012507 0.00649114512
v 0.000276334293 0.0510603599 0.00679134391
v 0.000276334293 0.0512610041 0.00690928614
v 0.000276334584 0.0518041104 0.00624197582
v 0.000276331295 0.0519347861 0.00662134588
v -7.51620537E-05 0.0531011187 0.00540188374
v -7.5162352E-05 0.0526265129 0.00593213225
v -7.5162352E-05 0.0528253913 0.00628062524
v -7.51620537E-05 0.0535079837 0.00584684312
v -7.51620537E-05 0.0533058457 0.00541505078
v -7.51620537E-05 0.0535222888 0.00563129829
v -7.5162352E-05 0.0519334674 0.00608619628
v -7.5162352E-05 0.0518216304 0.00628627604
v -7.51656262E-05 0.0519214049 0.00657551177
v -7.51626503E-05 0.0521511175 0.0066484767
v -7.5162352E-05 0.0526265129 0.00593213225
v -7.5162352E-05 0.0528253913 0.00628062524
v 0.000358559773 0.0505854972 0.00653176475
v 0.000358559773 0.0504397564 0.0066443393
v 0.000358559773 0.0504615754 0.0068205297
v 0.000358559773 0.0506360531 0.00688321982
v 0.000358559773 0.0507564992 0.00659478409
v 0.000358559482 0.0507852249 0.00676998077
v 0.000358559773 0.0514074117 0.00640165294
v 0.000358559482 0.0512707606 0.00651316205
v 0.000358559482 0.0513105951 0.00668617059
v 0.000358559773 0.0514938645 0.00674603926
v 0.000358559773 0.0515851118 0.00644183345
v 0.000358559773 0.0516333468 0.0066126883
v 0.000358559773 0.0522272289 0.00610829331
v 0.000358559773 0.0521094687 0.00624736724
v 0.000358559773 0.0521771908 0.00641148118
v 0.000358559773 0.0523738265 0.00643169042
v 0.000358559773 0.0524181277 0.00613053609
v 0.000358559773 0.0524969287 0.00628962787
v 0.000358560064 0.0529588871 0.00569913676
v 0.000358559773 0.0528854355 0.00588341989
v 0.000358559773 0.052984219 0.00603093952
v 0.000358560064 0.0531381592 0.00565618696
v 0.000358560064 0.0531717688 0.00598331634
v 0.000358559773 0.0532519631 0.00579245016
v -0.000291556993 0.0521205328 0.00652524503
v -0.000311729615 0.0523219109 0.00704067014
v -0.000311729294 0.0524392314 0.00685254391
v -0.000291556993 0.0525381826 0.00635152915
v -0.00029473094 0.0535222888 0.00563129829
v -7.51620537E-05 0.0535222888 0.00563129829
v -7.51620537E-05 0.0535079837 0.00584684312
v -0.00029473094 0.0535079837 0.00584684312
v -0.000294731552 0.0521511175 0.0066484767
v -7.51626503E-05 0.0521511175 0.0066484767
v -7.51656262E-05 0.0519214049 0.00657551177
v -0.000294727972 0.0519214049 0.00657551177
v -0.000294731552 0.0510639362 0.00683898805
v -7.5162352E-05 0.0510639362 0.00683898805
v -7.51626503E-05 0.0503802747 0.0070481156
v -0.000294731552 0.0503802747 0.0070481156
v -0.000294731552 0.0517881475 0.00678234361
v -7.51626503E-05 0.0517881475 0.00678234361
v -7.5162352E-05 0.0510639362 0.00683898805
v -0.000294731552 0.0510639362 0.00683898805
v 5.67656753E-05 0.0510603599 0.00679134391
v 5.67653769E-05 0.0510012507 0.00649114512
v 5.67653769E-05 0.0511325076 0.00632020272
v 5.67653769E-05 0.0512610041 0.00690928614
v 5.67656753E-05 0.0518041104 0.00624197582
v 5.67689531E-05 0.0519347861 0.00662134588
v 5.67653769E-05 0.0512610041 0.00690928614
v 0.000276334293 0.0512610041 0.00690928614
v 0.000276334293 0.0510603599 0.00679134391
v 5.67656753E-05 0.0510603599 0.00679134391
v -7.5162352E-05 0.0516128428 0.00620545633
v -7.5162352E-05 0.0509866998 0.00644524815
v -7.5162352E-05 0.0510639362 0.00683898805
v -7.51626503E-05 0.0517881475 0.00678234361
v -7.5162352E-05 0.0518216304 0.00628627604
v -7.51656262E-05 0.0519214049 0.00657551177
v 5.67689531E-05 0.0519347861 0.00662134588
v 0.000276331295 0.0519347861 0.00662134588
v 0.000276334293 0.0512610041 0.00690928614
v 5.67653769E-05 0.0512610041 0.00690928614
v 5.67653769E-05 0.0526739098 0.00644794153
v 0.000276334293 0.0526739098 0.00644794153
v 0.000276331295 0.0519347861 0.00662134588
v 5.67689531E-05 0.0519347861 0.00662134588
v -0.000294731552 0.0518216304 0.00628627604
v -0.000294727972 0.0519214049 0.00657551177
v -0.000294731552 0.0517881475 0.00678234361
v -0.000294731552 0.0516128428 0.00620545633
v -0.000294731552 0.0510639362 0.00683898805
v -0.000294731552 0.0509866998 0.00644524815
v -0.000294731552 0.0503802747 0.0070481156
v -0.000294731261 0.0503137968 0.00644885655
v -0.000294731552 0.0502828583 0.00691296579
v -0.000294731552 0.0502520949 0.00660855509
v 5.67689531E-05 0.0519347861 0.00662134588
v 5.67656753E-05 0.0518041104 0.00624197582
v 5.67656753E-05 0.0523971468 0.0059122825
v 5.67653769E-05 0.0526739098 0.00644794153
v 5.67656753E-05 0.0526230894 0.00598388584
v 5.67656753E-05 0.0527731106 0.00625054212
v 5.67656753E-05 0.0535559915 0.00566497073
v 0.000276334875 0.0535559915 0.00566497073
v 0.000276334584 0.0530090779 0.0062877438
v 5.67653769E-05 0.0530090779 0.0062877438
v 0.000276334293 0.0526909642 0.00577555876
v 0.000276334584 0.0526230894 0.00598388584
v 0.000276334584 0.0527731106 0.00625054212
v 0.000276331295 0.053272143 0.00538137881
v 0.000276334584 0.0530090779 0.0062877438
v 0.000276334875 0.0535559915 0.00566497073
v -0.00029473094 0.0535079837 0.00584684312
v -7.51620537E-05 0.0535079837 0.00584684312
v -7.5162352E-05 0.0528253913 0.00628062524
v -0.000294731552 0.0528253913 0.00628062524
v -0.000294731552 0.0528253913 0.00628062524
v -7.5162352E-05 0.0528253913 0.00628062524
v -7.51626503E-05 0.0521511175 0.0066484767
v -0.000294731552 0.0521511175 0.0066484767
v -0.00036557822 0.0505854972 0.00653176475
v 0.000358559773 0.0505854972 0.00653176475
v 0.000358559773 0.0507564992 0.00659478409
v -0.00036557822 0.0507564992 0.00659478409
v -0.00036557822 0.0504397564 0.0066443393
v 0.000358559773 0.0504397564 0.0066443393
v 0.000358559773 0.0505854972 0.00653176475
v -0.00036557822 0.0505854972 0.00653176475
v -0.00036557822 0.0504615754 0.0068205297
v 0.000358559773 0.0504615754 0.0068205297
v 0.000358559773 0.0504397564 0.0066443393
v -0.00036557822 0.0504397564 0.0066443393
v -0.00036557822 0.0506360531 0.00688321982
v 0.000358559773 0.0506360531 0.00688321982
v 0.000358559773 0.0504615754 0.0068205297
v -0.00036557822 0.0504615754 0.0068205297
v -0.00036557822 0.0507852249 0.00676998077
v 0.000358559482 0.0507852249 0.00676998077
v 0.000358559773 0.0506360531 0.00688321982
v -0.00036557822 0.0506360531 0.00688321982
v -0.00036557822 0.0507564992 0.00659478409
v 0.000358559773 0.0507564992 0.00659478409
v 0.000358559482 0.0507852249 0.00676998077
v -0.00036557822 0.0507852249 0.00676998077
v -0.00036557822 0.0514074117 0.00640165294
v 0.000358559773 0.0514074117 0.00640165294
v 0.000358559773 0.0515851118 0.00644183345
v -0.00036557822 0.0515851118 0.00644183345
v -0.00036557822 0.0512707606 0.00651316205
v 0.000358559482 0.0512707606 0.00651316205
v 0.000358559773 0.0514074117 0.00640165294
v -0.00036557822 0.0514074117 0.00640165294
v -0.00036557822 0.0513105951 0.00668617059
v 0.000358559482 0.0513105951 0.00668617059
v 0.000358559482 0.0512707606 0.00651316205
v -0.00036557822 0.0512707606 0.00651316205
v -0.00036557822 0.0514938645 0.00674603926
v 0.000358559773 0.0514938645 0.00674603926
v 0.000358559482 0.0513105951 0.00668617059
v -0.00036557822 0.0513105951 0.00668617059
v -0.00036557822 0.0516333468 0.0066126883
v 0.000358559773 0.0516333468 0.0066126883
v 0.000358559773 0.0514938645 0.00674603926
v -0.00036557822 0.0514938645 0.00674603926
v -0.00036557822 0.0515851118 0.00644183345
v 0.000358559773 0.0515851118 0.00644183345
v 0.000358559773 0.0516333468 0.0066126883
v -0.00036557822 0.0516333468 0.0066126883
v -0.00036557822 0.0522272289 0.00610829331
v 0.000358559773 0.0522272289 0.00610829331
v 0.000358559773 0.0524181277 0.00613053609
v -0.00036557822 0.0524181277 0.00613053609
v -0.00036557822 0.0521094687 0.00624736724
v 0.000358559773 0.0521094687 0.00624736724
v 0.000358559773 0.0522272289 0.00610829331
v -0.00036557822 0.0522272289 0.00610829331
v -0.00036557822 0.0521771908 0.00641148118
v 0.000358559773 0.0521771908 0.00641148118
v 0.000358559773 0.0521094687 0.00624736724
v -0.00036557822 0.0521094687 0.00624736724
v -0.000365577929 0.0523738265 0.00643169042
v 0.000358559773 0.0523738265 0.00643169042
v 0.000358559773 0.0521771908 0.00641148118
v -0.00036557822 0.0521771908 0.00641148118
v -0.00036557822 0.0524969287 0.00628962787
v 0.000358559773 0.0524969287 0.00628962787
v 0.000358559773 0.0523738265 0.00643169042
v -0.000365577929 0.0523738265 0.00643169042
v -0.00036557822 0.0524181277 0.00613053609
v 0.000358559773 0.0524181277 0.00613053609
v 0.000358559773 0.0524969287 0.00628962787
v -0.00036557822 0.0524969287 0.00628962787
v -0.000365577929 0.0529588871 0.00569913676
v 0.000358560064 0.0529588871 0.00569913676
v 0.000358560064 0.0531381592 0.00565618696
v -0.000365577929 0.0531381592 0.00565618603
v -0.00036557822 0.0528854355 0.00588341942
v 0.000358559773 0.0528854355 0.00588341989
v 0.000358560064 0.0529588871 0.00569913676
v -0.000365577929 0.0529588871 0.00569913676
v -0.00036557822 0.052984219 0.00603093952
v 0.000358559773 0.052984219 0.00603093952
v 0.000358559773 0.0528854355 0.00588341989
v -0.00036557822 0.0528854355 0.00588341942
v -0.000365577929 0.0531717688 0.00598331634
v 0.000358560064 0.0531717688 0.00598331634
v 0.000358559773 0.052984219 0.00603093952
v -0.00036557822 0.052984219 0.00603093952
v -0.000365577929 0.0532519631 0.00579244969
v 0.000358559773 0.0532519631 0.00579245016
v 0.000358560064 0.0531717688 0.00598331634
v -0.000365577929 0.0531717688 0.00598331634
v -0.000365577929 0.0531381592 0.00565618603
v 0.000358560064 0.0531381592 0.00565618696
v 0.000358559773 0.0532519631 0.00579245016
v -0.000365577929 0.0532519631 0.00579244969
v 5.86119277E-05 0.0510694869 0.00741904555
v 5.86119277E-05 0.0510734841 0.00739925588
v 0.000182036456 0.0511169136 0.00739465561
v 0.000182036456 0.0511091016 0.00743437978
v 0.00032471717 0.0511501767 0.00744280219
v 0.000286204799 0.0511590652 0.00739688333
v 0.000275288505 0.0507754609 0.00644215336
v 0.000335633464 0.0507754609 0.00644215336
v -0.000326560141 0.0524392314 0.00685254391
v -0.000311729294 0.0524392314 0.00685254391
v -0.000311729615 0.0523219109 0.00704067014
v -0.000326560141 0.0523219109 0.00704067014
v -0.000346732442 0.0519706234 0.0061415527
v -0.000286387483 0.0519706234 0.0061415527
v -0.000286388386 0.052518528 0.00600567041
v -0.00034673154 0.052518528 0.00600567041
v -0.000326560141 0.0523219109 0.00704067014
v -0.000311729615 0.0523219109 0.00704067014
v -0.000291556993 0.0521205328 0.00652524503
v -0.000346732442 0.0521205328 0.00652524503
v -0.000291556993 0.0521205328 0.00652524503
v -0.000286387483 0.0519706234 0.0061415527
v -0.000346732442 0.0519706234 0.0061415527
v -0.00034673154 0.052518528 0.00600567041
v -0.000286388386 0.052518528 0.00600567041
v -0.000291556993 0.0525381826 0.00635152915
v -0.000346732442 0.0525381826 0.00635152915
v -0.000346732442 0.0525381826 0.00635152915
v -0.000291556993 0.0525381826 0.00635152915
v -0.000311729294 0.0524392314 0.00685254391
v -0.000326560141 0.0524392314 0.00685254391
v 0.000182036456 0.0511091016 0.00743437978
v 0.000182036456 0.0511169136 0.00739465561
v 0.000286204799 0.0511590652 0.00739688333
v 0.00032471717 0.0511501767 0.00744280219
v 7.1373579E-06 0.0503817163 0.00733291777
v -0.000291186268 0.0503843389 0.00732288323
v 5.86119277E-05 0.0510694869 0.00741904555
v 0.000182036456 0.0511091016 0.00743437978
v 0.000328726455 0.0503819063 0.00733205257
v 7.1373579E-06 0.0503817163 0.00733291777
v 0.000182036456 0.0511091016 0.00743437978
v 0.00032471717 0.0511501767 0.00744280219
v -0.000291186268 0.0503895469 0.00730298553
v 7.1373579E-06 0.0503921583 0.00729295379
v 0.000182036456 0.0511169136 0.00739465561
v 5.86119277E-05 0.0510734841 0.00739925588
v 7.1373579E-06 0.0503921583 0.00729295379
v 0.000282195513 0.0503919199 0.0072938255
v 0.000286204799 0.0511590652 0.00739688333
v 0.000182036456 0.0511169136 0.00739465561
v -0.000291186268 0.0503843389 0.00732288323
v -0.000291186268 0.0503895469 0.00730298553
v 5.86119277E-05 0.0510734841 0.00739925588
v 5.86119277E-05 0.0510694869 0.00741904555
v 7.1373579E-06 0.0503817163 0.00733291777
v 7.1373579E-06 0.0503921583 0.00729295379
v -0.000291186268 0.0503895469 0.00730298553
v -0.000291186268 0.0503843389 0.00732288323
v 0.000328726455 0.0503819063 0.00733205257
v 7.1373579E-06 0.0503921583 0.00729295379
v 0.000282195513 0.0503919199 0.0072938255
v -0.000294727972 0.0519214049 0.00657551177
v -7.51656262E-05 0.0519214049 0.00657551177
v -7.51626503E-05 0.0517881475 0.00678234361
v -0.000294731552 0.0517881475 0.00678234361
v 5.67656753E-05 0.0527731106 0.00625054212
v 0.000276334584 0.0527731106 0.00625054212
v 0.000276334293 0.0526739098 0.00644794153
v 5.67653769E-05 0.0526739098 0.00644794153
v 5.67653769E-05 0.0530090779 0.0062877438
v 0.000276334584 0.0530090779 0.0062877438
v 0.000276334584 0.0527731106 0.00625054212
v 5.67656753E-05 0.0527731106 0.00625054212
v 5.67656753E-05 0.0510603599 0.00679134391
v 0.000276334293 0.0510603599 0.00679134391
v 0.000276334293 0.0509170145 0.00696448144
v 5.67653769E-05 0.0509170145 0.00696448144
v 5.67665666E-05 0.0542450398 0.00314858463
v 5.67668649E-05 0.0541020371 0.00297917472
v 5.67701463E-05 0.054165408 0.00227808882
v 5.67671632E-05 0.0545577705 0.00219412614
v 5.67668649E-05 0.0545508377 0.00315847737
v 5.67671632E-05 0.054704912 0.00297136395
v -0.000294730358 0.0541983992 0.00311802886
v -0.000294730067 0.0541178137 0.00242489669
v -0.000294730067 0.0542119965 0.00226811948
v -0.000294730067 0.0545995235 0.00312788691
v -0.000294729776 0.054511182 0.00220409548
v -0.000294729776 0.054712493 0.00232552458
v -0.000294730649 0.054128103 0.00400146423
v -0.000294730358 0.0540467836 0.00380099798
v -0.000294730358 0.0541983992 0.00311802886
v -0.00029472739 0.0544228069 0.0040836907
v -0.000294730067 0.0545995235 0.00312788691
v -0.000294730067 0.0546354651 0.00393132353
v -0.000365577929 0.053626325 0.00544537837
v -0.000365577929 0.0534933731 0.00532772578
v -0.000365577929 0.0535473414 0.00515577383
v -0.000365577929 0.0537395179 0.00509368302
v -0.000365577638 0.0538253188 0.00537668681
v -0.000365577929 0.0538841523 0.00519663515
v -0.000365577318 0.0539647862 0.00459662918
v -0.000365577638 0.0539457612 0.00440428266
v -0.000365577318 0.0540890954 0.00428158743
v -0.000365577318 0.0541242287 0.00467469543
v -0.000365577318 0.0542555526 0.00434333971
v -0.000365577318 0.0542720705 0.00454427628
v -0.000365577027 0.0542851239 0.0037438802
v -0.000365577318 0.0542049222 0.00356354099
v -0.000365577027 0.054299783 0.00340840849
v -0.000365576736 0.0544595793 0.00377682433
v -0.000365576736 0.05447644 0.00342601864
v -0.000365576736 0.0545563698 0.0036141437
v -0.000365576736 0.0543177798 0.00286779157
v -0.000365577027 0.05423351 0.0027074276
v -0.000365576736 0.0543254837 0.00253211753
v -0.000365576445 0.0544951633 0.00286048045
v -0.000365576445 0.0545015521 0.00250936975
v -0.000365576736 0.0545873046 0.00267733773
v -0.000346731249 0.0545179844 0.00388832949
v -0.000346731831 0.0541153885 0.00380113465
v -0.000346730347 0.0542242788 0.00325233908
v -0.000346730929 0.0545494147 0.0034234093
v -0.000326558657 0.055058822 0.00400546053
v -0.000326558657 0.0549616404 0.00379325682
v 0.000276335486 0.0540909469 0.00330840261
v 0.000276334875 0.0540814474 0.0039906702
v 0.000276331906 0.0544678569 0.0040987581
v 0.000276335486 0.0542450398 0.00314858486
v 0.000276335777 0.0545508377 0.00315847783
v 0.000276335777 0.0546920672 0.00335516734
v 0.000276334875 0.0540814474 0.0039906702
v 0.000276334875 0.0537394881 0.00458972808
v 0.000276334875 0.0538063236 0.00481853914
v 0.000276334875 0.0540692881 0.00497493148
v 0.000276335166 0.0542729832 0.00487063453
v 0.000276331906 0.0544678569 0.0040987581
v -7.51611587E-05 0.0542119965 0.00226811972
v -7.51611587E-05 0.0541178137 0.00242489669
v -7.51614571E-05 0.0541983992 0.00311802886
v -7.51611587E-05 0.0545995235 0.00312788691
v -7.51608604E-05 0.054511182 0.00220409548
v -7.51608604E-05 0.054712493 0.00232552504
v -7.51614571E-05 0.0541983992 0.00311802886
v -7.51614571E-05 0.0540467836 0.00380099821
v -7.51617554E-05 0.054128103 0.00400146423
v -7.51650296E-05 0.0544228069 0.0040836907
v -7.51611587E-05 0.0545995235 0.00312788691
v -7.51611587E-05 0.0546354651 0.003931324
v 0.000358560064 0.0535473414 0.00515577383
v 0.000358560064 0.0534933731 0.00532772578
v 0.000358560064 0.053626325 0.00544537837
v 0.000358560064 0.0537395179 0.00509368302
v 0.000358560064 0.0538253188 0.00537668774
v 0.000358560064 0.0538841523 0.00519663561
v 0.000358560384 0.0540890954 0.00428158743
v 0.000358560384 0.0539457612 0.00440428313
v 0.000358560384 0.0539647862 0.00459662965
v 0.000358560384 0.0541242287 0.00467469543
v 0.000358560384 0.0542555526 0.00434334017
v 0.000358560384 0.0542720705 0.00454427674
v 0.000358560676 0.054299783 0.00340840872
v 0.000358560676 0.0542049222 0.00356354099
v 0.000358560676 0.0542851239 0.00374388066
v 0.000358560967 0.0544595793 0.0037768248
v 0.000358560967 0.05447644 0.00342601887
v 0.000358560967 0.0545563698 0.00361414393
v 0.000358560967 0.0543254837 0.002532118
v 0.000358560676 0.05423351 0.0027074276
v 0.000358560967 0.0543177798 0.0028677918
v 0.000358561258 0.0544951633 0.00286048069
v 0.000358561258 0.0545015521 0.00250936998
v 0.000358561258 0.0545873046 0.00267733796
v -0.000291555829 0.0545179844 0.00388832949
v -0.000311728421 0.055058822 0.00400546053
v -0.00031172781 0.0549616404 0.00379325682
v -0.000291555509 0.0545494147 0.0034234093
v -0.000294729776 0.054511182 0.00220409548
v -7.51608604E-05 0.054511182 0.00220409548
v -7.51608604E-05 0.054712493 0.00232552504
v -0.000294729776 0.054712493 0.00232552458
v -0.000294730067 0.0546354651 0.00393132353
v -7.51611587E-05 0.0546354651 0.003931324
v -7.51650296E-05 0.0544228069 0.0040836907
v -0.00029472739 0.0544228069 0.0040836907
v -0.00029473094 0.0541077778 0.00500509795
v -7.51620537E-05 0.0536963269 0.00567135215
v -0.00029473094 0.0536963269 0.00567135215
v -7.51620537E-05 0.0541077778 0.00500509795
v -0.000294730067 0.0544940755 0.0043153502
v -7.51611587E-05 0.0544940755 0.00431535067
v 5.67659736E-05 0.0538063236 0.00481853914
v 5.67659736E-05 0.0537394881 0.00458972808
v 5.67659736E-05 0.0540814474 0.0039906702
v 5.67659736E-05 0.0540692881 0.00497493148
v 5.67662719E-05 0.0542729832 0.00487063453
v 5.6769848E-05 0.0544678569 0.0040987581
v 5.67662719E-05 0.0542729832 0.00487063453
v 0.000276335166 0.0542729832 0.00487063453
v 0.000276334875 0.0540692881 0.00497493148
v 5.67659736E-05 0.0540692881 0.00497493148
v -7.51614571E-05 0.0539229661 0.00412206585
v -7.51620537E-05 0.0537632629 0.00479940744
v -7.51620537E-05 0.0541077778 0.00500509795
v -7.51617554E-05 0.054128103 0.00400146423
v -7.51611587E-05 0.0544940755 0.00431535067
v -7.51650296E-05 0.0544228069 0.0040836907
v 5.6769848E-05 0.0544678569 0.0040987581
v 0.000276335166 0.0542729832 0.00487063453
v 5.67662719E-05 0.0542729832 0.00487063453
v 0.000276331906 0.0544678569 0.0040987581
v 5.67668649E-05 0.0546920672 0.00335516711
v 0.000276335777 0.0546920672 0.00335516734
v -0.00029473094 0.0541077778 0.00500509795
v -0.00029473094 0.0537632629 0.00479940744
v -0.000294730358 0.0539229661 0.00412206585
v -0.000294730649 0.054128103 0.00400146423
v -0.000294730067 0.0544940755 0.0043153502
v -0.00029472739 0.0544228069 0.0040836907
v 5.6769848E-05 0.0544678569 0.0040987581
v 5.67659736E-05 0.0540814474 0.0039906702
v 5.67665666E-05 0.0540909469 0.00330840261
v 5.67665666E-05 0.0542450398 0.00314858463
v 5.67668649E-05 0.0545508377 0.00315847737
v 5.67668649E-05 0.0546920672 0.00335516711
v 5.67671632E-05 0.0545577705 0.00219412614
v 0.000276336068 0.0545577705 0.00219412614
v 0.000276336359 0.054704912 0.00297136419
v 5.67671632E-05 0.054704912 0.00297136395
v 0.000276332488 0.054165408 0.00227808882
v 0.000276335777 0.0541020371 0.00297917519
v 0.000276335486 0.0542450398 0.00314858486
v 0.000276336068 0.0545577705 0.00219412614
v 0.000276335777 0.0545508377 0.00315847783
v 0.000276336359 0.054704912 0.00297136419
v -0.000294729776 0.054712493 0.00232552458
v -7.51608604E-05 0.054712493 0.00232552504
v -7.51611587E-05 0.0545995235 0.00312788691
v -0.000294730067 0.0545995235 0.00312788691
v -0.000294730067 0.0545995235 0.00312788691
v -7.51611587E-05 0.0545995235 0.00312788691
v -7.51611587E-05 0.0546354651 0.003931324
v -0.000294730067 0.0546354651 0.00393132353
v -0.000365577929 0.0535473414 0.00515577383
v 0.000358560064 0.0535473414 0.00515577383
v 0.000358560064 0.0537395179 0.00509368302
v -0.000365577929 0.0537395179 0.00509368302
v -0.000365577929 0.0534933731 0.00532772578
v 0.000358560064 0.0534933731 0.00532772578
v 0.000358560064 0.0535473414 0.00515577383
v -0.000365577929 0.0535473414 0.00515577383
v -0.000365577929 0.053626325 0.00544537837
v 0.000358560064 0.053626325 0.00544537837
v 0.000358560064 0.0534933731 0.00532772578
v -0.000365577929 0.0534933731 0.00532772578
v -0.000365577638 0.0538253188 0.00537668681
v 0.000358560064 0.0538253188 0.00537668774
v 0.000358560064 0.053626325 0.00544537837
v -0.000365577929 0.053626325 0.00544537837
v -0.000365577929 0.0538841523 0.00519663515
v 0.000358560064 0.0538841523 0.00519663561
v 0.000358560064 0.0538253188 0.00537668774
v -0.000365577638 0.0538253188 0.00537668681
v -0.000365577929 0.0537395179 0.00509368302
v 0.000358560064 0.0537395179 0.00509368302
v 0.000358560064 0.0538841523 0.00519663561
v -0.000365577929 0.0538841523 0.00519663515
v -0.000365577638 0.0539457612 0.00440428266
v 0.000358560384 0.0539457612 0.00440428313
v 0.000358560384 0.0540890954 0.00428158743
v -0.000365577318 0.0540890954 0.00428158743
v -0.000365577318 0.0539647862 0.00459662918
v 0.000358560384 0.0539647862 0.00459662965
v 0.000358560384 0.0539457612 0.00440428313
v -0.000365577638 0.0539457612 0.00440428266
v -0.000365577318 0.0541242287 0.00467469543
v 0.000358560384 0.0541242287 0.00467469543
v 0.000358560384 0.0539647862 0.00459662965
v -0.000365577318 0.0539647862 0.00459662918
v -0.000365577318 0.0542720705 0.00454427628
v 0.000358560384 0.0542720705 0.00454427674
v 0.000358560384 0.0541242287 0.00467469543
v -0.000365577318 0.0541242287 0.00467469543
v -0.000365577318 0.0542555526 0.00434333971
v 0.000358560384 0.0542555526 0.00434334017
v 0.000358560384 0.0542720705 0.00454427674
v -0.000365577318 0.0542720705 0.00454427628
v -0.000365577318 0.0540890954 0.00428158743
v 0.000358560384 0.0540890954 0.00428158743
v 0.000358560384 0.0542555526 0.00434334017
v -0.000365577318 0.0542555526 0.00434333971
v -0.000365577318 0.0542049222 0.00356354099
v 0.000358560676 0.0542049222 0.00356354099
v 0.000358560676 0.054299783 0.00340840872
v -0.000365577027 0.054299783 0.00340840849
v -0.000365577027 0.0542851239 0.0037438802
v 0.000358560676 0.0542851239 0.00374388066
v 0.000358560676 0.0542049222 0.00356354099
v -0.000365577318 0.0542049222 0.00356354099
v -0.000365576736 0.0544595793 0.00377682433
v 0.000358560967 0.0544595793 0.0037768248
v 0.000358560676 0.0542851239 0.00374388066
v -0.000365577027 0.0542851239 0.0037438802
v -0.000365576736 0.0545563698 0.0036141437
v 0.000358560967 0.0545563698 0.00361414393
v 0.000358560967 0.0544595793 0.0037768248
v -0.000365576736 0.0544595793 0.00377682433
v -0.000365576736 0.05447644 0.00342601864
v 0.000358560967 0.05447644 0.00342601887
v 0.000358560967 0.0545563698 0.00361414393
v -0.000365576736 0.0545563698 0.0036141437
v -0.000365577027 0.054299783 0.00340840849
v 0.000358560676 0.054299783 0.00340840872
v 0.000358560967 0.05447644 0.00342601887
v -0.000365576736 0.05447644 0.00342601864
v -0.000365577027 0.05423351 0.0027074276
v 0.000358560676 0.05423351 0.0027074276
v 0.000358560967 0.0543254837 0.002532118
v -0.000365576736 0.0543254837 0.00253211753
v -0.000365576736 0.0543177798 0.00286779157
v 0.000358560967 0.0543177798 0.0028677918
v 0.000358560676 0.05423351 0.002707в²vГ╞йв╛╒h╜╣ГNL▀нL▀нL┬LнLнL≥┬LLнLLнLLLKнLKнLHLнLнL≥┬LLKнLLKнLLHLLнLLнLLLнLнL≥┬LMнLMнLMLLкнLLкнLLхLL▀нLL▀нLL┌≥┬LMKнLMKнLMHLMнLMнLMLL▀нLL▀нLL┌≥┬LNнLNнLNLMкнLMкнLMхLM▀нLM▀нLM┌≥┬LNKнLNKнLNHLNнLNнLNLM▀нLM▀нLM┌≥┬L▄▀нL▄▀нL▄┬L▄KнL▄KнL▄HL▄нL▄нL▄≥┬L▄кнL▄кнL▄хL▄▀нL▄▀нL▄┬L▄нL▄нL▄≥┬L█▀нL█▀нL█┬L█KнL█KнL█HL█нL█нL█≥┬L█кнL█кнL█хL█▀нL█▀нL█┬L█нL█нL█≥┬L█нL█нL█L▌KнL▌KнL▌HL▌нL▌нL▌≥┬L▌KнL▌KнL▌HLлнLлнLлL▌нL▌нL▌≥┬LлкнLлкнLлхLл▀нLл▀нLл┬LлKнLлKнLлB≥┬LмнLмнLмLлкнLлкнLлхLлKнLлKнLлB≥┬LмкнLмкнLмхLм▀нLм▀нLм┬LмKнLмKнLмB≥┬LннLннLнLмкнLмкнLмхLмKнLмKнLмB≥┬MKнMKнMHMнMнMLнKнLнKнLнB≥┬M▀нM▀нM┬MKнMKнMHLнKнLнKнLнB≥┬MKнMKнMHMнMнMMкнMкнMб≥┬M▀нM▀нM┬MKнMKнMHMкнMкнMб≥┬MKнMKнMHMнMнMMкнMкнMб≥┬MкнMкнMхMLнMLнMLMKнMKнMB≥┬MкнMкнMхMLKнMLKнMLHMLнMLнML≥┬MLKнMLKнMLHML▀нML▀нML┬MLнMLнML≥┬MMKнMMKнMMHMMнMMнMMMLкнMLкнMLб≥┬MLкнMLкнMLхMM▀нMM▀нMM┬MMKнMMKнMMB≥┬MLкнMLкнMLхMMкнMMкнMMхMM▀нMM▀нMM┌≥┬MMкнMMкнMMхMNнMNнMNMM▀нMM▀нMM┌≥┬MNнMNнMNMMкнMMкнMMхMNKнMNKнMNB≥┬MNKнMNKнMNHM▄нM▄нM▄MNнMNнMN≥┬MNKнMNKнMNHM▄KнM▄KнM▄HM▄нM▄нM▄≥┬M▄KнM▄KнM▄HM▄▀нM▄▀нM▄┬M▄нM▄нM▄≥┬M█KнM█KнM█HM█нM█нM█M▄кнM▄кнM▄б≥┬M▄кнM▄кнM▄хM█▀нM█▀нM█┬M█KнM█KнM█B≥┬M▄кнM▄кнM▄хM█кнM█кнM█хM█▀нM█▀нM█┌≥┬M█кнM█кнM█хM▌нM▌нM▌M█▀нM█▀нM█┌≥┬MлKнMлKнMлHMлнMлнMлM▌KнM▌KнM▌B≥┬M▌KнM▌KнM▌HMл▀нMл▀нMл┬MлKнMлKнMлB≥┬M▌KнM▌KнM▌HMлкнMлкнMлхMл▀нMл▀нMл┌≥┬MлкнMлкнMлхMмнMмнMмMл▀нMл▀нMл┌≥┬MмкнMмкнMмхMм▀нMм▀нMм┬MмKнMмKнMмB≥┬MмKнMмKнMмHMннMннMнMмкнMмкнMмб≥┬MмKнMмKнMмHMнKнMнKнMнHMннMннMн≥┬MнKнMнKнMнHNнNнNMннMннMн≥┬NкнNкнNхN▀нN▀нN┬NKнNKнNB≥┬NKнNKнNHNнNнNNкнNкнNб≥┬NKнNKнNHNKнNKнNHNнNнN≥┬NKнNKнNHN▀нN▀нN┬NнNнN≥┬NKнNKнNHNнNнNNкнNкнNб≥┬NLнNLнNLNKнNKнNHNкнNкнNб≥┬NLнNLнNLNкнNкнNхNLKнNLKнNLB≥┬NL▀нNL▀нNL┬NLнNLнNLNLKнNLKнNLB≥┬NMKнNMKнNMHNMнNMнNMNLкнNLкнNLб≥┬NLкнNLкнNLхNM▀нNM▀нNM┬NMKнNMKнNMB≥┬NM▀нNM▀нNM┬NMкнNMкнNMхNMKнNMKнNMB≥┬NM▀нNM▀нNM┬NNнNNнNNNMкнNMкнNMб≥┬NNKнNNKнNNHNMкнNMкнNMхNNнNNнNN≥┬NNнNNнNNLлLлLNNKнNNKнNNB≥┬LлLлLLKлLKлLHNNKнNNKнNNB≥┬LлLлLL▀лL▀лL┬LKлLKлLB≥┬LKлLKлLHLлLлLLклLклLб≥┬LклLклLхL▀лL▀лL┬LKлLKлLB≥┬L▀лL▀лL┬LклLклLхLKлLKлLB≥┬L▀лL▀лL┬LлLлLLклLклLб≥┬LKлLKлLHLклLклLхLлLлL≥┬LлLлLLLлLLлLLLKлLKлLB≥┬LLлLLлLLLLKлLLKлLLHLKлLKлLB≥┬LLлLLлLLLL▀лLL▀лLL┬LLKлLLKлLLB≥┬LMKлLMKлLMHLMлLMлLMLLклLLклLLб≥┬LLклLLклLLхLM▀лLM▀лLM┬LMKлLMKлLMB≥┬LM▀лLM▀лLM┬LMклLMклLMхLMKлLMKлLMB≥┬LM▀лLM▀лLM┬LNлLNлLNLMклLMклLMб≥┬L▄KлL▄KлL▄HL▄лL▄лL▄LNKлLNKлLNB≥┬LNKлLNKлLNHL▄▀лL▄▀лL▄┬L▄KлL▄KлL▄B≥┬L▄▀лL▄▀лL▄┬L▄клL▄клL▄хL▄KлL▄KлL▄B≥┬L▄▀лL▄▀лL▄┬L█лL█лL█L▄клL▄клL▄б≥┬L█клL█клL█хL█▀лL█▀лL█┬L█KлL█KлL█B≥┬L█KлL█KлL█HL▌лL▌лL▌L█клL█клL█б≥┬L▌лL▌лL▌L▌KлL▌KлL▌HL█клL█клL█б≥┬L▌лL▌лL▌LллLллLлL▌KлL▌KлL▌B≥┬LлклLлклLлхLл▀лLл▀лLл┬LлKлLлKлLлB≥┬LлKлLлKлLлHLмлLмлLмLлклLлклLлб≥┬LмлLмлLмLмKлLмKлLмHLлклLлклLлб≥┬LмлLмлLмLм▀лLм▀лLм┬LмKлLмKлLмB≥┬LнKлLнKлLнHLнлLнлLнLмклLмклLмб≥┬LлLлLLнKлLнKлLнHLмклLмклLмб≥┬LклLклLхL▀лL▀лL┬LKлLKлLB≥┬LлLлLLклLклLхLKлLKлLB≥┬LклLклLхL▀лL▀лL┬LKлLKлLB≥┬LлLлLLклLклLхLKлLKлLB≥┬LLKлLLKлLLHLLлLLлLLLKлLKлLB≥┬LL▀лLL▀лLL┬LLKлLLKлLLHLKлLKлLB≥┬LMKлLMKлLMHLMлLMлLMLLклLLклLLб≥┬LM▀лLM▀лLM┬LMKлLMKлLMHLLклLLклLLб≥┬LNKлLNKлLNHLNлLNлLNLMклLMклLMб≥┬L▄лL▄лL▄LNKлLNKлLNHLMклLMклLMб≥┬L▄лL▄лL▄LMклLMклLMхL▄KлL▄KлL▄B≥┬L▄KлL▄KлL▄HL▄▀лL▄▀лL▄┬L▄лL▄лL▄≥┬L▄▀лL▄▀лL▄┬L▄KлL▄KлL▄HL▄клL▄клL▄б≥┬L█лL█лL█L▄▀лL▄▀лL▄┬L▄клL▄клL▄б≥┬L█лL█лL█L▄клL▄клL▄хL█KлL█KлL█B≥┬L█KлL█KлL█HL█▀лL█▀лL█┬L█лL█лL█≥┬L▌KлL▌KлL▌HL▌лL▌лL▌L█клL█клL█б≥┬LллLллLлL▌KлL▌KлL▌HL█клL█клL█б≥┬LлклLлклLлхLл▀лLл▀лLл┬LлKлLлKлLлB≥┬LлKлLлKлLлHLмлLмлLмLлклLлклLлб≥┬LмлLмлLмLмKлLмKлLмHLлклLлклLлб≥┬LмлLмлLмLм▀лLм▀лLм┬LмKлLмKлLмB≥┬LмклLмклLмхLмKлLмKлLмHLм▀лLм▀лLм┌≥┬Lм▀лLм▀лLм┬LнлLнлLнLмклLмклLмб≥┬LнлLнлLнLнKлLнKлLнHLмклLмклLмб≥┬LнлLнлLнLлLлLLнKлLнKлLнB≥┬LклLклLхL▀лL▀лL┬LKлLKлLB≥┬LлLлLLклLклLхLKлLKлLB≥┬LклLклLхL▀лL▀лL┬LKлLKлLB≥┬LлLлLLклLклLхLKлLKлLB≥┬LLKлLLKлLLHLLлLLлLLLKлLKлLB≥┬LKлLKлLHLL▀лLL▀лLL┬LLKлLLKлLLB≥┬LKлLKлLHLLклLLклLLхLL▀лLL▀лLL┌≥┬LLклLLклLLхLMлLMлLMLL▀лLL▀лLL┌≥┬LMлLMлLMLLклLLклLLхLMKлLMKлLMB≥┬LMKлLMKлLMHLM▀лLM▀лLM┬LMлLMлLM≥┬LMKлLMKлLMHLMклLMклLMхLM▀лLM▀лLM┌≥┬LMклLMклLMхLNлLNлLNLM▀лLM▀лLM┌≥┬LLKлLLKлLLHLLлLLлLLLNKлLNKлLNB≥┬LL▀лLL▀лLL┬LLKлLLKлLLHLNKлLNKлLNB≥┬LLKлLLKлLLHLLлLLлLLLLклLLклLLб≥┬LLклLLклLLхLL▀лLL▀лLL┬LLKлLLKлLLB≥┬LL▀лLL▀лLL┬LLклLLклLLхLLKлLLKлLLB≥┬LL▀лLL▀лLL┬LLлLLлLLLLклLLклLLб≥┬LLLKлLLLKлLLLHLLLлLLLлLLLLLKлLLKлLLB≥┬LLL▀лLLL▀лLLL┬LLLKлLLLKлLLLHLLKлLLKлLLB≥┬LLMKлLLMKлLLMHLLMлLLMлLLMLLLклLLLклLLLб≥┬LLM▀лLLM▀лLLM┬LLMKлLLMKлLLMHLLLклLLLклLLLб≥┬LLNKлLLNKлLLNHLLNлLLNлLLNLLMклLLMклLLMб≥┬LL▄лLL▄лLL▄LLNKлLLNKлLLNHLLMклLLMклLLMб≥┬LL▄клLL▄клLL▄хLL▄▀лLL▄▀лLL▄┬LL▄KлLL▄KлLL▄B≥┬LL█лLL█лLL█LL▄клLL▄клLL▄хLL▄KлLL▄KлLL▄B≥┬LL█клLL█клLL█хLL█▀лLL█▀лLL█┬LL█KлLL█KлLL█B≥┬LL▌лLL▌лLL▌LL█клLL█клLL█хLL█KлLL█KлLL█B≥┬LLлKлLLлKлLLлHLLллLLллLLлLL▌KлLL▌KлLL▌B≥┬LLл▀лLLл▀лLLл┬LLлKлLLлKлLLлHLL▌KлLL▌KлLL▌B≥┬LLмKлLLмKлLLмHLLмлLLмлLLмLLлклLLлклLLлб≥┬LLм▀лLLм▀лLLм┬LLмKлLLмKлLLмHLLлклLLлклLLлб≥┬LLнKлLLнKлLLнHLLнлLLнлLLнLLмклLLмклLLмб≥┬LMлLMлLMLLнKлLLнKлLLнHLLмклLLмклLLмб≥┬LMклLMклLMхLM▀лLM▀лLM┬LMKлLMKлLMB≥┬LMлLMлLMLMклLMклLMхLMKлLMKлLMB≥┬LMклLMклLMхLM▀лLM▀лLM┬LMKлLMKлLMB≥┬LMлLMлLMLMклLMклLMхLMKлLMKлLMB≥┬LMLKлLMLKлLMLHLMLлLMLлLMLLMKлLMKлLMB≥┬LML▀лLML▀лLML┬LMLKлLMLKлLMLHLMKлLMKлLMB≥┬LMMKлLMMKлLMMHLMMлLMMлLMMLMLклLMLклLMLб≥┬LMM▀лLMM▀лLMM┬LMMKлLMMKлLMMHLMLклLMLклLMLб≥┬LMNKлLMNKлLMNHLMNлLMNлLMNLMMклLMMклLMMб≥┬LM▄лLM▄лLM▄LMNKлLMNKлLMNHLMMклLMMклLMMб≥┬LM▄клLM▄клLM▄хLM▄▀лLM▄▀лLM▄┬LM▄KлLM▄KлLM▄B≥┬LM█лLM█лLM█LM▄клLM▄клLM▄хLM▄KлLM▄KлLM▄B≥┬LM█клLM█клLM█хLM█▀лLM█▀лLM█┬LM█KлLM█KлLM█B≥┬LM▌лLM▌лLM▌LM█клLM█клLM█хLM█KлLM█KлLM█B≥┬LMлKлLMлKлLMлHLMллLMллLMлLM▌KлLM▌KлLM▌B≥┬LMл▀лLMл▀лLMл┬LMлKлLMлKлLMлHLM▌KлLM▌KлLM▌B≥┬LMмKлLMмKлLMмHLMмлLMмлLMмLMлклLMлклLMлб≥┬LMм▀лLMм▀лLMм┬LMмKлLMмKлLMмHLMлклLMлклLMлб≥┬LMнKлLMнKлLMнHLMнлLMнлLMнLMмклLMмклLMмб≥┬LNлLNлLNLMнKлLMнKлLMнHLMмклLMмклLMмб≥┬LNклLNклLNхLN▀лLN▀лLN┬LNKлLNKлLNB≥┬LNлLNлLNLNклLNклLNхLNKлLNKлLNB≥┬LNклLNклLNхLN▀лLN▀лLN┬LNKлLNKлLNB≥┬LNлLNлLNLNклLNклLNхLNKлLNKлLNB≥┬LNLKлLNLKлLNLHLNLлLNLлLNLLNKлLNKлLNB≥┬LNL▀лLNL▀лLNL┬LNLKлLNLKлLNLHLNKлLNKлLNB≥┬LNMKлLNMKлLNMHLNMлLNMлLNMLNLклLNLклLNLб≥┬LNM▀лLNM▀лLNM┬LNMKлLNMKлLNMHLNLклLNLклLNLб≥┬LNNKлLNNKлLNNHLNNлLNNлLNNLNMклLNMклLNMб≥┬L▄лL▄лL▄LNNKлLNNKлLNNHLNMклLNMклLNMб≥┬L▄клL▄клL▄хL▄▀лL▄▀лL▄┬L▄KлL▄KлL▄B≥┬L▄лL▄лL▄L▄клL▄клL▄хL▄KлL▄KлL▄B≥┬L▄клL▄клL▄хL▄▀лL▄▀лL▄┬L▄KлL▄KлL▄B≥┬L▄лL▄лL▄L▄клL▄клL▄хL▄KлL▄KлL▄B≥┬L▄LKлL▄LKлL▄LHL▄LлL▄LлL▄LL▄KлL▄KлL▄B≥┬L▄L▀лL▄L▀лL▄L┬L▄LKлL▄LKлL▄LHL▄KлL▄KлL▄B≥┬L▄MKлL▄MKлL▄MHL▄MлL▄MлL▄ML▄LклL▄LклL▄Lб≥┬L▄M▀лL▄M▀лL▄M┬L▄MKлL▄MKлL▄MHL▄LклL▄LклL▄Lб≥┬L▄NKлL▄NKлL▄NHL▄NлL▄NлL▄NL▄MклL▄MклL▄Mб≥┬L▄▄лL▄▄лL▄▄L▄NKлL▄NKлL▄NHL▄MклL▄MклL▄Mб≥┬L▄▄клL▄▄клL▄▄хL▄▄▀лL▄▄▀лL▄▄┬L▄▄KлL▄▄KлL▄▄B≥┬L▄█лL▄█лL▄█L▄▄клL▄▄клL▄▄хL▄▄KлL▄▄KлL▄▄B≥┬L▄█клL▄█клL▄█хL▄█▀лL▄█▀лL▄█┬L▄█KлL▄█KлL▄█B≥┬L▄▌лL▄▌лL▄▌L▄█клL▄█клL▄█хL▄█KлL▄█KлL▄█B≥┬L▄лKлL▄лKлL▄лHL▄ллL▄ллL▄лL▄▌KлL▄▌KлL▄▌B≥┬L▄л▀лL▄л▀лL▄л┬L▄лKлL▄лKлL▄лHL▄▌KлL▄▌KлL▄▌B≥┬L▄млL▄млL▄мL▄лклL▄лклL▄лхL▄л▀лL▄л▀лL▄л┌≥┬L▄мKлL▄мKлL▄мHL▄млL▄млL▄мL▄л▀лL▄л▀лL▄л┌≥┬L▄нлL▄нлL▄нL▄мклL▄мклL▄мхL▄м▀лL▄м▀лL▄м┌≥┬L▄нKлL▄нKлL▄нHL▄нлL▄нлL▄нL▄м▀лL▄м▀лL▄м┌≥┬L█▀лL█▀лL█┬L█KлL█KлL█HL█лL█лL█≥┬L█клL█клL█хL█▀лL█▀лL█┬L█лL█лL█≥┬L█▀лL█▀лL█┬L█KлL█KлL█HL█лL█лL█≥┬L█клL█клL█хL█▀лL█▀лL█┬L█лL█лL█≥┬L█LлL█LлL█LL█KлL█KлL█HL█лL█лL█≥┬L█LKлL█LKлL█LHL█LлL█LлL█LL█лL█лL█≥┬L█MлL█MлL█ML█LклL█LклL█LхL█L▀лL█L▀лL█L┌≥┬L█MKлL█MKлL█MHL█MлL█MлL█ML█L▀лL█L▀лL█L┌≥┬L█NлL█NлL█NL█MклL█MклL█MхL█M▀лL█M▀лL█M┌≥┬L█NKлL█NKлL█NHL█NлL█NлL█NL█M▀лL█M▀лL█M┌≥┬L█▄▀лL█▄▀лL█▄┬L█▄KлL█▄KлL█▄HL█▄лL█▄лL█▄≥┬L█▄клL█▄клL█▄хL█▄▀лL█▄▀лL█▄┬L█▄лL█▄лL█▄≥┬L██▀лL██▀лL██┬L██KлL██KлL██HL██лL██лL██≥┬L██клL██клL██хL██▀лL██▀лL██┬L██лL██лL██≥┬L█ллL█ллL█лL█▌KлL█▌KлL█▌HL█▌лL█▌лL█▌≥┬L█лKлL█лKлL█лHL█ллL█ллL█лL█▌лL█▌лL█▌≥┬L█▌лL█▌лL█▌L█лклL█лклL█лхL█л▀лL█л▀лL█л┌≥┬L█лклL█лклL█лхL█млL█млL█мL█л▀лL█л▀лL█л┌≥┬L█мклL█мклL█мхL█м▀лL█м▀лL█м┬L█мKлL█мKлL█мB≥┬L█нлL█нлL█нL█мклL█мклL█мхL█мKлL█мKлL█мB≥┬L▌KлL▌KлL▌HL▌лL▌лL▌L█нKлL█нKлL█нB≥┬L▌▀лL▌▀лL▌┬L▌KлL▌KлL▌HL█нKлL█нKлL█нB≥┬L▌KлL▌KлL▌HL▌лL▌лL▌L▌клL▌клL▌б≥┬L▌▀лL▌▀лL▌┬L▌KлL▌KлL▌HL▌клL▌клL▌б≥┬L▌KлL▌KлL▌HL▌лL▌лL▌L▌клL▌клL▌б≥┬L▌LлL▌LлL▌LL▌KлL▌KлL▌HL▌клL▌клL▌б≥┬L▌LклL▌LклL▌LхL▌L▀лL▌L▀лL▌L┬L▌LKлL▌LKлL▌LB≥┬L▌LKлL▌LKлL▌LHL▌MлL▌MлL▌ML▌LклL▌LклL▌Lб≥┬L▌MлL▌MлL▌ML▌MKлL▌MKлL▌MHL▌LклL▌LклL▌Lб≥┬L▌MлL▌MлL▌ML▌M▀лL▌M▀лL▌M┬L▌MKлL▌MKлL▌MB≥┬L▌NKлL▌NKлL▌NHL▌NлL▌NлL▌NL▌MклL▌MклL▌Mб≥┬L▌MклL▌MклL▌MхLллLллLлL▌NKлL▌NKлL▌NB≥┬LллLллLлLлKлLлKлLлHL▌NKлL▌NKлL▌NB≥┬LллLллLлLл▀лLл▀лLл┬LлKлLлKлLлB≥┬LлклLлклLлхLлKлLлKлLлHLл▀лLл▀лLл┌≥┬Lл▀лLл▀лLл┬LллLллLлLлклLлклLлб≥┬LллLллLлLлKлLлKлLлHLлклLлклLлб≥┬LлKлLлKлLлHLл▀лLл▀лLл┬LлклLлклLлб≥┬LлKлLлKлLлHLллLллLлLлклLлклLлб≥┬LлклLлклLлхLлLлLлLлLлLLлKлLлKлLлB≥┬LлклLлклLлхLлLKлLлLKлLлLHLлLлLлLлLлL≥┬LлLKлLлLKлLлLHLлL▀лLлL▀лLлL┬LлLлLлLлLлL≥┬LлMKлLлMKлLлMHLлMлLлMлLлMLлLклLлLклLлLб≥┬LлLклLлLклLлLхLлM▀лLлM▀лLлM┬LлMKлLлMKлLлMB≥┬LлLклLлLклLлLхLлMклLлMклLлMхLлM▀лLлM▀лLлM┌≥┬LлMклLлMклLлMхLлNлLлNлLлNLлM▀лLлM▀лLлM┌≥┬Lл▄KлLл▄KлLл▄HLл▄лLл▄лLл▄LлNKлLлNKлLлNB≥┬LлNKлLлNKлLлNHLл▄▀лLл▄▀лLл▄┬Lл▄KлLл▄KлLл▄B≥┬LлNKлLлNKлLлNHLл▄клLл▄клLл▄хLл▄▀лLл▄▀лLл▄┌≥┬Lл▄клLл▄клLл▄хLл█лLл█лLл█Lл▄▀лLл▄▀лLл▄┌≥┬Lл█клLл█клLл█хLл█▀лLл█▀лLл█┬Lл█KлLл█KлLл█B≥┬Lл█KлLл█KлLл█HLл▌лLл▌лLл▌Lл█клLл█клLл█б≥┬Lл▌лLл▌лLл▌Lл▌KлLл▌KлLл▌HLл█клLл█клLл█б≥┬Lл▌лLл▌лLл▌LлллLлллLллLл▌KлLл▌KлLл▌B≥┬LллклLллклLллхLлл▀лLлл▀лLлл┬LллKлLллKлLллB≥┬LлмлLлмлLлмLллклLллклLллхLллKлLллKлLллB≥┬LлмлLлмлLлмLллKлLллKлLллHLлмKлLлмKлLлмB≥┬Lлм▀лLлм▀лLлм┬LлмлLлмлLлмLлмKлLлмKлLлмB≥┬LлнKлLлнKлLлнHLлнлLлнлLлнLлмклLлмклLлмб≥┬LлмклLлмклLлмхLмлLмлLмLлнKлLлнKлLлнB≥┬LлмклLлмклLлмхLмKлLмKлLмHLмлLмлLм≥┬LмKлLмKлLмHLм▀лLм▀лLм┬LмлLмлLм≥┬LмклLмклLмхLм▀лLм▀лLм┬LмKлLмKлLмB≥┬LмKлLмKлLмHLмлLмлLмLмклLмклLмб≥┬LмлLмлLмLмKлLмKлLмHLмклLмклLмб≥┬LмлLмлLмLм▀лLм▀лLм┬LмKлLмKлLмB≥┬LмKлLмKлLмHLмлLмлLмLмклLмклLмб≥┬LмклLмклLмхLмLлLмLлLмLLмKлLмKлLмB≥┬LмклLмклLмхLмLKлLмLKлLмLHLмLлLмLлLмL≥┬LмLKлLмLKлLмLHLмL▀лLмL▀лLмL┬LмLлLмLлLмL≥┬LмL▀лLмL▀лLмL┬LмLKлLмLKлLмLHLмLклLмLклLмLб≥┬LмLклLмLклLмLхLмMлLмMлLмMLмL▀лLмL▀лLмL┌≥┬LмLклLмLклLмLхLмMKлLмMKлLмMHLмMлLмMлLмM≥┬LмLклLмLклLмLхLмM▀лLмM▀лLмM┬LмMKлLмMKлLмMB≥┬LмNKлLмNKлLмNHLмNлLмNлLмNLмMклLмMклLмMб≥┬LмMклLмMклLмMхLм▄лLм▄лLм▄LмNKлLмNKлLмNB≥┬Lм▄лLм▄лLм▄Lм▄KлLм▄KлLм▄HLмNKлLмNKлLмNB≥┬Lм▄лLм▄лLм▄Lм▄▀лLм▄▀лLм▄┬Lм▄KлLм▄KлLм▄B≥┬Lм█KлLм█KлLм█HLм█лLм█лLм█Lм▄клLм▄клLм▄б≥┬Lм▄клLм▄клLм▄хLм█▀лLм█▀лLм█┬Lм█KлLм█KлLм█B≥┬Lм█▀лLм█▀лLм█┬Lм█клLм█клLм█хLм█KлLм█KлLм█B≥┬Lм█▀лLм█▀лLм█┬Lм▌лLм▌лLм▌Lм█клLм█клLм█б≥┬LмлKлLмлKлLмлHLмллLмллLмлLм▌KлLм▌KлLм▌B≥┬Lм▌KлLм▌KлLм▌HLмл▀лLмл▀лLмл┬LмлKлLмлKлLмлB≥┬Lмл▀лLмл▀лLмл┬LмлклLмлклLмлхLмлKлLмлKлLмлB≥┬Lмл▀лLмл▀лLмл┬LммлLммлLммLмлклLмлклLмлб≥┬LммклLммклLммхLмм▀лLмм▀лLмм┬LммKлLммKлLммB≥┬LммKлLммKлLммHLмнлLмнлLмнLммклLммклLммб≥┬LммKлLммKлLммHLмнKлLмнKлLмнHLмнлLмнлLмн≥┬LмнKлLмнKлLмнHLнлLнлLнLмнлLмнлLмн≥┬LнклLнклLнхLн▀лLн▀лLн┬LнKлLнKлLнB≥┬LнлLнлLнLнклLнклLнхLнKлLнKлLнB≥┬LнклLнклLнхLн▀лLн▀лLн┬LнKлLнKлLнB≥┬LнлLнлLнLнклLнклLнхLнKлLнKлLнB≥┬LнLKлLнLKлLнLHLнLлLнLлLнLLнKлLнKлLнB≥┬LнL▀лLнL▀лLнL┬LнLKлLнLKлLнLHLнKлLнKлLнB≥┬LнMKлLнMKлLнMHLнMлLнMлLнMLнLклLнLклLнLб≥┬LнM▀лLнM▀лLнM┬LнMKлLнMKлLнMHLнLклLнLклLнLб≥┬LнNKлLнNKлLнNHLнNлLнNлLнNLнMклLнMклLнMб≥┬MлMлMLнNKлLнNKлLнNHLнMклLнMклLнMб≥┬MклMклMхM▀лM▀лM┬MKлMKлMB≥┬MлMлMMклMклMхMKлMKлMB≥┬MлMлMMKлMKлMHMKлMKлMB≥┬MKлMKлMHM▀лM▀лM┬MлMлM≥┬MклMклMхM▀лM▀лM┬MKлMKлMB≥┬MклMклMхMKлMKлMHMлMлM≥┬MKлMKлMHMклMклMхMлMлM≥┬MлMлMMLлMLлMLMKлMKлMB≥┬MLклMLклMLхML▀лML▀лML┬MLKлMLKлMLB≥┬MMлMMлMMMLклMLклMLхMLKлMLKлMLB≥┬MMклMMклMMхMM▀лMM▀лMM┬MMKлMMKлMMB≥┬MMKлMMKлMMHMNлMNлMNMMклMMклMMб≥┬MNлMNлMNMNKлMNKлMNHMMклMMклMMб≥┬MNлMNлMNM▄лM▄лM▄MNKлMNKлMNB≥┬M▄KлM▄KлM▄HMNKлMNKлMNHM▄лM▄лM▄≥┬M▄лM▄лM▄M▄▀лM▄▀лM▄┬M▄KлM▄KлM▄B≥┬M▄▀лM▄▀лM▄┬M▄клM▄клM▄хM▄KлM▄KлM▄B≥┬M▄▀лM▄▀лM▄┬M█лM█лM█M▄клM▄клM▄б≥┬M█клM█клM█хM█▀лM█▀лM█┬M█KлM█KлM█B≥┬M▌лM▌лM▌M█клM█клM█хM█KлM█KлM█B≥┬MлKлMлKлMлHMллMллMлM▌KлM▌KлM▌B≥┬Mл▀лMл▀лMл┬MлKлMлKлMлHM▌KлM▌KлM▌B≥┬MмKлMмKлMмHMмлMмлMмMлклMлклMлб≥┬MлклMлклMлхMм▀лMм▀лMм┬MмKлMмKлMмB≥┬MлклMлклMлхMмклMмклMмхMм▀лMм▀лMм┌≥┬MмклMмклMмхMнлMнлMнMм▀лMм▀лMм┌≥┬MнлMнлMнMмклMмклMмхMнKлMнKлMнB≥┬MнKлMнKлMнHMлMлMMнлMнлMн≥┬MнKлMнKлMнHMKлMKлMHMлMлM≥┬MKлMKлMHM▀лM▀лM┬MлMлM≥┬MKлMKлMHMлMлMMклMклMб≥┬M▀лM▀лM┬MKлMKлMHMклMклMб≥┬MKлMKлMHMлMлMMклMклMб≥┬MклMклMхMLлMLлMLMKлMKлMB≥┬MклMклMхMLKлMLKлMLHMLлMLлML≥┬MLKлMLKлMLHML▀лML▀лML┬MLлMLлML≥┬MMKлMMKлMMHMMлMMлMMMLклMLклMLб≥┬MM▀лMM▀лMM┬MMKлMMKлMMHMLклMLклMLб≥┬MNKлMNKлMNHMNлMNлMNMMклMMклMMб≥┬M▄лM▄лM▄MNKлMNKлMNHMMклMMклMMб≥┬M▄клM▄клM▄хM▄▀лM▄▀лM▄┬M▄KлM▄KлM▄B≥┬M█лM█лM█M▄клM▄клM▄хM▄KлM▄KлM▄B≥┬M█клM█клM█хM█▀лM█▀лM█┬M█KлM█KлM█B≥┬M▌лM▌лM▌M█клM█клM█хM█KлM█KлM█B≥┬MлKлMлKлMлHMллMллMлM▌KлM▌KлM▌B≥┬Mл▀лMл▀лMл┬MлKлMлKлMлHM▌KлM▌KлM▌B≥┬MмKлMмKлMмHMмлMмлMмMлклMлклMлб≥┬Mм▀лMм▀лMм┬MмKлMмKлMмHMлклMлклMлб≥┬MнKлMнKлMнHMнлMнлMнMмклMмклMмб≥┬MлMлMMнKлMнKлMнHMмклMмклMмб≥┬MклMклMхM▀лM▀лM┬MKлMKлMB≥┬MлMлMMклMклMхMKлMKлMB≥┬MклMклMхM▀лM▀лM┬MKлMKлMB≥┬MлMлMMклMклMхMKлMKлMB≥┬MLKлMLKлMLHMLлMLлMLMKлMKлMB≥┬ML▀лML▀лML┬MLKлMLKлMLHMKлMKлMB≥┬MMKлMMKлMMHMMлMMлMMMLклMLклMLб≥┬MM▀лMM▀лMM┬MMKлMMKлMMHMLклMLклMLб≥┬MNKлMNKлMNHMNлMNлMNMMклMMклMMб≥┬MLлMLлMLMNKлMNKлMNHMMклMMклMMб≥┬MLклMLклMLхML▀лML▀лML┬MLKлMLKлMLB≥┬MLлMLлMLMLклMLклMLхMLKлMLKлMLB≥┬MLклMLклMLхML▀лML▀лML┬MLKлMLKлMLB≥┬MLлMLлMLMLклMLклMLхMLKлMLKлMLB≥┬MLLKлMLLKлMLLHMLLлMLLлMLLMLKлMLKлMLB≥┬MLL▀лMLL▀лMLL┬MLLKлMLLKлMLLHMLKлMLKлMLB≥┬MLMKлMLMKлMLMHMLMлMLMлMLMMLLклMLLклMLLб≥┬MLM▀лMLM▀лMLM┬MLMKлMLMKлMLMHMLLклMLLклMLLб≥┬MLNKлMLNKлMLNHMLNлMLNлMLNMLMклMLMклMLMб≥┬ML▄лML▄лML▄MLNKлMLNKлMLNHMLMклMLMклMLMб≥┬ML▄клML▄клML▄хML▄▀лML▄▀лML▄┬ML▄KлML▄KлML▄B≥┬ML█лML█лML█ML▄клML▄клML▄хML▄KлML▄KлML▄B≥┬ML█клML█клML█хML█▀лML█▀лML█┬ML█KлML█KлML█B≥┬ML▌лML▌лML▌ML█клML█клML█хML█KлML█KлML█B≥┬MLлKлMLлKлMLлHMLллMLллMLлML▌KлML▌KлML▌B≥┬MLл▀лMLл▀лMLл┬MLлKлMLлKлMLлHML▌KлML▌KлML▌B≥┬MLмKлMLмKлMLмHMLмлMLмлMLмMLлклMLлклMLлб≥┬MLм▀лMLм▀лMLм┬MLмKлMLмKлMLмHMLлклMLлклMLлб≥┬MLнKлMLнKлMLнHMLнлMLнлMLнMLмклMLмклMLмб≥┬MMлMMлMMMLнKлMLнKлMLнHMLмклMLмклMLмб≥┬MMклMMклMMхMM▀лMM▀лMM┬MMKлMMKлMMB≥┬MMлMMлMMMMклMMклMMхMMKлMMKлMMB≥┬MMклMMклMMхMM▀лMM▀лMM┬MMKлMMKлMMB≥┬MMлMMлMMMMклMMклMMхMMKлMMKлMMB≥┬MMLKлMMLKлMMLHMMLлMMLлMMLMMKлMMKлMMB≥┬MML▀лMML▀лMML┬MMLKлMMLKлMMLHMMKлMMKлMMB≥┬MMMKлMMMKлMMMHMMMлMMMлMMMMMLклMMLклMMLб≥┬MMM▀лMMM▀лMMM┬MMMKлMMMKлMMMHMMLклMMLклMMLб≥┬MMNKлMMNKлMMNHMMNлMMNлMMNMMMклMMMклMMMб≥┬MM▄лMM▄лMM▄MMNKлMMNKлMMNHMMMклMMMклMMMб≥┬MM▄клMM▄клMM▄хMM▄▀лMM▄▀лMM▄┬MM▄KлMM▄KлMM▄B≥┬MM█лMM█лMM█MM▄клMM▄клMM▄хMM▄KлMM▄KлMM▄B≥┬MM█клMM█клMM█хMM█▀лMM█▀лMM█┬MM█KлMM█KлMM█B≥┬MM▌лMM▌лMM▌MM█клMM█клMM█хMM█KлMM█KлMM█B≥┬MMлKлMMлKлMMлHMMллMMллMMлMM▌KлMM▌KлMM▌B≥┬MMл▀лMMл▀лMMл┬MMлKлMMлKлMMлHMM▌KлMM▌KлMM▌B≥┬MMмKлMMмKлMMмHMMмлMMмлMMмMMлклMMлклMMлб≥┬MMм▀лMMм▀лMMм┬MMмKлMMмKлMMмHMMлклMMлклMMлб≥┬MMнлMMнлMMнMMмклMMмклMMмхMMм▀лMMм▀лMMм┌≥┬MMнKлMMнKлMMнHMMнлMMнлMMнMMм▀лMMм▀лMMм┌≥┬MN▀лMN▀лMN┬MNKлMNKлMNHMNлMNлMN≥┬MNклMNклMNхMN▀лMN▀лMN┬MNлMNлMN≥┬MN▀лMN▀лMN┬MNKлMNKлMNHMNлMNлMN≥┬MNклMNклMNхMN▀лMN▀лMN┬MNлMNлMN≥┬MNLлMNLлMNLMNKлMNKлMNHMNлMNлMN≥┬MNLKлMNLKлMNLHMNLлMNLлMNLMNлMNлMN≥┬MNMлMNMлMNMMNLклMNLклMNLхMNL▀лMNL▀лMNL┌≥┬MNMKлMNMKлMNMHMNMлMNMлMNMMNL▀лMNL▀лMNL┌≥┬MNNлMNNлMNNMNMклMNMклMNMхMNM▀лMNM▀лMNM┌≥┬MNNKлMNNKлMNNHMNNлMNNлMNNMNM▀лMNM▀лMNM┌≥┬M▄▀лM▄▀лM▄┬M▄KлM▄KлM▄HM▄лM▄лM▄≥┬M▄клM▄клM▄хM▄▀лM▄▀лM▄┬M▄лM▄лM▄≥┬M▄▀лM▄▀лM▄┬M▄KлM▄KлM▄HM▄лM▄лM▄≥┬M▄клM▄клM▄хM▄▀лM▄▀лM▄┬M▄лM▄лM▄≥┬M▄LлM▄LлM▄LM▄KлM▄KлM▄HM▄лM▄лM▄≥┬M▄LKлM▄LKлM▄LHM▄LлM▄LлM▄LM▄лM▄лM▄≥┬M▄MлM▄MлM▄MM▄LклM▄LклM▄LхM▄L▀лM▄L▀лM▄L┌≥┬M▄MKлM▄MKлM▄MHM▄MлM▄MлM▄MM▄L▀лM▄L▀лM▄L┌≥┬M▄L▀лM▄L▀лM▄L┬M▄MклM▄MклM▄MхM▄M▀лM▄M▀лM▄M┌≥┬M▄MклM▄MклM▄MхM▄NлM▄NлM▄NM▄M▀лM▄M▀лM▄M┌≥┬M▄▄KлM▄▄KлM▄▄HM▄▄лM▄▄лM▄▄M▄NKлM▄NKлM▄NB≥┬M▄▄▀лM▄▄▀лM▄▄┬M▄▄KлM▄▄KлM▄▄HM▄NKлM▄NKлM▄NB≥┬M▄█KлM▄█KлM▄█HM▄█лM▄█лM▄█M▄▄клM▄▄клM▄▄б≥┬M▄█▀лM▄█▀лM▄█┬M▄█KлM▄█KлM▄█HM▄▄клM▄▄клM▄▄б≥┬M▄▌KлM▄▌KлM▄▌HM▄▌лM▄▌лM▄▌M▄█клM▄█клM▄█б≥┬M▄ллM▄ллM▄лM▄▌KлM▄▌KлM▄▌HM▄█клM▄█клM▄█б≥┬M▄лклM▄лклM▄лхM▄л▀лM▄л▀лM▄л┬M▄лKлM▄лKлM▄лB≥┬M▄млM▄млM▄мM▄лклM▄лклM▄лхM▄лKлM▄лKлM▄лB≥┬M▄мклM▄мклM▄мхM▄м▀лM▄м▀лM▄м┬M▄мKлM▄мKлM▄мB≥┬M▄мKлM▄мKлM▄мHM▄нлM▄нлM▄нM▄мклM▄мклM▄мб≥┬M▄нлM▄нлM▄нM▄нKлM▄нKлM▄нHM▄мклM▄мклM▄мб≥┬M▄нлM▄нлM▄нM█лM█лM█M▄нKлM▄нKлM▄нB≥┬M█клM█клM█хM█▀лM█▀лM█┬M█KлM█KлM█B≥┬M█KлM█KлM█HM█лM█лM█M█клM█клM█б≥┬M█KлM█KлM█HM█KлM█KлM█HM█лM█лM█≥┬M█KлM█KлM█HM█▀лM█▀лM█┬M█лM█лM█≥┬M█KлM█KлM█HM█лM█лM█M█клM█клM█б≥┬M█клM█клM█хM█LлM█LлM█LM█KлM█KлM█B≥┬M█LлM█LлM█LM█LKлM█LKлM█LHM█KлM█KлM█B≥┬M█LлM█LлM█LM█L▀лM█L▀лM█L┬M█LKлM█LKлM█LB≥┬M█MKлM█MKлM█MHM█MлM█MлM█MM█LклM█LклM█Lб≥┬M█LклM█LклM█LхM█M▀лM█M▀лM█M┬M█MKлM█MKлM█MB≥┬M█M▀лM█M▀лM█M┬M█MклM█MклM█MхM█MKлM█MKлM█MB≥┬M█M▀лM█M▀лM█M┬M█NлM█NлM█NM█MклM█MклM█Mб≥┬M█▄KлM█▄KлM█▄HM█▄лM█▄лM█▄M█NKлM█NKлM█NB≥┬M█NKлM█NKлM█NHM█▄▀лM█▄▀лM█▄┬M█▄KлM█▄KлM█▄B≥┬M█▄▀лM█▄▀лM█▄┬M█▄клM█▄клM█▄хM█▄KлM█▄KлM█▄B≥┬M█▄▀лM█▄▀лM█▄┬M██лM██лM██M█▄клM█▄клM█▄б≥┬M██клM██клM██хM██▀лM██▀лM██┬M██KлM██KлM██B≥┬M██KлM██KлM██HM█▌лM█▌лM█▌M██клM██клM██б≥┬M█▌лM█▌лM█▌M█▌KлM█▌KлM█▌HM██клM██клM██б≥┬M█▌лM█▌лM█▌M█ллM█ллM█лM█▌KлM█▌KлM█▌B≥┬M█лклM█лклM█лхM█л▀лM█л▀лM█л┬M█лKлM█лKлM█лB≥┬M█лKлM█лKлM█лHM█млM█млM█мM█лклM█лклM█лб≥┬M█млM█млM█мM█мKлM█мKлM█мHM█лклM█лклM█лб≥┬M█млM█млM█мM█м▀лM█м▀лM█м┬M█мKлM█мKлM█мB≥┬M█нKлM█нKлM█нHM█нлM█нлM█нM█мклM█мклM█мб≥┬M▌лM▌лM▌M█нKлM█нKлM█нHM█мклM█мклM█мб≥┬M▌лM▌лM▌M█мклM█мклM█мхM▌KлM▌KлM▌B≥┬M▌▀лM▌▀лM▌┬M▌лM▌лM▌M▌KлM▌KлM▌B≥┬M▌KлM▌KлM▌HM▌лM▌лM▌M▌клM▌клM▌б≥┬M▌клM▌клM▌хM▌▀лM▌▀лM▌┬M▌KлM▌KлM▌B≥┬M▌▀лM▌▀лM▌┬M▌клM▌клM▌хM▌KлM▌KлM▌B≥┬M▌▀лM▌▀лM▌┬M▌лM▌лM▌M▌клM▌клM▌б≥┬M▌LKлM▌LKлM▌LHM▌LлM▌LлM▌LM▌KлM▌KлM▌B≥┬M▌KлM▌KлM▌HM▌L▀лM▌L▀лM▌L┬M▌LKлM▌LKлM▌LB≥┬M▌KлM▌KлM▌HM▌LклM▌LклM▌LхM▌L▀лM▌L▀лM▌L┌≥┬M▌LклM▌LклM▌LхM▌MлM▌MлM▌MM▌L▀лM▌L▀лM▌L┌≥┬M▌MклM▌MклM▌MхM▌M▀лM▌M▀лM▌M┬M▌MKлM▌MKлM▌MB≥┬M▌MKлM▌MKлM▌MHM▌NлM▌NлM▌NM▌MклM▌MклM▌Mб≥┬M▌NлM▌NлM▌NM▌NKлM▌NKлM▌NHM▌MклM▌MклM▌Mб≥┬M▌NлM▌NлM▌NMллMллMлM▌NKлM▌NKлM▌NB≥┬MлклMлклMлхMл▀лMл▀лMл┬MлKлMлKлMлB≥┬MлKлMлKлMлHMллMллMлMлклMлклMлб≥┬MлKлMлKлMлHMлKлMлKлMлHMллMллMл≥┬MлKлMлKлMлHMл▀лMл▀лMл┬MллMллMл≥┬MлKлMлKлMлHMллMллMлMлклMлклMлб≥┬MлклMлклMлхMлLлMлLлMлLMлKлMлKлMлB≥┬MлклMлклMлхMлLKлMлLKлMлLHMлLлMлLлMлL≥┬MлLKлMлLKлMлLHMлL▀лMлL▀лMлL┬MлLлMлLлMлL≥┬MлMKлMлMKлMлMHMлMлMлMлMлMMлLклMлLклMлLб≥┬MлLклMлLклMлLхMлM▀лMлM▀лMлM┬MлMKлMлMKлMлMB≥┬MлLклMлLклMлLхMлMклMлMклMлMхMлM▀лMлM▀лMлM┌≥┬MлMклMлMклMлMхMлNлMлNлMлNMлM▀лMлM▀лMлM┌≥┬Mл▄KлMл▄KлMл▄HMл▄лMл▄лMл▄MлNKлMлNKлMлNB≥┬MлNKлMлNKлMлNHMл▄▀лMл▄▀лMл▄┬Mл▄KлMл▄KлMл▄B≥┬MлNKлMлNKлMлNHMл▄клMл▄клMл▄хMл▄▀лMл▄▀лMл▄┌≥┬Mл▄клMл▄клMл▄хMл█лMл█лMл█Mл▄▀лMл▄▀лMл▄┌≥┬Mл█клMл█клMл█хMл█▀лMл█▀лMл█┬Mл█KлMл█KлMл█B≥┬Mл█KлMл█KлMл█HMл▌лMл▌лMл▌Mл█клMл█клMл█б≥┬Mл█KлMл█KлMл█HMл▌KлMл▌KлMл▌HMл▌лMл▌лMл▌≥┬Mл▌KлMл▌KлMл▌HMлллMлллMллMл▌лMл▌лMл▌≥┬MллклMллклMллхMлл▀лMлл▀лMлл┬MллKлMллKлMллB≥┬MлмлMлмлMлмMллклMллклMллхMллKлMллKлMллB≥┬MлмклMлмклMлмхMлм▀лMлм▀лMлм┬MлмKлMлмKлMлмB≥┬MлнлMлнлMлнMлмклMлмклMлмхMлмKлMлмKлMлмB≥┬MмKлMмKлMмHMмлMмлMмMлнKлMлнKлMлнB≥┬Mм▀лMм▀лMм┬MмKлMмKлMмHMлнKлMлнKлMлнB≥┬MмKлMмKлMмHMмлMмлMмMмклMмклMмб≥┬Mм▀лMм▀лMм┬MмKлMмKлMмHMмклMмклMмб≥┬MмKлMмKлMмHMмлMмлMмMмклMмклMмб≥┬MмLлMмLлMмLMмKлMмKлMмHMмклMмклMмб≥┬MмLклMмLклMмLхMмL▀лMмL▀лMмL┬MмLKлMмLKлMмLB≥┬MмLKлMмLKлMмLHMмMлMмMлMмMMмLклMмLклMмLб≥┬MмMлMмMлMмMMмMKлMмMKлMмMHMмLклMмLклMмLб≥┬MмMлMмMлMмMMмM▀лMмM▀лMмM┬MмMKлMмMKлMмMB≥┬MмNKлMмNKлMмNHMмNлMмNлMмNMмMклMмMклMмMб≥┬Mм▄лMм▄лMм▄MмNKлMмNKлMмNHMмMклMмMклMмMб≥┬Mм▄клMм▄клMм▄хMм▄▀лMм▄▀лMм▄┬Mм▄KлMм▄KлMм▄B≥┬Mм▄KлMм▄KлMм▄HMм█лMм█лMм█Mм▄клMм▄клMм▄б≥┬Mм▄KлMм▄KлMм▄HMм█KлMм█KлMм█HMм█лMм█лMм█≥┬Mм█KлMм█KлMм█HMм█▀лMм█▀лMм█┬Mм█лMм█лMм█≥┬Mм▌KлMм▌KлMм▌HMм▌лMм▌лMм▌Mм█клMм█клMм█б≥┬MмллMмллMмлMм▌KлMм▌KлMм▌HMм█клMм█клMм█б≥┬MмлклMмлклMмлхMмл▀лMмл▀лMмл┬MмлKлMмлKлMмлB≥┬MммлMммлMммMмлклMмлклMмлхMмлKлMмлKлMмлB≥┬MммклMммклMммхMмм▀лMмм▀лMмм┬MммKлMммKлMммB≥┬MммKлMммKлMммHMмнлMмнлMмнMммклMммклMммб≥┬MмнлMмнлMмнMмнKлMмнKлMмнHMммклMммклMммб≥┬MмнлMмнлMмнMнлMнлMнMмнKлMмнKлMмнB≥┬MнKлMнKлMнHMмнKлMмнKлMмнHMнлMнлMн≥┬MнлMнлMнMн▀лMн▀лMн┬MнKлMнKлMнB≥┬Mн▀лMн▀лMн┬MнклMнклMнхMнKлMнKлMнB≥┬Mн▀лMн▀лMн┬MнлMнлMнMнклMнклMнб≥┬MнклMнклMнхMн▀лMн▀лMн┬MнKлMнKлMнB≥┬MнKлMнKлMнHMнлMнлMнMнклMнклMнб≥┬MнKлMнKлMнHMнKлMнKлMнHMнлMнлMн≥┬MнKлMнKлMнHMнLлMнLлMнLMнлMнлMн≥┬MнLклMнLклMнLхMнL▀лMнL▀лMнL┬MнLKлMнLKлMнLB≥┬MнMлMнMлMнMMнLклMнLклMнLхMнLKлMнLKлMнLB≥┬MнMклMнMклMнMхMнM▀лMнM▀лMнM┬MнMKлMнMKлMнMB≥┬MнMKлMнMKлMнMHMнNлMнNлMнNMнMклMнMклMнMб≥┬MнMKлMнMKлMнMHMнNKлMнNKлMнNHMнNлMнNлMнN≥┬MнNKлMнNKлMнNHNлNлNMнNлMнNлMнN≥┬NклNклNхN▀лN▀лN┬NKлNKлNB≥┬NлNлNNклNклNхNKлNKлNB≥┬NклNклNхN▀лN▀лN┬NKлNKлNB≥┬NлNлNNклNклNхNKлNKлNB≥┬NLKлNLKлNLHNLлNLлNLNKлNKлNB≥┬NL▀лNL▀лNL┬NLKлNLKлNLHNKлNKлNB≥┬NMKлNMKлNMHNMлNMлNMNLклNLклNLб≥┬NM▀лNM▀лNM┬NMKлNMKлNMHNLклNLклNLб≥┬NNKлNNKлNNHNNлNNлNNNMклNMклNMб≥┬N▄лN▄лN▄NNKлNNKлNNHNMклNMклNMб≥┬N▄клN▄клN▄хN▄▀лN▄▀лN▄┬N▄KлN▄KлN▄B≥┬N█лN█лN█N▄клN▄клN▄хN▄KлN▄KлN▄B≥┬N█клN█клN█хN█▀лN█▀лN█┬N█KлN█KлN█B≥┬N▌лN▌лN▌N█клN█клN█хN█KлN█KлN█B≥┬NлKлNлKлNлHNллNллNлN▌KлN▌KлN▌B≥┬Nл▀лNл▀лNл┬NлKлNлKлNлHN▌KлN▌KлN▌B≥┬NмKлNмKлNмHNмлNмлNмNлклNлклNлб≥┬Nм▀лNм▀лNм┬NмKлNмKлNмHNлклNлклNлб≥┬NнKлNнKлNнHNнлNнлNнNмклNмклNмб≥┬NлNлNNнKлNнKлNнHNмклNмклNмб≥┬NклNклNхN▀лN▀лN┬NKлNKлNB≥┬NлNлNNклNклNхNKлNKлNB≥┬NклNклNхN▀лN▀лN┬NKлNKлNB≥┬NлNлNNклNклNхNKлNKлNB≥┬NLKлNLKлNLHNLлNLлNLNKлNKлNB≥┬NL▀лNL▀лNL┬NLKлNLKлNLHNKлNKлNB≥┬NMKлNMKлNMHNMлNMлNMNLклNLклNLб≥┬NM▀лNM▀лNM┬NMKлNMKлNMHNLклNLклNLб≥┬NNKлNNKлNNHNNлNNлNNNMклNMклNMб≥┬N▄лN▄лN▄NNKлNNKлNNHNMклNMклNMб≥┬N▄клN▄клN▄хN▄▀лN▄▀лN▄┬N▄KлN▄KлN▄B≥┬N█лN█лN█N▄клN▄клN▄хN▄KлN▄KлN▄B≥┬N█клN█клN█хN█▀лN█▀лN█┬N█KлN█KлN█B≥┬N▌лN▌лN▌N█клN█клN█хN█KлN█KлN█B≥┬NлKлNлKлNлHNллNллNлN▌KлN▌KлN▌B≥┬Nл▀лNл▀лNл┬NлKлNлKлNлHN▌KлN▌KлN▌B≥┬NмKлNмKлNмHNмлNмлNмNлклNлклNлб≥┬Nм▀лNм▀лNм┬NмKлNмKлNмHNлклNлклNлб≥┬NнKлNнKлNнHNнлNнлNнNмклNмклNмб≥┬NлNлNNнKлNнKлNнHNмклNмклNмб≥┬NклNклNхN▀лN▀лN┬NKлNKлNB≥┬NлNлNNклNклNхNKлNKлNB≥┬NклNклNхN▀лN▀лN┬NKлNKлNB≥┬NлNлNNклNклNхNKлNKлNB≥┬NLKлNLKлNLHNLлNLлNLNKлNKлNB≥┬NL▀лNL▀лNL┬NLKлNLKлNLHNKлNKлNB≥┬NMKлNMKлNMHNMлNMлNMNLклNLклNLб≥┬NM▀лNM▀лNM┬NMKлNMKлNMHNLклNLклNLб≥┬NNKлNNKлNNHNNлNNлNNNMклNMклNMб≥┬NLлNLлNLNNKлNNKлNNHNMклNMклNMб≥┬NLклNLклNLхNL▀лNL▀лNL┬NLKлNLKлNLB≥┬NLлNLлNLNLклNLклNLхNLKлNLKлNLB≥┬NLклNLклNLхNL▀лNL▀лNL┬NLKлNLKлNLB≥┬NLлNLлNLNLклNLклNLхNLKлNLKлNLB≥┬NLLKлNLLKлNLLHNLLлNLLлNLLNLKлNLKлNLB≥┬NLL▀лNLL▀лNLL┬NLLKлNLLKлNLLHNLKлNLKлNLB≥┬NLMKлNLMKлNLMHNLMлNLMлNLMNLLклNLLклNLLб≥┬NLM▀лNLM▀лNLM┬NLMKлNLMKлNLMHNLLклNLLклNLLб≥┬NLNKлNLNKлNLNHNLNлNLNлNLNNLMклNLMклNLMб≥┬NL▄лNL▄лNL▄NLNKлNLNKлNLNHNLMклNLMклNLMб≥┬NL▄клNL▄клNL▄хNL▄▀лNL▄▀лNL▄┬NL▄KлNL▄KлNL▄B≥┬NL█лNL█лNL█NL▄клNL▄клNL▄хNL▄KлNL▄KлNL▄B≥┬NL█▀лNL█▀лNL█┬NL█KлNL█KлNL█HNL█лNL█лNL█≥┬NL█клNL█клNL█хNL█▀лNL█▀лNL█┬NL█лNL█лNL█≥┬NLллNLллNLлNL▌KлNL▌KлNL▌HNL▌лNL▌лNL▌≥┬NLлKлNLлKлNLлHNLллNLллNLлNL▌лNL▌лNL▌≥┬NLмлNLмлNLмNLлклNLлклNLлхNLл▀лNLл▀лNLл┌≥┬NLмKлNLмKлNLмHNLмлNLмлNLмNLл▀лNLл▀лNLл┌≥┬NLнлNLнлNLнNLмклNLмклNLмхNLм▀лNLм▀лNLм┌≥┬NLнKлNLнKлNLнHNLнлNLнлNLнNLм▀лNLм▀лNLм┌≥┬NM▀лNM▀лNM┬NMKлNMKлNMHNMлNMлNM≥┬NMклNMклNMхNM▀лNM▀лNM┬NMлNMлNM≥┬NM▀лNM▀лNM┬NMKлNMKлNMHNMлNMлNM≥┬NMклNMклNMхNM▀лNM▀лNM┬NMлNMлNM≥┬NMLлNMLлNMLNMKлNMKлNMHNMлNMлNM≥┬NMLKлNMLKлNMLHNMLлNMLлNMLNMлNMлNM≥┬NMMлNMMлNMMNMLклNMLклNMLхNML▀лNML▀лNML┌≥┬NMMKлNMMKлNMMHNMMлNMMлNMMNML▀лNML▀лNML┌≥┬NMNлNMNлNMNNMMклNMMклNMMхNMM▀лNMM▀лNMM┌≥┬NMNKлNMNKлNMNHNMNлNMNлNMNNMM▀лNMM▀лNMM┌≥┬NM▄▀лNM▄▀лNM▄┬NM▄KлNM▄KлNM▄HNM▄лNM▄лNM▄≥┬NM▄клNM▄клNM▄хNM▄▀лNM▄▀лNM▄┬NM▄лNM▄лNM▄≥┬NM▄лNM▄лNM▄NM█KлNM█KлNM█HNM█лNM█лNM█≥┬NM█KлNM█KлNM█HNM█▀лNM█▀лNM█┬NM█лNM█лNM█≥┬NM▌KлNM▌KлNM▌HNM▌лNM▌лNM▌NM█клNM█клNM█б≥┬NMллNMллNMлNM▌KлNM▌KлNM▌HNM█клNM█клNM█б≥┬NMлклNMлклNMлхNMл▀лNMл▀лNMл┬NMлKлNMлKлNMлB≥┬NMмлNMмлNMмNMлклNMлклNMлхNMлKлNMлKлNMлB≥┬NMмклNMмклNMмхNMм▀лNMм▀лNMм┬NMмKлNMмKлNMмB≥┬NMнлNMнлNMнNMмклNMмклNMмхNMмKлNMмKлNMмB≥┬NNKлNNKлNNHNNлNNлNNNMнKлNMнKлNMнB≥┬NN▀лNN▀лNN┬NNKлNNKлNNHNMнKлNMнKлNMнB≥┬NNKлNNKлNNHNNлNNлNNNNклNNклNNб≥┬NNклNNклNNхNN▀лNN▀лNN┬NNKлNNKлNNB≥┬NNклNNклNNхNNклNNклNNхNN▀лNN▀лNN┌≥┬NNклNNклNNхNNлNNлNNNN▀лNN▀лNN┌≥┬NNLKлNNLKлNNLHNNLлNNLлNNLNNKлNNKлNNB≥┬NNKлNNKлNNHNNL▀лNNL▀лNNL┬NNLKлNNLKлNNLB≥┬NNKлNNKлNNHNNLклNNLклNNLхNNL▀лNNL▀лNNL┌≥┬NNLклNNLклNNLхNNMлNNMлNNMNNL▀лNNL▀лNNL┌≥┬NNMклNNMклNNMхNNM▀лNNM▀лNNM┬NNMKлNNMKлNNMB≥┬NNMKлNNMKлNNMHNNNлNNNлNNNNNMклNNMклNNMб≥┬NNNлNNNлNNNNNNKлNNNKлNNNHNNMклNNMклNNMб≥┬NNNлNNNлNNN▄л▄л▄NNNKлNNNKлNNNB≥┬▄кл▄кл▄х▄▀л▄▀л▄┬▄Kл▄Kл▄B≥┬▄Kл▄Kл▄H▄л▄л▄▄кл▄кл▄б≥┬▄Kл▄Kл▄H▄Kл▄Kл▄H▄л▄л▄≥┬▄Kл▄Kл▄H▄▀л▄▀л▄┬▄л▄л▄≥┬▄Kл▄Kл▄H▄л▄л▄▄кл▄кл▄б≥┬▄кл▄кл▄х▄Lл▄Lл▄L▄Kл▄Kл▄B≥┬▄кл▄кл▄х▄LKл▄LKл▄LH▄Lл▄Lл▄L≥┬▄кл▄кл▄х▄L▀л▄L▀л▄L┬▄LKл▄LKл▄LB≥┬▄MKл▄MKл▄MH▄Mл▄Mл▄M▄Lкл▄Lкл▄Lб≥┬▄Lкл▄Lкл▄Lх▄M▀л▄M▀л▄M┬▄MKл▄MKл▄MB≥┬▄M▀л▄M▀л▄M┬▄Mкл▄Mкл▄Mх▄MKл▄MKл▄MB≥┬▄M▀л▄M▀л▄M┬▄Nл▄Nл▄N▄Mкл▄Mкл▄Mб≥┬▄▄Kл▄▄Kл▄▄H▄▄л▄▄л▄▄▄NKл▄NKл▄NB≥┬▄NKл▄NKл▄NH▄▄▀л▄▄▀л▄▄┬▄▄Kл▄▄Kл▄▄B≥┬▄▄▀л▄▄▀л▄▄┬▄▄кл▄▄кл▄▄х▄▄Kл▄▄Kл▄▄B≥┬▄▄▀л▄▄▀л▄▄┬▄█л▄█л▄█▄▄кл▄▄кл▄▄б≥┬▄█кл▄█кл▄█х▄█▀л▄█▀л▄█┬▄█Kл▄█Kл▄█B≥┬▄▌л▄▌л▄▌▄█кл▄█кл▄█х▄█Kл▄█Kл▄█B≥┬▄▌л▄▌л▄▌▄█Kл▄█Kл▄█H▄▌Kл▄▌Kл▄▌B≥┬▄лл▄лл▄л▄▌л▄▌л▄▌▄▌Kл▄▌Kл▄▌B≥┬▄лкл▄лкл▄лх▄л▀л▄л▀л▄л┬▄лKл▄лKл▄лB≥┬▄лKл▄лKл▄лH▄мл▄мл▄м▄лкл▄лкл▄лб≥┬▄лKл▄лKл▄лH▄мKл▄мKл▄мH▄мл▄мл▄м≥┬▄мKл▄мKл▄мH▄м▀л▄м▀л▄м┬▄мл▄мл▄м≥┬▄нKл▄нKл▄нH▄нл▄нл▄н▄мкл▄мкл▄мб≥┬▄мкл▄мкл▄мх▄л▄л▄▄нKл▄нKл▄нB≥┬▄л▄л▄▄Kл▄Kл▄H▄нKл▄нKл▄нB≥┬▄л▄л▄▄▀л▄▀л▄┬▄Kл▄Kл▄B≥┬▄Kл▄Kл▄H▄л▄л▄▄кл▄кл▄б≥┬▄кл▄кл▄х▄▀л▄▀л▄┬▄Kл▄Kл▄B≥┬▄▀л▄▀л▄┬▄кл▄кл▄х▄Kл▄Kл▄B≥┬▄▀л▄▀л▄┬▄л▄л▄▄кл▄кл▄б≥┬▄LKл▄LKл▄LH▄Lл▄Lл▄L▄Kл▄Kл▄B≥┬▄Kл▄Kл▄H▄L▀л▄L▀л▄L┬▄LKл▄LKл▄LB≥┬▄Kл▄Kл▄H▄Lкл▄Lкл▄Lх▄L▀л▄L▀л▄L┌≥┬▄Lкл▄Lкл▄Lх▄Mл▄Mл▄M▄L▀л▄L▀л▄L┌≥┬▄Mкл▄Mкл▄Mх▄M▀л▄M▀л▄M┬▄MKл▄MKл▄MB≥┬▄MKл▄MKл▄MH▄Nл▄Nл▄N▄Mкл▄Mкл▄Mб≥┬▄Nл▄Nл▄N▄NKл▄NKл▄NH▄Mкл▄Mкл▄Mб≥┬▄Nл▄Nл▄N▄▄л▄▄л▄▄▄NKл▄NKл▄NB≥┬▄▄кл▄▄кл▄▄х▄▄▀л▄▄▀л▄▄┬▄▄Kл▄▄Kл▄▄B≥┬▄▄Kл▄▄Kл▄▄H▄█л▄█л▄█▄▄кл▄▄кл▄▄б≥┬▄█л▄█л▄█▄█Kл▄█Kл▄█H▄▄кл▄▄кл▄▄б≥┬▄█Kл▄█Kл▄█H▄█▀л▄█▀л▄█┬▄▄кл▄▄кл▄▄б≥┬▄▌Kл▄▌Kл▄▌H▄▌л▄▌л▄▌▄█кл▄█кл▄█б≥┬▄█кл▄█кл▄█х▄лл▄лл▄л▄▌Kл▄▌Kл▄▌B≥┬▄█кл▄█кл▄█х▄лKл▄лKл▄лH▄лл▄лл▄л≥┬▄лKл▄лKл▄лH▄л▀л▄л▀л▄л┬▄лл▄лл▄л≥┬▄мKл▄мKл▄мH▄мл▄мл▄м▄лкл▄лкл▄лб≥┬▄лкл▄лкл▄лх▄м▀л▄м▀л▄м┬▄мKл▄мKл▄мB≥┬▄лкл▄лкл▄лх▄мкл▄мкл▄мх▄м▀л▄м▀л▄м┌≥┬▄мкл▄мкл▄мх▄нл▄нл▄н▄м▀л▄м▀л▄м┌≥┬▄Kл▄Kл▄H▄л▄л▄▄нKл▄нKл▄нB≥┬▄▀л▄▀л▄┬▄Kл▄Kл▄H▄нKл▄нKл▄нB≥┬▄Kл▄Kл▄H▄л▄л▄▄кл▄кл▄б≥┬▄▀л▄▀л▄┬▄Kл▄Kл▄H▄кл▄кл▄б≥┬▄Kл▄Kл▄H▄л▄л▄▄кл▄кл▄б≥┬▄Lл▄Lл▄L▄Kл▄Kл▄H▄кл▄кл▄б≥┬▄Lкл▄Lкл▄Lх▄L▀л▄L▀л▄L┬▄LKл▄LKл▄LB≥┬▄L▀л▄L▀л▄L┬▄Mл▄Mл▄M▄LKл▄LKл▄LB≥┬▄LKл▄LKл▄LH▄Mл▄Mл▄M▄MKл▄MKл▄MB≥┬▄Mл▄Mл▄M▄M▀л▄M▀л▄M┬▄MKл▄MKл▄MB≥┬▄NKл▄NKл▄NH▄Nл▄Nл▄N▄Mкл▄Mкл▄Mб≥┬▄Mкл▄Mкл▄Mх▄Lл▄Lл▄L▄NKл▄NKл▄NB≥┬▄Mкл▄Mкл▄Mх▄LKл▄LKл▄LH▄Lл▄Lл▄L≥┬▄LKл▄LKл▄LH▄L▀л▄L▀л▄L┬▄Lл▄Lл▄L≥┬▄LKл▄LKл▄LH▄Lл▄Lл▄L▄Lкл▄Lкл▄Lб≥┬▄L▀л▄L▀л▄L┬▄LKл▄LKл▄LH▄Lкл▄Lкл▄Lб≥┬▄LKл▄LKл▄LH▄Lл▄Lл▄L▄Lкл▄Lкл▄Lб≥┬▄Lкл▄Lкл▄Lх▄LLл▄LLл▄LL▄LKл▄LKл▄LB≥┬▄Lкл▄Lкл▄Lх▄LLKл▄LLKл▄LLH▄LLл▄LLл▄LL≥┬▄Lкл▄Lкл▄Lх▄LL▀л▄LL▀л▄LL┬▄LLKл▄LLKл▄LLB≥┬▄LMKл▄LMKл▄LMH▄LMл▄LMл▄LM▄LLкл▄LLкл▄LLб≥┬▄LMл▄LMл▄LM▄LM▀л▄LM▀л▄LM┬▄LLкл▄LLкл▄LLб≥┬▄LLкл▄LLкл▄LLх▄LM▀л▄LM▀л▄LM┬▄LMкл▄LMкл▄LMб≥┬▄LM▀л▄LM▀л▄LM┬▄LNл▄LNл▄LN▄LMкл▄LMкл▄LMб≥┬▄L▄Kл▄L▄Kл▄L▄H▄L▄л▄L▄л▄L▄▄LNKл▄LNKл▄LNB≥┬▄LNKл▄LNKл▄LNH▄L▄▀л▄L▄▀л▄L▄┬▄L▄Kл▄L▄Kл▄L▄B≥┬▄L▄▀л▄L▄▀л▄L▄┬▄L▄кл▄L▄кл▄L▄х▄L▄Kл▄L▄Kл▄L▄B≥┬▄L▄кл▄L▄кл▄L▄х▄L█л▄L█л▄L█▄L▄Kл▄L▄Kл▄L▄B≥┬▄L█кл▄L█кл▄L█х▄L█▀л▄L█▀л▄L█┬▄L█Kл▄L█Kл▄L█B≥┬▄L█Kл▄L█Kл▄L█H▄L▌л▄L▌л▄L▌▄L█кл▄L█кл▄L█б≥┬▄L▌л▄L▌л▄L▌▄L▌Kл▄L▌Kл▄L▌H▄L█кл▄L█кл▄L█б≥┬▄L▌л▄L▌л▄L▌▄Lлл▄Lлл▄Lл▄L▌Kл▄L▌Kл▄L▌B≥┬▄Lлкл▄Lлкл▄Lлх▄Lл▀л▄Lл▀л▄Lл┬▄LлKл▄LлKл▄LлB≥┬▄Lмл▄Lмл▄Lм▄Lлкл▄Lлкл▄Lлх▄LлKл▄LлKл▄LлB≥┬▄Lмкл▄Lмкл▄Lмх▄Lм▀л▄Lм▀л▄Lм┬▄LмKл▄LмKл▄LмB≥┬▄LмKл▄LмKл▄LмH▄Lнл▄Lнл▄Lн▄Lмкл▄Lмкл▄Lмб≥┬▄Lнл▄Lнл▄Lн▄LнKл▄LнKл▄LнH▄Lмкл▄Lмкл▄Lмб≥┬▄Lнл▄Lнл▄Lн▄Mл▄Mл▄M▄LнKл▄LнKл▄LнB≥┬▄Mкл▄Mкл▄Mх▄M▀л▄M▀л▄M┬▄MKл▄MKл▄MB≥┬▄Mл▄Mл▄M▄Mкл▄Mкл▄Mх▄MKл▄MKл▄MB≥┬▄Mкл▄Mкл▄Mх▄M▀л▄M▀л▄M┬▄MKл▄MKл▄MB≥┬▄Mл▄Mл▄M▄Mкл▄Mкл▄Mх▄MKл▄MKл▄MB≥┬▄MLKл▄MLKл▄MLH▄MLл▄MLл▄ML▄MKл▄MKл▄MB≥┬▄ML▀л▄ML▀л▄ML┬▄MLKл▄MLKл▄MLH▄MKл▄MKл▄MB≥┬▄MMKл▄MMKл▄MMH▄MMл▄MMл▄MM▄MLкл▄MLкл▄MLб≥┬▄MM▀л▄MM▀л▄MM┬▄MMKл▄MMKл▄MMH▄MLкл▄MLкл▄MLб≥┬▄MNKл▄MNKл▄MNH▄MNл▄MNл▄MN▄MMкл▄MMкл▄MMб≥┬▄M▄л▄M▄л▄M▄▄MNKл▄MNKл▄MNH▄MMкл▄MMкл▄MMб≥┬▄M▄кл▄M▄кл▄M▄х▄M▄▀л▄M▄▀л▄M▄┬▄M▄Kл▄M▄Kл▄M▄B≥┬▄M█л▄M█л▄M█▄M▄кл▄M▄кл▄M▄х▄M▄Kл▄M▄Kл▄M▄B≥┬▄M█кл▄M█кл▄M█х▄M█▀л▄M█▀л▄M█┬▄M█Kл▄M█Kл▄M█B≥┬▄M▌л▄M▌л▄M▌▄M█кл▄M█кл▄M█х▄M█Kл▄M█Kл▄M█B≥┬▄MлKл▄MлKл▄MлH▄Mлл▄Mлл▄Mл▄M▌Kл▄M▌Kл▄M▌B≥┬▄Mл▀л▄Mл▀л▄Mл┬▄MлKл▄MлKл▄MлH▄M▌Kл▄M▌Kл▄M▌B≥┬▄MмKл▄MмKл▄MмH▄Mмл▄Mмл▄Mм▄Mлкл▄Mлкл▄Mлб≥┬▄Mм▀л▄Mм▀л▄Mм┬▄MмKл▄MмKл▄MмH▄Mлкл▄Mлкл▄Mлб≥┬▄MнKл▄MнKл▄MнH▄Mнл▄Mнл▄Mн▄Mмкл▄Mмкл▄Mмб≥┬▄Nл▄Nл▄N▄MнKл▄MнKл▄MнH▄Mмкл▄Mмкл▄Mмб≥┬▄Nкл▄Nкл▄Nх▄N▀л▄N▀л▄N┬▄NKл▄NKл▄NB≥┬▄Nл▄Nл▄N▄Nкл▄Nкл▄Nх▄NKл▄NKл▄NB≥┬▄Nкл▄Nкл▄Nх▄N▀л▄N▀л▄N┬▄NKл▄NKл▄NB≥┬▄Nл▄Nл▄N▄Nкл▄Nкл▄Nх▄NKл▄NKл▄NB≥┬▄NLKл▄NLKл▄NLH▄NLл▄NLл▄NL▄NKл▄NKл▄NB≥┬▄NL▀л▄NL▀л▄NL┬▄NLKл▄NLKл▄NLH▄NKл▄NKл▄NB≥┬▄NMKл▄NMKл▄NMH▄NMл▄NMл▄NM▄NLкл▄NLкл▄NLб≥┬▄NM▀л▄NM▀л▄NM┬▄NMKл▄NMKл▄NMH▄NLкл▄NLкл▄NLб≥┬▄NNKл▄NNKл▄NNH▄NNл▄NNл▄NN▄NMкл▄NMкл▄NMб≥┬▄▄л▄▄л▄▄▄NNKл▄NNKл▄NNH▄NMкл▄NMкл▄NMб≥┬▄▄кл▄▄кл▄▄х▄▄▀л▄▄▀л▄▄┬▄▄Kл▄▄Kл▄▄B≥┬▄▄л▄▄л▄▄▄▄кл▄▄кл▄▄х▄▄Kл▄▄Kл▄▄B≥┬▄▄кл▄▄кл▄▄х▄▄▀л▄▄▀л▄▄┬▄▄Kл▄▄Kл▄▄B≥┬▄▄л▄▄л▄▄▄▄кл▄▄кл▄▄х▄▄Kл▄▄Kл▄▄B≥┬▄▄LKл▄▄LKл▄▄LH▄▄Lл▄▄Lл▄▄L▄▄Kл▄▄Kл▄▄B≥┬▄▄L▀л▄▄L▀л▄▄L┬▄▄LKл▄▄LKл▄▄LH▄▄Kл▄▄Kл▄▄B≥┬▄▄MKл▄▄MKл▄▄MH▄▄Mл▄▄Mл▄▄M▄▄Lкл▄▄Lкл▄▄Lб≥┬▄▄M▀л▄▄M▀л▄▄M┬▄▄MKл▄▄MKл▄▄MH▄▄Lкл▄▄Lкл▄▄Lб≥┬▄▄NKл▄▄NKл▄▄NH▄▄Nл▄▄Nл▄▄N▄▄Mкл▄▄Mкл▄▄Mб≥┬▄▄▄л▄▄▄л▄▄▄▄▄NKл▄▄NKл▄▄NH▄▄Mкл▄▄Mкл▄▄Mб≥┬▄▄▄кл▄▄▄кл▄▄▄х▄▄▄▀л▄▄▄▀л▄▄▄┬▄▄▄Kл▄▄▄Kл▄▄▄B≥┬▄▄█л▄▄█л▄▄█▄▄▄кл▄▄▄кл▄▄▄х▄▄▄Kл▄▄▄Kл▄▄▄B≥┬▄▄█кл▄▄█кл▄▄█х▄▄█▀л▄▄█▀л▄▄█┬▄▄█Kл▄▄█Kл▄▄█B≥┬▄▄▌л▄▄▌л▄▄▌▄▄█кл▄▄█кл▄▄█х▄▄█Kл▄▄█Kл▄▄█B≥┬▄▄лKл▄▄лKл▄▄лH▄▄лл▄▄лл▄▄л▄▄▌Kл▄▄▌Kл▄▄▌B≥┬▄▄л▀л▄▄л▀л▄▄л┬▄▄лKл▄▄лKл▄▄лH▄▄▌Kл▄▄▌Kл▄▄▌B≥┬▄▄мKл▄▄мKл▄▄мH▄▄мл▄▄мл▄▄м▄▄лкл▄▄лкл▄▄лб≥┬▄▄м▀л▄▄м▀л▄▄м┬▄▄мKл▄▄мKл▄▄мH▄▄лкл▄▄лкл▄▄лб≥┬▄▄нKл▄▄нKл▄▄нH▄▄нл▄▄нл▄▄н▄▄мкл▄▄мкл▄▄мб≥┬▄█л▄█л▄█▄▄нKл▄▄нKл▄▄нH▄▄мкл▄▄мкл▄▄мб≥┬▄█кл▄█кл▄█х▄█▀л▄█▀л▄█┬▄█Kл▄█Kл▄█B≥┬▄█л▄█л▄█▄█кл▄█кл▄█х▄█Kл▄█Kл▄█B≥┬▄█кл▄█кл▄█х▄█▀л▄█▀л▄█┬▄█Kл▄█Kл▄█B≥┬▄█л▄█л▄█▄█кл▄█кл▄█х▄█Kл▄█Kл▄█B≥┬▄█LKл▄█LKл▄█LH▄█Lл▄█Lл▄█L▄█Kл▄█Kл▄█B≥┬▄█L▀л▄█L▀л▄█L┬▄█LKл▄█LKл▄█LH▄█Kл▄█Kл▄█B≥┬▄█MKл▄█MKл▄█MH▄█Mл▄█Mл▄█M▄█Lкл▄█Lкл▄█Lб≥┬▄█M▀л▄█M▀л▄█M┬▄█MKл▄█MKл▄█MH▄█Lкл▄█Lкл▄█Lб≥┬▄█NKл▄█NKл▄█NH▄█Nл▄█Nл▄█N▄█Mкл▄█Mкл▄█Mб≥┬▄█▄л▄█▄л▄█▄▄█NKл▄█NKл▄█NH▄█Mкл▄█Mкл▄█Mб≥┬▄█▄кл▄█▄кл▄█▄х▄█▄▀л▄█▄▀л▄█▄┬▄█▄Kл▄█▄Kл▄█▄B≥┬▄██л▄██л▄██▄█▄кл▄█▄кл▄█▄х▄█▄Kл▄█▄Kл▄█▄B≥┬▄██▀л▄██▀л▄██┬▄██Kл▄██Kл▄██H▄██л▄██л▄██≥┬▄██кл▄██кл▄██х▄██▀л▄██▀л▄██┬▄██л▄██л▄██≥┬▄█лл▄█лл▄█л▄█▌Kл▄█▌Kл▄█▌H▄█▌л▄█▌л▄█▌≥┬▄█лKл▄█лKл▄█лH▄█лл▄█лл▄█л▄█▌л▄█▌л▄█▌≥┬▄█мл▄█мл▄█м▄█лкл▄█лкл▄█лх▄█л▀л▄█л▀л▄█л┌≥┬▄█мKл▄█мKл▄█мH▄█мл▄█мл▄█м▄█л▀л▄█л▀л▄█л┌≥┬▄█нл▄█нл▄█н▄█мкл▄█мкл▄█мх▄█м▀л▄█м▀л▄█м┌≥┬▄█нKл▄█нKл▄█нH▄█нл▄█нл▄█н▄█м▀л▄█м▀л▄█м┌≥┬▄▌▀л▄▌▀л▄▌┬▄▌Kл▄▌Kл▄▌H▄▌л▄▌л▄▌≥┬▄▌кл▄▌кл▄▌х▄▌▀л▄▌▀л▄▌┬▄▌л▄▌л▄▌≥┬▄▌кл▄▌кл▄▌х▄▌л▄▌л▄▌▄▌л▄▌л▄▌≥┬▄▌Kл▄▌Kл▄▌H▄▌кл▄▌кл▄▌х▄▌л▄▌л▄▌≥┬▄▌л▄▌л▄▌▄▌кл▄▌кл▄▌х▄▌▀л▄▌▀л▄▌┌≥┬▄▌Kл▄▌Kл▄▌H▄▌л▄▌л▄▌▄▌▀л▄▌▀л▄▌┌≥┬▄▌L▀л▄▌L▀л▄▌L┬▄▌LKл▄▌LKл▄▌LH▄▌Lл▄▌Lл▄▌L≥┬▄▌Lкл▄▌Lкл▄▌Lх▄▌L▀л▄▌L▀л▄▌L┬▄▌Lл▄▌Lл▄▌L≥┬▄▌M▀л▄▌M▀л▄▌M┬▄▌MKл▄▌MKл▄▌MH▄▌Mл▄▌Mл▄▌M≥┬▄▌Mкл▄▌Mкл▄▌Mх▄▌M▀л▄▌M▀л▄▌M┬▄▌Mл▄▌Mл▄▌M≥┬▄лл▄лл▄л▄▌NKл▄▌NKл▄▌NH▄▌Nл▄▌Nл▄▌N≥┬▄лKл▄лKл▄лH▄лл▄лл▄л▄▌Nл▄▌Nл▄▌N≥┬▄▌Nл▄▌Nл▄▌N▄лкл▄лкл▄лх▄л▀л▄л▀л▄л┌≥┬▄лкл▄лкл▄лх▄лл▄лл▄л▄л▀л▄л▀л▄л┌≥┬▄лкл▄лкл▄лх▄л▀л▄л▀л▄л┬▄лKл▄лKл▄лB≥┬▄лл▄лл▄л▄лкл▄лкл▄лх▄лKл▄лKл▄лB≥┬▄лLKл▄лLKл▄лLH▄лLл▄лLл▄лL▄лKл▄лKл▄лB≥┬▄лL▀л▄лL▀л▄лL┬▄лLKл▄лLKл▄лLH▄лKл▄лKл▄лB≥┬▄лMKл▄лMKл▄лMH▄лMл▄лMл▄лM▄лLкл▄лLкл▄лLб≥┬▄лM▀л▄лM▀л▄лM┬▄лMKл▄лMKл▄лMH▄лLкл▄лLкл▄лLб≥┬▄лNKл▄лNKл▄лNH▄лNл▄лNл▄лN▄лMкл▄лMкл▄лMб≥┬▄л▄л▄л▄л▄л▄▄лNKл▄лNKл▄лNH▄лMкл▄лMкл▄лMб≥┬▄л▄кл▄л▄кл▄л▄х▄л▄▀л▄л▄▀л▄л▄┬▄л▄Kл▄л▄Kл▄л▄B≥┬▄л▄Kл▄л▄Kл▄л▄H▄л█л▄л█л▄л█▄л▄кл▄л▄кл▄л▄б≥┬▄л█л▄л█л▄л█▄л█Kл▄л█Kл▄л█H▄л▄кл▄л▄кл▄л▄б≥┬▄л█л▄л█л▄л█▄л█▀л▄л█▀л▄л█┬▄л█Kл▄л█Kл▄л█B≥┬▄л▌Kл▄л▌Kл▄л▌H▄л▌л▄л▌л▄л▌▄л█кл▄л█кл▄л█б≥┬▄л█кл▄л█кл▄л█х▄ллл▄ллл▄лл▄л▌Kл▄л▌Kл▄л▌B≥┬▄л█кл▄л█кл▄л█х▄ллKл▄ллKл▄ллH▄ллл▄ллл▄лл≥┬▄ллKл▄ллKл▄ллH▄лл▀л▄лл▀л▄лл┬▄ллл▄ллл▄лл≥┬▄лмл▄лмл▄лм▄л▌Kл▄л▌Kл▄л▌H▄ллкл▄ллкл▄ллб≥┬▄лмл▄лмл▄лм▄ллкл▄ллкл▄ллх▄лмKл▄лмKл▄лмB≥┬▄лм▀л▄лм▀л▄лм┬▄лмл▄лмл▄лм▄лмKл▄лмKл▄лмB≥┬▄лмKл▄лмKл▄лмH▄лмкл▄лмкл▄лмх▄лм▀л▄лм▀л▄лм┌≥┬▄мл▄мл▄м▄лнKл▄лнKл▄лнH▄лнл▄лнл▄лн≥┬▄лнл▄лнл▄лн▄мKл▄мKл▄мH▄мл▄мл▄м≥┬▄лнл▄лнл▄лн▄м▀л▄м▀л▄м┬▄мKл▄мKл▄мB≥┬▄м▀л▄м▀л▄м┬▄мкл▄мкл▄мх▄мKл▄мKл▄мB≥┬▄м▀л▄м▀л▄м┬▄мKл▄мKл▄мH▄мл▄мл▄м≥┬▄мл▄мл▄м▄мкл▄мкл▄мх▄м▀л▄м▀л▄м┌≥┬▄мкл▄мкл▄мх▄мл▄мл▄м▄м▀л▄м▀л▄м┌≥┬▄мкл▄мкл▄мх▄мKл▄мKл▄мH▄мл▄мл▄м≥┬▄мL▀л▄мL▀л▄мL┬▄мLKл▄мLKл▄мLH▄мLл▄мLл▄мL≥┬▄мLл▄мLл▄мL▄мLкл▄мLкл▄мLх▄мL▀л▄мL▀л▄мL┌≥┬▄мLл▄мLл▄мL▄мMл▄мMл▄мM▄мLкл▄мLкл▄мLб≥┬▄мMл▄мMл▄мM▄мMKл▄мMKл▄мMH▄мLкл▄мLкл▄мLб≥┬▄мNл▄мNл▄мN▄мMкл▄мMкл▄мMх▄мM▀л▄мM▀л▄мM┌≥┬▄мM▀л▄мM▀л▄мM┬▄мNKл▄мNKл▄мNH▄мNл▄мNл▄мN≥┬▄мM▀л▄мM▀л▄мM┬▄м▄л▄м▄л▄м▄▄мNKл▄мNKл▄мNB≥┬▄м▄л▄м▄л▄м▄▄м▄Kл▄м▄Kл▄м▄H▄мNKл▄мNKл▄мNB≥┬▄м█л▄м█л▄м█▄м▄кл▄м▄кл▄м▄х▄м▄▀л▄м▄▀л▄м▄┌≥┬▄м█Kл▄м█Kл▄м█H▄м█л▄м█л▄м█▄м▄▀л▄м▄▀л▄м▄┌≥┬▄м█Kл▄м█Kл▄м█H▄м▄▀л▄м▄▀л▄м▄┬▄м█▀л▄м█▀л▄м█┌≥┬▄м█кл▄м█кл▄м█х▄м█Kл▄м█Kл▄м█H▄м█▀л▄м█▀л▄м█┌≥┬▄млл▄млл▄мл▄м▌Kл▄м▌Kл▄м▌H▄м▌л▄м▌л▄м▌≥┬▄м▌л▄м▌л▄м▌▄млKл▄млKл▄млH▄млл▄млл▄мл≥┬▄млKл▄млKл▄млH▄мл▀л▄мл▀л▄мл┬▄млл▄млл▄мл≥┬▄млKл▄млKл▄млH▄млкл▄млкл▄млх▄мл▀л▄мл▀л▄мл┌≥┬▄мм▀л▄мм▀л▄мм┬▄ммKл▄ммKл▄ммH▄ммл▄ммл▄мм≥┬▄ммл▄ммл▄мм▄ммкл▄ммкл▄ммх▄мм▀л▄мм▀л▄мм┌≥┬▄ммкл▄ммкл▄ммх▄мнл▄мнл▄мн▄мм▀л▄мм▀л▄мм┌≥┬▄мнл▄мнл▄мн▄мнKл▄мнKл▄мнH▄мм▀л▄мм▀л▄мм┌≥┬▄н▀л▄н▀л▄н┬▄нKл▄нKл▄нH▄нл▄нл▄н≥┬▄нл▄нл▄н▄нкл▄нкл▄нх▄н▀л▄н▀л▄н┌≥┬▄нкл▄нкл▄нх▄нл▄нл▄н▄н▀л▄н▀л▄н┌≥┬▄нкл▄нкл▄нх▄нKл▄нKл▄нH▄нл▄нл▄н≥┬▄нкл▄нкл▄нх▄нл▄нл▄н▄н▀л▄н▀л▄н┌≥┬▄нл▄нл▄н▄нкл▄нкл▄нх▄н▀л▄н▀л▄н┌≥┬▄нл▄нл▄н▄н▀л▄н▀л▄н┬▄нKл▄нKл▄нB≥┬▄нKл▄нKл▄нH▄нLл▄нLл▄нL▄нл▄нл▄н≥┬▄нLкл▄нLкл▄нLх▄нL▀л▄нL▀л▄нL┬▄нLKл▄нLKл▄нLB≥┬▄нLKл▄нLKл▄нLH▄нMл▄нMл▄нM▄нLкл▄нLкл▄нLб≥┬▄нMл▄нMл▄нM▄нMKл▄нMKл▄нMH▄нLкл▄нLкл▄нLб≥┬▄нMл▄нMл▄нM▄нM▀л▄нM▀л▄нM┬▄нMKл▄нMKл▄нMB≥┬▄нNKл▄нNKл▄нNH▄нNл▄нNл▄нN▄нMкл▄нMкл▄нMб≥┬▄нMкл▄нMкл▄нMх█л█л█▄нNKл▄нNKл▄нNB≥┬▄нMкл▄нMкл▄нMх█Kл█Kл█H█л█л█≥┬█Kл█Kл█H█▀л█▀л█┬█л█л█≥┬█Kл█Kл█H█л█л██кл█кл█б≥┬█кл█кл█х█▀л█▀л█┬█Kл█Kл█B≥┬█▀л█▀л█┬█кл█кл█х█Kл█Kл█B≥┬█▀л█▀л█┬█л█л██кл█кл█б≥┬█LKл█LKл█LH█Lл█Lл█L█Kл█Kл█B≥┬█Kл█Kл█H█L▀л█L▀л█L┬█LKл█LKл█LB≥┬█L▀л█L▀л█L┬█Lкл█Lкл█Lх█LKл█LKл█LB≥┬█L▀л█L▀л█L┬█Mл█Mл█M█Lкл█Lкл█Lб≥┬█Mкл█Mкл█Mх█M▀л█M▀л█M┬█MKл█MKл█MB≥┬█Nл█Nл█N█Mкл█Mкл█Mх█MKл█MKл█MB≥┬█▄Kл█▄Kл█▄H█▄л█▄л█▄█NKл█NKл█NB≥┬█▄▀л█▄▀л█▄┬█▄Kл█▄Kл█▄H█NKл█NKл█NB≥┬██Kл██Kл██H██л██л███▄кл█▄кл█▄б≥┬██▀л██▀л██┬██Kл██Kл██H█▄кл█▄кл█▄б≥┬█▌Kл█▌Kл█▌H█▌л█▌л█▌██кл██кл██б≥┬█▌л█▌л█▌█лл█лл█л██кл██кл██б≥┬██кл██кл██х█лл█лл█л█лKл█лKл█лB≥┬█лл█лл█л█л▀л█л▀л█л┬█лKл█лKл█лB≥┬█мKл█мKл█мH█мл█мл█м█лкл█лкл█лб≥┬█лкл█лкл█лх█м▀л█м▀л█м┬█мKл█мKл█мB≥┬█лкл█лкл█лх█мкл█мкл█мх█м▀л█м▀л█м┌≥┬█лкл█лкл█лх█нл█нл█н█мкл█мкл█мб≥┬█Kл█Kл█H█л█л██нKл█нKл█нB≥┬█▀л█▀л█┬█Kл█Kл█H█нKл█нKл█нB≥┬█Kл█Kл█H█л█л██кл█кл█б≥┬█кл█кл█х█▀л█▀л█┬█Kл█Kл█B≥┬█▀л█▀л█┬█кл█кл█х█Kл█Kл█B≥┬█▀л█▀л█┬█л█л██кл█кл█б≥┬█LKл█LKл█LH█Lл█Lл█L█Kл█Kл█B≥┬█L▀л█L▀л█L┬█LKл█LKл█LH█Kл█Kл█B≥┬█MKл█MKл█MH█Mл█Mл█M█Lкл█Lкл█Lб≥┬█M▀л█M▀л█M┬█MKл█MKл█MH█Lкл█Lкл█Lб≥┬█NKл█NKл█NH█Nл█Nл█N█Mкл█Mкл█Mб≥┬█Mкл█Mкл█Mх█▄л█▄л█▄█NKл█NKл█NB≥┬█Mкл█Mкл█Mх█▄Kл█▄Kл█▄H█▄л█▄л█▄≥┬█▄Kл█▄Kл█▄H█▄▀л█▄▀л█▄┬█▄л█▄л█▄≥┬██Kл██Kл██H██л██л███▄кл█▄кл█▄б≥┬█▄кл█▄кл█▄х██▀л██▀л██┬██Kл██Kл██B≥┬█▄кл█▄кл█▄х██кл██кл██х██▀л██▀л██┌≥┬██кл██кл██х█▌л█▌л█▌██▀л██▀л██┌≥┬█лKл█лKл█лH█лл█лл█л█▌Kл█▌Kл█▌B≥┬█л▀л█л▀л█л┬█лKл█лKл█лH█▌Kл█▌Kл█▌B≥┬█мKл█мKл█мH█мл█мл█м█лкл█лкл█лб≥┬█лкл█лкл█лх█м▀л█м▀л█м┬█мKл█мKл█мB≥┬█лкл█лкл█лх█мкл█мкл█мх█м▀л█м▀л█м┌≥┬█мкл█мкл█мх█нл█нл█н█м▀л█м▀л█м┌≥┬█Kл█Kл█H█л█л██нKл█нKл█нB≥┬█▀л█▀л█┬█Kл█Kл█H█нKл█нKл█нB≥┬█кл█кл█х█Kл█Kл█H█▀л█▀л█┌≥┬█л█л██кл█кл█х█▀л█▀л█┌≥┬█кл█кл█х█▀л█▀л█┬█Kл█Kл█B≥┬█л█л██кл█кл█х█Kл█Kл█B≥┬█LKл█LKл█LH█Lл█Lл█L█Kл█Kл█B≥┬█L▀л█L▀л█L┬█LKл█LKл█LH█Kл█Kл█B≥┬█MKл█MKл█MH█Mл█Mл█M█Lкл█Lкл█Lб≥┬█M▀л█M▀л█M┬█MKл█MKл█MH█Lкл█Lкл█Lб≥┬█NKл█NKл█NH█Nл█Nл█N█Mкл█Mкл█Mб≥┬█Lл█Lл█L█NKл█NKл█NH█Mкл█Mкл█Mб≥┬█Lкл█Lкл█Lх█L▀л█L▀л█L┬█LKл█LKл█LB≥┬█Lл█Lл█L█Lкл█Lкл█Lх█LKл█LKл█LB≥┬█Lкл█Lкл█Lх█L▀л█L▀л█L┬█LKл█LKл█LB≥┬█Lл█Lл█L█Lкл█Lкл█Lх█LKл█LKл█LB≥┬█LLKл█LLKл█LLH█LLл█LLл█LL█LKл█LKл█LB≥┬█LL▀л█LL▀л█LL┬█LLKл█LLKл█LLH█LKл█LKл█LB≥┬█LMKл█LMKл█LMH█LMл█LMл█LM█LLкл█LLкл█LLб≥┬█LM▀л█LM▀л█LM┬█LMKл█LMKл█LMH█LLкл█LLкл█LLб≥┬█LNKл█LNKл█LNH█LNл█LNл█LN█LMкл█LMкл█LMб≥┬█L▄л█L▄л█L▄█LNKл█LNKл█LNH█LMкл█LMкл█LMб≥┬█L▄кл█L▄кл█L▄х█L▄▀л█L▄▀л█L▄┬█L▄Kл█L▄Kл█L▄B≥┬█L█л█L█л█L██L▄кл█L▄кл█L▄х█L▄Kл█L▄Kл█L▄B≥┬█L█кл█L█кл█L█х█L█▀л█L█▀л█L█┬█L█Kл█L█Kл█L█B≥┬█L▌л█L▌л█L▌█L█кл█L█кл█L█х█L█Kл█L█Kл█L█B≥┬█LлKл█LлKл█LлH█Lлл█Lлл█Lл█L▌Kл█L▌Kл█L▌B≥┬█Lл▀л█Lл▀л█Lл┬█LлKл█LлKл█LлH█L▌Kл█L▌Kл█L▌B≥┬█LмKл█LмKл█LмH█Lмл█Lмл█Lм█Lлкл█Lлкл█Lлб≥┬█Lм▀л█Lм▀л█Lм┬█LмKл█LмKл█LмH█Lлкл█Lлкл█Lлб≥┬█LнKл█LнKл█LнH█Lнл█Lнл█Lн█Lмкл█Lмкл█Lмб≥┬█Mл█Mл█M█LнKл█LнKл█LнH█Lмкл█Lмкл█Lмб≥┬█Mкл█Mкл█Mх█M▀л█M▀л█M┬█MKл█MKл█MB≥┬█Mл█Mл█M█Mкл█Mкл█Mх█MKл█MKл█MB≥┬█Mкл█Mкл█Mх█M▀л█M▀л█M┬█MKл█MKл█MB≥┬█Mл█Mл█M█Mкл█Mкл█Mх█MKл█MKл█MB≥┬█MLKл█MLKл█MLH█MLл█MLл█ML█MKл█MKл█MB≥┬█ML▀л█ML▀л█ML┬█MLKл█MLKл█MLH█MKл█MKл█MB≥┬█MMKл█MMKл█MMH█MMл█MMл█MM█MLкл█MLкл█MLб≥┬█MM▀л█MM▀л█MM┬█MMKл█MMKл█MMH█MLкл█MLкл█MLб≥┬█MNKл█MNKл█MNH█MNл█MNл█MN█MMкл█MMкл█MMб≥┬█M▄л█M▄л█M▄█MNKл█MNKл█MNH█MMкл█MMкл█MMб≥┬█M▄кл█M▄кл█M▄х█M▄▀л█M▄▀л█M▄┬█M▄Kл█M▄Kл█M▄B≥┬█M█л█M█л█M██M▄кл█M▄кл█M▄х█M▄Kл█M▄Kл█M▄B≥┬█M█кл█M█кл█M█х█M█▀л█M█▀л█M█┬█M█Kл█M█Kл█M█B≥┬█M▌л█M▌л█M▌█M█кл█M█кл█M█х█M█Kл█M█Kл█M█B≥┬█MлKл█MлKл█MлH█Mлл█Mлл█Mл█M▌Kл█M▌Kл█M▌B≥┬█Mл▀л█Mл▀л█Mл┬█MлKл█MлKл█MлH█M▌Kл█M▌Kл█M▌B≥┬█MмKл█MмKл█MмH█Mмл█Mмл█Mм█Mлкл█Mлкл█Mлб≥┬█Mм▀л█Mм▀л█Mм┬█MмKл█MмKл█MмH█Mлкл█Mлкл█Mлб≥┬█MнKл█MнKл█MнH█Mнл█Mнл█Mн█Mмкл█Mмкл█Mмб≥┬█Nл█Nл█N█MнKл█MнKл█MнH█Mмкл█Mмкл█Mмб≥┬█Nкл█Nкл█Nх█N▀л█N▀л█N┬█NKл█NKл█NB≥┬█Nл█Nл█N█Nкл█Nкл█Nх█NKл█NKл█NB≥┬█Nкл█Nкл█Nх█N▀л█N▀л█N┬█NKл█NKл█NB≥┬█Nл█Nл█N█Nкл█Nкл█Nх█NKл█NKл█NB≥┬█NLKл█NLKл█NLH█NLл█NLл█NL█NKл█NKл█NB≥┬█NL▀л█NL▀л█NL┬█NLKл█NLKл█NLH█NKл█NKл█NB≥┬█NMKл█NMKл█NMH█NMл█NMл█NM█NLкл█NLкл█NLб≥┬█NM▀л█NM▀л█NM┬█NMKл█NMKл█NMH█NLкл█NLкл█NLб≥┬█NNKл█NNKл█NNH█NNл█NNл█NN█NMкл█NMкл█NMб≥┬█▄л█▄л█▄█NNKл█NNKл█NNH█NMкл█NMкл█NMб≥┬█▄▀л█▄▀л█▄┬█▄Kл█▄Kл█▄H█▄л█▄л█▄≥┬█▄кл█▄кл█▄х█▄▀л█▄▀л█▄┬█▄л█▄л█▄≥┬█▄▀л█▄▀л█▄┬█▄Kл█▄Kл█▄H█▄л█▄л█▄≥┬█▄кл█▄кл█▄х█▄▀л█▄▀л█▄┬█▄л█▄л█▄≥┬█▄Lл█▄Lл█▄L█▄Kл█▄Kл█▄H█▄л█▄л█▄≥┬█▄LKл█▄LKл█▄LH█▄Lл█▄Lл█▄L█▄л█▄л█▄≥┬█▄Mл█▄Mл█▄M█▄Lкл█▄Lкл█▄Lх█▄L▀л█▄L▀л█▄L┌≥┬█▄MKл█▄MKл█▄MH█▄Mл█▄Mл█▄M█▄L▀л█▄L▀л█▄L┌≥┬█▄Nл█▄Nл█▄N█▄Mкл█▄Mкл█▄Mх█▄M▀л█▄M▀л█▄M┌≥┬█▄NKл█▄NKл█▄NH█▄Nл█▄Nл█▄N█▄M▀л█▄M▀л█▄M┌≥┬█▄NKл█▄NKл█▄NH█▄M▀л█▄M▀л█▄M┬█▄▄л█▄▄л█▄▄≥┬█▄▄Kл█▄▄Kл█▄▄H█▄NKл█▄NKл█▄NH█▄▄л█▄▄л█▄▄≥┬█▄█л█▄█л█▄██▄▄кл█▄▄кл█▄▄х█▄▄▀л█▄▄▀л█▄▄┌≥┬█▄█Kл█▄█Kл█▄█H█▄█л█▄█л█▄██▄▄▀л█▄▄▀л█▄▄┌≥┬█▄▌л█▄▌л█▄▌█▄█кл█▄█кл█▄█х█▄█▀л█▄█▀л█▄█┌≥┬█▄▌Kл█▄▌Kл█▄▌H█▄▌л█▄▌л█▄▌█▄█▀л█▄█▀л█▄█┌≥┬█▄л▀л█▄л▀л█▄л┬█▄лKл█▄лKл█▄лH█▄лл█▄лл█▄л≥┬█▄лкл█▄лкл█▄лх█▄л▀л█▄л▀л█▄л┬█▄лл█▄лл█▄л≥┬█▄м▀л█▄м▀л█▄м┬█▄мKл█▄мKл█▄мH█▄мл█▄мл█▄м≥┬█▄мкл█▄мкл█▄мх█▄м▀л█▄м▀л█▄м┬█▄мл█▄мл█▄м≥┬█▄мл█▄мл█▄м█▄нKл█▄нKл█▄нH█▄нл█▄нл█▄н≥┬█▄нKл█▄нKл█▄нH██л██л███▄нл█▄нл█▄н≥┬██кл██кл██х██▀л██▀л██┬██Kл██Kл██B≥┬██л██л████кл██кл██х██Kл██Kл██B≥┬██кл██кл██х██▀л██▀л██┬██Kл██Kл██B≥┬██л██л████кл██кл██х██Kл██Kл██B≥┬██LKл██LKл██LH██Lл██Lл██L██Kл██Kл██B≥┬██L▀л██L▀л██L┬██LKл██LKл██LH██Kл██Kл██B≥┬██MKл██MKл██MH██Mл██Mл██M██Lкл██Lкл██Lб≥┬██M▀л██M▀л██M┬██MKл██MKл██MH██Lкл██Lкл██Lб≥┬██NKл██NKл██NH██Nл██Nл██N██Mкл██Mкл██Mб≥┬██Mкл██Mкл██Mх██▄л██▄л██▄██NKл██NKл██NB≥┬██Mкл██Mкл██Mх██▄Kл██▄Kл██▄H██▄л██▄л██▄≥┬██▄Kл██▄Kл██▄H██▄▀л██▄▀л██▄┬██▄л██▄л██▄≥┬███Kл███Kл███H███л███л█████▄кл██▄кл██▄б≥┬███▀л███▀л███┬███Kл███Kл███H██▄кл██▄кл██▄б≥┬███▀л███▀л███┬██▄кл██▄кл██▄х███кл███кл███б≥┬███кл███кл███х██▌л██▌л██▌███▀л███▀л███┌≥┬██▌л██▌л██▌███кл███кл███х██▌Kл██▌Kл██▌B≥┬██лл██лл██л██▌л██▌л██▌██▌Kл██▌Kл██▌B≥┬██лл██лл██л██▌Kл██▌Kл██▌H██лKл██лKл██лB≥┬██лKл██лKл██лH██л▀л██л▀л██л┬██лл██лл██л≥┬██мKл██мKл██мH██мл██мл██м██лкл██лкл██лб≥┬██лкл██лкл██лх██м▀л██м▀л██м┬██мKл██мKл██мB≥┬██лкл██лкл██лх██мкл██мкл██мх██м▀л██м▀л██м┌≥┬██мкл██мкл██мх██нл██нл██н██м▀л██м▀л██м┌≥┬█▌Kл█▌Kл█▌H█▌л█▌л█▌██нKл██нKл██нB≥┬██нKл██нKл██нH█▌▀л█▌▀л█▌┬█▌Kл█▌Kл█▌B≥┬██нKл██нKл██нH█▌кл█▌кл█▌х█▌▀л█▌▀л█▌┌≥┬█▌кл█▌кл█▌х█▌л█▌л█▌█▌▀л█▌▀л█▌┌≥┬█▌кл█▌кл█▌х█▌▀л█▌▀л█▌┬█▌Kл█▌Kл█▌B≥┬█▌Kл█▌Kл█▌H█▌л█▌л█▌█▌кл█▌кл█▌б≥┬█▌Kл█▌Kл█▌H█▌Kл█▌Kл█▌H█▌л█▌л█▌≥┬█▌Kл█▌Kл█▌H█▌Lл█▌Lл█▌L█▌л█▌л█▌≥┬█▌Lкл█▌Lкл█▌Lх█▌L▀л█▌L▀л█▌L┬█▌LKл█▌LKл█▌LB≥┬█▌LKл█▌LKл█▌LH█▌Mл█▌Mл█▌M█▌Lкл█▌Lкл█▌Lб≥┬█▌LKл█▌LKл█▌LH█▌MKл█▌MKл█▌MH█▌Mл█▌Mл█▌M≥┬█▌MKл█▌MKл█▌MH█▌M▀л█▌M▀л█▌M┬█▌Mл█▌Mл█▌M≥┬█▌NKл█▌NKл█▌NH█▌Nл█▌Nл█▌N█▌Mкл█▌Mкл█▌Mб≥┬█лл█лл█л█▌NKл█▌NKл█▌NH█▌Mкл█▌Mкл█▌Mб≥┬█лл█лл█л█▌Mкл█▌Mкл█▌Mх█лKл█лKл█лB≥┬█л▀л█л▀л█л┬█лл█лл█л█лKл█лKл█лB≥┬█лKл█лKл█лH█лл█лл█л█лкл█лкл█лб≥┬█лкл█лкл█лх█л▀л█л▀л█л┬█лKл█лKл█лB≥┬█л▀л█л▀л█л┬█лкл█лкл█лх█лKл█лKл█лB≥┬█л▀л█л▀л█л┬█лл█лл█л█лкл█лкл█лб≥┬█лLKл█лLKл█лLH█лLл█лLл█лL█лKл█лKл█лB≥┬█лKл█лKл█лH█лL▀л█лL▀л█лL┬█лLKл█лLKл█лLB≥┬█лL▀л█лL▀л█лL┬█лLкл█лLкл█лLх█лLKл█лLKл█лLB≥┬█лL▀л█лL▀л█лL┬█лMл█лMл█лM█лLкл█лLкл█лLб≥┬█лMкл█лMкл█лMх█лM▀л█лM▀л█лM┬█лMKл█лMKл█лMB≥┬█лMкл█лMкл█лMх█лMKл█лMKл█лMH█лNл█лNл█лN≥┬█лNKл█лNKл█лNH█лMкл█лMкл█лMх█лNл█лNл█лN≥┬█лNл█лNл█лN█л▄л█л▄л█л▄█лNKл█лNKл█лNB≥┬█л▄Kл█л▄Kл█л▄H█лNKл█лNKл█лNH█л▄л█л▄л█л▄≥┬█л▄Kл█л▄Kл█л▄H█л▄л█л▄л█л▄█л▄▀л█л▄▀л█л▄┌≥┬█л▄кл█л▄кл█л▄х█л▄Kл█л▄Kл█л▄H█л▄▀л█л▄▀л█л▄┌≥┬█л▄▀л█л▄▀л█л▄┬█л█л█л█л█л██л▄кл█л▄кл█л▄б≥┬█л█кл█л█кл█л█х█л█▀л█л█▀л█л█┬█л█Kл█л█Kл█л█B≥┬█л█Kл█л█Kл█л█H█л▌л█л▌л█л▌█л█кл█л█кл█л█б≥┬█л▌л█л▌л█л▌█л▌Kл█л▌Kл█л▌H█л█кл█л█кл█л█б≥┬█л▌л█л▌л█л▌█ллл█ллл█лл█л▌Kл█л▌Kл█л▌B≥┬█ллкл█ллкл█ллх█лл▀л█лл▀л█лл┬█ллKл█ллKл█ллB≥┬█ллKл█ллKл█ллH█лмл█лмл█лм█ллкл█ллкл█ллб≥┬█лмл█лмл█лм█лмKл█лмKл█лмH█ллкл█ллкл█ллб≥┬█лмл█лмл█лм█лм▀л█лм▀л█лм┬█лмKл█лмKл█лмB≥┬█лнKл█лнKл█лнH█лнл█лнл█лн█лмкл█лмкл█лмб≥┬█лмкл█лмкл█лмх█мл█мл█м█лнKл█лнKл█лнB≥┬█мл█мл█м█мKл█мKл█мH█лнKл█лнKл█лнB≥┬█мл█мл█м█м▀л█м▀л█м┬█мKл█мKл█мB≥┬█мKл█мKл█мH█мл█мл█м█мкл█мкл█мб≥┬█мкл█мкл█мх█м▀л█м▀л█м┬█мKл█мKл█мB≥┬█м▀л█м▀л█м┬█мкл█мкл█мх█мKл█мKл█мB≥┬█м▀л█м▀л█м┬█мл█мл█м█мкл█мкл█мб≥┬█мLKл█мLKл█мLH█мLл█мLл█мL█мKл█мKл█мB≥┬█мL▀л█мL▀л█мL┬█мLKл█мLKл█мLH█мKл█мKл█мB≥┬█мMKл█мMKл█мMH█мMл█мMл█мM█мLкл█мLкл█мLб≥┬█мM▀л█мM▀л█мM┬█мMKл█мMKл█мMH█мLкл█мLкл█мLб≥┬█мNKл█мNKл█мNH█мNл█мNл█мN█мMкл█мMкл█мMб≥┬█м▄л█м▄л█м▄█мNKл█мNKл█мNH█мMкл█мMкл█мMб≥┬█м▄кл█м▄кл█м▄х█м▄▀л█м▄▀л█м▄┬█м▄Kл█м▄Kл█м▄B≥┬█м█л█м█л█м██м▄кл█м▄кл█м▄х█м▄Kл█м▄Kл█м▄B≥┬█м█кл█м█кл█м█х█м█▀л█м█▀л█м█┬█м█Kл█м█Kл█м█B≥┬█м▌л█м▌л█м▌█м█кл█м█кл█м█х█м█Kл█м█Kл█м█B≥┬█млKл█млKл█млH█млл█млл█мл█м▌Kл█м▌Kл█м▌B≥┬█м▌Kл█м▌Kл█м▌H█мл▀л█мл▀л█мл┬█млKл█млKл█млB≥┬█м▌Kл█м▌Kл█м▌H█млкл█млкл█млх█мл▀л█мл▀л█мл┌≥┬█млкл█млкл█млх█ммл█ммл█мм█мл▀л█мл▀л█мл┌≥┬█ммл█ммл█мм█мм▀л█мм▀л█мм┬█ммKл█ммKл█ммB≥┬█ммKл█ммKл█ммH█ммкл█ммкл█ммх█ммл█ммл█мм≥┬█ммKл█ммKл█ммH█мнл█мнл█мн█ммкл█ммкл█ммб≥┬█мнл█мнл█мн█мнKл█мнKл█мнH█ммкл█ммкл█ммб≥┬█н▀л█н▀л█н┬█нKл█нKл█нH█нл█нл█н≥┬█нкл█нкл█нх█н▀л█н▀л█н┬█нл█нл█н≥┬█н▀л█н▀л█н┬█нKл█нKл█нH█нл█нл█н≥┬█нл█нл█н█нкл█нкл█нх█н▀л█н▀л█н┌≥┬█нкл█нкл█нх█нл█нл█н█н▀л█н▀л█н┌≥┬█нкл█нкл█нх█нKл█нKл█нH█нл█нл█н≥┬█нL▀л█нL▀л█нL┬█нLKл█нLKл█нLH█нLл█нLл█нL≥┬█нLкл█нLкл█нLх█нL▀л█нL▀л█нL┬█нLл█нLл█нL≥┬█нM▀л█нM▀л█нM┬█нMKл█нMKл█нMH█нMл█нMл█нM≥┬█нMкл█нMкл█нMх█нM▀л█нM▀л█нM┬█нMл█нMл█нM≥┬▌л▌л▌█нNKл█нNKл█нNH█нNл█нNл█нN≥┬█нNл█нNл█нN▌Kл▌Kл▌H▌л▌л▌≥┬█нNл█нNл█нN▌▀л▌▀л▌┬▌Kл▌Kл▌B≥┬▌▀л▌▀л▌┬▌кл▌кл▌х▌Kл▌Kл▌B≥┬▌Kл▌Kл▌H▌л▌л▌▌л▌л▌≥┬▌Kл▌Kл▌H▌л▌л▌▌▀л▌▀л▌┌≥┬▌кл▌кл▌х▌Kл▌Kл▌H▌▀л▌▀л▌┌≥┬▌▀л▌▀л▌┬▌л▌л▌▌кл▌кл▌б≥┬▌LKл▌LKл▌LH▌Lл▌Lл▌L▌Kл▌Kл▌B≥┬▌L▀л▌L▀л▌L┬▌LKл▌LKл▌LH▌Kл▌Kл▌B≥┬▌MKл▌MKл▌MH▌Mл▌Mл▌M▌Lкл▌Lкл▌Lб≥┬▌Lкл▌Lкл▌Lх▌M▀л▌M▀л▌M┬▌MKл▌MKл▌MB≥┬▌M▀л▌M▀л▌M┬▌Mкл▌Mкл▌Mх▌MKл▌MKл▌MB≥┬▌M▀л▌M▀л▌M┬▌Nл▌Nл▌N▌Mкл▌Mкл▌Mб≥┬▌▄Kл▌▄Kл▌▄H▌▄л▌▄л▌▄▌NKл▌NKл▌NB≥┬▌▄▀л▌▄▀л▌▄┬▌▄Kл▌▄Kл▌▄H▌NKл▌NKл▌NB≥┬▌█Kл▌█Kл▌█H▌█л▌█л▌█▌▄кл▌▄кл▌▄б≥┬▌█▀л▌█▀л▌█┬▌█Kл▌█Kл▌█H▌▄кл▌▄кл▌▄б≥┬▌▌Kл▌▌Kл▌▌H▌▌л▌▌л▌▌▌█кл▌█кл▌█б≥┬▌лл▌лл▌л▌▌Kл▌▌Kл▌▌H▌█кл▌█кл▌█б≥┬▌лкл▌лкл▌лх▌л▀л▌л▀л▌л┬▌лKл▌лKл▌лB≥┬▌мл▌мл▌м▌лкл▌лкл▌лх▌лKл▌лKл▌лB≥┬▌мкл▌мкл▌мх▌м▀л▌м▀л▌м┬▌мKл▌мKл▌мB≥┬▌нл▌нл▌н▌мкл▌мкл▌мх▌мKл▌мKл▌мB≥┬▌Kл▌Kл▌H▌л▌л▌▌нKл▌нKл▌нB≥┬▌▀л▌▀л▌┬▌Kл▌Kл▌H▌нKл▌нKл▌нB≥┬▌Kл▌Kл▌H▌л▌л▌▌кл▌кл▌б≥┬▌▀л▌▀л▌┬▌Kл▌Kл▌H▌кл▌кл▌б≥┬▌Kл▌Kл▌H▌л▌л▌▌кл▌кл▌б≥┬▌Lл▌Lл▌L▌Kл▌Kл▌H▌кл▌кл▌б≥┬▌Lкл▌Lкл▌Lх▌L▀л▌L▀л▌L┬▌LKл▌LKл▌LB≥┬▌Mл▌Mл▌M▌Lкл▌Lкл▌Lх▌LKл▌LKл▌LB≥┬▌Mкл▌Mкл▌Mх▌M▀л▌M▀л▌M┬▌MKл▌MKл▌MB≥┬▌Nл▌Nл▌N▌Mкл▌Mкл▌Mх▌MKл▌MKл▌MB≥┬▌▄Kл▌▄Kл▌▄H▌▄л▌▄л▌▄▌NKл▌NKл▌NB≥┬▌▄▀л▌▄▀л▌▄┬▌▄Kл▌▄Kл▌▄H▌NKл▌NKл▌NB≥┬▌█Kл▌█Kл▌█H▌█л▌█л▌█▌▄кл▌▄кл▌▄б≥┬▌█▀л▌█▀л▌█┬▌█Kл▌█Kл▌█H▌▄кл▌▄кл▌▄б≥┬▌▌Kл▌▌Kл▌▌H▌▌л▌▌л▌▌▌█кл▌█кл▌█б≥┬▌лл▌лл▌л▌▌Kл▌▌Kл▌▌H▌█кл▌█кл▌█б≥┬▌лкл▌лкл▌лх▌л▀л▌л▀л▌л┬▌лKл▌лKл▌лB≥┬▌мл▌мл▌м▌лкл▌лкл▌лх▌лKл▌лKл▌лB≥┬▌мкл▌мкл▌мх▌м▀л▌м▀л▌м┬▌мKл▌мKл▌мB≥┬▌нл▌нл▌н▌мкл▌мкл▌мх▌мKл▌мKл▌мB≥┬▌Kл▌Kл▌H▌л▌л▌▌нKл▌нKл▌нB≥┬▌▀л▌▀л▌┬▌Kл▌Kл▌H▌нKл▌нKл▌нB≥┬▌Kл▌Kл▌H▌л▌л▌▌кл▌кл▌б≥┬▌▀л▌▀л▌┬▌Kл▌Kл▌H▌кл▌кл▌б≥┬▌Kл▌Kл▌H▌л▌л▌▌кл▌кл▌б≥┬▌Lл▌Lл▌L▌Kл▌Kл▌H▌кл▌кл▌б≥┬▌Lкл▌Lкл▌Lх▌L▀л▌L▀л▌L┬▌LKл▌LKл▌LB≥┬▌Mл▌Mл▌M▌Lкл▌Lкл▌Lх▌LKл▌LKл▌LB≥┬▌Mкл▌Mкл▌Mх▌M▀л▌M▀л▌M┬▌MKл▌MKл▌MB≥┬▌Nл▌Nл▌N▌Mкл▌Mкл▌Mх▌MKл▌MKл▌MB≥┬▌LKл▌LKл▌LH▌Lл▌Lл▌L▌NKл▌NKл▌NB≥┬▌L▀л▌L▀л▌L┬▌LKл▌LKл▌LH▌NKл▌NKл▌NB≥┬▌LKл▌LKл▌LH▌Lл▌Lл▌L▌Lкл▌Lкл▌Lб≥┬▌L▀л▌L▀л▌L┬▌LKл▌LKл▌LH▌Lкл▌Lкл▌Lб≥┬▌LKл▌LKл▌LH▌Lл▌Lл▌L▌Lкл▌Lкл▌Lб≥┬▌LLл▌LLл▌LL▌LKл▌LKл▌LH▌Lкл▌Lкл▌Lб≥┬▌LLкл▌LLкл▌LLх▌LL▀л▌LL▀л▌LL┬▌LLKл▌LLKл▌LLB≥┬▌LMл▌LMл▌LM▌LLкл▌LLкл▌LLх▌LLKл▌LLKл▌LLB≥┬▌LMкл▌LMкл▌LMх▌LM▀л▌LM▀л▌LM┬▌LMKл▌LMKл▌LMB≥┬▌LNл▌LNл▌LN▌LMкл▌LMкл▌LMх▌LMKл▌LMKл▌LMB≥┬▌L▄Kл▌L▄Kл▌L▄H▌L▄л▌L▄л▌L▄▌LNKл▌LNKл▌LNB≥┬▌L▄▀л▌L▄▀л▌L▄┬▌L▄Kл▌L▄Kл▌L▄H▌LNKл▌LNKл▌LNB≥┬▌L█Kл▌L█Kл▌L█H▌L█л▌L█л▌L█▌L▄кл▌L▄кл▌L▄б≥┬▌L█▀л▌L█▀л▌L█┬▌L█Kл▌L█Kл▌L█H▌L▄кл▌L▄кл▌L▄б≥┬▌L▌Kл▌L▌Kл▌L▌H▌L▌л▌L▌л▌L▌▌L█кл▌L█кл▌L█б≥┬▌Lлл▌Lлл▌Lл▌L▌Kл▌L▌Kл▌L▌H▌L█кл▌L█кл▌L█б≥┬▌Lлкл▌Lлкл▌Lлх▌Lл▀л▌Lл▀л▌Lл┬▌LлKл▌LлKл▌LлB≥┬▌Lмл▌Lмл▌Lм▌Lлкл▌Lлкл▌Lлх▌LлKл▌LлKл▌LлB≥┬▌Lмкл▌Lмкл▌Lмх▌Lм▀л▌Lм▀л▌Lм┬▌LмKл▌LмKл▌LмB≥┬▌Lнл▌Lнл▌Lн▌Lмкл▌Lмкл▌Lмх▌LмKл▌LмKл▌LмB≥┬▌MKл▌MKл▌MH▌Mл▌Mл▌M▌LнKл▌LнKл▌LнB≥┬▌M▀л▌M▀л▌M┬▌MKл▌MKл▌MH▌LнKл▌LнKл▌LнB≥┬▌Mл▌Mл▌M▌Mкл▌Mкл▌Mх▌M▀л▌M▀л▌M┌≥┬▌MKл▌MKл▌MH▌Mл▌Mл▌M▌M▀л▌M▀л▌M┌≥┬▌Mл▌Mл▌M▌Mкл▌Mкл▌Mх▌M▀л▌M▀л▌M┌≥┬▌MKл▌MKл▌MH▌Mл▌Mл▌M▌M▀л▌M▀л▌M┌≥┬▌ML▀л▌ML▀л▌ML┬▌MLKл▌MLKл▌MLH▌MLл▌MLл▌ML≥┬▌MLкл▌MLкл▌MLх▌ML▀л▌ML▀л▌ML┬▌MLл▌MLл▌ML≥┬▌MM▀л▌MM▀л▌MM┬▌MMKл▌MMKл▌MMH▌MMл▌MMл▌MM≥┬▌MMкл▌MMкл▌MMх▌MM▀л▌MM▀л▌MM┬▌MMл▌MMл▌MM≥┬▌M▄л▌M▄л▌M▄▌MNKл▌MNKл▌MNH▌MNл▌MNл▌MN≥┬▌M▄Kл▌M▄Kл▌M▄H▌M▄л▌M▄л▌M▄▌MNл▌MNл▌MN≥┬▌M▄Kл▌M▄Kл▌M▄H▌MNл▌MNл▌MN▌M▄▀л▌M▄▀л▌M▄┌≥┬▌M▄кл▌M▄кл▌M▄х▌M▄Kл▌M▄Kл▌M▄H▌M▄▀л▌M▄▀л▌M▄┌≥┬▌M█▀л▌M█▀л▌M█┬▌M█Kл▌M█Kл▌M█H▌M█л▌M█л▌M█≥┬▌M█кл▌M█кл▌M█х▌M█▀л▌M█▀л▌M█┬▌M█л▌M█л▌M█≥┬▌Mлл▌Mлл▌Mл▌M▌Kл▌M▌Kл▌M▌H▌M▌л▌M▌л▌M▌≥┬▌MлKл▌MлKл▌MлH▌Mлл▌Mлл▌Mл▌M▌л▌M▌л▌M▌≥┬▌Mмл▌Mмл▌Mм▌Mлкл▌Mлкл▌Mлх▌Mл▀л▌Mл▀л▌Mл┌≥┬▌MмKл▌MмKл▌MмH▌Mмл▌Mмл▌Mм▌Mл▀л▌Mл▀л▌Mл┌≥┬▌Mнл▌Mнл▌Mн▌Mмкл▌Mмкл▌Mмх▌Mм▀л▌Mм▀л▌Mм┌≥┬▌MнKл▌MнKл▌MнH▌Mнл▌Mнл▌Mн▌Mм▀л▌Mм▀л▌Mм┌≥┬▌Mм▀л▌Mм▀л▌Mм┬▌NKл▌NKл▌NH▌Nл▌Nл▌N≥┬▌NKл▌NKл▌NH▌N▀л▌N▀л▌N┬▌Nл▌Nл▌N≥┬▌NKл▌NKл▌NH▌Nл▌Nл▌N▌Nкл▌Nкл▌Nб≥┬▌N▀л▌N▀л▌N┬▌NKл▌NKл▌NH▌Nкл▌Nкл▌Nб≥┬▌NKл▌NKл▌NH▌Nл▌Nл▌N▌Nкл▌Nкл▌Nб≥┬▌NLл▌NLл▌NL▌NKл▌NKл▌NH▌Nкл▌Nкл▌Nб≥┬▌NLкл▌NLкл▌NLх▌NL▀л▌NL▀л▌NL┬▌NLKл▌NLKл▌NLB≥┬▌NMл▌NMл▌NM▌NLкл▌NLкл▌NLх▌NLKл▌NLKл▌NLB≥┬▌NMкл▌NMкл▌NMх▌NM▀л▌NM▀л▌NM┬▌NMKл▌NMKл▌NMB≥┬▌NNл▌NNл▌NN▌NMкл▌NMкл▌NMх▌NMKл▌NMKл▌NMB≥┬лKллKллHллллл▌NNKл▌NNKл▌NNB≥┬▌NNKл▌NNKл▌NNHл▀лл▀лл┬лKллKллB≥┬▌NNKл▌NNKл▌NNHлкллкллхл▀лл▀лл┌≥┬лкллкллхлллллл▀лл▀лл┌≥┬лкллкллхл▀лл▀лл┬лKллKллB≥┬ллллллкллкллхлKллKллB≥┬ллллллKллKллHлKллKллB≥┬лKллKллHлLллLллLллллл≥┬лLллLллLлKллKллHлLKллLKллLB≥┬лL▀ллL▀ллL┬лLллLллLлLKллLKллLB≥┬лL▀ллL▀ллL┬лLKллLKллLHлLкллLкллLб≥┬лLкллLкллLхлMллMллMлL▀ллL▀ллL┌≥┬лMкллMкллMхлM▀ллM▀ллM┬лMKллMKллMB≥┬лMKллMKллMHлNллNллNлMкллMкллMб≥┬лMKллMKллMHлNKллNKллNHлNллNллN≥┬лNKллNKллNHл▄лл▄лл▄лNллNллN≥┬л▄клл▄клл▄хл▄▀лл▄▀лл▄┬л▄Kлл▄Kлл▄B≥┬л▄Kлл▄Kлл▄Hл█лл█лл█л▄клл▄клл▄б≥┬л▄Kлл▄Kлл▄Hл█Kлл█Kлл█Hл█лл█лл█≥┬л█Kлл█Kлл█Hл█▀лл█▀лл█┬л█лл█лл█≥┬л▌Kлл▌Kлл▌Hл▌лл▌лл▌л█клл█клл█б≥┬л█клл█клл█хллллллллл▌Kлл▌Kлл▌B≥┬л█клл█клл█хллKлллKлллHлллллллл≥┬ллKлллKлллHлл▀ллл▀ллл┬лллллллл≥┬лмKллмKллмHлмллмллмллклллклллб≥┬ллклллклллхлм▀ллм▀ллм┬лмKллмKллмB≥┬ллклллклллхлмкллмкллмхлм▀ллм▀ллм┌≥┬лмкллмкллмхлнллнллнлм▀ллм▀ллм┌≥┬лKллKллHллллллнKллнKллнB≥┬л▀лл▀лл┬лKллKллHлнKллнKллнB≥┬л▀лл▀лл┬лнKллнKллнHлкллкллб≥┬лллллл▀лл▀лл┬лкллкллб≥┬лкллкллхл▀лл▀лл┬лKллKллB≥┬лкллкллхлKллKллHллллл≥┬лKллKллHлкллкллхллллл≥┬ллллллLллLллLлKллKллB≥┬лLKллLKллLHлKллKллHлLллLллL≥┬лLKллLKллLHлLллLллLлL▀ллL▀ллL┌≥┬лLкллLкллLхлLKллLKллLHлL▀ллL▀ллL┌≥┬лL▀ллL▀ллL┬лMллMллMлLкллLкллLб≥┬лMкллMкллMхлM▀ллM▀ллM┬лMKллMKллMB≥┬лMкллMкллMхлMKллMKллMHлNллNллN≥┬лNKллNKллNHлMкллMкллMхлNллNллN≥┬лNллNллNл▄лл▄лл▄лNKллNKллNB≥┬л▄Kлл▄Kлл▄HлNKллNKллNHл▄лл▄лл▄≥┬л▄Kлл▄Kлл▄Hл▄лл▄лл▄л▄▀лл▄▀лл▄┌≥┬л▄клл▄клл▄хл▄Kлл▄Kлл▄Hл▄▀лл▄▀лл▄┌≥┬л▄▀лл▄▀лл▄┬л█лл█лл█л▄клл▄клл▄б≥┬л█клл█клл█хл█▀лл█▀лл█┬л█Kлл█Kлл█B≥┬л█Kлл█Kлл█Hл▌лл▌лл▌л█клл█клл█б≥┬л▌лл▌лл▌л▌Kлл▌Kлл▌Hл█клл█клл█б≥┬л▌лл▌лл▌ллллллллл▌Kлл▌Kлл▌B≥┬ллклллклллхлл▀ллл▀ллл┬ллKлллKлллB≥┬ллKлллKлллHлмллмллмллклллклллб≥┬лмллмллмлмKллмKллмHллклллклллб≥┬лмллмллмлм▀ллм▀ллм┬лмKллмKллмB≥┬лнKллнKллнHлнллнллнлмкллмкллмб≥┬лмкллмкллмхллллллнKллнKллнB≥┬ллллллKллKллHлнKллнKллнB≥┬лллллл▀лл▀лл┬лKллKллB≥┬лKллKллHллллллкллкллб≥┬лкллкллхл▀лл▀лл┬лKллKллB≥┬л▀лл▀лл┬лкллкллхлKллKллB≥┬л▀лл▀лл┬ллллллкллкллб≥┬лLKллLKллLHлLллLллLлKллKллB≥┬лL▀ллL▀ллL┬лLKллLKллLHлKллKллB≥┬лMKллMKллMHлMллMллMлLкллLкллLб≥┬лM▀ллM▀ллM┬лMKллMKллMHлLкллLкллLб≥┬лNKллNKллNHлNллNллNлMкллMкллMб≥┬лLллLллLлNKллNKллNHлMкллMкллMб≥┬лLкллLкллLхлL▀ллL▀ллL┬лLKллLKллLB≥┬лLллLллLлLкллLкллLхлLKллLKллLB≥┬лLкллLкллLхлL▀ллL▀ллL┬лLKллLKллLB≥┬лLллLллLлLкллLкллLхлLKллLKллLB≥┬лLLKллLLKллLLHлLLллLLллLLлLKллLKллLB≥┬лLKллLKллLHлLL▀ллLL▀ллLL┬лLLKллLLKллLLB≥┬лLKллLKллLHлLLкллLLкллLLхлLL▀ллLL▀ллLL┌≥┬лLLкллLLкллLLхлLMллLMллLMлLL▀ллLL▀ллLL┌≥┬лLMллLMллLMлLLкллLLкллLLхлLMKллLMKллLMB≥┬лLMKллLMKллLMHлLM▀ллLM▀ллLM┬лLMллLMллLM≥┬лLMKллLMKллLMHлLMкллLMкллLMхлLM▀ллLM▀ллLM┌≥┬лLMкллLMкллLMхлLNллLNллLNлLM▀ллLM▀ллLM┌≥┬лL▄KллL▄KллL▄HлL▄ллL▄ллL▄лLNKллLNKллLNB≥┬лL▄▀ллL▄▀ллL▄┬лL▄KллL▄KллL▄HлLNKллLNKллLNB≥┬лL█KллL█KллL█HлL█ллL█ллL█лL▄кллL▄кллL▄б≥┬лL█KллL█KллL█HлL▄кллL▄кллL▄хлL█▀ллL█▀ллL█┌≥┬лL█кллL█кллL█хлL█KллL█KллL█HлL█▀ллL█▀ллL█┌≥┬лL█▀ллL█▀ллL█┬лL▌ллL▌ллL▌лL█кллL█кллL█б≥┬лL▌KллL▌KллL▌HлL█кллL█кллL█хлL▌ллL▌ллL▌≥┬лL▌KллL▌KллL▌HлL▌ллL▌ллL▌лLлллLлллLл≥┬лLлKллLлKллLлHлL▌KллL▌KллL▌HлLлллLлллLл≥┬лLлллLлллLллLл▀ллLл▀ллLл┬лLлKллLлKллLлB≥┬лLмKллLмKллLмHлLмллLмллLмлLлкллLлкллLлб≥┬лLм▀ллLм▀ллLм┬лLмKллLмKллLмHлLлкллLлкллLлб≥┬лLнKллLнKллLнHлLнллLнллLнлLмкллLмкллLмб≥┬лMллMллMлLнKллLнKллLнHлLмкллLмкллLмб≥┬лMкллMкллMхлM▀ллM▀ллM┬лMKллMKллMB≥┬лMллMллMлMкллMкллMхлMKллMKллMB≥┬лMллMллMлMKллMKллMHлMKллMKллMB≥┬лMKллMKллMHлM▀ллM▀ллM┬лMллMллM≥┬лM▀ллM▀ллM┬лMKллMKллMHлMкллMкллMб≥┬лMллMллMлM▀ллM▀ллM┬лMкллMкллMб≥┬лMллMллMлMкллMкллMхлMKллMKллMB≥┬лMKллMKллMHлMLллMLллMLлMллMллM≥┬лMLкллMLкллMLхлML▀ллML▀ллML┬лMLKллMLKллMLB≥┬лMMллMMллMMлMLкллMLкллMLхлMLKллMLKллMLB≥┬лMMкллMMкллMMхлMM▀ллMM▀ллMM┬лMMKллMMKллMMB≥┬лMMKллMMKллMMHлMNллMNллMNлMMкллMMкллMMб≥┬лMNллMNллMNлMNKллMNKллMNHлMMкллMMкллMMб≥┬лMNллMNллMNлM▄ллM▄ллM▄лMNKллMNKллMNB≥┬лM▄кллM▄кллM▄хлM▄▀ллM▄▀ллM▄┬лM▄KллM▄KллM▄B≥┬лM█ллM█ллM█лM▄кллM▄кллM▄хлM▄KллM▄KллM▄B≥┬лM█кллM█кллM█хлM█▀ллM█▀ллM█┬лM█KллM█KллM█B≥┬лM▌ллM▌ллM▌лM█кллM█кллM█хлM█KллM█KллM█B≥┬лMлKллMлKллMлHлMлллMлллMллM▌KллM▌KллM▌B≥┬лMл▀ллMл▀ллMл┬лMлKллMлKллMлHлM▌KллM▌KллM▌B≥┬лMмKллMмKллMмHлMмллMмллMмлMлкллMлкллMлб≥┬лMм▀ллMм▀ллMм┬лMмKллMмKллMмHлMлкллMлкллMлб≥┬лMнKллMнKллMнHлMнллMнллMнлMмкллMмкллMмб≥┬лNллNллNлMнKллMнKллMнHлMмкллMмкллMмб≥┬лNкллNкллNхлN▀ллN▀ллN┬лNKллNKллNB≥┬лNллNллNлNкллNкллNхлNKллNKллNB≥┬лNкллNкллNхлN▀ллN▀ллN┬лNKллNKллNB≥┬лNллNллNлNкллNкллNхлNKллNKллNB≥┬лNLKллNLKллNLHлNLллNLллNLлNKллNKллNB≥┬лNL▀ллNL▀ллNL┬лNLKллNLKллNLHлNKллNKллNB≥┬лNMKллNMKллNMHлNMллNMллNMлNLкллNLкллNLб≥┬лNM▀ллNM▀ллNM┬лNMKллNMKллNMHлNLкллNLкллNLб≥┬лNNKллNNKллNNHлNNллNNллNNлNMкллNMкллNMб≥┬л▄лл▄лл▄лNNKллNNKллNNHлNMкллNMкллNMб≥┬л▄клл▄клл▄хл▄▀лл▄▀лл▄┬л▄Kлл▄Kлл▄B≥┬л▄лл▄лл▄л▄клл▄клл▄хл▄Kлл▄Kлл▄B≥┬л▄клл▄клл▄хл▄▀лл▄▀лл▄┬л▄Kлл▄Kлл▄B≥┬л▄лл▄лл▄л▄клл▄клл▄хл▄Kлл▄Kлл▄B≥┬л▄LKлл▄LKлл▄LHл▄Lлл▄Lлл▄Lл▄Kлл▄Kлл▄B≥┬л▄L▀лл▄L▀лл▄L┬л▄LKлл▄LKлл▄LHл▄Kлл▄Kлл▄B≥┬л▄MKлл▄MKлл▄MHл▄Mлл▄Mлл▄Mл▄Lклл▄Lклл▄Lб≥┬л▄M▀лл▄M▀лл▄M┬л▄MKлл▄MKлл▄MHл▄Lклл▄Lклл▄Lб≥┬л▄NKлл▄NKлл▄NHл▄Nлл▄Nлл▄Nл▄Mклл▄Mклл▄Mб≥┬л▄▄лл▄▄лл▄▄л▄NKлл▄NKлл▄NHл▄Mклл▄Mклл▄Mб≥┬л▄▄клл▄▄клл▄▄хл▄▄▀лл▄▄▀лл▄▄┬л▄▄Kлл▄▄Kлл▄▄B≥┬л▄█лл▄█лл▄█л▄▄клл▄▄клл▄▄хл▄▄Kлл▄▄Kлл▄▄B≥┬л▄█клл▄█клл▄█хл▄█▀лл▄█▀лл▄█┬л▄█Kлл▄█Kлл▄█B≥┬л▄▌лл▄▌лл▄▌л▄█клл▄█клл▄█хл▄█Kлл▄█Kлл▄█B≥┬л▄лKлл▄лKлл▄лHл▄ллл▄ллл▄лл▄▌Kлл▄▌Kлл▄▌B≥┬л▄л▀лл▄л▀лл▄л┬л▄лKлл▄лKлл▄лHл▄▌Kлл▄▌Kлл▄▌B≥┬л▄мKлл▄мKлл▄мHл▄млл▄млл▄мл▄лклл▄лклл▄лб≥┬л▄м▀лл▄м▀лл▄м┬л▄мKлл▄мKлл▄мHл▄лклл▄лклл▄лб≥┬л▄нKлл▄нKлл▄нHл▄нлл▄нлл▄нл▄мклл▄мклл▄мб≥┬л█лл█лл█л▄нKлл▄нKлл▄нHл▄мклл▄мклл▄мб≥┬л█клл█клл█хл█▀лл█▀лл█┬л█Kлл█Kлл█B≥┬л█лл█лл█л█клл█клл█хл█Kлл█Kлл█B≥┬л█клл█клл█хл█▀лл█▀лл█┬л█Kлл█Kлл█B≥┬л█лл█лл█л█клл█клл█хл█Kлл█Kлл█B≥┬л█LKлл█LKлл█LHл█Lлл█Lлл█Lл█Kлл█Kлл█B≥┬л█L▀лл█L▀лл█L┬л█LKлл█LKлл█LHл█Kлл█Kлл█B≥┬л█MKлл█MKлл█MHл█Mлл█Mлл█Mл█Lклл█Lклл█Lб≥┬л█M▀лл█M▀лл█M┬л█MKлл█MKлл█MHл█Lклл█Lклл█Lб≥┬л█NKлл█NKлл█NHл█Nлл█Nлл█Nл█Mклл█Mклл█Mб≥┬л█▄лл█▄лл█▄л█NKлл█NKлл█NHл█Mклл█Mклл█Mб≥┬л█▄клл█▄клл█▄хл█▄▀лл█▄▀лл█▄┬л█▄Kлл█▄Kлл█▄B≥┬л██лл██лл██л█▄клл█▄клл█▄хл█▄Kлл█▄Kлл█▄B≥┬л██клл██клл██хл██▀лл██▀лл██┬л██Kлл██Kлл██B≥┬л█▌лл█▌лл█▌л██клл██клл██хл██Kлл██Kлл██B≥┬л█лKлл█лKлл█лHл█ллл█ллл█лл█▌Kлл█▌Kлл█▌B≥┬л█л▀лл█л▀лл█л┬л█лKлл█лKлл█лHл█▌Kлл█▌Kлл█▌B≥┬л█мKлл█мKлл█мHл█млл█млл█мл█лклл█лклл█лб≥┬л█м▀лл█м▀лл█м┬л█мKлл█мKлл█мHл█лклл█лклл█лб≥┬л█нKлл█нKлл█нHл█нлл█нлл█нл█мклл█мклл█мб≥┬л▌лл▌лл▌л█нKлл█нKлл█нHл█мклл█мклл█мб≥┬л▌клл▌клл▌хл▌▀лл▌▀лл▌┬л▌Kлл▌Kлл▌B≥┬л▌лл▌лл▌л▌клл▌клл▌хл▌Kлл▌Kлл▌B≥┬л▌▀лл▌▀лл▌┬л▌Kлл▌Kлл▌Hл▌лл▌лл▌≥┬л▌клл▌клл▌хл▌▀лл▌▀лл▌┬л▌лл▌лл▌≥┬л▌Lлл▌Lлл▌Lл▌Kлл▌Kлл▌Hл▌лл▌лл▌≥┬л▌LKлл▌LKлл▌LHл▌Lлл▌Lлл▌Lл▌лл▌лл▌≥┬л▌Mлл▌Mлл▌Mл▌Lклл▌Lклл▌Lхл▌L▀лл▌L▀лл▌L┌≥┬л▌MKлл▌MKлл▌MHл▌Mлл▌Mлл▌Mл▌L▀лл▌L▀лл▌L┌≥┬л▌Nлл▌Nлл▌Nл▌Mклл▌Mклл▌Mхл▌M▀лл▌M▀лл▌M┌≥┬л▌NKлл▌NKлл▌NHл▌Nлл▌Nлл▌Nл▌M▀лл▌M▀лл▌M┌≥┬лл▀ллл▀ллл┬ллKлллKлллHлллллллл≥┬ллклллклллхлл▀ллл▀ллл┬лллллллл≥┬лл▀ллл▀ллл┬ллKлллKлллHлллллллл≥┬ллклллклллхлл▀ллл▀ллл┬лллллллл≥┬ллLлллLлллLллKлллKлллHлллллллл≥┬ллLKлллLKлллLHллLлллLлллLлллллллл≥┬ллMлллMлллMллLклллLклллLхллL▀лллL▀лллL┌≥┬ллMKлллMKлллMHллMлллMлллMллL▀лллL▀лллL┌≥┬ллNлллNлллNллMклллMклллMхллM▀лллM▀лллM┌≥┬ллNKлллNKлллNHллNлллNлллNллM▀лллM▀лллM┌≥┬лл▄▀ллл▄▀ллл▄┬лл▄Kллл▄Kллл▄Hлл▄ллл▄ллл▄≥┬лл▄кллл▄кллл▄хлл▄▀ллл▄▀ллл▄┬лл▄ллл▄ллл▄≥┬лл▄ллл▄ллл▄лл█Kллл█Kллл█Hлл█ллл█ллл█≥┬лл█Kллл█Kллл█Hлл█▀ллл█▀ллл█┬лл█ллл█ллл█≥┬лл▌Kллл▌Kллл▌Hлл▌ллл▌ллл▌лл█кллл█кллл█б≥┬ллллллллллллл▌Kллл▌Kллл▌Hлл█кллл█кллл█б≥┬лллкллллкллллхллл▀лллл▀лллл┬лллKллллKллллB≥┬ллмлллмлллмлллкллллкллллхлллKллллKллллB≥┬ллмклллмклллмхллм▀лллм▀лллм┬ллмKлллмKлллмB≥┬ллнлллнлллнллмклллмклллмхллмKлллмKлллмB≥┬лмKллмKллмHлмллмллмллнKлллнKлллнB≥┬лм▀ллм▀ллм┬лмKллмKллмHллнKлллнKлллнB≥┬лмKллмKллмHлмллмллмлмкллмкллмб≥┬лмкллмкллмхлм▀ллм▀ллм┬лмKллмKллмB≥┬лмкллмкллмхлмкллмкллмхлм▀ллм▀ллм┌≥┬лмкллмкллмхлмллмллмлм▀ллм▀ллм┌≥┬лмLKллмLKллмLHлмLллмLллмLлмKллмKллмB≥┬лмL▀ллмL▀ллмL┬лмLKллмLKллмLHлмKллмKллмB≥┬лмL▀ллмL▀ллмL┬лмKллмKллмHлмLкллмLкллмLб≥┬лмLкллмLкллмLхлмMллмMллмMлмL▀ллмL▀ллмL┌≥┬лмMллмMллмMлмLкллмLкллмLхлмMKллмMKллмMB≥┬лмM▀ллмM▀ллмM┬лмMллмMллмMлмMKллмMKллмMB≥┬лмM▀ллмM▀ллмM┬лмMKллмMKллмMHлмMкллмMкллмMб≥┬лмMкллмMкллмMхлмNллмNллмNлмM▀ллмM▀ллмM┌≥┬лм▄Kллм▄Kллм▄Hлм▄ллм▄ллм▄лмNKллмNKллмNB≥┬лмNKллмNKллмNHлм▄▀ллм▄▀ллм▄┬лм▄Kллм▄Kллм▄B≥┬лмNKллмNKллмNHлм▄кллм▄кллм▄хлм▄▀ллм▄▀ллм▄┌≥┬лм▄кллм▄кллм▄хлм█ллм█ллм█лм▄▀ллм▄▀ллм▄┌≥┬лм█кллм█кллм█хлм█▀ллм█▀ллм█┬лм█Kллм█Kллм█B≥┬лм█Kллм█Kллм█Hлм▌ллм▌ллм▌лм█кллм█кллм█б≥┬лм█Kллм█Kллм█Hлм▌Kллм▌Kллм▌Hлм▌ллм▌ллм▌≥┬лм▌Kллм▌Kллм▌Hлмлллмлллмллм▌ллм▌ллм▌≥┬лмлкллмлкллмлхлмл▀ллмл▀ллмл┬лмлKллмлKллмлB≥┬лмлKллмлKллмлHлммллммллммлмлкллмлкллмлб≥┬лмлKллмлKллмлHлммKллммKллммHлммллммллмм≥┬лммKллммKллммHлмм▀ллмм▀ллмм┬лммллммллмм≥┬лмнKллмнKллмнHлмнллмнллмнлммкллммкллммб≥┬лммкллммкллммхлнллнллнлмнKллмнKллмнB≥┬лммкллммкллммхлнKллнKллнHлнллнллн≥┬лнKллнKллнHлн▀ллн▀ллн┬лнллнллн≥┬лнKллнKллнHлнллнллнлнкллнкллнб≥┬лн▀ллн▀ллн┬лнKллнKллнHлнкллнкллнб≥┬лн▀ллн▀ллн┬лнкллнкллнхлнкллнкллнб≥┬лнллнллнлн▀ллн▀ллн┬лнкллнкллнб≥┬лнLKллнLKллнLHлнLллнLллнLлнKллнKллнB≥┬лнLKллнLKллнLHлнKллнKллнHлнL▀ллнL▀ллнL┌≥┬лнLкллнLкллнLхлнLKллнLKллнLHлнL▀ллнL▀ллнL┌≥┬лнL▀ллнL▀ллнL┬лнMллнMллнMлнLкллнLкллнLб≥┬лнMKллнMKллнMHлнLкллнLкллнLхлнMллнMллнM≥┬лнMKллнMKллнMHлнMллнMллнMлнM▀ллнM▀ллнM┌≥┬лнMкллнMкллнMхлнMKллнMKллнMHлнM▀ллнM▀ллнM┌≥┬лнM▀ллнM▀ллнM┬лнNллнNллнNлнMкллнMкллнMб≥┬мKлмKлмHмлмлмлнNKллнNKллнNB≥┬мKлмKлмHлнNKллнNKллнNHм▀лм▀лм┌≥┬мклмклмхмKлмKлмHм▀лм▀лм┌≥┬м▀лм▀лм┬млмлммклмклмб≥┬мKлмKлмHмклмклмхмлмлм≥┬мKлмKлмHмлмлмм▀лм▀лм┌≥┬мклмклмхмKлмKлмHм▀лм▀лм┌≥┬м▀лм▀лм┬млмлммклмклмб≥┬мLKлмLKлмLHмLлмLлмLмKлмKлмB≥┬мKлмKлмHмL▀лмL▀лмL┬мLKлмLKлмLB≥┬мL▀лмL▀лмL┬мLклмLклмLхмLKлмLKлмLB≥┬мL▀лмL▀лмL┬мMлмMлмMмLклмLклмLб≥┬мMклмMклмMхмM▀лмM▀лмM┬мMKлмMKлмMB≥┬мMKлмMKлмMHмNлмNлмNмMклмMклмMб≥┬мNлмNлмNмNKлмNKлмNHмMклмMклмMб≥┬мNлмNлмNм▄лм▄лм▄мNKлмNKлмNB≥┬м▄клм▄клм▄хм▄▀лм▄▀лм▄┬м▄Kлм▄Kлм▄B≥┬м▄Kлм▄Kлм▄Hм█лм█лм█м▄клм▄клм▄б≥┬м█лм█лм█м█Kлм█Kлм█Hм▄клм▄клм▄б≥┬м█лм█лм█м█▀лм█▀лм█┬м█Kлм█Kлм█B≥┬м▌Kлм▌Kлм▌Hм▌лм▌лм▌м█клм█клм█б≥┬м█клм█клм█хмллмллмлм▌Kлм▌Kлм▌B≥┬мллмллмлмлKлмлKлмлHм▌Kлм▌Kлм▌B≥┬мллмллмлмл▀лмл▀лмл┬млKлмлKлмлB≥┬ммKлммKлммHммлммлмммлклмлклмлб≥┬мм▀лмм▀лмм┬ммKлммKлммHмлклмлклмлб≥┬мнKлмнKлмнHмнлмнлмнммклммклммб≥┬млмлммнKлмнKлмнHммклммклммб≥┬мклмклмхм▀лм▀лм┬мKлмKлмB≥┬млмлммклмклмхмKлмKлмB≥┬мклмклмхм▀лм▀лм┬мKлмKлмB≥┬млмлммклмклмхмKлмKлмB≥┬мLKлмLKлмLHмLлмLлмLмKлмKлмB≥┬мL▀лмL▀лмL┬мLKлмLKлмLHмKлмKлмB≥┬мMKлмMKлмMHмMлмMлмMмLклмLклмLб≥┬мLклмLклмLхмM▀лмM▀лмM┬мMKлмMKлмMB≥┬мLклмLклмLхмMклмMклмMхмM▀лмM▀лмM┌≥┬мMклмMклмMхмNлмNлмNмM▀лмM▀лмM┌≥┬мNлмNлмNмMклмMклмMхмNKлмNKлмNB≥┬мNKлмNKлмNHм▄лм▄лм▄мNлмNлмN≥┬мNKлмNKлмNHм▄Kлм▄Kлм▄Hм▄лм▄лм▄≥┬м▄Kлм▄Kлм▄Hм▄▀лм▄▀лм▄┬м▄лм▄лм▄≥┬м█Kлм█Kлм█Hм█лм█лм█м▄клм▄клм▄б≥┬м█▀лм█▀лм█┬м█Kлм█Kлм█Hм▄клм▄клм▄б≥┬м▌Kлм▌Kлм▌Hм▌лм▌лм▌м█клм█клм█б≥┬м▌Kлм▌Kлм▌Hм█клм█клм█хмллмллмл≥┬млKлмлKлмлHм▌Kлм▌Kлм▌Hмллмллмл≥┬мллмллмлмл▀лмл▀лмл┬млKлмлKлмлB≥┬млклмлклмлхмлKлмлKлмлHмл▀лмл▀лмл┌≥┬млклмлклмлхмл▀лмл▀лмл┬ммлммлмм≥┬ммKлммKлммHмлклмлклмлхммлммлмм≥┬ммлммлмммм▀лмм▀лмм┬ммKлммKлммB≥┬мнKлмнKлмнHмнлмнлмнммклммклммб≥┬млмлммнKлмнKлмнHммклммклммб≥┬мклмклмхм▀лм▀лм┬мKлмKлмB≥┬млмлммклмклмхмKлмKлмB≥┬мклмклмхм▀лм▀лм┬мKлмKлмB≥┬млмлммклмклмхмKлмKлмB≥┬млмлммKлмKлмHмKлмKлмB≥┬мKлмKлмHмLлмLлмLмлмлм≥┬мLлмLлмLмKлмKлмHмLKлмLKлмLB≥┬мL▀лмL▀лмL┬мLлмLлмLмLKлмLKлмLB≥┬мL▀лмL▀лмL┬мLKлмLKлмLHмLклмLклмLб≥┬мLклмLклмLхмMлмMлмMмL▀лмL▀лмL┌≥┬мMклмMклмMхмM▀лмM▀лмM┬мMKлмMKлмMB≥┬мNлмNлмNмMклмMклмMхмMKлмMKлмMB≥┬мLKлмLKлмLHмLлмLлмLмNKлмNKлмNB≥┬мNKлмNKлмNHмL▀лмL▀лмL┬мLKлмLKлмLB≥┬мL▀лмL▀лмL┬мLклмLклмLхмLKлмLKлмLB≥┬мL▀лмL▀лмL┬мLлмLлмLмLклмLклмLб≥┬мLклмLклмLхмL▀лмL▀лмL┬мLKлмLKлмLB≥┬мLлмLлмLмLклмLклмLхмLKлмLKлмLB≥┬мLLKлмLLKлмLLHмLLлмLLлмLLмLKлмLKлмLB≥┬мLL▀лмLL▀лмLL┬мLLKлмLLKлмLLHмLKлмLKлмLB≥┬мLMKлмLMKлмLMHмLMлмLMлмLMмLLклмLLклмLLб≥┬мLM▀лмLM▀лмLM┬мLMKлмLMKлмLMHмLLклмLLклмLLб≥┬мLNKлмLNKлмLNHмLNлмLNлмLNмLMклмLMклмLMб≥┬мL▄лмL▄лмL▄мLNKлмLNKлмLNHмLMклмLMклмLMб≥┬мL▄клмL▄клмL▄хмL▄▀лмL▄▀лмL▄┬мL▄KлмL▄KлмL▄B≥┬мL█лмL█лмL█мL▄клмL▄клмL▄хмL▄KлмL▄KлмL▄B≥┬мL█клмL█клмL█хмL█▀лмL█▀лмL█┬мL█KлмL█KлмL█B≥┬мL▌лмL▌лмL▌мL█клмL█клмL█хмL█KлмL█KлмL█B≥┬мLлKлмLлKлмLлHмLллмLллмLлмL▌KлмL▌KлмL▌B≥┬мLл▀лмLл▀лмLл┬мLлKлмLлKлмLлHмL▌KлмL▌KлмL▌B≥┬мLмKлмLмKлмLмHмLмлмLмлмLммLлклмLлклмLлб≥┬мLм▀лмLм▀лмLм┬мLмKлмLмKлмLмHмLлклмLлклмLлб≥┬мLнKлмLнKлмLнHмLнлмLнлмLнмLмклмLмклмLмб≥┬мMлмMлмMмLнKлмLнKлмLнHмLмклмLмклмLмб≥┬мMклмMклмMхмM▀лмM▀лмM┬мMKлмMKлмMB≥┬мMлмMлмMмMклмMклмMхмMKлмMKлмMB≥┬мMклмMклмMхмM▀лмM▀лмM┬мMKлмMKлмMB≥┬мMлмMлмMмMклмMклмMхмMKлмMKлмMB≥┬мMLKлмMLKлмMLHмMLлмMLлмMLмMKлмMKлмMB≥┬мML▀лмML▀лмML┬мMLKлмMLKлмMLHмMKлмMKлмMB≥┬мMMKлмMMKлмMMHмMMлмMMлмMMмMLклмMLклмMLб≥┬мMM▀лмMM▀лмMM┬мMMKлмMMKлмMMHмMLклмMLклмMLб≥┬мMNKлмMNKлмMNHмMNлмMNлмMNмMMклмMMклмMMб≥┬мM▄лмM▄лмM▄мMNKлмMNKлмMNHмMMклмMMклмMMб≥┬мM▄клмM▄клмM▄хмM▄▀лмM▄▀лмM▄┬мM▄KлмM▄KлмM▄B≥┬мM█лмM█лмM█мM▄клмM▄клмM▄хмM▄KлмM▄KлмM▄B≥┬мM█клмM█клмM█хмM█▀лмM█▀лмM█┬мM█KлмM█KлмM█B≥┬мM▌лмM▌лмM▌мM█клмM█клмM█хмM█KлмM█KлмM█B≥┬мMлKлмMлKлмMлHмMллмMллмMлмM▌KлмM▌KлмM▌B≥┬мMл▀лмMл▀лмMл┬мMлKлмMлKлмMлHмM▌KлмM▌KлмM▌B≥┬мMмKлмMмKлмMмHмMмлмMмлмMммMлклмMлклмMлб≥┬мMм▀лмMм▀лмMм┬мMмKлмMмKлмMмHмMлклмMлклмMлб≥┬мMнKлмMнKлмMнHмMнлмMнлмMнмMмклмMмклмMмб≥┬мNлмNлмNмMнKлмMнKлмMнHмMмклмMмклмMмб≥┬мNклмNклмNхмN▀лмN▀лмN┬мNKлмNKлмNB≥┬мNлмNлмNмNклмNклмNхмNKлмNKлмNB≥┬мNклмNклмNхмN▀лмN▀лмN┬мNKлмNKлмNB≥┬мNлмNлмNмNклмNклмNхмNKлмNKлмNB≥┬мNLKлмNLKлмNLHмNLлмNLлмNLмNKлмNKлмNB≥┬мNL▀лмNL▀лмNL┬мNLKлмNLKлмNLHмNKлмNKлмNB≥┬мNMKлмNMKлмNMHмNMлмNMлмNMмNLклмNLклмNLб≥┬мNM▀лмNM▀лмNM┬мNMKлмNMKлмNMHмNLклмNLклмNLб≥┬мNNKлмNNKлмNNHмNNлмNNлмNNмNMклмNMклмNMб≥┬м▄лм▄лм▄мNNKлмNNKлмNNHмNMклмNMклмNMб≥┬м▄клм▄клм▄хм▄▀лм▄▀лм▄┬м▄Kлм▄Kлм▄B≥┬м▄лм▄лм▄м▄клм▄клм▄хм▄Kлм▄Kлм▄B≥┬м▄клм▄клм▄хм▄▀лм▄▀лм▄┬м▄Kлм▄Kлм▄B≥┬м▄лм▄лм▄м▄клм▄клм▄хм▄Kлм▄Kлм▄B≥┬м▄LKлм▄LKлм▄LHм▄Lлм▄Lлм▄Lм▄Kлм▄Kлм▄B≥┬м▄L▀лм▄L▀лм▄L┬м▄LKлм▄LKлм▄LHм▄Kлм▄Kлм▄B≥┬м▄MKлм▄MKлм▄MHм▄Mлм▄Mлм▄Mм▄Lклм▄Lклм▄Lб≥┬м▄M▀лм▄M▀лм▄M┬м▄MKлм▄MKлм▄MHм▄Lклм▄Lклм▄Lб≥┬м▄NKлм▄NKлм▄NHм▄Nлм▄Nлм▄Nм▄Mклм▄Mклм▄Mб≥┬м▄▄лм▄▄лм▄▄м▄NKлм▄NKлм▄NHм▄Mклм▄Mклм▄Mб≥┬м▄▄клм▄▄клм▄▄хм▄▄▀лм▄▄▀лм▄▄┬м▄▄Kлм▄▄Kлм▄▄B≥┬м▄█лм▄█лм▄█м▄▄клм▄▄клм▄▄хм▄▄Kлм▄▄Kлм▄▄B≥┬м▄█клм▄█клм▄█хм▄█▀лм▄█▀лм▄█┬м▄█Kлм▄█Kлм▄█B≥┬м▄▌лм▄▌лм▄▌м▄█клм▄█клм▄█хм▄█Kлм▄█Kлм▄█B≥┬м▄ллм▄ллм▄лм▄▌Kлм▄▌Kлм▄▌Hм▄▌лм▄▌лм▄▌≥┬м▄лKлм▄лKлм▄лHм▄ллм▄ллм▄лм▄▌лм▄▌лм▄▌≥┬м▄млм▄млм▄мм▄лклм▄лклм▄лхм▄л▀лм▄л▀лм▄л┌≥┬м▄мKлм▄мKлм▄мHм▄млм▄млм▄мм▄л▀лм▄л▀лм▄л┌≥┬м▄нлм▄нлм▄нм▄мклм▄мклм▄мхм▄м▀лм▄м▀лм▄м┌≥┬м▄нKлм▄нKлм▄нHм▄нлм▄нлм▄нм▄м▀лм▄м▀лм▄м┌≥┬м█▀лм█▀лм█┬м█Kлм█Kлм█Hм█лм█лм█≥┬м█клм█клм█хм█▀лм█▀лм█┬м█лм█лм█≥┬м█▀лм█▀лм█┬м█Kлм█Kлм█Hм█лм█лм█≥┬м█клм█клм█хм█▀лм█▀лм█┬м█лм█лм█≥┬м█Lлм█Lлм█Lм█Kлм█Kлм█Hм█лм█лм█≥┬м█LKлм█LKлм█LHм█Lлм█Lлм█Lм█лм█лм█≥┬м█Mлм█Mлм█Mм█Lклм█Lклм█Lхм█L▀лм█L▀лм█L┌≥┬м█MKлм█MKлм█MHм█Mлм█Mлм█Mм█L▀лм█L▀лм█L┌≥┬м█Nлм█Nлм█Nм█Mклм█Mклм█Mхм█M▀лм█M▀лм█M┌≥┬м█NKлм█NKлм█NHм█Nлм█Nлм█Nм█M▀лм█M▀лм█M┌≥┬м█▄▀лм█▄▀лм█▄┬м█▄Kлм█▄Kлм█▄Hм█▄лм█▄лм█▄≥┬м█▄клм█▄клм█▄хм█▄▀лм█▄▀лм█▄┬м█▄лм█▄лм█▄≥┬м██▀лм██▀лм██┬м██Kлм██Kлм██Hм██лм██лм██≥┬м██клм██клм██хм██▀лм██▀лм██┬м██лм██лм██≥┬м██лм██лм██м█▌Kлм█▌Kлм█▌Hм█▌лм█▌лм█▌≥┬м█▌Kлм█▌Kлм█▌Hм█ллм█ллм█лм█▌лм█▌лм█▌≥┬м█лклм█лклм█лхм█л▀лм█л▀лм█л┬м█лKлм█лKлм█лB≥┬м█млм█млм█мм█лклм█лклм█лхм█лKлм█лKлм█лB≥┬м█мклм█мклм█мхм█м▀лм█м▀лм█м┬м█мKлм█мKлм█мB≥┬м█нлм█нлм█нм█мклм█мклм█мхм█мKлм█мKлм█мB≥┬м▌Kлм▌Kлм▌Hм▌лм▌лм▌м█нKлм█нKлм█нB≥┬м▌▀лм▌▀лм▌┬м▌Kлм▌Kлм▌Hм█нKлм█нKлм█нB≥┬м▌Kлм▌Kлм▌Hм▌лм▌лм▌м▌клм▌клм▌б≥┬м▌▀лм▌▀лм▌┬м▌Kлм▌Kлм▌Hм▌клм▌клм▌б≥┬м▌Kлм▌Kлм▌Hм▌лм▌лм▌м▌клм▌клм▌б≥┬м▌клм▌клм▌хм▌Lлм▌Lлм▌Lм▌Kлм▌Kлм▌B≥┬м▌клм▌клм▌хм▌LKлм▌LKлм▌LHм▌Lлм▌Lлм▌L≥┬м▌LKлм▌LKлм▌LHм▌L▀лм▌L▀лм▌L┬м▌Lлм▌Lлм▌L≥┬м▌MKлм▌MKлм▌MHм▌Mлм▌Mлм▌Mм▌Lклм▌Lклм▌Lб≥┬м▌M▀лм▌M▀лм▌M┬м▌MKлм▌MKлм▌MHм▌Lклм▌Lклм▌Lб≥┬м▌M▀лм▌M▀лм▌M┬м▌Lклм▌Lклм▌Lхм▌Mклм▌Mклм▌Mб≥┬м▌Mклм▌Mклм▌Mхм▌Nлм▌Nлм▌Nм▌M▀лм▌M▀лм▌M┌≥┬м▌Nлм▌Nлм▌Nм▌Mклм▌Mклм▌Mхм▌NKлм▌NKлм▌NB≥┬мллмллмлм▌Nлм▌Nлм▌Nм▌NKлм▌NKлм▌NB≥┬мллмллмлм▌NKлм▌NKлм▌NHмлKлмлKлмлB≥┬млKлмлKлмлHмл▀лмл▀лмл┬мллмллмл≥┬млKлмлKлмлHмллмллмлмлклмлклмлб≥┬млклмлклмлхмл▀лмл▀лмл┬млKлмлKлмлB≥┬млклмлклмлхмлклмлклмлхмл▀лмл▀лмл┌≥┬млклмлклмлхмллмллмлмл▀лмл▀лмл┌≥┬млLKлмлLKлмлLHмлLлмлLлмлLмлKлмлKлмлB≥┬млKлмлKлмлHмлL▀лмлL▀лмлL┬млLKлмлLKлмлLB≥┬млKлмлKлмлHмлLклмлLклмлLхмлL▀лмлL▀лмлL┌≥┬млLклмлLклмлLхмлMлмлMлмлMмлL▀лмлL▀лмлL┌≥┬млMклмлMклмлMхмлM▀лмлM▀лмлM┬млMKлмлMKлмлMB≥┬млMKлмлMKлмлMHмлNлмлNлмлNмлMклмлMклмлMб≥┬млMKлмлMKлмлMHмлNKлмлNKлмлNHмлNлмлNлмлN≥┬млNKлмлNKлмлNHмл▄лмл▄лмл▄млNлмлNлмлN≥┬мл▄клмл▄клмл▄хмл▄▀лмл▄▀лмл▄┬мл▄Kлмл▄Kлмл▄B≥┬мл▄Kлмл▄Kлмл▄Hмл█лмл█лмл█мл▄клмл▄клмл▄б≥┬мл▄Kлмл▄Kлмл▄Hмл█Kлмл█Kлмл█Hмл█лмл█лмл█≥┬мл█Kлмл█Kлмл█Hмл█▀лмл█▀лмл█┬мл█лмл█лмл█≥┬мл▌Kлмл▌Kлмл▌Hмл▌лмл▌лмл▌мл█клмл█клмл█б≥┬млллмлллмллмл▌Kлмл▌Kлмл▌Hмл█клмл█клмл█б≥┬млллмлллмллмл█клмл█клмл█хмллKлмллKлмллB≥┬млл▀лмлл▀лмлл┬млллмлллмллмллKлмллKлмллB≥┬млмKлмлмKлмлмHмлмлмлмлмлммллклмллклмллб≥┬млмKлмлмKлмлмHмллклмллклмллхмлм▀лмлм▀лмлм┌≥┬млмклмлмклмлмхмлмKлмлмKлмлмHмлм▀лмлм▀лмлм┌≥┬млм▀лмлм▀лмлм┬млнлмлнлмлнмлмклмлмклмлмб≥┬млнKлмлнKлмлнHмлмклмлмклмлмхмлнлмлнлмлн≥┬млнKлмлнKлмлнHмлнлмлнлмлнммлммлмм≥┬ммKлммKлммHмлнKлмлнKлмлнHммлммлмм≥┬ммлммлмммм▀лмм▀лмм┬ммKлммKлммB≥┬ммKлммKлммHммлммлммммклммклммб≥┬ммKлммKлммHммклммклммхмм▀лмм▀лмм┌≥┬ммклммклммхммKлммKлммHмм▀лмм▀лмм┌≥┬мм▀лмм▀лмм┬ммлммлммммклммклммб≥┬ммKлммKлммHммклммклммхммлммлмм≥┬ммKлммKлммHммлммлммммLлммLлммL≥┬ммLKлммLKлммLHммKлммKлммHммLлммLлммL≥┬ммLлммLлммLммL▀лммL▀лммL┬ммLKлммLKлммLB≥┬ммMKлммMKлммMHммMлммMлммMммLклммLклммLб≥┬ммLклммLклммLхммM▀лммM▀лммM┬ммMKлммMKлммMB≥┬ммM▀лммM▀лммM┬ммMклммMклммMхммMKлммMKлммMB≥┬ммM▀лммM▀лммM┬ммNлммNлммNммMклммMклммMб≥┬мм▄Kлмм▄Kлмм▄Hмм▄лмм▄лмм▄ммNKлммNKлммNB≥┬ммNKлммNKлммNHмм▄▀лмм▄▀лмм▄┬мм▄Kлмм▄Kлмм▄B≥┬мм▄▀лмм▄▀лмм▄┬мм▄клмм▄клмм▄хмм▄Kлмм▄Kлмм▄B≥┬мм▄▀лмм▄▀лмм▄┬мм█лмм█лмм█мм▄клмм▄клмм▄б≥┬мм█клмм█клмм█хмм█▀лмм█▀лмм█┬мм█Kлмм█Kлмм█B≥┬мм█Kлмм█Kлмм█Hмм▌лмм▌лмм▌мм█клмм█клмм█б≥┬мм▌лмм▌лмм▌мм▌Kлмм▌Kлмм▌Hмм█клмм█клмм█б≥┬мм▌лмм▌лмм▌ммллммллммлмм▌Kлмм▌Kлмм▌B≥┬ммлклммлклммлхммл▀лммл▀лммл┬ммлKлммлKлммлB≥┬ммлKлммлKлммлHмммлмммлмммммлклммлклммлб≥┬мммлмммлммммммKлмммKлмммHммлклммлклммлб≥┬мммлмммлмммммм▀лммм▀лммм┬мммKлмммKлмммB≥┬ммнKлммнKлммнHммнлммнлммнмммклмммклмммб≥┬мнлмнлмнммнKлммнKлммнHмммклмммклмммб≥┬мнклмнклмнхмн▀лмн▀лмн┬мнKлмнKлмнB≥┬мнлмнлмнмнклмнклмнхмнKлмнKлмнB≥┬мнклмнклмнхмн▀лмн▀лмн┬мнKлмнKлмнB≥┬мнлмнлмнмнклмнклмнхмнKлмнKлмнB≥┬мнLKлмнLKлмнLHмнLлмнLлмнLмнKлмнKлмнB≥┬мнL▀лмнL▀лмнL┬мнLKлмнLKлмнLHмнKлмнKлмнB≥┬мнMKлмнMKлмнMHмнMлмнMлмнMмнLклмнLклмнLб≥┬мнM▀лмнM▀лмнM┬мнMKлмнMKлмнMHмнLклмнLклмнLб≥┬мнNKлмнNKлмнNHмнNлмнNлмнNмнMклмнMклмнMб≥┬мнMклмнMклмнMхнлнлнмнNKлмнNKлмнNB≥┬мнMклмнMклмнMхнKлнKлнHнлнлн≥┬нKлнKлнHн▀лн▀лн┬нлнлн≥┬н▀лн▀лн┬нKлнKлнHнклнклнб≥┬нклнклнхнлнлнн▀лн▀лн┌≥┬нклнклнхнKлнKлнHнлнлн≥┬нKлнKлнHн▀лн▀лн┬нлнлн≥┬нKлнKлнHнлнлннклнклнб≥┬нLлнLлнLнKлнKлнHнклнклнб≥┬нLклнLклнLхнL▀лнL▀лнL┬нLKлнLKлнLB≥┬нLклнLклнLхнLKлнLKлнLHнMлнMлнM≥┬нMKлнMKлнMHнLклнLклнLхнMлнMлнM≥┬нMлнMлнMнM▀лнM▀лнM┬нMKлнMKлнMB≥┬нMклнMклнMхнMKлнMKлнMHнM▀лнM▀лнM┌≥┬нMклнMклнMхнM▀лнM▀лнM┬нNлнNлнN≥┬нNKлнNKлнNHнMклнMклнMхнNлнNлнN≥┬нNлнNлнNн▄лн▄лн▄нNKлнNKлнNB≥┬н▄клн▄клн▄хн▄▀лн▄▀лн▄┬н▄Kлн▄Kлн▄B≥┬н█лн█лн█н▄клн▄клн▄хн▄Kлн▄Kлн▄B≥┬н█клн█клн█хн█▀лн█▀лн█┬н█Kлн█Kлн█B≥┬н▌лн▌лн▌н█клн█клн█хн█Kлн█Kлн█B≥┬нлKлнлKлнлHнллнллнлн▌Kлн▌Kлн▌B≥┬нл▀лнл▀лнл┬нлKлнлKлнлHн▌Kлн▌Kлн▌B≥┬нл▀лнл▀лнл┬н▌Kлн▌Kлн▌Hнлклнлклнлб≥┬нлклнлклнлхнмлнмлнмнл▀лнл▀лнл┌≥┬нмлнмлнмнлклнлклнлхнмKлнмKлнмB≥┬нм▀лнм▀лнм┬нмлнмлнмнмKлнмKлнмB≥┬нм▀лнм▀лнм┬нмKлнмKлнмHнмклнмклнмб≥┬нмклнмклнмхннлннлнннм▀лнм▀лнм┌≥┬нKлнKлнHнлнлнннKлннKлннB≥┬н▀лн▀лн┬нKлнKлнHннKлннKлннB≥┬нKлнKлнHнлнлннклнклнб≥┬нклнклнхн▀лн▀лн┬нKлнKлнB≥┬н▀лн▀лн┬нклнклнхнKлнKлнB≥┬н▀лн▀лн┬нлнлннклнклнб≥┬нLKлнLKлнLHнLлнLлнLнKлнKлнB≥┬нL▀лнL▀лнL┬нLKлнLKлнLHнKлнKлнB≥┬нMKлнMKлнMHнMлнMлнMнLклнLклнLб≥┬нM▀лнM▀лнM┬нMKлнMKлнMHнLклнLклнLб≥┬нNKлнNKлнNHнNлнNлнNнMклнMклнMб≥┬н▄лн▄лн▄нNKлнNKлнNHнMклнMклнMб≥┬н▄клн▄клн▄хн▄▀лн▄▀лн▄┬н▄Kлн▄Kлн▄B≥┬н█лн█лн█н▄клн▄клн▄хн▄Kлн▄Kлн▄B≥┬н█клн█клн█хн█▀лн█▀лн█┬н█Kлн█Kлн█B≥┬н▌лн▌лн▌н█клн█клн█хн█Kлн█Kлн█B≥┬нлKлнлKлнлHнллнллнлн▌Kлн▌Kлн▌B≥┬нл▀лнл▀лнл┬нлKлнлKлнлHн▌Kлн▌Kлн▌B≥┬нмKлнмKлнмHнмлнмлнмнлклнлклнлб≥┬нм▀лнм▀лнм┬нмKлнмKлнмHнлклнлклнлб≥┬ннKлннKлннHннлннлнннмклнмклнмб≥┬нлнлнннKлннKлннHнмклнмклнмб≥┬нклнклнхн▀лн▀лн┬нKлнKлнB≥┬нлнлннклнклнхнKлнKлнB≥┬нклнклнхн▀лн▀лн┬нKлнKлнB≥┬нлнлннклнклнхнKлнKлнB≥┬нLKлнLKлнLHнLлнLлнLнKлнKлнB≥┬нL▀лнL▀лнL┬нLKлнLKлнLHнKлнKлнB≥┬нMKлнMKлнMHнMлнMлнMнLклнLклнLб≥┬нM▀лнM▀лнM┬нMKлнMKлнMHнLклнLклнLб≥┬нNKлнNKлнNHнNлнNлнNнMклнMклнMб≥┬нLлнLлнLнNKлнNKлнNHнMклнMклнMб≥┬нLклнLклнLхнL▀лнL▀лнL┬нLKлнLKлнLB≥┬нLлнLлнLнLклнLклнLхнLKлнLKлнLB≥┬нLклнLклнLхнL▀лнL▀лнL┬нLKлнLKлнLB≥┬нLлнLлнLнLклнLклнLхнLKлнLKлнLB≥┬нLLKлнLLKлнLLHнLLлнLLлнLLнLKлнLKлнLB≥┬нLL▀лнLL▀лнLL┬нLLKлнLLKлнLLHнLKлнLKлнLB≥┬нLMKлнLMKлнLMHнLMлнLMлнLMнLLклнLLклнLLб≥┬нLM▀лнLM▀лнLM┬нLMKлнLMKлнLMHнLLклнLLклнLLб≥┬нLNKлнLNKлнLNHнLNлнLNлнLNнLMклнLMклнLMб≥┬нL▄лнL▄лнL▄нLNKлнLNKлнLNHнLMклнLMклнLMб≥┬нL▄клнL▄клнL▄хнL▄▀лнL▄▀лнL▄┬нL▄KлнL▄KлнL▄B≥┬нL█лнL█лнL█нL▄клнL▄клнL▄хнL▄KлнL▄KлнL▄B≥┬нL█клнL█клнL█хнL█▀лнL█▀лнL█┬нL█KлнL█KлнL█B≥┬нL▌лнL▌лнL▌нL█клнL█клнL█хнL█KлнL█KлнL█B≥┬нLлKлнLлKлнLлHнLллнLллнLлнL▌KлнL▌KлнL▌B≥┬нLл▀лнLл▀лнLл┬нLлKлнLлKлнLлHнL▌KлнL▌KлнL▌B≥┬нLмKлнLмKлнLмHнLмлнLмлнLмнLлклнLлклнLлб≥┬нLм▀лнLм▀лнLм┬нLмKлнLмKлнLмHнLлклнLлклнLлб≥┬нLнKлнLнKлнLнHнLнлнLнлнLннLмклнLмклнLмб≥┬нMлнMлнMнLнKлнLнKлнLнHнLмклнLмклнLмб≥┬нMклнMклнMхнM▀лнM▀лнM┬нMKлнMKлнMB≥┬нMлнMлнMнMклнMклнMхнMKлнMKлнMB≥┬нMклнMклнMхнM▀лнM▀лнM┬нMKлнMKлнMB≥┬нMлнMлнMнMклнMклнMхнMKлнMKлнMB≥┬нMLKлнMLKлнMLHнMLлнMLлнMLнMKлнMKлнMB≥┬нML▀лнML▀лнML┬нMLKлнMLKлнMLHнMKлнMKлнMB≥┬нMMKлнMMKлнMMHнMMлнMMлнMMнMLклнMLклнMLб≥┬нMM▀лнMM▀лнMM┬нMMKлнMMKлнMMHнMLклнMLклнMLб≥┬нMNKлнMNKлнMNHнMNлнMNлнMNнMMклнMMклнMMб≥┬нM▄лнM▄лнM▄нMNKлнMNKлнMNHнMMклнMMклнMMб≥┬нM▄клнM▄клнM▄хнM▄▀лнM▄▀лнM▄┬нM▄KлнM▄KлнM▄B≥┬нM█лнM█лнM█нM▄клнM▄клнM▄хнM▄KлнM▄KлнM▄B≥┬нM█клнM█клнM█хнM█▀лнM█▀лнM█┬нM█KлнM█KлнM█B≥┬нM▌лнM▌лнM▌нM█клнM█клнM█хнM█KлнM█KлнM█B≥┬нMлKлнMлKлнMлHнMллнMллнMлнM▌KлнM▌KлнM▌B≥┬нMл▀лнMл▀лнMл┬нMлKлнMлKлнMлHнM▌KлнM▌KлнM▌B≥┬нMмлнMмлнMмнMлклнMлклнMлхнMл▀лнMл▀лнMл┌≥┬нMмKлнMмKлнMмHнMмлнMмлнMмнMл▀лнMл▀лнMл┌≥┬нMнлнMнлнMннMмклнMмклнMмхнMм▀лнMм▀лнMм┌≥┬нMнKлнMнKлнMнHнMнлнMнлнMннMм▀лнMм▀лнMм┌≥┬нN▀лнN▀лнN┬нNKлнNKлнNHнNлнNлнN≥┬нNклнNклнNхнN▀лнN▀лнN┬нNлнNлнN≥┬нN▀лнN▀лнN┬нNKлнNKлнNHнNлнNлнN≥┬нNклнNклнNхнN▀лнN▀лнN┬нNлнNлнN≥┬нNLлнNLлнNLнNKлнNKлнNHнNлнNлнN≥┬нNLKлнNLKлнNLHнNLлнNLлнNLнNлнNлнN≥┬нNMлнNMлнNMнNLклнNLклнNLхнNL▀лнNL▀лнNL┌≥┬нNMKлнNMKлнNMHнNMлнNMлнNMнNL▀лнNL▀лнNL┌≥┬нNNлнNNлнNNнNMклнNMклнNMхнNM▀лнNM▀лнNM┌≥┬нNNKлнNNKлнNNHнNNлнNNлнNNнNM▀лнNM▀лнNM┌≥┬▀м▀м┬KмKмHмм≥┬кмкмх▀м▀м┬мм≥┬▀м▀м┬KмKмHмм≥┬кмкмх▀м▀м┬мм≥┬LмLмLKмKмHмм≥┬LKмLKмLHLмLмLмм≥┬ммLкмLкмLхL▀мL▀мL┌≥┬LкмLкмLхMмMмML▀мL▀мL┌≥┬MкмMкмMхM▀мM▀мM┬MKмMKмMB≥┬NмNмNMкмMкмMхMKмMKмMB≥┬▄Kм▄Kм▄H▄м▄м▄NKмNKмNB≥┬▄▀м▄▀м▄┬▄Kм▄Kм▄HNKмNKмNB≥┬█Kм█Kм█H█м█м█▄км▄км▄б≥┬█▀м█▀м█┬█Kм█Kм█H▄км▄км▄б≥┬▌Kм▌Kм▌H▌м▌м▌█км█км█б≥┬лмлмл▌Kм▌Kм▌H█км█км█б≥┬лкмлкмлхл▀мл▀мл┬лKмлKмлB≥┬лKмлKмлHмммммлкмлкмлб≥┬лKмлKмлHмKммKммHммммм≥┬мKммKммHм▀мм▀мм┬ммммм≥┬нKмнKмнHнмнмнмкммкммб≥┬ммнKмнKмнHмкммкммб≥┬мммкммкммхKмKмB≥┬KмKмH▀м▀м┬мм≥┬▀м▀м┬KмKмHкмкмб≥┬мм▀м▀м┬кмкмб≥┬ммкмкмхKмKмB≥┬KмKмH▀м▀м┬мм≥┬KмKмHммкмкмб≥┬кмкмхLмLмLKмKмB≥┬кмкмхLKмLKмLHLмLмL≥┬LKмLKмLHL▀мL▀мL┬LмLмL≥┬MKмMKмMHMмMмMLкмLкмLб≥┬LкмLкмLхM▀мM▀мM┬MKмMKмMB≥┬LкмLкмLхMкмMкмMхM▀мM▀мM┌≥┬MкмMкмMхNмNмNM▀мM▀мM┌≥┬▄Kм▄Kм▄H▄м▄м▄NKмNKмNB≥┬NKмNKмNH▄▀м▄▀м▄┬▄Kм▄Kм▄B≥┬NKмNKмNH▄км▄км▄х▄▀м▄▀м▄┌≥┬▄км▄км▄х█м█м█▄▀м▄▀м▄┌≥┬█км█км█х█▀м█▀м█┬█Kм█Kм█B≥┬█Kм█Kм█H▌м▌м▌█км█км█б≥┬█Kм█Kм█H▌Kм▌Kм▌H▌м▌м▌≥┬▌Kм▌Kм▌Hлмлмл▌м▌м▌≥┬лкмлкмлхл▀мл▀мл┬лKмлKмлB≥┬мммммлкмлкмлхлKмлKмлB≥┬мммммлKмлKмлHмKммKммB≥┬м▀мм▀мм┬ммммммKммKммB≥┬нKмнKмнHнмнмнмкммкммб≥┬нKмнKмнHмкммкммхмм≥┬KмKмHнKмнKмнHмм≥┬мм▀м▀м┬KмKмB≥┬кмкмхKмKмH▀м▀м┌≥┬кмкмх▀м▀м┬мм≥┬KмKмHкмкмхмм≥┬мм▀м▀м┬KмKмB≥┬KмKмHммкмкмб≥┬KмKмHкмкмхLмLмL≥┬LKмLKмLHKмKмHLмLмL≥┬LмLмLL▀мL▀мL┬LKмLKмLB≥┬LкмLкмLхLKмLKмLHL▀мL▀мL┌≥┬LкмLкмLхL▀мL▀мL┬MмMмM≥┬MKмMKмMHLкмLкмLхMмMмM≥┬MмMмMM▀мM▀мM┬MKмMKмMB≥┬NKмNKмNHNмNмNMкмMкмMб≥┬MкмMкмMхLмLмLNKмNKмNB≥┬LмLмLLKмLKмLHNKмNKмNB≥┬LмLмLL▀мL▀мL┬LKмLKмLB≥┬LKмLKмLHLмLмLLкмLкмLб≥┬LкмLкмLхL▀мL▀мL┬LKмLKмLB≥┬L▀мL▀мL┬LкмLкмLхLKмLKмLB≥┬L▀мL▀мL┬LмLмLLкмLкмLб≥┬LLKмLLKмLLHLLмLLмLLLKмLKмLB≥┬LKмLKмLHLL▀мLL▀мLL┬LLKмLLKмLLB≥┬LL▀мLL▀мLL┬LLкмLLкмLLхLLKмLLKмLLB≥┬LL▀мLL▀мLL┬LMмLMмLMLLкмLLкмLLб≥┬LMкмLMкмLMхLM▀мLM▀мLM┬LMKмLMKмLMB≥┬LMKмLMKмLMHLNмLNмLNLMкмLMкмLMб≥┬LNмLNмLNLNKмLNKмLNHLMкмLMкмLMб≥┬LNмLNмLNL▄мL▄мL▄LNKмLNKмLNB≥┬L▄кмL▄кмL▄хL▄▀мL▄▀мL▄┬L▄KмL▄KмL▄B≥┬L█мL█мL█L▄кмL▄кмL▄хL▄KмL▄KмL▄B≥┬L█кмL█кмL█хL█▀мL█▀мL█┬L█KмL█KмL█B≥┬L▌мL▌мL▌L█кмL█кмL█хL█KмL█KмL█B≥┬LлKмLлKмLлHLлмLлмLлL▌KмL▌KмL▌B≥┬Lл▀мLл▀мLл┬LлKмLлKмLлHL▌KмL▌KмL▌B≥┬LмKмLмKмLмHLммLммLмLлкмLлкмLлб≥┬Lм▀мLм▀мLм┬LмKмLмKмLмHLлкмLлкмLлб≥┬LнKмLнKмLнHLнмLнмLнLмкмLмкмLмб≥┬MмMмMLнKмLнKмLнHLмкмLмкмLмб≥┬MкмMкмMхM▀мM▀мM┬MKмMKмMB≥┬MKмMKмMHMмMмMMкмMкмMб≥┬MKмMKмMHMKмMKмMHMмMмM≥┬MKмMKмMHM▀мM▀мM┬MмMмM≥┬M▀мM▀мM┬MKмMKмMHMкмMкмMб≥┬MкмMкмMхMмMмMM▀мM▀мM┌≥┬MкмMкмMхMKмMKмMHMмMмM≥┬MKмMKмMHMLмMLмMLMмMмM≥┬MLкмMLкмMLхML▀мML▀мML┬MLKмMLKмMLB≥┬MMмMMмMMMLкмMLкмMLхMLKмMLKмMLB≥┬MMкмMMкмMMхMM▀мMM▀мMM┬MMKмMMKмMMB≥┬MMкмMMкмMMхMMKмMMKмMMHMNмMNмMN≥┬MNKмMNKмMNHMMкмMMкмMMхMNмMNмMN≥┬MNмMNмMNM▄мM▄мM▄MNKмMNKмMNB≥┬M▄KмM▄KмM▄HMNKмMNKмMNHM▄мM▄мM▄≥┬M▄KмM▄KмM▄HM▄мM▄мM▄M▄▀мM▄▀мM▄┌≥┬M▄кмM▄кмM▄хM▄KмM▄KмM▄HM▄▀мM▄▀мM▄┌≥┬M▄▀мM▄▀мM▄┬M█мM█мM█M▄кмM▄кмM▄б≥┬M█кмM█кмM█хM█▀мM█▀мM█┬M█KмM█KмM█B≥┬M▌мM▌мM▌M█кмM█кмM█хM█KмM█KмM█B≥┬MлKмMлKмMлHMлмMлмMлM▌KмM▌KмM▌B≥┬Mл▀мMл▀мMл┬MлKмMлKмMлHM▌KмM▌KмM▌B≥┬MмKмMмKмMмHMммMммMмMлкмMлкмMлб≥┬Mм▀мMм▀мMм┬MмKмMмKмMмHMлкмMлкмMлб≥┬Mм▀мMм▀мMм┬MлкмMлкмMлхMмкмMмкмMмб≥┬MмкмMмкмMмхMнмMнмMнMм▀мMм▀мMм┌≥┬MнмMнмMнMмкмMмкмMмхMнKмMнKмMнB≥┬NмNмNMнмMнмMнMнKмMнKмMнB≥┬NмNмNMнKмMнKмMнHNKмNKмNB≥┬NKмNKмNHN▀мN▀мN┬NмNмN≥┬NKмNKмNHNмNмNNкмNкмNб≥┬N▀мN▀мN┬NKмNKмNHNкмNкмNб≥┬NKмNKмNHNмNмNNкмNкмNб≥┬NкмNкмNхNLмNLмNLNKмNKмNB≥┬NLмNLмNLNLKмNLKмNLHNKмNKмNB≥┬NLмNLмNLNL▀мNL▀мNL┬NLKмNLKмNLB≥┬NMKмNMKмNMHNMмNMмNMNLкмNLкмNLб≥┬NM▀мNM▀мNM┬NMKмNMKмNMHNLкмNLкмNLб≥┬NNKмNNKмNNHNNмNNмNNNMкмNMкмNMб≥┬▄м▄м▄NNKмNNKмNNHNMкмNMкмNMб≥┬▄км▄км▄х▄▀м▄▀м▄┬▄Kм▄Kм▄B≥┬▄м▄м▄▄км▄км▄х▄Kм▄Kм▄B≥┬▄км▄км▄х▄▀м▄▀м▄┬▄Kм▄Kм▄B≥┬▄м▄м▄▄км▄км▄х▄Kм▄Kм▄B≥┬▄LKм▄LKм▄LH▄Lм▄Lм▄L▄Kм▄Kм▄B≥┬▄L▀м▄L▀м▄L┬▄LKм▄LKм▄LH▄Kм▄Kм▄B≥┬▄MKм▄MKм▄MH▄Mм▄Mм▄M▄Lкм▄Lкм▄Lб≥┬▄M▀м▄M▀м▄M┬▄MKм▄MKм▄MH▄Lкм▄Lкм▄Lб≥┬▄NKм▄NKм▄NH▄Nм▄Nм▄N▄Mкм▄Mкм▄Mб≥┬▄▄м▄▄м▄▄▄NKм▄NKм▄NH▄Mкм▄Mкм▄Mб≥┬▄▄км▄▄км▄▄х▄▄▀м▄▄▀м▄▄┬▄▄Kм▄▄Kм▄▄B≥┬▄█м▄█м▄█▄▄км▄▄км▄▄х▄▄Kм▄▄Kм▄▄B≥┬▄█км▄█км▄█х▄█▀м▄█▀м▄█┬▄█Kм▄█Kм▄█B≥┬▄▌м▄▌м▄▌▄█км▄█км▄█х▄█Kм▄█Kм▄█B≥┬▄лKм▄лKм▄лH▄лм▄лм▄л▄▌Kм▄▌Kм▄▌B≥┬▄л▀м▄л▀м▄л┬▄лKм▄лKм▄лH▄▌Kм▄▌Kм▄▌B≥┬▄мKм▄мKм▄мH▄мм▄мм▄м▄лкм▄лкм▄лб≥┬▄м▀м▄м▀м▄м┬▄мKм▄мKм▄мH▄лкм▄лкм▄лб≥┬▄нKм▄нKм▄нH▄нм▄нм▄н▄мкм▄мкм▄мб≥┬█м█м█▄нKм▄нKм▄нH▄мкм▄мкм▄мб≥┬█км█км█х█▀м█▀м█┬█Kм█Kм█B≥┬█м█м██км█км█х█Kм█Kм█B≥┬█км█км█х█▀м█▀м█┬█Kм█Kм█B≥┬█м█м██км█км█х█Kм█Kм█B≥┬█LKм█LKм█LH█Lм█Lм█L█Kм█Kм█B≥┬█L▀м█L▀м█L┬█LKм█LKм█LH█Kм█Kм█B≥┬█MKм█MKм█MH█Mм█Mм█M█Lкм█Lкм█Lб≥┬█M▀м█M▀м█M┬█MKм█MKм█MH█Lкм█Lкм█Lб≥┬█NKм█NKм█NH█Nм█Nм█N█Mкм█Mкм█Mб≥┬█▄м█▄м█▄█NKм█NKм█NH█Mкм█Mкм█Mб≥┬█▄км█▄км█▄х█▄▀м█▄▀м█▄┬█▄Kм█▄Kм█▄B≥┬██м██м███▄км█▄км█▄х█▄Kм█▄Kм█▄B≥┬██км██км██х██▀м██▀м██┬██Kм██Kм██B≥┬█▌м█▌м█▌██км██км██х██Kм██Kм██B≥┬█лKм█лKм█лH█лм█лм█л█▌Kм█▌Kм█▌B≥┬█л▀м█л▀м█л┬█лKм█лKм█лH█▌Kм█▌Kм█▌B≥┬█мKм█мKм█мH█мм█мм█м█лкм█лкм█лб≥┬█м▀м█м▀м█м┬█мKм█мKм█мH█лкм█лкм█лб≥┬█нKм█нKм█нH█нм█нм█н█мкм█мкм█мб≥┬▌м▌м▌█нKм█нKм█нH█мкм█мкм█мб≥┬▌км▌км▌х▌▀м▌▀м▌┬▌Kм▌Kм▌B≥┬▌м▌м▌▌км▌км▌х▌Kм▌Kм▌B≥┬▌км▌км▌х▌▀м▌▀м▌┬▌Kм▌Kм▌B≥┬▌м▌м▌▌км▌км▌х▌Kм▌Kм▌B≥┬▌LKм▌LKм▌LH▌Lм▌Lм▌L▌Kм▌Kм▌B≥┬▌L▀м▌L▀м▌L┬▌LKм▌LKм▌LH▌Kм▌Kм▌B≥┬▌MKм▌MKм▌MH▌Mм▌Mм▌M▌Lкм▌Lкм▌Lб≥┬▌M▀м▌M▀м▌M┬▌MKм▌MKм▌MH▌Lкм▌Lкм▌Lб≥┬▌NKм▌NKм▌NH▌Nм▌Nм▌N▌Mкм▌Mкм▌Mб≥┬лмлмл▌NKм▌NKм▌NH▌Mкм▌Mкм▌Mб≥┬лкмлкмлхл▀мл▀мл┬лKмлKмлB≥┬лмлмллкмлкмлхлKмлKмлB≥┬лкмлкмлхл▀мл▀мл┬лKмлKмлB≥┬лмлмллкмлкмлхлKмлKмлB≥┬лLKмлLKмлLHлLмлLмлLлKмлKмлB≥┬лL▀млL▀млL┬лLKмлLKмлLHлKмлKмлB≥┬лMKмлMKмлMHлMмлMмлMлLкмлLкмлLб≥┬лM▀млM▀млM┬лMKмлMKмлMHлLкмлLкмлLб≥┬лNмлNмлNлMкмлMкмлMхлM▀млM▀млM┌≥┬лNKмлNKмлNHлNмлNмлNлM▀млM▀млM┌≥┬л▄▀мл▄▀мл▄┬л▄Kмл▄Kмл▄Hл▄мл▄мл▄≥┬л▄кмл▄кмл▄хл▄▀мл▄▀мл▄┬л▄мл▄мл▄≥┬л█▀мл█▀мл█┬л█Kмл█Kмл█Hл█мл█мл█≥┬л█кмл█кмл█хл█▀мл█▀мл█┬л█мл█мл█≥┬ллмллмллл▌Kмл▌Kмл▌Hл▌мл▌мл▌≥┬ллKмллKмллHллмллмллл▌мл▌мл▌≥┬лммлммлмллкмллкмллхлл▀млл▀млл┌≥┬лмKмлмKмлмHлммлммлмлл▀млл▀млл┌≥┬лнмлнмлнлмкмлмкмлмхлм▀млм▀млм┌≥┬лнKмлнKмлнHлнмлнмлнлм▀млм▀млм┌≥┬м▀мм▀мм┬мKммKммHммммм≥┬мкммкммхм▀мм▀мм┬ммммм≥┬м▀мм▀мм┬мKммKммHммммм≥┬мкммкммхм▀мм▀мм┬ммммм≥┬мLммLммLмKммKммHммммм≥┬мLKммLKммLHмLммLммLммммм≥┬мMммMммMмLкммLкммLхмL▀ммL▀ммL┌≥┬мMKммMKммMHмMммMммMмL▀ммL▀ммL┌≥┬мL▀ммL▀ммL┬мMкммMкммMхмM▀ммM▀ммM┌≥┬мMкммMкммMхмNммNммNмM▀ммM▀ммM┌≥┬м▄Kмм▄Kмм▄Hм▄мм▄мм▄мNKммNKммNB≥┬м▄▀мм▄▀мм▄┬м▄Kмм▄Kмм▄HмNKммNKммNB≥┬м█Kмм█Kмм█Hм█мм█мм█м▄кмм▄кмм▄б≥┬м█▀мм█▀мм█┬м█Kмм█Kмм█Hм▄кмм▄кмм▄б≥┬м▌Kмм▌Kмм▌Hм▌мм▌мм▌м█кмм█кмм█б≥┬млммлммлм▌Kмм▌Kмм▌Hм█кмм█кмм█б≥┬млкммлкммлхмл▀ммл▀ммл┬млKммлKммлB≥┬мммммммммлкммлкммлхмлKммлKммлB≥┬ммкмммкмммхмм▀ммм▀ммм┬ммKмммKмммB≥┬ммKмммKмммHмнммнммнммкмммкмммб≥┬ммKмммKмммHмнKммнKммнHмнммнммн≥┬мнKммнKммнHнмнмнмнммнммн≥┬нкмнкмнхн▀мн▀мн┬нKмнKмнB≥┬нмнмннкмнкмнхнKмнKмнB≥┬нмнмннKмнKмнHнKмнKмнB≥┬нKмнKмнHн▀мн▀мн┬нмнмн≥┬н▀мн▀мн┬нKмнKмнHнкмнкмнб≥┬нмнмнн▀мн▀мн┬нкмнкмнб≥┬нмнмннкмнкмнхнKмнKмнB≥┬нKмнKмнHнLмнLмнLнмнмн≥┬нLкмнLкмнLхнL▀мнL▀мнL┬нLKмнLKмнLB≥┬нLKмнLKмнLHнMмнMмнMнLкмнLкмнLб≥┬нLKмнLKмнLHнMKмнMKмнMHнMмнMмнM≥┬нMKмнMKмнMHнM▀мнM▀мнM┬нMмнMмнM≥┬нNKмнNKмнNHнNмнNмнNнMкмнMкмнMб≥┬нMкмнMкмнMхммнNKмнNKмнNB≥┬нMкмнMкмнMхKмKмHмм≥┬KмKмH▀м▀м┬мм≥┬KмKмHммкмкмб≥┬кмкмх▀м▀м┬KмKмB≥┬кмкмхкмкмх▀м▀м┌≥┬кмкмхмм▀м▀м┌≥┬LKмLKмLHLмLмLKмKмB≥┬KмKмHL▀мL▀мL┬LKмLKмLB≥┬KмKмHLкмLкмLхL▀мL▀мL┌≥┬LкмLкмLхMмMмML▀мL▀мL┌≥┬MкмMкмMхM▀мM▀мM┬MKмMKмMB≥┬NмNмNMкмMкмMхMKмMKмMB≥┬NмNмNMKмMKмMHNKмNKмNB≥┬▄м▄м▄NмNмNNKмNKмNB≥┬▄км▄км▄х▄▀м▄▀м▄┬▄Kм▄Kм▄B≥┬▄км▄км▄х▄Kм▄Kм▄H█м█м█≥┬█Kм█Kм█H▄км▄км▄х█м█м█≥┬█м█м██▀м█▀м█┬█Kм█Kм█B≥┬█км█км█х█Kм█Kм█H█▀м█▀м█┌≥┬█км█км█х█▀м█▀м█┬▌м▌м▌≥┬▌Kм▌Kм▌H█км█км█х▌м▌м▌≥┬▌м▌м▌лмлмл▌Kм▌Kм▌B≥┬лкмлкмлхл▀мл▀мл┬лKмлKмлB≥┬лкмлкмлхлKмлKмлHммммм≥┬мKммKммHлкмлкмлхммммм≥┬мммммм▀мм▀мм┬мKммKммB≥┬мкммкммхмKммKммHм▀мм▀мм┌≥┬мкммкммхм▀мм▀мм┬нмнмн≥┬нKмнKмнHмкммкммхнмнмн≥┬нмнмнммнKмнKмнB≥┬кмкмх▀м▀м┬KмKмB≥┬KмKмHммкмкмб≥┬ммKмKмHкмкмб≥┬мм▀м▀м┬KмKмB≥┬KмKмHммкмкмб≥┬кмкмхLмLмLKмKмB≥┬LмLмLLKмLKмLHKмKмB≥┬LмLмLL▀мL▀мL┬LKмLKмLB≥┬MKмMKмMHMмMмMLкмLкмLб≥┬LкмLкмLхM▀мM▀мM┬MKмMKмMB≥┬M▀мM▀мM┬MкмMкмMхMKмMKмMB≥┬M▀мM▀мM┬NмNмNMкмMкмMб≥┬▄Kм▄Kм▄H▄м▄м▄NKмNKмNB≥┬NKмNKмNH▄▀м▄▀м▄┬▄Kм▄Kм▄B≥┬▄▀м▄▀м▄┬▄км▄км▄х▄Kм▄Kм▄B≥┬▄▀м▄▀м▄┬█м█м█▄км▄км▄б≥┬█км█км█х█▀м█▀м█┬█Kм█Kм█B≥┬▌м▌м▌█км█км█х█Kм█Kм█B≥┬лKмлKмлHлмлмл▌Kм▌Kм▌B≥┬л▀мл▀мл┬лKмлKмлH▌Kм▌Kм▌B≥┬мKммKммHмммммлкмлкмлб≥┬м▀мм▀мм┬мKммKммHлкмлкмлб≥┬нKмнKмнHнмнмнмкммкммб≥┬ммнKмнKмнHмкммкммб≥┬кмкмх▀м▀м┬KмKмB≥┬ммкмкмхKмKмB≥┬кмкмх▀м▀м┬KмKмB≥┬KмKмHммкмкмб≥┬KмKмHKмKмHмм≥┬KмKмHLмLмLмм≥┬LмLмLKмKмHLKмLKмLB≥┬LKмLKмLHL▀мL▀мL┬LмLмL≥┬LKмLKмLHLкмLкмLхL▀мL▀мL┌≥┬LкмLкмLхMмMмML▀мL▀мL┌≥┬MкмMкмMхM▀мM▀мM┬MKмMKмMB≥┬NмNмNMкмMкмMхMKмMKмMB≥┬LKмLKмLHLмLмLNKмNKмNB≥┬LKмLKмLHNKмNKмNHL▀мL▀мL┌≥┬LкмLкмLхLKмLKмLHL▀мL▀мL┌≥┬L▀мL▀мL┬LмLмLLкмLкмLб≥┬LKмLKмLHLкмLкмLхLмLмL≥┬LKмLKмLHLмLмLL▀мL▀мL┌≥┬LкмLкмLхLKмLKмLHL▀мL▀мL┌≥┬L▀мL▀мL┬LмLмLLкмLкмLб≥┬LLKмLLKмLLHLLмLLмLLLKмLKмLB≥┬LL▀мLL▀мLL┬LLKмLLKмLLHLKмLKмLB≥┬LMKмLMKмLMHLMмLMмLMLLкмLLкмLLб≥┬LM▀мLM▀мLM┬LMKмLMKмLMHLLкмLLкмLLб≥┬LNKмLNKмLNHLNмLNмLNLMкмLMкмLMб≥┬L▄мL▄мL▄LNKмLNKмLNHLMкмLMкмLMб≥┬L▄мL▄мL▄LMкмLMкмLMхL▄KмL▄KмL▄B≥┬L▄KмL▄KмL▄HL▄▀мL▄▀мL▄┬L▄мL▄мL▄≥┬L▄▀мL▄▀мL▄┬L▄KмL▄KмL▄HL▄кмL▄кмL▄б≥┬L█мL█мL█L▄▀мL▄▀мL▄┬L▄кмL▄кмL▄б≥┬L█мL█мL█L▄кмL▄кмL▄хL█KмL█KмL█B≥┬L█KмL█KмL█HL█▀мL█▀мL█┬L█мL█мL█≥┬L▌KмL▌KмL▌HL▌мL▌мL▌L█кмL█кмL█б≥┬LлмLлмLлL▌KмL▌KмL▌HL█кмL█кмL█б≥┬LлкмLлкмLлхLл▀мLл▀мLл┬LлKмLлKмLлB≥┬LлKмLлKмLлHLммLммLмLлкмLлкмLлб≥┬LммLммLмLмKмLмKмLмHLлкмLлкмLлб≥┬LммLммLмLм▀мLм▀мLм┬LмKмLмKмLмB≥┬LнKмLнKмLнHLнмLнмLнLмкмLмкмLмб≥┬MмMмMLнKмLнKмLнHLмкмLмкмLмб≥┬MкмMкмMхM▀мM▀мM┬MKмMKмMB≥┬MмMмMMкмMкмMхMKмMKмMB≥┬MкмMкмMхM▀мM▀мM┬MKмMKмMB≥┬MмMмMMкмMкмMхMKмMKмMB≥┬MLKмMLKмMLHMLмMLмMLMKмMKмMB≥┬ML▀мML▀мML┬MLKмMLKмMLHMKмMKмMB≥┬MMKмMMKмMMHMMмMMмMMMLкмMLкмMLб≥┬MM▀мMM▀мMM┬MMKмMMKмMMHMLкмMLкмMLб≥┬MNKмMNKмMNHMNмMNмMNMMкмMMкмMMб≥┬M▄мM▄мM▄MNKмMNKмMNHMMкмMMкмMMб≥┬M▄кмM▄кмM▄хM▄▀мM▄▀мM▄┬M▄KмM▄KмM▄B≥┬M█мM█мM█M▄кмM▄кмM▄хM▄KмM▄KмM▄B≥┬M█кмM█кмM█хM█▀мM█▀мM█┬M█KмM█KмM█B≥┬M▌мM▌мM▌M█кмM█кмM█хM█KмM█KмM█B≥┬MлKмMлKмMлHMлмMлмMлM▌KмM▌KмM▌B≥┬Mл▀мMл▀мMл┬MлKмMлKмMлHM▌KмM▌KмM▌B≥┬MмKмMмKмMмHMммMммMмMлкмMлкмMлб≥┬Mм▀мMм▀мMм┬MмKмMмKмMмHMлкмMлкмMлб≥┬MнKмMнKмMнHMнмMнмMнMмкмMмкмMмб≥┬NмNмNMнKмMнKмMнHMмкмMмкмMмб≥┬NкмNкмNхN▀мN▀мN┬NKмNKмNB≥┬NмNмNNкмNкмNхNKмNKмNB≥┬NкмNкмNхN▀мN▀мN┬NKмNKмNB≥┬NмNмNNкмNкмNхNKмNKмNB≥┬NLKмNLKмNLHNLмNLмNLNKмNKмNB≥┬NL▀мNL▀мNL┬NLKмNLKмNLHNKмNKмNB≥┬NMKмNMKмNMHNMмNMмNMNLкмNLкмNLб≥┬NM▀мNM▀мNM┬NMKмNMKмNMHNLкмNLкмNLб≥┬NNKмNNKмNNHNNмNNмNNNMкмNMкмNMб≥┬▄м▄м▄NNKмNNKмNNHNMкмNMкмNMб≥┬▄км▄км▄х▄▀м▄▀м▄┬▄Kм▄Kм▄B≥┬▄м▄м▄▄км▄км▄х▄Kм▄Kм▄B≥┬▄км▄км▄х▄▀м▄▀м▄┬▄Kм▄Kм▄B≥┬▄м▄м▄▄км▄км▄х▄Kм▄Kм▄B≥┬▄LKм▄LKм▄LH▄Lм▄Lм▄L▄Kм▄Kм▄B≥┬▄L▀м▄L▀м▄L┬▄LKм▄LKм▄LH▄Kм▄Kм▄B≥┬▄MKм▄MKм▄MH▄Mм▄Mм▄M▄Lкм▄Lкм▄Lб≥┬▄M▀м▄M▀м▄M┬▄MKм▄MKм▄MH▄Lкм▄Lкм▄Lб≥┬▄NKм▄NKм▄NH▄Nм▄Nм▄N▄Mкм▄Mкм▄Mб≥┬▄▄м▄▄м▄▄▄NKм▄NKм▄NH▄Mкм▄Mкм▄Mб≥┬▄▄км▄▄км▄▄х▄▄▀м▄▄▀м▄▄┬▄▄Kм▄▄Kм▄▄B≥┬▄█м▄█м▄█▄▄км▄▄км▄▄х▄▄Kм▄▄Kм▄▄B≥┬▄█км▄█км▄█х▄█▀м▄█▀м▄█┬▄█Kм▄█Kм▄█B≥┬▄▌м▄▌м▄▌▄█км▄█км▄█х▄█Kм▄█Kм▄█B≥┬▄лKм▄лKм▄лH▄лм▄лм▄л▄▌Kм▄▌Kм▄▌B≥┬▄л▀м▄л▀м▄л┬▄лKм▄лKм▄лH▄▌Kм▄▌Kм▄▌B≥┬▄мKм▄мKм▄мH▄мм▄мм▄м▄лкм▄лкм▄лб≥┬▄м▀м▄м▀м▄м┬▄мKм▄мKм▄мH▄лкм▄лкм▄лб≥┬▄нKм▄нKм▄нH▄нм▄нм▄н▄мкм▄мкм▄мб≥┬█м█м█▄нKм▄нKм▄нH▄мкм▄мкм▄мб≥┬█км█км█х█▀м█▀м█┬█Kм█Kм█B≥┬█м█м██км█км█х█Kм█Kм█B≥┬█км█км█х█▀м█▀м█┬█Kм█Kм█B≥┬█м█м██км█км█х█Kм█Kм█B≥┬█LKм█LKм█LH█Lм█Lм█L█Kм█Kм█B≥┬█L▀м█L▀м█L┬█LKм█LKм█LH█Kм█Kм█B≥┬█MKм█MKм█MH█Mм█Mм█M█Lкм█Lкм█Lб≥┬█M▀м█M▀м█M┬█MKм█MKм█MH█Lкм█Lкм█Lб≥┬█NKм█NKм█NH█Nм█Nм█N█Mкм█Mкм█Mб≥┬█▄м█▄м█▄█NKм█NKм█NH█Mкм█Mкм█Mб≥┬█▄▀м█▄▀м█▄┬█▄Kм█▄Kм█▄H█▄м█▄м█▄≥┬█▄км█▄км█▄х█▄▀м█▄▀м█▄┬█▄м█▄м█▄≥┬██▀м██▀м██┬██Kм██Kм██H██м██м██≥┬██км██км██х██▀м██▀м██┬██м██м██≥┬█лм█лм█л█▌Kм█▌Kм█▌H█▌м█▌м█▌≥┬█лKм█лKм█лH█лм█лм█л█▌м█▌м█▌≥┬█мм█мм█м█лкм█лкм█лх█л▀м█л▀м█л┌≥┬█мKм█мKм█мH█мм█мм█м█л▀м█л▀м█л┌≥┬█нм█нм█н█мкм█мкм█мх█м▀м█м▀м█м┌≥┬█нKм█нKм█нH█нм█нм█н█м▀м█м▀м█м┌≥┬▌▀м▌▀м▌┬▌Kм▌Kм▌H▌м▌м▌≥┬▌км▌км▌х▌▀м▌▀м▌┬▌м▌м▌≥┬▌▀м▌▀м▌┬▌Kм▌Kм▌H▌м▌м▌≥┬▌км▌км▌х▌▀м▌▀м▌┬▌м▌м▌≥┬▌Lм▌Lм▌L▌Kм▌Kм▌H▌м▌м▌≥┬▌LKм▌LKм▌LH▌Lм▌Lм▌L▌м▌м▌≥┬▌Mм▌Mм▌M▌Lкм▌Lкм▌Lх▌L▀м▌L▀м▌L┌≥┬▌MKм▌MKм▌MH▌Mм▌Mм▌M▌L▀м▌L▀м▌L┌≥┬▌Nм▌Nм▌N▌Mкм▌Mкм▌Mх▌M▀м▌M▀м▌M┌≥┬▌NKм▌NKм▌NH▌Nм▌Nм▌N▌M▀м▌M▀м▌M┌≥┬▌M▀м▌M▀м▌M┬лKмлKмлHлмлмл≥┬лKмлKмлHл▀мл▀мл┬лмлмл≥┬лKмлKмлHлмлмллкмлкмлб≥┬л▀мл▀мл┬лKмлKмлHлкмлкмлб≥┬лKмлKмлHлмлмллкмлкмлб≥┬лLмлLмлLлKмлKмлHлкмлкмлб≥┬лLкмлLкмлLхлL▀млL▀млL┬лLKмлLKмлLB≥┬лMмлMмлMлLкмлLкмлLхлLKмлLKмлLB≥┬лMкмлMкмлMхлM▀млM▀млM┬лMKмлMKмлMB≥┬лNмлNмлNлMкмлMкмлMхлMKмлMKмлMB≥┬л▄Kмл▄Kмл▄Hл▄мл▄мл▄лNKмлNKмлNB≥┬лNKмлNKмлNHл▄▀мл▄▀мл▄┬л▄Kмл▄Kмл▄B≥┬лNKмлNKмлNHл▄кмл▄кмл▄хл▄▀мл▄▀мл▄┌≥┬л▄кмл▄кмл▄хл█мл█мл█л▄▀мл▄▀мл▄┌≥┬л█кмл█кмл█хл█▀мл█▀мл█┬л█Kмл█Kмл█B≥┬л▌мл▌мл▌л█кмл█кмл█хл█Kмл█Kмл█B≥┬л▌мл▌мл▌л█Kмл█Kмл█Hл▌Kмл▌Kмл▌B≥┬л▌Kмл▌Kмл▌Hллмллмллл▌мл▌мл▌≥┬ллмллмллл▌Kмл▌Kмл▌HллKмллKмллB≥┬лл▀млл▀млл┬ллмллмллллKмллKмллB≥┬лл▀млл▀млл┬ллKмллKмллHллкмллкмллб≥┬ллкмллкмллхлммлммлмлл▀млл▀млл┌≥┬лмкмлмкмлмхлм▀млм▀млм┬лмKмлмKмлмB≥┬лмKмлмKмлмHлнмлнмлнлмкмлмкмлмб≥┬лмKмлмKмлмHлнKмлнKмлнHлнмлнмлн≥┬лнKмлнKмлнHмммммлнмлнмлн≥┬мкммкммхм▀мм▀мм┬мKммKммB≥┬мKммKммHммммммкммкммб≥┬мKммKммHмKммKммHммммм≥┬мKммKммHм▀мм▀мм┬ммммм≥┬мKммKммHммммммкммкммб≥┬мкммкммхмLммLммLмKммKммB≥┬мкммкммхмLKммLKммLHмLммLммL≥┬мLKммLKммLHмL▀ммL▀ммL┬мLммLммL≥┬мMKммMKммMHмMммMммMмLкммLкммLб≥┬мLкммLкммLхмM▀ммM▀ммM┬мMKммMKммMB≥┬мLкммLкммLхмMкммMкммMхмM▀ммM▀ммM┌≥┬мMкммMкммMхмNммNммNмM▀ммM▀ммM┌≥┬м▄Kмм▄Kмм▄Hм▄мм▄мм▄мNKммNKммNB≥┬м▄▀мм▄▀мм▄┬м▄Kмм▄Kмм▄HмNKммNKммNB≥┬м▄▀мм▄▀мм▄┬мNKммNKммNHм▄кмм▄кмм▄б≥┬м█мм█мм█м▄▀мм▄▀мм▄┬м▄кмм▄кмм▄б≥┬м█кмм█кмм█хм█▀мм█▀мм█┬м█Kмм█Kмм█B≥┬м█кмм█кмм█хм█Kмм█Kмм█Hм▌мм▌мм▌≥┬м▌Kмм▌Kмм▌Hм█кмм█кмм█хм▌мм▌мм▌≥┬м▌мм▌мм▌млммлммлм▌Kмм▌Kмм▌B≥┬млKммлKммлHм▌Kмм▌Kмм▌Hмлммлммл≥┬млKммлKммлHмлммлммлмл▀ммл▀ммл┌≥┬млкммлкммлхмлKммлKммлHмл▀ммл▀ммл┌≥┬мл▀ммл▀ммл┬мммммммммлкммлкммлб≥┬ммкмммкмммхмм▀ммм▀ммм┬ммKмммKмммB≥┬ммкмммкмммхммKмммKмммHмнммнммн≥┬мнKммнKммнHммкмммкмммхмнммнммн≥┬мнммнммннмнмнмнKммнKммнB≥┬нKмнKмнHмнKммнKммнHнмнмн≥┬нKмнKмнHнмнмнн▀мн▀мн┌≥┬нкмнкмнхнKмнKмнHн▀мн▀мн┌≥┬н▀мн▀мн┬нмнмннкмнкмнб≥┬нкмнкмнхн▀мн▀мн┬нKмнKмнB≥┬нKмнKмнHнмнмннкмнкмнб≥┬нмнмннKмнKмнHнкмнкмнб≥┬нмнмннLмнLмнLнKмнKмнB≥┬нLкмнLкмнLхнL▀мнL▀мнL┬нLKмнLKмнLB≥┬нLKмнLKмнLHнMмнMмнMнLкмнLкмнLб≥┬нMмнMмнMнMKмнMKмнMHнLкмнLкмнLб≥┬нMмнMмнMнM▀мнM▀мнM┬нMKмнMKмнMB≥┬нNKмнNKмнNHнNмнNмнNнMкмнMкмнMб≥┬нMкмнMкмнMхммнNKмнNKмнNB≥┬ммKмKмHнNKмнNKмнNB≥┬мм▀м▀м┬KмKмB≥┬KмKмHммкмкмб≥┬кмкмх▀м▀м┬KмKмB≥┬▀м▀м┬кмкмхKмKмB≥┬▀м▀м┬ммкмкмб≥┬LKмLKмLHLмLмLKмKмB≥┬L▀мL▀мL┬LKмLKмLHKмKмB≥┬MKмMKмMHMмMмMLкмLкмLб≥┬M▀мM▀мM┬MKмMKмMHLкмLкмLб≥┬NKмNKмNHNмNмNMкмMкмMб≥┬▄м▄м▄NKмNKмNHMкмMкмMб≥┬▄км▄км▄х▄▀м▄▀м▄┬▄Kм▄Kм▄B≥┬█м█м█▄км▄км▄х▄Kм▄Kм▄B≥┬█км█км█х█▀м█▀м█┬█Kм█Kм█B≥┬▌м▌м▌█км█км█х█Kм█Kм█B≥┬лKмлKмлHлмлмл▌Kм▌Kм▌B≥┬▌Kм▌Kм▌Hл▀мл▀мл┬лKмлKмлB≥┬▌Kм▌Kм▌Hлкмлкмлхл▀мл▀мл┌≥┬лкмлкмлхмммммл▀мл▀мл┌≥┬мммммлкмлкмлхмKммKммB≥┬мKммKммHм▀мм▀мм┬ммммм≥┬мKммKммHмкммкммхм▀мм▀мм┌≥┬мкммкммхнмнмнм▀мм▀мм┌≥┬KмKмHммнKмнKмнB≥┬▀м▀м┬KмKмHнKмнKмнB≥┬KмKмHммкмкмб≥┬KмKмHкмкмх▀м▀м┌≥┬кмкмхKмKмH▀м▀м┌≥┬▀м▀м┬ммкмкмб≥┬KмKмHкмкмхмм≥┬KмKмHммLмLмL≥┬LKмLKмLHKмKмHLмLмL≥┬LмLмLL▀мL▀мL┬LKмLKмLB≥┬MKмMKмMHMмMмMLкмLкмLб≥┬M▀мM▀мM┬MKмMKмMHLкмLкмLб≥┬NKмNKмNHNмNмNMкмMкмMб≥┬▄м▄м▄NKмNKмNHMкмMкмMб≥┬▄км▄км▄х▄▀м▄▀м▄┬▄Kм▄Kм▄B≥┬█м█м█▄км▄км▄х▄Kм▄Kм▄B≥┬█м█м█▄Kм▄Kм▄H█Kм█Kм█B≥┬█Kм█Kм█H█▀м█▀м█┬█м█м█≥┬█▀м█▀м█┬█Kм█Kм█H█км█км█б≥┬▌м▌м▌█▀м█▀м█┬█км█км█б≥┬▌м▌м▌█км█км█х▌Kм▌Kм▌B≥┬▌Kм▌Kм▌Hлмлмл▌м▌м▌≥┬лкмлкмлхл▀мл▀мл┬лKмлKмлB≥┬мммммлкмлкмлхлKмлKмлB≥┬мкммкммхм▀мм▀мм┬мKммKммB≥┬мKммKммHнмнмнмкммкммб≥┬нмнмннKмнKмнHмкммкммб≥┬нмнмнммнKмнKмнB≥┬кмкмх▀м▀м┬KмKмB≥┬ммкмкмхKмKмB≥┬кмкмх▀м▀м┬KмKмB≥┬ммкмкмхKмKмB≥┬LKмLKмLHLмLмLKмKмB≥┬L▀мL▀мL┬LKмLKмLHKмKмB≥┬MKмMKмMHMмMмMLкмLкмLб≥┬M▀мM▀мM┬MKмMKмMHLкмLкмLб≥┬NKмNKмNHNмNмNMкмMкмMб≥┬LмLмLNKмNKмNHMкмMкмMб≥┬LкмLкмLхL▀мL▀мL┬LKмLKмLB≥┬LмLмLLкмLкмLхLKмLKмLB≥┬LкмLкмLхL▀мL▀мL┬LKмLKмLB≥┬LмLмLLкмLкмLхLKмLKмLB≥┬LLKмLLKмLLHLLмLLмLLLKмLKмLB≥┬LL▀мLL▀мLL┬LLKмLLKмLLHLKмLKмLB≥┬LMKмLMKмLMHLMмLMмLMLLкмLLкмLLб≥┬LM▀мLM▀мLM┬LMKмLMKмLMHLLкмLLкмLLб≥┬LNKмLNKмLNHLNмLNмLNLMкмLMкмLMб≥┬L▄мL▄мL▄LNKмLNKмLNHLMкмLMкмLMб≥┬L▄кмL▄кмL▄хL▄▀мL▄▀мL▄┬L▄KмL▄KмL▄B≥┬L█мL█мL█L▄кмL▄кмL▄хL▄KмL▄KмL▄B≥┬L█кмL█кмL█хL█▀мL█▀мL█┬L█KмL█KмL█B≥┬L▌мL▌мL▌L█кмL█кмL█хL█KмL█KмL█B≥┬LлKмLлKмLлHLлмLлмLлL▌KмL▌KмL▌B≥┬Lл▀мLл▀мLл┬LлKмLлKмLлHL▌KмL▌KмL▌B≥┬LмKмLмKмLмHLммLммLмLлкмLлкмLлб≥┬Lм▀мLм▀мLм┬LмKмLмKмLмHLлкмLлкмLлб≥┬LнKмLнKмLнHLнмLнмLнLмкмLмкмLмб≥┬MмMмMLнKмLнKмLнHLмкмLмкмLмб≥┬MкмMкмMхM▀мM▀мM┬MKмMKмMB≥┬MмMмMMкмMкмMхMKмMKмMB≥┬MкмMкмMхM▀мM▀мM┬MKмMKмMB≥┬MмMмMMкмMкмMхMKмMKмMB≥┬MLKмMLKмMLHMLмMLмMLMKмMKмMB≥┬ML▀мML▀мML┬MLKмMLKмMLHMKмMKмMB≥┬MMKмMMKмMMHMMмMMмMMMLкмMLкмMLб≥┬MM▀мMM▀мMM┬MMKмMMKмMMHMLкмMLкмMLб≥┬MNKмMNKмMNHMNмMNмMNMMкмMMкмMMб≥┬M▄мM▄мM▄MNKмMNKмMNHMMкмMMкмMMб≥┬M▄кмM▄кмM▄хM▄▀мM▄▀мM▄┬M▄KмM▄KмM▄B≥┬M█мM█мM█M▄кмM▄кмM▄хM▄KмM▄KмM▄B≥┬M█кмM█кмM█хM█▀мM█▀мM█┬M█KмM█KмM█B≥┬M▌мM▌мM▌M█кмM█кмM█хM█KмM█KмM█B≥┬MлKмMлKмMлHMлмMлмMлM▌KмM▌KмM▌B≥┬Mл▀мMл▀мMл┬MлKмMлKмMлHM▌KмM▌KмM▌B≥┬MмKмMмKмMмHMммMммMмMлкмMлкмMлб≥┬Mм▀мMм▀мMм┬MмKмMмKмMмHMлкмMлкмMлб≥┬MнKмMнKмMнHMнмMнмMнMмкмMмкмMмб≥┬NмNмNMнKмMнKмMнHMмкмMмкмMмб≥┬NкмNкмNхN▀мN▀мN┬NKмNKмNB≥┬NмNмNNкмNкмNхNKмNKмNB≥┬NкмNкмNхN▀мN▀мN┬NKмNKмNB≥┬NмNмNNкмNкмNхNKмNKмNB≥┬NLKмNLKмNLHNLмNLмNLNKмNKмNB≥┬NL▀мNL▀мNL┬NLKмNLKмNLHNKмNKмNB≥┬NMKмNMKмNMHNMмNMмNMNLкмNLкмNLб≥┬NM▀мNM▀мNM┬NMKмNMKмNMHNLкмNLкмNLб≥┬NNKмNNKмNNHNNмNNмNNNMкмNMкмNMб≥┬LмLмLNNKмNNKмNNHNMкмNMкмNMб≥┬LкмLкмLхL▀мL▀мL┬LKмLKмLB≥┬LмLмLLкмLкмLхLKмLKмLB≥┬L▀мL▀мL┬LKмLKмLHLмLмL≥┬LкмLкмLхL▀мL▀мL┬LмLмL≥┬LLмLLмLLLKмLKмLHLмLмL≥┬LLKмLLKмLLHLLмLLмLLLмLмL≥┬LMмLMмLMLLкмLLкмLLхLL▀мLL▀мLL┌≥┬LMKмLMKмLMHLMмLMмLMLL▀мLL▀мLL┌≥┬LNмLNмLNLMкмLMкмLMхLM▀мLM▀мLM┌≥┬LNKмLNKмLNHLNмLNмLNLM▀мLM▀мLM┌≥┬L▄▀мL▄▀мL▄┬L▄KмL▄KмL▄HL▄мL▄мL▄≥┬L▄кмL▄кмL▄хL▄▀мL▄▀мL▄┬L▄мL▄мL▄≥┬L█▀мL█▀мL█┬L█KмL█KмL█HL█мL█мL█≥┬L█кмL█кмL█хL█▀мL█▀мL█┬L█мL█мL█≥┬LлмLлмLлL▌KмL▌KмL▌HL▌мL▌мL▌≥┬LлKмLлKмLлHLлмLлмLлL▌мL▌мL▌≥┬LммLммLмLлкмLлкмLлхLл▀мLл▀мLл┌≥┬LмKмLмKмLмHLммLммLмLл▀мLл▀мLл┌≥┬LнмLнмLнLмкмLмкмLмхLм▀мLм▀мLм┌≥┬LнKмLнKмLнHLнмLнмLнLм▀мLм▀мLм┌≥┬L▀мL▀мL┬LKмLKмLHLмLмL≥┬LкмLкмLхL▀мL▀мL┬LмLмL≥┬LмLмLLKмLKмLHLмLмL≥┬LKмLKмLHL▀мL▀мL┬LмLмL≥┬LKмLKмLHLмLмLLкмLкмLб≥┬LLмLLмLLLKмLKмLHLкмLкмLб≥┬LLкмLLкмLLхLL▀мLL▀мLL┬LLKмLLKмLLB≥┬LMмLMмLMLLкмLLкмLLхLLKмLLKмLLB≥┬LMкмLMкмLMхLM▀мLM▀мLM┬LMKмLMKмLMB≥┬LNмLNмLNLMкмLMкмLMхLMKмLMKмLMB≥┬L▄KмL▄KмL▄HL▄мL▄мL▄LNKмLNKмLNB≥┬L▄▀мL▄▀мL▄┬L▄KмL▄KмL▄HLNKмLNKмLNB≥┬L█KмL█KмL█HL█мL█мL█L▄кмL▄кмL▄б≥┬L▄кмL▄кмL▄хL█▀мL█▀мL█┬L█KмL█KмL█B≥┬L▄кмL▄кмL▄хL█кмL█кмL█хL█▀мL█▀мL█┌≥┬L█кмL█кмL█хL▌мL▌мL▌L█▀мL█▀мL█┌≥┬LлKмLлKмLлHLлмLлмLлL▌KмL▌KмL▌B≥┬Lл▀мLл▀мLл┬LлKмLлKмLлHL▌KмL▌KмL▌B≥┬Lл▀мLл▀мLл┬L▌KмL▌KмL▌HLлкмLлкмLлб≥┬LлкмLлкмLлхLммLммLмLл▀мLл▀мLл┌≥┬LммLммLмLлкмLлкмLлхLмKмLмKмLмB≥┬Lм▀мLм▀мLм┬LммLммLмLмKмLмKмLмB≥┬Lм▀мLм▀мLм┬LмKмLмKмLмHLмкмLмкмLмб≥┬LмкмLмкмLмхLнмLнмLнLм▀мLм▀мLм┌≥┬LKмLKмLHLмLмLLнKмLнKмLнB≥┬LнKмLнKмLнHL▀мL▀мL┬LKмLKмLB≥┬LнKмLнKмLнHLкмLкмLхL▀мL▀мL┌≥┬LкмLкмLхLмLмLL▀мL▀мL┌≥┬LкмLкмLхL▀мL▀мL┬LKмLKмLB≥┬LKмLKмLHLмLмLLкмLкмLб≥┬LKмLKмLHLKмLKмLHLмLмL≥┬LKмLKмLHLLмLLмLLLмLмL≥┬LLкмLLкмLLхLL▀мLL▀мLL┬LLKмLLKмLLB≥┬LLKмLLKмLLHLMмLMмLMLLкмLLкмLLб≥┬LLKмLLKмLLHLMKмLMKмLMHLMмLMмLM≥┬LMKмLMKмLMHLM▀мLM▀мLM┬LMмLMмLM≥┬LNKмLNKмLNHLNмLNмLNLMкмLMкмLMб≥┬LMкмLMкмLMхLLмLLмLLLNKмLNKмLNB≥┬LMкмLMкмLMхLLKмLLKмLLHLLмLLмLL≥┬LLKмLLKмLLHLL▀мLL▀мLL┬LLмLLмLL≥┬LLKмLLKмLLHLLмLLмLLLLкмLLкмLLб≥┬LL▀мLL▀мLL┬LLKмLLKмLLHLLкмLLкмLLб≥┬LL▀мLL▀мLL┬LLкмLLкмLLхLLкмLLкмLLб≥┬LLмLLмLLLL▀мLL▀мLL┬LLкмLLкмLLб≥┬LLLKмLLLKмLLLHLLLмLLLмLLLLLKмLLKмLLB≥┬LLLKмLLLKмLLLHLLKмLLKмLLHLLL▀мLLL▀мLLL┌≥┬LLLкмLLLкмLLLхLLLKмLLLKмLLLHLLL▀мLLL▀мLLL┌≥┬LLL▀мLLL▀мLLL┬LLMмLLMмLLMLLLкмLLLкмLLLб≥┬LLMKмLLMKмLLMHLLLкмLLLкмLLLхLLMмLLMмLLM≥┬LLMKмLLMKмLLMHLLMмLLMмLLMLLM▀мLLM▀мLLM┌≥┬LLMкмLLMкмLLMхLLMKмLLMKмLLMHLLM▀мLLM▀мLLM┌≥┬LLM▀мLLM▀мLLM┬LLNмLLNмLLNLLMкмLLMкмLLMб≥┬LL▄KмLL▄KмLL▄HLL▄мLL▄мLL▄LLNKмLLNKмLLNB≥┬LL▄KмLL▄KмLL▄HLLNKмLLNKмLLNHLL▄▀мLL▄▀мLL▄┌≥┬LL▄кмLL▄кмLL▄хLL▄KмLL▄KмLL▄HLL▄▀мLL▄▀мLL▄┌≥┬LL▄▀мLL▄▀мLL▄┬LL█мLL█мLL█LL▄кмLL▄кмLL▄б≥┬LL█KмLL█KмLL█HLL▄кмLL▄кмLL▄хLL█мLL█мLL█≥┬LL█KмLL█KмLL█HLL█мLL█мLL█LL█▀мLL█▀мLL█┌≥┬LL█кмLL█кмLL█хLL█KмLL█KмLL█HLL█▀мLL█▀мLL█┌≥┬LL█▀мLL█▀мLL█┬LL▌мLL▌мLL▌LL█кмLL█кмLL█б≥┬LLлKмLLлKмLLлHLLлмLLлмLLлLL▌KмLL▌KмLL▌B≥┬LL▌KмLL▌KмLL▌HLLл▀мLLл▀мLLл┬LLлKмLLлKмLLлB≥┬LLл▀мLLл▀мLLл┬LLлкмLLлкмLLлхLLлKмLLлKмLLлB≥┬LLл▀мLLл▀мLLл┬LLммLLммLLмLLлкмLLлкмLLлб≥┬LLмкмLLмкмLLмхLLм▀мLLм▀мLLм┬LLмKмLLмKмLLмB≥┬LLмKмLLмKмLLмHLLнмLLнмLLнLLмкмLLмкмLLмб≥┬LLнмLLнмLLнLLнKмLLнKмLLнHLLмкмLLмкмLLмб≥┬LLнмLLнмLLнLMмLMмLMLLнKмLLнKмLLнB≥┬LMкмLMкмLMхLM▀мLM▀мLM┬LMKмLMKмLMB≥┬LMKмLMKмLMHLMмLMмLMLMкмLMкмLMб≥┬LMмLMмLMLMKмLMKмLMHLMкмLMкмLMб≥┬LMмLMмLMLM▀мLM▀мLM┬LMKмLMKмLMB≥┬LMKмLMKмLMHLMмLMмLMLMкмLMкмLMб≥┬LMкмLMкмLMхLMLмLMLмLMLLMKмLMKмLMB≥┬LMLмLMLмLMLLMLKмLMLKмLMLHLMKмLMKмLMB≥┬LMLмLMLмLMLLML▀мLML▀мLML┬LMLKмLMLKмLMLB≥┬LMMKмLMMKмLMMHLMMмLMMмLMMLMLкмLMLкмLMLб≥┬LMM▀мLMM▀мLMM┬LMMKмLMMKмLMMHLMLкмLMLкмLMLб≥┬LMNKмLMNKмLMNHLMNмLMNмLMNLMMкмLMMкмLMMб≥┬LM▄мLM▄мLM▄LMNKмLMNKмLMNHLMMкмLMMкмLMMб≥┬LM▄кмLM▄кмLM▄хLM▄▀мLM▄▀мLM▄┬LM▄KмLM▄KмLM▄B≥┬LM█мLM█мLM█LM▄кмLM▄кмLM▄хLM▄KмLM▄KмLM▄B≥┬LM█кмLM█кмLM█хLM█▀мLM█▀мLM█┬LM█KмLM█KмLM█B≥┬LM▌мLM▌мLM▌LM█кмLM█кмLM█хLM█KмLM█KмLM█B≥┬LMлKмLMлKмLMлHLMлмLMлмLMлLM▌KмLM▌KмLM▌B≥┬LMл▀мLMл▀мLMл┬LMлKмLMлKмLMлHLM▌KмLM▌KмLM▌B≥┬LMмKмLMмKмLMмHLMммLMммLMмLMлкмLMлкмLMлб≥┬LMлкмLMлкмLMлхLMм▀мLMм▀мLMм┬LMмKмLMмKмLMмB≥┬LMлкмLMлкмLMлхLMмкмLMмкмLMмхLMм▀мLMм▀мLMм┌≥┬LMмкмLMмкмLMмхLMнмLMнмLMнLMм▀мLMм▀мLMм┌≥┬LMнмLMнмLMнLMмкмLMмкмLMмхLMнKмLMнKмLMнB≥┬LMнKмLMнKмLMнHLNмLNмLNLMнмLMнмLMн≥┬LMнKмLMнKмLMнHLNKмLNKмLNHLNмLNмLN≥┬LNKмLNKмLNHLN▀мLN▀мLN┬LNмLNмLN≥┬LNKмLNKмLNHLNмLNмLNLNкмLNкмLNб≥┬LN▀мLN▀мLN┬LNKмLNKмLNHLNкмLNкмLNб≥┬LNKмLNKмLNHLNмLNмLNLNкмLNкмLNб≥┬LNKмLNKмLNHLNкмLNкмLNхLNLмLNLмLNL≥┬LNLKмLNLKмLNLHLNKмLNKмLNHLNLмLNLмLNL≥┬LNLмLNLмLNLLNL▀мLNL▀мLNL┬LNLKмLNLKмLNLB≥┬LNLкмLNLкмLNLхLNLKмLNLKмLNLHLNL▀мLNL▀мLNL┌≥┬LNLкмLNLкмLNLхLNL▀мLNL▀мLNL┬LNMмLNMмLNM≥┬LNMKмLNMKмLNMHLNLкмLNLкмLNLхLNMмLNMмLNM≥┬LNMмLNMмLNMLNM▀мLNM▀мLNM┬LNMKмLNMKмLNMB≥┬LNNKмLNNKмLNNHLNNмLNNмLNNLNMкмLNMкмLNMб≥┬L▄мL▄мL▄LNNKмLNNKмLNNHLNMкмLNMкмLNMб≥┬L▄кмL▄кмL▄хL▄▀мL▄▀мL▄┬L▄KмL▄KмL▄B≥┬L▄мL▄мL▄L▄кмL▄кмL▄хL▄KмL▄KмL▄B≥┬L▄кмL▄кмL▄хL▄▀мL▄▀мL▄┬L▄KмL▄KмL▄B≥┬L▄мL▄мL▄L▄кмL▄кмL▄хL▄KмL▄KмL▄B≥┬L▄мL▄мL▄L▄KмL▄KмL▄HL▄KмL▄KмL▄B≥┬L▄KмL▄KмL▄HL▄LмL▄LмL▄LL▄мL▄мL▄≥┬L▄LмL▄LмL▄LL▄KмL▄KмL▄HL▄LKмL▄LKмL▄LB≥┬L▄L▀мL▄L▀мL▄L┬L▄LмL▄LмL▄LL▄LKмL▄LKмL▄LB≥┬L▄L▀мL▄L▀мL▄L┬L▄LKмL▄LKмL▄LHL▄LкмL▄LкмL▄Lб≥┬L▄LкмL▄LкмL▄LхL▄MмL▄MмL▄ML▄L▀мL▄L▀мL▄L┌≥┬L▄MкмL▄MкмL▄MхL▄M▀мL▄M▀мL▄M┬L▄MKмL▄MKмL▄MB≥┬L▄NмL▄NмL▄NL▄MкмL▄MкмL▄MхL▄MKмL▄MKмL▄MB≥┬L▄▄KмL▄▄KмL▄▄HL▄▄мL▄▄мL▄▄L▄NKмL▄NKмL▄NB≥┬L▄NKмL▄NKмL▄NHL▄▄▀мL▄▄▀мL▄▄┬L▄▄KмL▄▄KмL▄▄B≥┬L▄▄▀мL▄▄▀мL▄▄┬L▄▄кмL▄▄кмL▄▄хL▄▄KмL▄▄KмL▄▄B≥┬L▄▄▀мL▄▄▀мL▄▄┬L▄█мL▄█мL▄█L▄▄кмL▄▄кмL▄▄б≥┬L▄█кмL▄█кмL▄█хL▄█▀мL▄█▀мL▄█┬L▄█KмL▄█KмL▄█B≥┬L▄▌мL▄▌мL▄▌L▄█кмL▄█кмL▄█хL▄█KмL▄█KмL▄█B≥┬L▄лKмL▄лKмL▄лHL▄лмL▄лмL▄лL▄▌KмL▄▌KмL▄▌B≥┬L▄л▀мL▄л▀мL▄л┬L▄лKмL▄лKмL▄лHL▄▌KмL▄▌KмL▄▌B≥┬L▄мKмL▄мKмL▄мHL▄ммL▄ммL▄мL▄лкмL▄лкмL▄лб≥┬L▄м▀мL▄м▀мL▄м┬L▄мKмL▄мKмL▄мHL▄лкмL▄лкмL▄лб≥┬L▄нKмL▄нKмL▄нHL▄нмL▄нмL▄нL▄мкмL▄мкмL▄мб≥┬L█мL█мL█L▄нKмL▄нKмL▄нHL▄мкмL▄мкмL▄мб≥┬L█кмL█кмL█хL█▀мL█▀мL█┬L█KмL█KмL█B≥┬L█мL█мL█L█кмL█кмL█хL█KмL█KмL█B≥┬L█кмL█кмL█хL█▀мL█▀мL█┬L█KмL█KмL█B≥┬L█мL█мL█L█кмL█кмL█хL█KмL█KмL█B≥┬L█LKмL█LKмL█LHL█LмL█LмL█LL█KмL█KмL█B≥┬L█L▀мL█L▀мL█L┬L█LKмL█LKмL█LHL█KмL█KмL█B≥┬L█MKмL█MKмL█MHL█MмL█MмL█ML█LкмL█LкмL█Lб≥┬L█M▀мL█M▀мL█M┬L█MKмL█MKмL█MHL█LкмL█LкмL█Lб≥┬L█NKмL█NKмL█NHL█NмL█NмL█NL█MкмL█MкмL█Mб≥┬L█▄мL█▄мL█▄L█NKмL█NKмL█NHL█MкмL█MкмL█Mб≥┬L█▄кмL█▄кмL█▄хL█▄▀мL█▄▀мL█▄┬L█▄KмL█▄KмL█▄B≥┬L██мL██мL██L█▄кмL█▄кмL█▄хL█▄KмL█▄KмL█▄B≥┬L██кмL██кмL██хL██▀мL██▀мL██┬L██KмL██KмL██B≥┬L█▌мL█▌мL█▌L██кмL██кмL██хL██KмL██KмL██B≥┬L█лKмL█лKмL█лHL█лмL█лмL█лL█▌KмL█▌KмL█▌B≥┬L█л▀мL█л▀мL█л┬L█лKмL█лKмL█лHL█▌KмL█▌KмL█▌B≥┬L█мKмL█мKмL█мHL█ммL█ммL█мL█лкмL█лкмL█лб≥┬L█м▀мL█м▀мL█м┬L█мKмL█мKмL█мHL█лкмL█лкмL█лб≥┬L█нKмL█нKмL█нHL█нмL█нмL█нL█мкмL█мкмL█мб≥┬L▌мL▌мL▌L█нKмL█нKмL█нHL█мкмL█мкмL█мб≥┬L▌кмL▌кмL▌хL▌▀мL▌▀мL▌┬L▌KмL▌KмL▌B≥┬L▌мL▌мL▌L▌кмL▌кмL▌хL▌KмL▌KмL▌B≥┬L▌кмL▌кмL▌хL▌▀мL▌▀мL▌┬L▌KмL▌KмL▌B≥┬L▌мL▌мL▌L▌кмL▌кмL▌хL▌KмL▌KмL▌B≥┬L▌LKмL▌LKмL▌LHL▌LмL▌LмL▌LL▌KмL▌KмL▌B≥┬L▌L▀мL▌L▀мL▌L┬L▌LKмL▌LKмL▌LHL▌KмL▌KмL▌B≥┬L▌MKмL▌MKмL▌MHL▌MмL▌MмL▌ML▌LкмL▌LкмL▌Lб≥┬L▌M▀мL▌M▀мL▌M┬L▌MKмL▌MKмL▌MHL▌LкмL▌LкмL▌Lб≥┬L▌NKмL▌NKмL▌NHL▌NмL▌NмL▌NL▌MкмL▌MкмL▌Mб≥┬LлмLлмLлL▌NKмL▌NKмL▌NHL▌MкмL▌MкмL▌Mб≥┬LлкмLлкмLлхLл▀мLл▀мLл┬LлKмLлKмLлB≥┬LлмLлмLлLлкмLлкмLлхLлKмLлKмLлB≥┬LлкмLлкмLлхLл▀мLл▀мLл┬LлKмLлKмLлB≥┬LлмLлмLлLлкмLлкмLлхLлKмLлKмLлB≥┬LлLKмLлLKмLлLHLлLмLлLмLлLLлKмLлKмLлB≥┬LлL▀мLлL▀мLлL┬LлLKмLлLKмLлLHLлKмLлKмLлB≥┬LлMKмLлMKмLлMHLлMмLлMмLлMLлLкмLлLкмLлLб≥┬LлM▀мLлM▀мLлM┬LлMKмLлMKмLлMHLлLкмLлLкмLлLб≥┬LлNKмLлNKмLлNHLлNмLлNмLлNLлMкмLлMкмLлMб≥┬Lл▄мLл▄мLл▄LлNKмLлNKмLлNHLлMкмLлMкмLлMб≥┬Lл▄кмLл▄кмLл▄хLл▄▀мLл▄▀мLл▄┬Lл▄KмLл▄KмLл▄B≥┬Lл█мLл█мLл█Lл▄кмLл▄кмLл▄хLл▄KмLл▄KмLл▄B≥┬Lл█кмLл█кмLл█хLл█▀мLл█▀мLл█┬Lл█KмLл█KмLл█B≥┬Lл▌мLл▌мLл▌Lл█кмLл█кмLл█хLл█KмLл█KмLл█B≥┬LллKмLллKмLллHLллмLллмLллLл▌KмLл▌KмLл▌B≥┬Lлл▀мLлл▀мLлл┬LллKмLллKмLллHLл▌KмLл▌KмLл▌B≥┬LлмKмLлмKмLлмHLлммLлммLлмLллкмLллкмLллб≥┬Lлм▀мLлм▀мLлм┬LлмKмLлмKмLлмHLллкмLллкмLллб≥┬LлнKмLлнKмLлнHLлнмLлнмLлнLлмкмLлмкмLлмб≥┬LммLммLмLлнKмLлнKмLлнHLлмкмLлмкмLлмб≥┬LмкмLмкмLмхLм▀мLм▀мLм┬LмKмLмKмLмB≥┬LммLммLмLмкмLмкмLмхLмKмLмKмLмB≥┬LмкмLмкмLмхLм▀мLм▀мLм┬LмKмLмKмLмB≥┬LммLммLмLмкмLмкмLмхLмKмLмKмLмB≥┬LмLмLмLмLмLLмKмLмKмLмHLммLммLм≥┬LмLKмLмLKмLмLHLмLмLмLмLмLLммLммLм≥┬LмMмLмMмLмMLмLкмLмLкмLмLхLмL▀мLмL▀мLмL┌≥┬LмMKмLмMKмLмMHLмMмLмMмLмMLмL▀мLмL▀мLмL┌≥┬LмNмLмNмLмNLмMкмLмMкмLмMхLмM▀мLмM▀мLмM┌≥┬LмNKмLмNKмLмNHLмNмLмNмLмNLмM▀мLмM▀мLмM┌≥┬Lм▄▀мLм▄▀мLм▄┬Lм▄KмLм▄KмLм▄HLм▄мLм▄мLм▄≥┬Lм▄кмLм▄кмLм▄хLм▄▀мLм▄▀мLм▄┬Lм▄мLм▄мLм▄≥┬Lм█▀мLм█▀мLм█┬Lм█KмLм█KмLм█HLм█мLм█мLм█≥┬Lм█кмLм█кмLм█хLм█▀мLм█▀мLм█┬Lм█мLм█мLм█≥┬LмлмLмлмLмлLм▌KмLм▌KмLм▌HLм▌мLм▌мLм▌≥┬LмлKмLмлKмLмлHLмлмLмлмLмлLм▌мLм▌мLм▌≥┬LмммLмммLммLмлкмLмлкмLмлхLмл▀мLмл▀мLмл┌≥┬LммKмLммKмLммHLмммLмммLммLмл▀мLмл▀мLмл┌≥┬LмнмLмнмLмнLммкмLммкмLммхLмм▀мLмм▀мLмм┌≥┬LмнKмLмнKмLмнHLмнмLмнмLмнLмм▀мLмм▀мLмм┌≥┬Lн▀мLн▀мLн┬LнKмLнKмLнHLнмLнмLн≥┬LнкмLнкмLнхLн▀мLн▀мLн┬LнмLнмLн≥┬Lн▀мLн▀мLн┬LнKмLнKмLнHLнмLнмLн≥┬LнкмLнкмLнхLн▀мLн▀мLн┬LнмLнмLн≥┬LнмLнмLнLнKмLнKмLнHLнмLнмLн≥┬LнKмLнKмLнHLнLмLнLмLнLLнмLнмLн≥┬LнLкмLнLкмLнLхLнL▀мLнL▀мLнL┬LнLKмLнLKмLнLB≥┬LнMмLнMмLнMLнLкмLнLкмLнLхLнLKмLнLKмLнLB≥┬LнMкмLнMкмLнMхLнM▀мLнM▀мLнM┬LнMKмLнMKмLнMB≥┬LнNмLнNмLнNLнMкмLнMкмLнMхLнMKмLнMKмLнMB≥┬MKмMKмMHMмMмMLнNKмLнNKмLнNB≥┬M▀мM▀мM┬MKмMKмMHLнNKмLнNKмLнNB≥┬MKмMKмMHMмMмMMкмMкмMб≥┬M▀мM▀мM┬MKмMKмMHMкмMкмMб≥┬MKмMKмMHMмMмMMкмMкмMб≥┬MкмMкмMхMLмMLмMLMKмMKмMB≥┬MкмMкмMхMLKмMLKмMLHMLмMLмML≥┬MLKмMLKмMLHML▀мML▀мML┬MLмMLмML≥┬MMKмMMKмMMHMMмMMмMMMLкмMLкмMLб≥┬MM▀мMM▀мMM┬MMKмMMKмMMHMLкмMLкмMLб≥┬MM▀мMM▀мMM┬MLкмMLкмMLхMMкмMMкмMMб≥┬MMкмMMкмMMхMNмMNмMNMM▀мMM▀мMM┌≥┬MNмMNмMNMMкмMMкмMMхMNKмMNKмMNB≥┬M▄мM▄мM▄MNмMNмMNMNKмMNKмMNB≥┬M▄мM▄мM▄MNKмMNKмMNHM▄KмM▄KмM▄B≥┬M▄KмM▄KмM▄HM▄▀мM▄▀мM▄┬M▄мM▄мM▄≥┬M█KмM█KмM█HM█мM█мM█M▄кмM▄кмM▄б≥┬M▄кмM▄кмM▄хM█▀мM█▀мM█┬M█KмM█KмM█B≥┬M▄кмM▄кмM▄хM█кмM█кмM█хM█▀мM█▀мM█┌≥┬M█кмM█кмM█хM▌мM▌мM▌M█▀мM█▀мM█┌≥┬MлKмMлKмMлHMлмMлмMлM▌KмM▌KмM▌B≥┬M▌KмM▌KмM▌HMл▀мMл▀мMл┬MлKмMлKмMлB≥┬M▌KмM▌KмM▌HMлкмMлкмMлхMл▀мMл▀мMл┌≥┬MлкмMлкмMлхMммMммMмMл▀мMл▀мMл┌≥┬MмкмMмкмMмхMм▀мMм▀мMм┬MмKмMмKмMмB≥┬MмKмMмKмMмHMнмMнмMнMмкмMмкмMмб≥┬MмKмMмKмMмHMнKмMнKмMнHMнмMнмMн≥┬MнKмMнKмMнHMмMмMMнмMнмMн≥┬MкмMкмMхM▀мM▀мM┬MKмMKмMB≥┬MKмMKмMHMмMмMMкмMкмMб≥┬MKмMKмMHMKмMKмMHMмMмM≥┬MKмMKмMHM▀мM▀мM┬MмMмM≥┬MKмMKмMHMмMмMMкмMкмMб≥┬MLмMLмMLMKмMKмMHMкмMкмMб≥┬MLмMLмMLMкмMкмMхMLKмMLKмMLB≥┬ML▀мML▀мML┬MLмMLмMLMLKмMLKмMLB≥┬MMKмMMKмMMHMMмMMмMMMLкмMLкмMLб≥┬MMKмMMKмMMHMLкмMLкмMLхMM▀мMM▀мMM┌≥┬MMкмMMкмMMхMMKмMMKмMMHMM▀мMM▀мMM┌≥┬MM▀мMM▀мMM┬MNмMNмMNMMкмMMкмMMб≥┬MNKмMNKмMNHMMкмMMкмMMхMNмMNмMN≥┬MNKмMNKмMNHMNмMNмMNM▄мM▄мM▄≥┬M▄KмM▄KмM▄HMNKмMNKмMNHM▄мM▄мM▄≥┬M▄мM▄мM▄M▄▀мM▄▀мM▄┬M▄KмM▄KмM▄B≥┬M█KмM█KмM█HM█мM█мM█M▄кмM▄кмM▄б≥┬M█KмM█KмM█HM▄кмM▄кмM▄хM█▀мM█▀мM█┌≥┬M█кмM█кмM█хM█KмM█KмM█HM█▀мM█▀мM█┌≥┬M█▀мM█▀мM█┬M▌мM▌мM▌M█кмM█кмM█б≥┬M▌KмM▌KмM▌HM█кмM█кмM█хM▌мM▌мM▌≥┬M▌KмM▌KмM▌HM▌мM▌мM▌MлмMлмMл≥┬MлKмMлKмMлHM▌KмM▌KмM▌HMлмMлмMл≥┬MлмMлмMлMл▀мMл▀мMл┬MлKмMлKмMлB≥┬MмKмMмKмMмHMммMммMмMлкмMлкмMлб≥┬MлкмMлкмMлхMм▀мMм▀мMм┬MмKмMмKмMмB≥┬Mм▀мMм▀мMм┬MмкмMмкмMмхMмKмMмKмMмB≥┬Mм▀мMм▀мMм┬MнмMнмMнMмкмMмкмMмб≥┬MKмMKмMHMмMмMMнKмMнKмMнB≥┬MнKмMнKмMнHM▀мM▀мM┬MKмMKмMB≥┬M▀мM▀мM┬MкмMкмMхMKмMKмMB≥┬M▀мM▀мM┬MмMмMMкмMкмMб≥┬MкмMкмMхM▀мM▀мM┬MKмMKмMB≥┬MKмMKмMHMмMмMMкмMкмMб≥┬MмMмMMKмMKмMHMкмMкмMб≥┬MмMмMMLмMLмMLMKмMKмMB≥┬MLкмMLкмMLхML▀мML▀мML┬MLKмMLKмMLB≥┬MLKмMLKмMLHMMмMMмMMMLкмMLкмMLб≥┬MMмMMмMMMMKмMMKмMMHMLкмMLкмMLб≥┬MMмMMмMMMM▀мMM▀мMM┬MMKмMMKмMMB≥┬MNKмMNKмMNHMNмMNмMNMMкмMMкмMMб≥┬MLмMLмMLMNKмMNKмMNHMMкмMMкмMMб≥┬MLкмMLкмMLхML▀мML▀мML┬MLKмMLKмMLB≥┬MLмMLмMLMLкмMLкмMLхMLKмMLKмMLB≥┬MLкмMLкмMLхML▀мML▀мML┬MLKмMLKмMLB≥┬MLмMLмMLMLкмMLкмMLхMLKмMLKмMLB≥┬MLLKмMLLKмMLLHMLLмMLLмMLLMLKмMLKмMLB≥┬MLL▀мMLL▀мMLL┬MLLKмMLLKмMLLHMLKмMLKмMLB≥┬MLMKмMLMKмMLMHMLMмMLMмMLMMLLкмMLLкмMLLб≥┬MLM▀мMLM▀мMLM┬MLMKмMLMKмMLMHMLLкмMLLкмMLLб≥┬MLNKмMLNKмMLNHMLNмMLNмMLNMLMкмMLMкмMLMб≥┬MLMкмMLMкмMLMхML▄мML▄мML▄MLNKмMLNKмMLNB≥┬MLMкмMLMкмMLMхML▄KмML▄KмML▄HML▄мML▄мML▄≥┬ML▄KмML▄KмML▄HML▄▀мML▄▀мML▄┬ML▄мML▄мML▄≥┬ML▄▀мML▄▀мML▄┬ML▄KмML▄KмML▄HML▄кмML▄кмML▄б≥┬ML▄кмML▄кмML▄хML█мML█мML█ML▄▀мML▄▀мML▄┌≥┬ML▄кмML▄кмML▄хML█KмML█KмML█HML█мML█мML█≥┬ML█KмML█KмML█HML█▀мML█▀мML█┬ML█мML█мML█≥┬ML▌KмML▌KмML▌HML▌мML▌мML▌ML█кмML█кмML█б≥┬MLлмMLлмMLлML▌KмML▌KмML▌HML█кмML█кмML█б≥┬MLлкмMLлкмMLлхMLл▀мMLл▀мMLл┬MLлKмMLлKмMLлB≥┬MLлкмMLлкмMLлхMLлKмMLлKмMLлHMLммMLммMLм≥┬MLмKмMLмKмMLмHMLлкмMLлкмMLлхMLммMLммMLм≥┬MLммMLммMLмMLм▀мMLм▀мMLм┬MLмKмMLмKмMLмB≥┬MLмкмMLмкмMLмхMLмKмMLмKмMLмHMLм▀мMLм▀мMLм┌≥┬MLмкмMLмкмMLмхMLм▀мMLм▀мMLм┬MLнмMLнмMLн≥┬MLнKмMLнKмMLнHMLмкмMLмкмMLмхMLнмMLнмMLн≥┬MLнмMLнмMLнMMмMMмMMMLнKмMLнKмMLнB≥┬MMкмMMкмMMхMM▀мMM▀мMM┬MMKмMMKмMMB≥┬MMмMMмMMMMкмMMкмMMхMMKмMMKмMMB≥┬MMкмMMкмMMхMM▀мMM▀мMM┬MMKмMMKмMMB≥┬MMмMMмMMMMкмMMкмMMхMMKмMMKмMMB≥┬MMLKмMMLKмMMLHMMLмMMLмMMLMMKмMMKмMMB≥┬MML▀мMML▀мMML┬MMLKмMMLKмMMLHMMKмMMKмMMB≥┬MML▀мMML▀мMML┬MMKмMMKмMMHMMLкмMMLкмMMLб≥┬MMLкмMMLкмMMLхMMMмMMMмMMMMML▀мMML▀мMML┌≥┬MMMмMMMмMMMMMLкмMMLкмMMLхMMMKмMMMKмMMMB≥┬MMM▀мMMM▀мMMM┬MMMмMMMмMMMMMMKмMMMKмMMMB≥┬MMM▀мMMM▀мMMM┬MMMKмMMMKмMMMHMMMкмMMMкмMMMб≥┬MMMкмMMMкмMMMхMMNмMMNмMMNMMM▀мMMM▀мMMM┌≥┬MM▄KмMM▄KмMM▄HMM▄мMM▄мMM▄MMNKмMMNKмMMNB≥┬MM▄▀мMM▄▀мMM▄┬MM▄KмMM▄KмMM▄HMMNKмMMNKмMMNB≥┬MM█KмMM█KмMM█HMM█мMM█мMM█MM▄кмMM▄кмMM▄б≥┬MM▄кмMM▄кмMM▄хMM█▀мMM█▀мMM█┬MM█KмMM█KмMM█B≥┬MM█▀мMM█▀мMM█┬MM█кмMM█кмMM█хMM█KмMM█KмMM█B≥┬MM█▀мMM█▀мMM█┬MM▌мMM▌мMM▌MM█кмMM█кмMM█б≥┬MMлKмMMлKмMMлHMMлмMMлмMMлMM▌KмMM▌KмMM▌B≥┬MMл▀мMMл▀мMMл┬MMлKмMMлKмMMлHMM▌KмMM▌KмMM▌B≥┬MMмKмMMмKмMMмHMMммMMммMMмMMлкмMMлкмMMлб≥┬MMм▀мMMм▀мMMм┬MMмKмMMмKмMMмHMMлкмMMлкмMMлб≥┬MMнKмMMнKмMMнHMMнмMMнмMMнMMмкмMMмкмMMмб≥┬MNмMNмMNMMнKмMMнKмMMнHMMмкмMMмкмMMмб≥┬MNкмMNкмMNхMN▀мMN▀мMN┬MNKмMNKмMNB≥┬MNмMNмMNMNкмMNкмMNхMNKмMNKмMNB≥┬MNкмMNкмMNхMN▀мMN▀мMN┬MNKмMNKмMNB≥┬MNмMNмMNMNкмMNкмMNхMNKмMNKмMNB≥┬MNLKмMNLKмMNLHMNLмMNLмMNLMNKмMNKмMNB≥┬MNL▀мMNL▀мMNL┬MNLKмMNLKмMNLHMNKмMNKмMNB≥┬MNMKмMNMKмMNMHMNMмMNMмMNMMNLкмMNLкмMNLб≥┬MNM▀мMNM▀мMNM┬MNMKмMNMKмMNMHMNLкмMNLкмMNLб≥┬MNNKмMNNKмMNNHMNNмMNNмMNNMNMкмMNMкмMNMб≥┬M▄мM▄мM▄MNNKмMNNKмMNNHMNMкмMNMкмMNMб≥┬M▄кмM▄кмM▄хM▄▀мM▄▀мM▄┬M▄KмM▄KмM▄B≥┬M▄мM▄мM▄M▄кмM▄кмM▄хM▄KмM▄KмM▄B≥┬M▄кмM▄кмM▄хM▄▀мM▄▀мM▄┬M▄KмM▄KмM▄B≥┬M▄мM▄мM▄M▄кмM▄кмM▄хM▄KмM▄KмM▄B≥┬M▄LKмM▄LKмM▄LHM▄LмM▄LмM▄LM▄KмM▄KмM▄B≥┬M▄L▀мM▄L▀мM▄L┬M▄LKмM▄LKмM▄LHM▄KмM▄KмM▄B≥┬M▄MKмM▄MKмM▄MHM▄MмM▄MмM▄MM▄LкмM▄LкмM▄Lб≥┬M▄M▀мM▄M▀мM▄M┬M▄MKмM▄MKмM▄MHM▄LкмM▄LкмM▄Lб≥┬M▄NKмM▄NKмM▄NHM▄NмM▄NмM▄NM▄MкмM▄MкмM▄Mб≥┬M▄▄мM▄▄мM▄▄M▄NKмM▄NKмM▄NHM▄MкмM▄MкмM▄Mб≥┬M▄▄кмM▄▄кмM▄▄хM▄▄▀мM▄▄▀мM▄▄┬M▄▄KмM▄▄KмM▄▄B≥┬M▄█мM▄█мM▄█M▄▄кмM▄▄кмM▄▄хM▄▄KмM▄▄KмM▄▄B≥┬M▄█кмM▄█кмM▄█хM▄█▀мM▄█▀мM▄█┬M▄█KмM▄█KмM▄█B≥┬M▄▌мM▄▌мM▄▌M▄█кмM▄█кмM▄█хM▄█KмM▄█KмM▄█B≥┬M▄лKмM▄лKмM▄лHM▄лмM▄лмM▄лM▄▌KмM▄▌KмM▄▌B≥┬M▄л▀мM▄л▀мM▄л┬M▄лKмM▄лKмM▄лHM▄▌KмM▄▌KмM▄▌B≥┬M▄мKмM▄мKмM▄мHM▄ммM▄ммM▄мM▄лкмM▄лкмM▄лб≥┬M▄м▀мM▄м▀мM▄м┬M▄мKмM▄мKмM▄мHM▄лкмM▄лкмM▄лб≥┬M▄нKмM▄нKмM▄нHM▄нмM▄нмM▄нM▄мкмM▄мкмM▄мб≥┬M█мM█мM█M▄нKмM▄нKмM▄нHM▄мкмM▄мкмM▄мб≥┬M█кмM█кмM█хM█▀мM█▀мM█┬M█KмM█KмM█B≥┬M█мM█мM█M█кмM█кмM█хM█KмM█KмM█B≥┬M█кмM█кмM█хM█▀мM█▀мM█┬M█KмM█KмM█B≥┬M█мM█мM█M█кмM█кмM█хM█KмM█KмM█B≥┬M█LKмM█LKмM█LHM█LмM█LмM█LM█KмM█KмM█B≥┬M█L▀мM█L▀мM█L┬M█LKмM█LKмM█LHM█KмM█KмM█B≥┬M█MKмM█MKмM█MHM█MмM█MмM█MM█LкмM█LкмM█Lб≥┬M█M▀мM█M▀мM█M┬M█MKмM█MKмM█MHM█LкмM█LкмM█Lб≥┬M█NKмM█NKмM█NHM█NмM█NмM█NM█MкмM█MкмM█Mб≥┬M█▄мM█▄мM█▄M█NKмM█NKмM█NHM█MкмM█MкмM█Mб≥┬M█▄кмM█▄кмM█▄хM█▄▀мM█▄▀мM█▄┬M█▄KмM█▄KмM█▄B≥┬M██мM██мM██M█▄кмM█▄кмM█▄хM█▄KмM█▄KмM█▄B≥┬M██кмM██кмM██хM██▀мM██▀мM██┬M██KмM██KмM██B≥┬M█▌мM█▌мM█▌M██кмM██кмM██хM██KмM██KмM██B≥┬M█лKмM█лKмM█лHM█лмM█лмM█лM█▌KмM█▌KмM█▌B≥┬M█л▀мM█л▀мM█л┬M█лKмM█лKмM█лHM█▌KмM█▌KмM█▌B≥┬M█мKмM█мKмM█мHM█ммM█ммM█мM█лкмM█лкмM█лб≥┬M█м▀мM█м▀мM█м┬M█мKмM█мKмM█мHM█лкмM█лкмM█лб≥┬M█нKмM█нKмM█нHM█нмM█нмM█нM█мкмM█мкмM█мб≥┬M▌мM▌мM▌M█нKмM█нKмM█нHM█мкмM█мкмM█мб≥┬M▌кмM▌кмM▌хM▌▀мM▌▀мM▌┬M▌KмM▌KмM▌B≥┬M▌мM▌мM▌M▌кмM▌кмM▌хM▌KмM▌KмM▌B≥┬M▌кмM▌кмM▌хM▌▀мM▌▀мM▌┬M▌KмM▌KмM▌B≥┬M▌мM▌мM▌M▌кмM▌кмM▌хM▌KмM▌KмM▌B≥┬M▌LKмM▌LKмM▌LHM▌LмM▌LмM▌LM▌KмM▌KмM▌B≥┬M▌L▀мM▌L▀мM▌L┬M▌LKмM▌LKмM▌LHM▌KмM▌KмM▌B≥┬M▌MмM▌MмM▌MM▌LкмM▌LкмM▌LхM▌L▀мM▌L▀мM▌L┌≥┬M▌MKмM▌MKмM▌MHM▌MмM▌MмM▌MM▌L▀мM▌L▀мM▌L┌≥┬M▌NмM▌NмM▌NM▌MкмM▌MкмM▌MхM▌M▀мM▌M▀мM▌M┌≥┬M▌NKмM▌NKмM▌NHM▌NмM▌NмM▌NM▌M▀мM▌M▀мM▌M┌≥┬Mл▀мMл▀мMл┬MлKмMлKмMлHMлмMлмMл≥┬MлкмMлкмMлхMл▀мMл▀мMл┬MлмMлмMл≥┬Mл▀мMл▀мMл┬MлKмMлKмMлHMлмMлмMл≥┬MлкмMлкмMлхMл▀мMл▀мMл┬MлмMлмMл≥┬MлLмMлLмMлLMлKмMлKмMлHMлмMлмMл≥┬MлLKмMлLKмMлLHMлLмMлLмMлLMлмMлмMл≥┬MлMмMлMмMлMMлLкмMлLкмMлLхMлL▀мMлL▀мMлL┌≥┬MлMKмMлMKмMлMHMлMмMлMмMлMMлL▀мMлL▀мMлL┌≥┬MлNмMлNмMлNMлMкмMлMкмMлMхMлM▀мMлM▀мMлM┌≥┬MлNKмMлNKмMлNHMлNмMлNмMлNMлM▀мMлM▀мMлM┌≥┬Mл▄▀мMл▄▀мMл▄┬Mл▄KмMл▄KмMл▄HMл▄мMл▄мMл▄≥┬Mл▄кмMл▄кмMл▄хMл▄▀мMл▄▀мMл▄┬Mл▄мMл▄мMл▄≥┬Mл█▀мMл█▀мMл█┬Mл█KмMл█KмMл█HMл█мMл█мMл█≥┬Mл█кмMл█кмMл█хMл█▀мMл█▀мMл█┬Mл█мMл█мMл█≥┬MллмMллмMллMл▌KмMл▌KмMл▌HMл▌мMл▌мMл▌≥┬MллKмMллKмMллHMллмMллмMллMл▌мMл▌мMл▌≥┬Mл▌мMл▌мMл▌MллкмMллкмMллхMлл▀мMлл▀мMлл┌≥┬MллкмMллкмMллхMлммMлммMлмMлл▀мMлл▀мMлл┌≥┬MлмкмMлмкмMлмхMлм▀мMлм▀мMлм┬MлмKмMлмKмMлмB≥┬MлнмMлнмMлнMлмкмMлмкмMлмхMлмKмMлмKмMлмB≥┬MмKмMмKмMмHMммMммMмMлнKмMлнKмMлнB≥┬Mм▀мMм▀мMм┬MмKмMмKмMмHMлнKмMлнKмMлнB≥┬MмKмMмKмMмHMммMммMмMмкмMмкмMмб≥┬Mм▀мMм▀мMм┬MмKмMмKмMмHMмкмMмкмMмб≥┬MмKмMмKмMмHMммMммMмMмкмMмкмMмб≥┬MмLмMмLмMмLMмKмMмKмMмHMмкмMмкмMмб≥┬MмLкмMмLкмMмLхMмL▀мMмL▀мMмL┬MмLKмMмLKмMмLB≥┬MмLKмMмLKмMмLHMмMмMмMмMмMMмLкмMмLкмMмLб≥┬MмLKмMмLKмMмLHMмMKмMмMKмMмMHMмMмMмMмMмM≥┬MмMKмMмMKмMмMHMмM▀мMмM▀мMмM┬MмMмMмMмMмM≥┬MмNKмMмNKмMмNHMмNмMмNмMмNMмMкмMмMкмMмMб≥┬Mм▄мMм▄мMм▄MмNKмMмNKмMмNHMмMкмMмMкмMмMб≥┬Mм▄мMм▄мMм▄MмMкмMмMкмMмMхMм▄KмMм▄KмMм▄B≥┬Mм▄KмMм▄KмMм▄HMм▄▀мMм▄▀мMм▄┬Mм▄мMм▄мMм▄≥┬Mм▄▀мMм▄▀мMм▄┬Mм▄KмMм▄KмMм▄HMм▄кмMм▄кмMм▄б≥┬Mм█мMм█мMм█Mм▄▀мMм▄▀мMм▄┬Mм▄кмMм▄кмMм▄б≥┬Mм█мMм█мMм█Mм▄кмMм▄кмMм▄хMм█KмMм█KмMм█B≥┬Mм█KмMм█KмMм█HMм█▀мMм█▀мMм█┬Mм█мMм█мMм█≥┬Mм▌KмMм▌KмMм▌HMм▌мMм▌мMм▌Mм█кмMм█кмMм█б≥┬Mм█кмMм█кмMм█хMмлмMмлмMмлMм▌KмMм▌KмMм▌B≥┬Mм█кмMм█кмMм█хMмлKмMмлKмMмлHMмлмMмлмMмл≥┬MмлKмMмлKмMмлHMмл▀мMмл▀мMмл┬MмлмMмлмMмл≥┬MммKмMммKмMммHMмммMмммMммMмлкмMмлкмMмлб≥┬MмлкмMмлкмMмлхMмм▀мMмм▀мMмм┬MммKмMммKмMммB≥┬MмлкмMмлкмMмлхMммкмMммкмMммхMмм▀мMмм▀мMмм┌≥┬MммкмMммкмMммхMмнмMмнмMмнMмм▀мMмм▀мMмм┌≥┬MнKмMнKмMнHMнмMнмMнMмнKмMмнKмMмнB≥┬MмнKмMмнKмMмнHMн▀мMн▀мMн┬MнKмMнKмMнB≥┬MмнKмMмнKмMмнHMнкмMнкмMнхMн▀мMн▀мMн┌≥┬MнкмMнкмMнхMнмMнмMнMн▀мMн▀мMн┌≥┬MнкмMнкмMнхMн▀мMн▀мMн┬MнKмMнKмMнB≥┬MнKмMнKмMнHMнмMнмMнMнкмMнкмMнб≥┬MнKмMнKмMнHMнKмMнKмMнHMнмMнмMн≥┬MнKмMнKмMнHMнLмMнLмMнLMнмMнмMн≥┬MнLкмMнLкмMнLхMнL▀мMнL▀мMнL┬MнLKмMнLKмMнLB≥┬MнMмMнMмMнMMнLкмMнLкмMнLхMнLKмMнLKмMнLB≥┬MнMмMнMмMнMMнLKмMнLKмMнLHMнMKмMнMKмMнMB≥┬MнM▀мMнM▀мMнM┬MнMмMнMмMнMMнMKмMнMKмMнMB≥┬MнNKмMнNKмMнNHMнNмMнNмMнNMнMкмMнMкмMнMб≥┬MнNKмMнNKмMнNHMнMкмMнMкмMнMхNмNмN≥┬NKмNKмNHMнNKмMнNKмMнNHNмNмN≥┬NмNмNN▀мN▀мN┬NKмNKмNB≥┬NкмNкмNхNKмNKмNHN▀мN▀мN┌≥┬NкмNкмNхN▀мN▀мN┬NмNмN≥┬NKмNKмNHNкмNкмNхNмNмN≥┬NмNмNN▀мN▀мN┬NKмNKмNB≥┬NKмNKмNHNмNмNNкмNкмNб≥┬NKмNKмNHNкмNкмNхNLмNLмNL≥┬NLKмNLKмNLHNKмNKмNHNLмNLмNL≥┬NLмNLмNLNL▀мNL▀мNL┬NLKмNLKмNLB≥┬NLкмNLкмNLхNLKмNLKмNLHNL▀мNL▀мNL┌≥┬NLкмNLкмNLхNL▀мNL▀мNL┬NMмNMмNM≥┬NMKмNMKмNMHNLкмNLкмNLхNMмNMмNM≥┬NMмNMмNMNM▀мNM▀мNM┬NMKмNMKмNMB≥┬NNKмNNKмNNHNNмNNмNNNMкмNMкмNMб≥┬NMкмNMкмNMхN▄мN▄мN▄NNKмNNKмNNB≥┬N▄мN▄мN▄N▄KмN▄KмN▄HNNKмNNKмNNB≥┬N▄мN▄мN▄N▄▀мN▄▀мN▄┬N▄KмN▄KмN▄B≥┬N█KмN█KмN█HN█мN█мN█N▄кмN▄кмN▄б≥┬N▄кмN▄кмN▄хN█▀мN█▀мN█┬N█KмN█KмN█B≥┬N█▀мN█▀мN█┬N█кмN█кмN█хN█KмN█KмN█B≥┬N█▀мN█▀мN█┬N▌мN▌мN▌N█кмN█кмN█б≥┬NлKмNлKмNлHNлмNлмNлN▌KмN▌KмN▌B≥┬N▌KмN▌KмN▌HNл▀мNл▀мNл┬NлKмNлKмNлB≥┬Nл▀мNл▀мNл┬NлкмNлкмNлхNлKмNлKмNлB≥┬Nл▀мNл▀мNл┬NммNммNмNлкмNлкмNлб≥┬NмкмNмкмNмхNм▀мNм▀мNм┬NмKмNмKмNмB≥┬NмKмNмKмNмHNнмNнмNнNмкмNмкмNмб≥┬NнмNнмNнNнKмNнKмNнHNмкмNмкмNмб≥┬NнмNнмNнNмNмNNнKмNнKмNнB≥┬NкмNкмNхN▀мN▀мN┬NKмNKмNB≥┬NмNмNNкмNкмNхNKмNKмNB≥┬NкмNкмNхN▀мN▀мN┬NKмNKмNB≥┬NмNмNNкмNкмNхNKмNKмNB≥┬NLKмNLKмNLHNLмNLмNLNKмNKмNB≥┬NL▀мNL▀мNL┬NLKмNLKмNLHNKмNKмNB≥┬NMKмNMKмNMHNMмNMмNMNLкмNLкмNLб≥┬NM▀мNM▀мNM┬NMKмNMKмNMHNLкмNLкмNLб≥┬NNKмNNKмNNHNNмNNмNNNMкмNMкмNMб≥┬N▄мN▄мN▄NNKмNNKмNNHNMкмNMкмNMб≥┬N▄кмN▄кмN▄хN▄▀мN▄▀мN▄┬N▄KмN▄KмN▄B≥┬N▄KмN▄KмN▄HN█мN█мN█N▄кмN▄кмN▄б≥┬N▄KмN▄KмN▄HN█KмN█KмN█HN█мN█мN█≥┬N█KмN█KмN█HN█▀мN█▀мN█┬N█мN█мN█≥┬N█▀мN█▀мN█┬N█KмN█KмN█HN█кмN█кмN█б≥┬N█кмN█кмN█хN▌мN▌мN▌N█▀мN█▀мN█┌≥┬N█кмN█кмN█хN▌KмN▌KмN▌HN▌мN▌мN▌≥┬N▌KмN▌KмN▌HNлмNлмNлN▌мN▌мN▌≥┬NлкмNлкмNлхNл▀мNл▀мNл┬NлKмNлKмNлB≥┬NммNммNмNлкмNлкмNлхNлKмNлKмNлB≥┬NмкмNмкмNмхNм▀мNм▀мNм┬NмKмNмKмNмB≥┬NмкмNмкмNмхNмKмNмKмNмHNнмNнмNн≥┬NнKмNнKмNнHNмкмNмкмNмхNнмNнмNн≥┬NнмNнмNнNмNмNNнKмNнKмNнB≥┬NKмNKмNHNнKмNнKмNнHNмNмN≥┬NKмNKмNHNмNмNN▀мN▀мN┌≥┬NкмNкмNхNKмNKмNHN▀мN▀мN┌≥┬N▀мN▀мN┬NмNмNNкмNкмNб≥┬NкмNкмNхN▀мN▀мN┬NKмNKмNB≥┬NмNмNNкмNкмNхNKмNKмNB≥┬NLKмNLKмNLHNLмNLмNLNKмNKмNB≥┬NL▀мNL▀мNL┬NLKмNLKмNLHNKмNKмNB≥┬NMKмNMKмNMHNMмNMмNMNLкмNLкмNLб≥┬NM▀мNM▀мNM┬NMKмNMKмNMHNLкмNLкмNLб≥┬NM▀мNM▀мNM┬NLкмNLкмNLхNMкмNMкмNMб≥┬NMкмNMкмNMхNNмNNмNNNM▀мNM▀мNM┌≥┬NNмNNмNNNMкмNMкмNMхNNKмNNKмNNB≥┬NLмNLмNLNNмNNмNNNNKмNNKмNNB≥┬NLмNLмNLNNKмNNKмNNHNLKмNLKмNLB≥┬NLKмNLKмNLHNL▀мNL▀мNL┬NLмNLмNL≥┬NLKмNLKмNLHNLмNLмNLNLкмNLкмNLб≥┬NL▀мNL▀мNL┬NLKмNLKмNLHNLкмNLкмNLб≥┬NLKмNLKмNLHNLмNLмNLNLкмNLкмNLб≥┬NLкмNLкмNLхNLLмNLLмNLLNLKмNLKмNLB≥┬NLLмNLLмNLLNLLKмNLLKмNLLHNLKмNLKмNLB≥┬NLLмNLLмNLLNLL▀мNLL▀мNLL┬NLLKмNLLKмNLLB≥┬NLMKмNLMKмNLMHNLMмNLMмNLMNLLкмNLLкмNLLб≥┬NLM▀мNLM▀мNLM┬NLMKмNLMKмNLMHNLLкмNLLкмNLLб≥┬NLNKмNLNKмNLNHNLNмNLNмNLNNLMкмNLMкмNLMб≥┬NL▄мNL▄мNL▄NLNKмNLNKмNLNHNLMкмNLMкмNLMб≥┬NL▄кмNL▄кмNL▄хNL▄▀мNL▄▀мNL▄┬NL▄KмNL▄KмNL▄B≥┬NL█мNL█мNL█NL▄кмNL▄кмNL▄хNL▄KмNL▄KмNL▄B≥┬NL█кмNL█кмNL█хNL█▀мNL█▀мNL█┬NL█KмNL█KмNL█B≥┬NL▌мNL▌мNL▌NL█кмNL█кмNL█хNL█KмNL█KмNL█B≥┬NLлKмNLлKмNLлHNLлмNLлмNLлNL▌KмNL▌KмNL▌B≥┬NLл▀мNLл▀мNLл┬NLлKмNLлKмNLлHNL▌KмNL▌KмNL▌B≥┬NLмKмNLмKмNLмHNLммNLммNLмNLлкмNLлкмNLлб≥┬NLм▀мNLм▀мNLм┬NLмKмNLмKмNLмHNLлкмNLлкмNLлб≥┬NLнKмNLнKмNLнHNLнмNLнмNLнNLмкмNLмкмNLмб≥┬NMмNMмNMNLнKмNLнKмNLнHNLмкмNLмкмNLмб≥┬NMкмNMкмNMхNM▀мNM▀мNM┬NMKмNMKмNMB≥┬NMмNMмNMNMкмNMкмNMхNMKмNMKмNMB≥┬NMкмNMкмNMхNM▀мNM▀мNM┬NMKмNMKмNMB≥┬NMмNMмNMNMкмNMкмNMхNMKмNMKмNMB≥┬NMLKмNMLKмNMLHNMLмNMLмNMLNMKмNMKмNMB≥┬NML▀мNML▀мNML┬NMLKмNMLKмNMLHNMKмNMKмNMB≥┬NMMKмNMMKмNMMHNMMмNMMмNMMNMLкмNMLкмNMLб≥┬NMM▀мNMM▀мNMM┬NMMKмNMMKмNMMHNMLкмNMLкмNMLб≥┬NMNKмNMNKмNMNHNMNмNMNмNMNNMMкмNMMкмNMMб≥┬NM▄мNM▄мNM▄NMNKмNMNKмNMNHNMMкмNMMкмNMMб≥┬NM▄кмNM▄кмNM▄хNM▄▀мNM▄▀мNM▄┬NM▄KмNM▄KмNM▄B≥┬NM█мNM█мNM█NM▄кмNM▄кмNM▄хNM▄KмNM▄KмNM▄B≥┬NM█кмNM█кмNM█хNM█▀мNM█▀мNM█┬NM█KмNM█KмNM█B≥┬NM▌мNM▌мNM▌NM█кмNM█кмNM█хNM█KмNM█KмNM█B≥┬NMлKмNMлKмNMлHNMлмNMлмNMлNM▌KмNM▌KмNM▌B≥┬NMл▀мNMл▀мNMл┬NMлKмNMлKмNMлHNM▌KмNM▌KмNM▌B≥┬NMмKмNMмKмNMмHNMммNMммNMмNMлкмNMлкмNMлб≥┬NMм▀мNMм▀мNMм┬NMмKмNMмKмNMмHNMлкмNMлкмNMлб≥┬NMнKмNMнKмNMнHNMнмNMнмNMнNMмкмNMмкмNMмб≥┬NNмNNмNNNMнKмNMнKмNMнHNMмкмNMмкмNMмб≥┬NNкмNNкмNNхNN▀мNN▀мNN┬NNKмNNKмNNB≥┬NNмNNмNNNNкмNNкмNNхNNKмNNKмNNB≥┬NNкмNNкмNNхNN▀мNN▀мNN┬NNKмNNKмNNB≥┬NNмNNмNNNNкмNNкмNNхNNKмNNKмNNB≥┬NNLKмNNLKмNNLHNNLмNNLмNNLNNKмNNKмNNB≥┬NNL▀мNNL▀мNNL┬NNLKмNNLKмNNLHNNKмNNKмNNB≥┬NNMKмNNMKмNNMHNNMмNNMмNNMNNLкмNNLкмNNLб≥┬NNM▀мNNM▀мNNM┬NNMKмNNMKмNNMHNNLкмNNLкмNNLб≥┬NNNKмNNNKмNNNHNNNмNNNмNNNNNMкмNNMкмNNMб≥┬▄м▄м▄NNNKмNNNKмNNNHNNMкмNNMкмNNMб≥┬▄км▄км▄х▄▀м▄▀м▄┬▄Kм▄Kм▄B≥┬▄м▄м▄▄км▄км▄х▄Kм▄Kм▄B≥┬▄км▄км▄х▄▀м▄▀м▄┬▄Kм▄Kм▄B≥┬▄м▄м▄▄км▄км▄х▄Kм▄Kм▄B≥┬▄LKм▄LKм▄LH▄Lм▄Lм▄L▄Kм▄Kм▄B≥┬▄L▀м▄L▀м▄L┬▄LKм▄LKм▄LH▄Kм▄Kм▄B≥┬▄MKм▄MKм▄MH▄Mм▄Mм▄M▄Lкм▄Lкм▄Lб≥┬▄M▀м▄M▀м▄M┬▄MKм▄MKм▄MH▄Lкм▄Lкм▄Lб≥┬▄NKм▄NKм▄NH▄Nм▄Nм▄N▄Mкм▄Mкм▄Mб≥┬▄▄м▄▄м▄▄▄NKм▄NKм▄NH▄Mкм▄Mкм▄Mб≥┬▄▄км▄▄км▄▄х▄▄▀м▄▄▀м▄▄┬▄▄Kм▄▄Kм▄▄B≥┬▄█м▄█м▄█▄▄км▄▄км▄▄х▄▄Kм▄▄Kм▄▄B≥┬▄█км▄█км▄█х▄█▀м▄█▀м▄█┬▄█Kм▄█Kм▄█B≥┬▄▌м▄▌м▄▌▄█км▄█км▄█х▄█Kм▄█Kм▄█B≥┬▄лKм▄лKм▄лH▄лм▄лм▄л▄▌Kм▄▌Kм▄▌B≥┬▄л▀м▄л▀м▄л┬▄лKм▄лKм▄лH▄▌Kм▄▌Kм▄▌B≥┬▄мKм▄мKм▄мH▄мм▄мм▄м▄лкм▄лкм▄лб≥┬▄м▀м▄м▀м▄м┬▄мKм▄мKм▄мH▄лкм▄лкм▄лб≥┬▄нм▄нм▄н▄мкм▄мкм▄мх▄м▀м▄м▀м▄м┌≥┬▄нKм▄нKм▄нH▄нм▄нм▄н▄м▀м▄м▀м▄м┌≥┬▄▀м▄▀м▄┬▄Kм▄Kм▄H▄м▄м▄≥┬▄км▄км▄х▄▀м▄▀м▄┬▄м▄м▄≥┬▄▀м▄▀м▄┬▄Kм▄Kм▄H▄м▄м▄≥┬▄км▄км▄х▄▀м▄▀м▄┬▄м▄м▄≥┬▄Lм▄Lм▄L▄Kм▄Kм▄H▄м▄м▄≥┬▄LKм▄LKм▄LH▄Lм▄Lм▄L▄м▄м▄≥┬▄Mм▄Mм▄M▄Lкм▄Lкм▄Lх▄L▀м▄L▀м▄L┌≥┬▄MKм▄MKм▄MH▄Mм▄Mм▄M▄L▀м▄L▀м▄L┌≥┬▄Nм▄Nм▄N▄Mкм▄Mкм▄Mх▄M▀м▄M▀м▄M┌≥┬▄NKм▄NKм▄NH▄Nм▄Nм▄N▄M▀м▄M▀м▄M┌≥┬▄▄▀м▄▄▀м▄▄┬▄▄Kм▄▄Kм▄▄H▄▄м▄▄м▄▄≥┬▄▄км▄▄км▄▄х▄▄▀м▄▄▀м▄▄┬▄▄м▄▄м▄▄≥┬▄█▀м▄█▀м▄█┬▄█Kм▄█Kм▄█H▄█м▄█м▄█≥┬▄█км▄█км▄█х▄█▀м▄█▀м▄█┬▄█м▄█м▄█≥┬▄лм▄лм▄л▄▌Kм▄▌Kм▄▌H▄▌м▄▌м▄▌≥┬▄лKм▄лKм▄лH▄лм▄лм▄л▄▌м▄▌м▄▌≥┬▄мм▄мм▄м▄лкм▄лкм▄лх▄л▀м▄л▀м▄л┌≥┬▄мKм▄мKм▄мH▄мм▄мм▄м▄л▀м▄л▀м▄л┌≥┬▄л▀м▄л▀м▄л┬▄мкм▄мкм▄мх▄м▀м▄м▀м▄м┌≥┬▄мкм▄мкм▄мх▄нм▄нм▄н▄м▀м▄м▀м▄м┌≥┬▄Kм▄Kм▄H▄м▄м▄▄нKм▄нKм▄нB≥┬▄▀м▄▀м▄┬▄Kм▄Kм▄H▄нKм▄нKм▄нB≥┬▄Kм▄Kм▄H▄м▄м▄▄км▄км▄б≥┬▄▀м▄▀м▄┬▄Kм▄Kм▄H▄км▄км▄б≥┬▄Kм▄Kм▄H▄м▄м▄▄км▄км▄б≥┬▄Lм▄Lм▄L▄Kм▄Kм▄H▄км▄км▄б≥┬▄Lкм▄Lкм▄Lх▄L▀м▄L▀м▄L┬▄LKм▄LKм▄LB≥┬▄Mм▄Mм▄M▄Lкм▄Lкм▄Lх▄LKм▄LKм▄LB≥┬▄Mкм▄Mкм▄Mх▄M▀м▄M▀м▄M┬▄MKм▄MKм▄MB≥┬▄MKм▄MKм▄MH▄Nм▄Nм▄N▄Mкм▄Mкм▄Mб≥┬▄MKм▄MKм▄MH▄NKм▄NKм▄NH▄Nм▄Nм▄N≥┬▄NKм▄NKм▄NH▄Lм▄Lм▄L▄Nм▄Nм▄N≥┬▄Lкм▄Lкм▄Lх▄L▀м▄L▀м▄L┬▄LKм▄LKм▄LB≥┬▄Lм▄Lм▄L▄Lкм▄Lкм▄Lх▄LKм▄LKм▄LB≥┬▄Lм▄Lм▄L▄LKм▄LKм▄LH▄LKм▄LKм▄LB≥┬▄LKм▄LKм▄LH▄L▀м▄L▀м▄L┬▄Lм▄Lм▄L≥┬▄L▀м▄L▀м▄L┬▄LKм▄LKм▄LH▄Lкм▄Lкм▄Lб≥┬▄Lм▄Lм▄L▄L▀м▄L▀м▄L┬▄Lкм▄Lкм▄Lб≥┬▄Lм▄Lм▄L▄Lкм▄Lкм▄Lх▄LKм▄LKм▄LB≥┬▄LKм▄LKм▄LH▄LLм▄LLм▄LL▄Lм▄Lм▄L≥┬▄LLкм▄LLкм▄LLх▄LL▀м▄LL▀м▄LL┬▄LLKм▄LLKм▄LLB≥┬▄LLKм▄LLKм▄LLH▄LMм▄LMм▄LM▄LLкм▄LLкм▄LLб≥┬▄LLKм▄LLKм▄LLH▄LMKм▄LMKм▄LMH▄LMм▄LMм▄LM≥┬▄LMKм▄LMKм▄LMH▄LM▀м▄LM▀м▄LM┬▄LMм▄LMм▄LM≥┬▄LNKм▄LNKм▄LNH▄LNм▄LNм▄LN▄LMкм▄LMкм▄LMб≥┬▄LMкм▄LMкм▄LMх▄L▄м▄L▄м▄L▄▄LNKм▄LNKм▄LNB≥┬▄LMкм▄LMкм▄LMх▄L▄Kм▄L▄Kм▄L▄H▄L▄м▄L▄м▄L▄≥┬▄L▄Kм▄L▄Kм▄L▄H▄L▄▀м▄L▄▀м▄L▄┬▄L▄м▄L▄м▄L▄≥┬▄L█Kм▄L█Kм▄L█H▄L█м▄L█м▄L█▄L▄км▄L▄км▄L▄б≥┬▄L▄км▄L▄км▄L▄х▄L█▀м▄L█▀м▄L█┬▄L█Kм▄L█Kм▄L█B≥┬▄L▄км▄L▄км▄L▄х▄L█км▄L█км▄L█х▄L█▀м▄L█▀м▄L█┌≥┬▄L█км▄L█км▄L█х▄L▌м▄L▌м▄L▌▄L█▀м▄L█▀м▄L█┌≥┬▄LлKм▄LлKм▄LлH▄Lлм▄Lлм▄Lл▄L▌Kм▄L▌Kм▄L▌B≥┬▄L▌Kм▄L▌Kм▄L▌H▄Lл▀м▄Lл▀м▄Lл┬▄LлKм▄LлKм▄LлB≥┬▄L▌Kм▄L▌Kм▄L▌H▄Lлкм▄Lлкм▄Lлх▄Lл▀м▄Lл▀м▄Lл┌≥┬▄Lлкм▄Lлкм▄Lлх▄Lмм▄Lмм▄Lм▄Lл▀м▄Lл▀м▄Lл┌≥┬▄Lмкм▄Lмкм▄Lмх▄Lм▀м▄Lм▀м▄Lм┬▄LмKм▄LмKм▄LмB≥┬▄Lнм▄Lнм▄Lн▄Lмкм▄Lмкм▄Lмх▄LмKм▄LмKм▄LмB≥┬▄Lнм▄Lнм▄Lн▄LмKм▄LмKм▄LмH▄LнKм▄LнKм▄LнB≥┬▄Mм▄Mм▄M▄Lнм▄Lнм▄Lн▄LнKм▄LнKм▄LнB≥┬▄Mкм▄Mкм▄Mх▄M▀м▄M▀м▄M┬▄MKм▄MKм▄MB≥┬▄Mкм▄Mкм▄Mх▄MKм▄MKм▄MH▄Mм▄Mм▄M≥┬▄MKм▄MKм▄MH▄Mкм▄Mкм▄Mх▄Mм▄Mм▄M≥┬▄Mм▄Mм▄M▄M▀м▄M▀м▄M┬▄MKм▄MKм▄MB≥┬▄Mкм▄Mкм▄Mх▄MKм▄MKм▄MH▄M▀м▄M▀м▄M┌≥┬▄Mкм▄Mкм▄Mх▄M▀м▄M▀м▄M┬▄Mм▄Mм▄M≥┬▄MKм▄MKм▄MH▄Mкм▄Mкм▄Mх▄Mм▄Mм▄M≥┬▄Mм▄Mм▄M▄MLм▄MLм▄ML▄MKм▄MKм▄MB≥┬▄MLкм▄MLкм▄MLх▄ML▀м▄ML▀м▄ML┬▄MLKм▄MLKм▄MLB≥┬▄MLкм▄MLкм▄MLх▄MLKм▄MLKм▄MLH▄MMм▄MMм▄MM≥┬▄MMKм▄MMKм▄MMH▄MLкм▄MLкм▄MLх▄MMм▄MMм▄MM≥┬▄MMм▄MMм▄MM▄MM▀м▄MM▀м▄MM┬▄MMKм▄MMKм▄MMB≥┬▄MMкм▄MMкм▄MMх▄MMKм▄MMKм▄MMH▄MM▀м▄MM▀м▄MM┌≥┬▄MMкм▄MMкм▄MMх▄MM▀м▄MM▀м▄MM┬▄MNм▄MNм▄MN≥┬▄MNKм▄MNKм▄MNH▄MMкм▄MMкм▄MMх▄MNм▄MNм▄MN≥┬▄MNм▄MNм▄MN▄M▄м▄M▄м▄M▄▄MNKм▄MNKм▄MNB≥┬▄M▄км▄M▄км▄M▄х▄M▄▀м▄M▄▀м▄M▄┬▄M▄Kм▄M▄Kм▄M▄B≥┬▄M▄Kм▄M▄Kм▄M▄H▄M█м▄M█м▄M█▄M▄км▄M▄км▄M▄б≥┬▄M█м▄M█м▄M█▄M█Kм▄M█Kм▄M█H▄M▄км▄M▄км▄M▄б≥┬▄M█м▄M█м▄M█▄M█▀м▄M█▀м▄M█┬▄M█Kм▄M█Kм▄M█B≥┬▄M▌Kм▄M▌Kм▄M▌H▄M▌м▄M▌м▄M▌▄M█км▄M█км▄M█б≥┬▄M█км▄M█км▄M█х▄Mлм▄Mлм▄Mл▄M▌Kм▄M▌Kм▄M▌B≥┬▄Mлм▄Mлм▄Mл▄MлKм▄MлKм▄MлH▄M▌Kм▄M▌Kм▄M▌B≥┬▄Mлм▄Mлм▄Mл▄Mл▀м▄Mл▀м▄Mл┬▄MлKм▄MлKм▄MлB≥┬▄MмKм▄MмKм▄MмH▄Mмм▄Mмм▄Mм▄Mлкм▄Mлкм▄Mлб≥┬▄Mлкм▄Mлкм▄Mлх▄Mм▀м▄Mм▀м▄Mм┬▄MмKм▄MмKм▄MмB≥┬▄Mм▀м▄Mм▀м▄Mм┬▄Mмкм▄Mмкм▄Mмх▄MмKм▄MмKм▄MмB≥┬▄Mм▀м▄Mм▀м▄Mм┬▄Mнм▄Mнм▄Mн▄Mмкм▄Mмкм▄Mмб≥┬▄NKм▄NKм▄NH▄Nм▄Nм▄N▄MнKм▄MнKм▄MнB≥┬▄MнKм▄MнKм▄MнH▄N▀м▄N▀м▄N┬▄NKм▄NKм▄NB≥┬▄N▀м▄N▀м▄N┬▄Nкм▄Nкм▄Nх▄NKм▄NKм▄NB≥┬▄N▀м▄N▀м▄N┬▄Nм▄Nм▄N▄Nкм▄Nкм▄Nб≥┬▄Nкм▄Nкм▄Nх▄N▀м▄N▀м▄N┬▄NKм▄NKм▄NB≥┬▄Nм▄Nм▄N▄Nкм▄Nкм▄Nх▄NKм▄NKм▄NB≥┬▄NLKм▄NLKм▄NLH▄NLм▄NLм▄NL▄NKм▄NKм▄NB≥┬▄NL▀м▄NL▀м▄NL┬▄NLKм▄NLKм▄NLH▄NKм▄NKм▄NB≥┬▄NMKм▄NMKм▄NMH▄NMм▄NMм▄NM▄NLкм▄NLкм▄NLб≥┬▄NM▀м▄NM▀м▄NM┬▄NMKм▄NMKм▄NMH▄NLкм▄NLкм▄NLб≥┬▄NNKм▄NNKм▄NNH▄NNм▄NNм▄NN▄NMкм▄NMкм▄NMб≥┬▄▄м▄▄м▄▄▄NNKм▄NNKм▄NNH▄NMкм▄NMкм▄NMб≥┬▄▄км▄▄км▄▄х▄▄▀м▄▄▀м▄▄┬▄▄Kм▄▄Kм▄▄B≥┬▄▄м▄▄м▄▄▄▄км▄▄км▄▄х▄▄Kм▄▄Kм▄▄B≥┬▄▄км▄▄км▄▄х▄▄▀м▄▄▀м▄▄┬▄▄Kм▄▄Kм▄▄B≥┬▄▄Kм▄▄Kм▄▄H▄▄м▄▄м▄▄▄▄км▄▄км▄▄б≥┬▄▄Kм▄▄Kм▄▄H▄▄Kм▄▄Kм▄▄H▄▄м▄▄м▄▄≥┬▄▄Kм▄▄Kм▄▄H▄▄Lм▄▄Lм▄▄L▄▄м▄▄м▄▄≥┬▄▄Lм▄▄Lм▄▄L▄▄Kм▄▄Kм▄▄H▄▄LKм▄▄LKм▄▄LB≥┬▄▄LKм▄▄LKм▄▄LH▄▄L▀м▄▄L▀м▄▄L┬▄▄Lм▄▄Lм▄▄L≥┬▄▄LKм▄▄LKм▄▄LH▄▄Lкм▄▄Lкм▄▄Lх▄▄L▀м▄▄L▀м▄▄L┌≥┬▄▄Lкм▄▄Lкм▄▄Lх▄▄Mм▄▄Mм▄▄M▄▄L▀м▄▄L▀м▄▄L┌≥┬▄▄Mкм▄▄Mкм▄▄Mх▄▄M▀м▄▄M▀м▄▄M┬▄▄MKм▄▄MKм▄▄MB≥┬▄▄Nм▄▄Nм▄▄N▄▄Mкм▄▄Mкм▄▄Mх▄▄MKм▄▄MKм▄▄MB≥┬▄▄▄Kм▄▄▄Kм▄▄▄H▄▄▄м▄▄▄м▄▄▄▄▄NKм▄▄NKм▄▄NB≥┬▄▄▄Kм▄▄▄Kм▄▄▄H▄▄NKм▄▄NKм▄▄NH▄▄▄▀м▄▄▄▀м▄▄▄┌≥┬▄▄▄км▄▄▄км▄▄▄х▄▄▄Kм▄▄▄Kм▄▄▄H▄▄▄▀м▄▄▄▀м▄▄▄┌≥┬▄▄▄▀м▄▄▄▀м▄▄▄┬▄▄█м▄▄█м▄▄█▄▄▄км▄▄▄км▄▄▄б≥┬▄▄█Kм▄▄█Kм▄▄█H▄▄▄км▄▄▄км▄▄▄х▄▄█м▄▄█м▄▄█≥┬▄▄█Kм▄▄█Kм▄▄█H▄▄█м▄▄█м▄▄█▄▄█▀м▄▄█▀м▄▄█┌≥┬▄▄█км▄▄█км▄▄█х▄▄█Kм▄▄█Kм▄▄█H▄▄█▀м▄▄█▀м▄▄█┌≥┬▄▄█▀м▄▄█▀м▄▄█┬▄▄▌м▄▄▌м▄▄▌▄▄█км▄▄█км▄▄█б≥┬▄▄лKм▄▄лKм▄▄лH▄▄лм▄▄лм▄▄л▄▄▌Kм▄▄▌Kм▄▄▌B≥┬▄▄л▀м▄▄л▀м▄▄л┬▄▄лKм▄▄лKм▄▄лH▄▄▌Kм▄▄▌Kм▄▄▌B≥┬▄▄мKм▄▄мKм▄▄мH▄▄мм▄▄мм▄▄м▄▄лкм▄▄лкм▄▄лб≥┬▄▄м▀м▄▄м▀м▄▄м┬▄▄мKм▄▄мKм▄▄мH▄▄лкм▄▄лкм▄▄лб≥┬▄▄нKм▄▄нKм▄▄нH▄▄нм▄▄нм▄▄н▄▄мкм▄▄мкм▄▄мб≥┬▄█м▄█м▄█▄▄нKм▄▄нKм▄▄нH▄▄мкм▄▄мкм▄▄мб≥┬▄█м▄█м▄█▄▄мкм▄▄мкм▄▄мх▄█Kм▄█Kм▄█B≥┬▄█Kм▄█Kм▄█H▄█▀м▄█▀м▄█┬▄█м▄█м▄█≥┬▄█▀м▄█▀м▄█┬▄█Kм▄█Kм▄█H▄█км▄█км▄█б≥┬▄█м▄█м▄█▄█▀м▄█▀м▄█┬▄█км▄█км▄█б≥┬▄█м▄█м▄█▄█км▄█км▄█х▄█Kм▄█Kм▄█B≥┬▄█Kм▄█Kм▄█H▄█▀м▄█▀м▄█┬▄█м▄█м▄█≥┬▄█Kм▄█Kм▄█H▄█м▄█м▄█▄█км▄█км▄█б≥┬▄█Lм▄█Lм▄█L▄█Kм▄█Kм▄█H▄█км▄█км▄█б≥┬▄█Lкм▄█Lкм▄█Lх▄█L▀м▄█L▀м▄█L┬▄█LKм▄█LKм▄█LB≥┬▄█LKм▄█LKм▄█LH▄█Mм▄█Mм▄█M▄█Lкм▄█Lкм▄█Lб≥┬▄█Mм▄█Mм▄█M▄█MKм▄█MKм▄█MH▄█Lкм▄█Lкм▄█Lб≥┬▄█Mм▄█Mм▄█M▄█M▀м▄█M▀м▄█M┬▄█MKм▄█MKм▄█MB≥┬▄█NKм▄█NKм▄█NH▄█Nм▄█Nм▄█N▄█Mкм▄█Mкм▄█Mб≥┬▄█▄м▄█▄м▄█▄▄█NKм▄█NKм▄█NH▄█Mкм▄█Mкм▄█Mб≥┬▄█▄км▄█▄км▄█▄х▄█▄▀м▄█▄▀м▄█▄┬▄█▄Kм▄█▄Kм▄█▄B≥┬▄██м▄██м▄██▄█▄км▄█▄км▄█▄х▄█▄Kм▄█▄Kм▄█▄B≥┬▄██км▄██км▄██х▄██▀м▄██▀м▄██┬▄██Kм▄██Kм▄██B≥┬▄█▌м▄█▌м▄█▌▄██км▄██км▄██х▄██Kм▄██Kм▄██B≥┬▄█лKм▄█лKм▄█лH▄█лм▄█лм▄█л▄█▌Kм▄█▌Kм▄█▌B≥┬▄█л▀м▄█л▀м▄█л┬▄█лKм▄█лKм▄█лH▄█▌Kм▄█▌Kм▄█▌B≥┬▄█мKм▄█мKм▄█мH▄█мм▄█мм▄█м▄█лкм▄█лкм▄█лб≥┬▄█м▀м▄█м▀м▄█м┬▄█мKм▄█мKм▄█мH▄█лкм▄█лкм▄█лб≥┬▄█нKм▄█нKм▄█нH▄█нм▄█нм▄█н▄█мкм▄█мкм▄█мб≥┬▄▌м▄▌м▄▌▄█нKм▄█нKм▄█нH▄█мкм▄█мкм▄█мб≥┬▄▌км▄▌км▄▌х▄▌▀м▄▌▀м▄▌┬▄▌Kм▄▌Kм▄▌B≥┬▄▌м▄▌м▄▌▄▌км▄▌км▄▌х▄▌Kм▄▌Kм▄▌B≥┬▄▌км▄▌км▄▌х▄▌▀м▄▌▀м▄▌┬▄▌Kм▄▌Kм▄▌B≥┬▄▌м▄▌м▄▌▄▌км▄▌км▄▌х▄▌Kм▄▌Kм▄▌B≥┬▄▌LKм▄▌LKм▄▌LH▄▌Lм▄▌Lм▄▌L▄▌Kм▄▌Kм▄▌B≥┬▄▌L▀м▄▌L▀м▄▌L┬▄▌LKм▄▌LKм▄▌LH▄▌Kм▄▌Kм▄▌B≥┬▄▌MKм▄▌MKм▄▌MH▄▌Mм▄▌Mм▄▌M▄▌Lкм▄▌Lкм▄▌Lб≥┬▄▌M▀м▄▌M▀м▄▌M┬▄▌MKм▄▌MKм▄▌MH▄▌Lкм▄▌Lкм▄▌Lб≥┬▄▌NKм▄▌NKм▄▌NH▄▌Nм▄▌Nм▄▌N▄▌Mкм▄▌Mкм▄▌Mб≥┬▄лм▄лм▄л▄▌NKм▄▌NKм▄▌NH▄▌Mкм▄▌Mкм▄▌Mб≥┬▄лкм▄лкм▄лх▄л▀м▄л▀м▄л┬▄лKм▄лKм▄лB≥┬▄лм▄лм▄л▄лкм▄лкм▄лх▄лKм▄лKм▄лB≥┬▄лкм▄лкм▄лх▄л▀м▄л▀м▄л┬▄лKм▄лKм▄лB≥┬▄лм▄лм▄л▄лкм▄лкм▄лх▄лKм▄лKм▄лB≥┬▄лLKм▄лLKм▄лLH▄лLм▄лLм▄лL▄лKм▄лKм▄лB≥┬▄лL▀м▄лL▀м▄лL┬▄лLKм▄лLKм▄лLH▄лKм▄лKм▄лB≥┬▄лMKм▄лMKм▄лMH▄лMм▄лMм▄лM▄лLкм▄лLкм▄лLб≥┬▄лM▀м▄лM▀м▄лM┬▄лMKм▄лMKм▄лMH▄лLкм▄лLкм▄лLб≥┬▄лNKм▄лNKм▄лNH▄лNм▄лNм▄лN▄лMкм▄лMкм▄лMб≥┬▄л▄м▄л▄м▄л▄▄лNKм▄лNKм▄лNH▄лMкм▄лMкм▄лMб≥┬▄л▄км▄л▄км▄л▄х▄л▄▀м▄л▄▀м▄л▄┬▄л▄Kм▄л▄Kм▄л▄B≥┬▄л█м▄л█м▄л█▄л▄км▄л▄км▄л▄х▄л▄Kм▄л▄Kм▄л▄B≥┬▄л█км▄л█км▄л█х▄л█▀м▄л█▀м▄л█┬▄л█Kм▄л█Kм▄л█B≥┬▄л▌м▄л▌м▄л▌▄л█км▄л█км▄л█х▄л█Kм▄л█Kм▄л█B≥┬▄ллKм▄ллKм▄ллH▄ллм▄ллм▄лл▄л▌Kм▄л▌Kм▄л▌B≥┬▄лл▀м▄лл▀м▄лл┬▄ллKм▄ллKм▄ллH▄л▌Kм▄л▌Kм▄л▌B≥┬▄лмKм▄лмKм▄лмH▄лмм▄лмм▄лм▄ллкм▄ллкм▄ллб≥┬▄лм▀м▄лм▀м▄лм┬▄лмKм▄лмKм▄лмH▄ллкм▄ллкм▄ллб≥┬▄лнKм▄лнKм▄лнH▄лнм▄лнм▄лн▄лмкм▄лмкм▄лмб≥┬▄мм▄мм▄м▄лнKм▄лнKм▄лнH▄лмкм▄лмкм▄лмб≥┬▄мкм▄мкм▄мх▄м▀м▄м▀м▄м┬▄мKм▄мKм▄мB≥┬▄мм▄мм▄м▄мкм▄мкм▄мх▄мKм▄мKм▄мB≥┬▄мкм▄мкм▄мх▄м▀м▄м▀м▄м┬▄мKм▄мKм▄мB≥┬▄мм▄мм▄м▄мкм▄мкм▄мх▄мKм▄мKм▄мB≥┬▄мLKм▄мLKм▄мLH▄мLм▄мLм▄мL▄мKм▄мKм▄мB≥┬▄мL▀м▄мL▀м▄мL┬▄мLKм▄мLKм▄мLH▄мKм▄мKм▄мB≥┬▄мMKм▄мMKм▄мMH▄мMм▄мMм▄мM▄мLкм▄мLкм▄мLб≥┬▄мM▀м▄мM▀м▄мM┬▄мMKм▄мMKм▄мMH▄мLкм▄мLкм▄мLб≥┬▄мNKм▄мNKм▄мNH▄мNм▄мNм▄мN▄мMкм▄мMкм▄мMб≥┬▄м▄м▄м▄м▄м▄▄мNKм▄мNKм▄мNH▄мMкм▄мMкм▄мMб≥┬▄м▄км▄м▄км▄м▄х▄м▄▀м▄м▄▀м▄м▄┬▄м▄Kм▄м▄Kм▄м▄B≥┬▄м█м▄м█м▄м█▄м▄км▄м▄км▄м▄х▄м▄Kм▄м▄Kм▄м▄B≥┬▄м█км▄м█км▄м█х▄м█▀м▄м█▀м▄м█┬▄м█Kм▄м█Kм▄м█B≥┬▄м▌м▄м▌м▄м▌▄м█км▄м█км▄м█х▄м█Kм▄м█Kм▄м█B≥┬▄млKм▄млKм▄млH▄млм▄млм▄мл▄м▌Kм▄м▌Kм▄м▌B≥┬▄мл▀м▄мл▀м▄мл┬▄млKм▄млKм▄млH▄м▌Kм▄м▌Kм▄м▌B≥┬▄ммKм▄ммKм▄ммH▄ммм▄ммм▄мм▄млкм▄млкм▄млб≥┬▄мм▀м▄мм▀м▄мм┬▄ммKм▄ммKм▄ммH▄млкм▄млкм▄млб≥┬▄мнKм▄мнKм▄мнH▄мнм▄мнм▄мн▄ммкм▄ммкм▄ммб≥┬▄нм▄нм▄н▄мнKм▄мнKм▄мнH▄ммкм▄ммкм▄ммб≥┬▄н▀м▄н▀м▄н┬▄нKм▄нKм▄нH▄нм▄нм▄н≥┬▄нкм▄нкм▄нх▄н▀м▄н▀м▄н┬▄нм▄нм▄н≥┬▄н▀м▄н▀м▄н┬▄нKм▄нKм▄нH▄нм▄нм▄н≥┬▄нкм▄нкм▄нх▄н▀м▄н▀м▄н┬▄нм▄нм▄н≥┬▄нLм▄нLм▄нL▄нKм▄нKм▄нH▄нм▄нм▄н≥┬▄нLKм▄нLKм▄нLH▄нLм▄нLм▄нL▄нм▄нм▄н≥┬▄нMм▄нMм▄нM▄нLкм▄нLкм▄нLх▄нL▀м▄нL▀м▄нL┌≥┬▄нMKм▄нMKм▄нMH▄нMм▄нMм▄нM▄нL▀м▄нL▀м▄нL┌≥┬▄нNм▄нNм▄нN▄нMкм▄нMкм▄нMх▄нM▀м▄нM▀м▄нM┌≥┬▄нNKм▄нNKм▄нNH▄нNм▄нNм▄нN▄нM▀м▄нM▀м▄нM┌≥┬█▀м█▀м█┬█Kм█Kм█H█м█м█≥┬█км█км█х█▀м█▀м█┬█м█м█≥┬█▀м█▀м█┬█Kм█Kм█H█м█м█≥┬█км█км█х█▀м█▀м█┬█м█м█≥┬█Lм█Lм█L█Kм█Kм█H█м█м█≥┬█LKм█LKм█LH█Lм█Lм█L█м█м█≥┬█Mм█Mм█M█Lкм█Lкм█Lх█L▀м█L▀м█L┌≥┬█MKм█MKм█MH█Mм█Mм█M█L▀м█L▀м█L┌≥┬█Nм█Nм█N█Mкм█Mкм█Mх█M▀м█M▀м█M┌≥┬█NKм█NKм█NH█Nм█Nм█N█M▀м█M▀м█M┌≥┬█M▀м█M▀м█M┬█▄Kм█▄Kм█▄H█▄м█▄м█▄≥┬█▄Kм█▄Kм█▄H█▄▀м█▄▀м█▄┬█▄м█▄м█▄≥┬██Kм██Kм██H██м██м███▄км█▄км█▄б≥┬██▀м██▀м██┬██Kм██Kм██H█▄км█▄км█▄б≥┬█▌Kм█▌Kм█▌H█▌м█▌м█▌██км██км██б≥┬█лм█лм█л█▌Kм█▌Kм█▌H██км██км██б≥┬█лкм█лкм█лх█л▀м█л▀м█л┬█лKм█лKм█лB≥┬█мм█мм█м█лкм█лкм█лх█лKм█лKм█лB≥┬█мкм█мкм█мх█м▀м█м▀м█м┬█мKм█мKм█мB≥┬█нм█нм█н█мкм█мкм█мх█мKм█мKм█мB≥┬█Kм█Kм█H█м█м██нKм█нKм█нB≥┬█нKм█нKм█нH█▀м█▀м█┬█Kм█Kм█B≥┬█нKм█нKм█нH█км█км█х█▀м█▀м█┌≥┬█км█км█х█м█м██▀м█▀м█┌≥┬█км█км█х█▀м█▀м█┬█Kм█Kм█B≥┬█м█м██км█км█х█Kм█Kм█B≥┬█м█м██Kм█Kм█H█Kм█Kм█B≥┬█Kм█Kм█H█Lм█Lм█L█м█м█≥┬█Lм█Lм█L█Kм█Kм█H█LKм█LKм█LB≥┬█L▀м█L▀м█L┬█Lм█Lм█L█LKм█LKм█LB≥┬█L▀м█L▀м█L┬█LKм█LKм█LH█Lкм█Lкм█Lб≥┬█Lкм█Lкм█Lх█Mм█Mм█M█L▀м█L▀м█L┌≥┬█Mкм█Mкм█Mх█M▀м█M▀м█M┬█MKм█MKм█MB≥┬█MKм█MKм█MH█Nм█Nм█N█Mкм█Mкм█Mб≥┬█MKм█MKм█MH█NKм█NKм█NH█Nм█Nм█N≥┬█NKм█NKм█NH█▄м█▄м█▄█Nм█Nм█N≥┬█▄км█▄км█▄х█▄▀м█▄▀м█▄┬█▄Kм█▄Kм█▄B≥┬█▄Kм█▄Kм█▄H██м██м███▄км█▄км█▄б≥┬█▄Kм█▄Kм█▄H██Kм██Kм██H██м██м██≥┬██Kм██Kм██H██▀м██▀м██┬██м██м██≥┬█▌Kм█▌Kм█▌H█▌м█▌м█▌██км██км██б≥┬██км██км██х█лм█лм█л█▌Kм█▌Kм█▌B≥┬██км██км██х█лKм█лKм█лH█лм█лм█л≥┬█лKм█лKм█лH█л▀м█л▀м█л┬█лм█лм█л≥┬█мKм█мKм█мH█мм█мм█м█лкм█лкм█лб≥┬█лкм█лкм█лх█м▀м█м▀м█м┬█мKм█мKм█мB≥┬█лкм█лкм█лх█мкм█мкм█мх█м▀м█м▀м█м┌≥┬█мкм█мкм█мх█нм█нм█н█м▀м█м▀м█м┌≥┬█Kм█Kм█H█м█м██нKм█нKм█нB≥┬█▀м█▀м█┬█Kм█Kм█H█нKм█нKм█нB≥┬█▀м█▀м█┬█нKм█нKм█нH█км█км█б≥┬█м█м██▀м█▀м█┬█км█км█б≥┬█км█км█х█▀м█▀м█┬█Kм█Kм█B≥┬█км█км█х█Kм█Kм█H█м█м█≥┬█Kм█Kм█H█км█км█х█м█м█≥┬█м█м██Lм█Lм█L█Kм█Kм█B≥┬█LKм█LKм█LH█Kм█Kм█H█Lм█Lм█L≥┬█LKм█LKм█LH█Lм█Lм█L█L▀м█L▀м█L┌≥┬█Lкм█Lкм█Lх█LKм█LKм█LH█L▀м█L▀м█L┌≥┬█L▀м█L▀м█L┬█Mм█Mм█M█Lкм█Lкм█Lб≥┬█Mкм█Mкм█Mх█M▀м█M▀м█M┬█MKм█MKм█MB≥┬█Mкм█Mкм█Mх█MKм█MKм█MH█Nм█Nм█N≥┬█NKм█NKм█NH█Mкм█Mкм█Mх█Nм█Nм█N≥┬█Nм█Nм█N█Lм█Lм█L█NKм█NKм█NB≥┬█LKм█LKм█LH█NKм█NKм█NH█Lм█Lм█L≥┬█LKм█LKм█LH█Lм█Lм█L█L▀м█L▀м█L┌≥┬█Lкм█Lкм█Lх█LKм█LKм█LH█L▀м█L▀м█L┌≥┬█L▀м█L▀м█L┬█Lм█Lм█L█Lкм█Lкм█Lб≥┬█Lкм█Lкм█Lх█L▀м█L▀м█L┬█LKм█LKм█LB≥┬█LKм█LKм█LH█Lм█Lм█L█Lкм█Lкм█Lб≥┬█Lм█Lм█L█LKм█LKм█LH█Lкм█Lкм█Lб≥┬█Lм█Lм█L█LLм█LLм█LL█LKм█LKм█LB≥┬█LLкм█LLкм█LLх█LL▀м█LL▀м█LL┬█LLKм█LLKм█LLB≥┬█LLKм█LLKм█LLH█LMм█LMм█LM█LLкм█LLкм█LLб≥┬█LMм█LMм█LM█LMKм█LMKм█LMH█LLкм█LLкм█LLб≥┬█LMм█LMм█LM█LM▀м█LM▀м█LM┬█LMKм█LMKм█LMB≥┬█LNKм█LNKм█LNH█LNм█LNм█LN█LMкм█LMкм█LMб≥┬█LMкм█LMкм█LMх█L▄м█L▄м█L▄█LNKм█LNKм█LNB≥┬█L▄м█L▄м█L▄█L▄Kм█L▄Kм█L▄H█LNKм█LNKм█LNB≥┬█L▄м█L▄м█L▄█L▄▀м█L▄▀м█L▄┬█L▄Kм█L▄Kм█L▄B≥┬█L█Kм█L█Kм█L█H█L█м█L█м█L██L▄км█L▄км█L▄б≥┬█L▄км█L▄км█L▄х█L█▀м█L█▀м█L█┬█L█Kм█L█Kм█L█B≥┬█L█▀м█L█▀м█L█┬█L█км█L█км█L█х█L█Kм█L█Kм█L█B≥┬█L█▀м█L█▀м█L█┬█L▌м█L▌м█L▌█L█км█L█км█L█б≥┬█LлKм█LлKм█LлH█Lлм█Lлм█Lл█L▌Kм█L▌Kм█L▌B≥┬█Lл▀м█Lл▀м█Lл┬█LлKм█LлKм█LлH█L▌Kм█L▌Kм█L▌B≥┬█LмKм█LмKм█LмH█Lмм█Lмм█Lм█Lлкм█Lлкм█Lлб≥┬█Lм▀м█Lм▀м█Lм┬█LмKм█LмKм█LмH█Lлкм█Lлкм█Lлб≥┬█LнKм█LнKм█LнH█Lнм█Lнм█Lн█Lмкм█Lмкм█Lмб≥┬█Mм█Mм█M█LнKм█LнKм█LнH█Lмкм█Lмкм█Lмб≥┬█Mкм█Mкм█Mх█M▀м█M▀м█M┬█MKм█MKм█MB≥┬█Mм█Mм█M█Mкм█Mкм█Mх█MKм█MKм█MB≥┬█Mкм█Mкм█Mх█M▀м█M▀м█M┬█MKм█MKм█MB≥┬█Mм█Mм█M█Mкм█Mкм█Mх█MKм█MKм█MB≥┬█MLKм█MLKм█MLH█MLм█MLм█ML█MKм█MKм█MB≥┬█MKм█MKм█MH█ML▀м█ML▀м█ML┬█MLKм█MLKм█MLB≥┬█MKм█MKм█MH█MLкм█MLкм█MLх█ML▀м█ML▀м█ML┌≥┬█MLкм█MLкм█MLх█MMм█MMм█MM█ML▀м█ML▀м█ML┌≥┬█MMм█MMм█MM█MLкм█MLкм█MLх█MMKм█MMKм█MMB≥┬█MMKм█MMKм█MMH█MM▀м█MM▀м█MM┬█MMм█MMм█MM≥┬█MMKм█MMKм█MMH█MMкм█MMкм█MMх█MM▀м█MM▀м█MM┌≥┬█MMкм█MMкм█MMх█MNм█MNм█MN█MM▀м█MM▀м█MM┌≥┬█M▄Kм█M▄Kм█M▄H█M▄м█M▄м█M▄█MNKм█MNKм█MNB≥┬█M▄▀м█M▄▀м█M▄┬█M▄Kм█M▄Kм█M▄H█MNKм█MNKм█MNB≥┬█M█Kм█M█Kм█M█H█M█м█M█м█M██M▄км█M▄км█M▄б≥┬█M█Kм█M█Kм█M█H█M▄км█M▄км█M▄х█M█▀м█M█▀м█M█┌≥┬█M█км█M█км█M█х█M█Kм█M█Kм█M█H█M█▀м█M█▀м█M█┌≥┬█M█▀м█M█▀м█M█┬█M▌м█M▌м█M▌█M█км█M█км█M█б≥┬█M▌Kм█M▌Kм█M▌H█M█км█M█км█M█х█M▌м█M▌м█M▌≥┬█M▌Kм█M▌Kм█M▌H█M▌м█M▌м█M▌█Mлм█Mлм█Mл≥┬█MлKм█MлKм█MлH█M▌Kм█M▌Kм█M▌H█Mлм█Mлм█Mл≥┬█Mлм█Mлм█Mл█Mл▀м█Mл▀м█Mл┬█MлKм█MлKм█MлB≥┬█MмKм█MмKм█MмH█Mмм█Mмм█Mм█Mлкм█Mлкм█Mлб≥┬█Mм▀м█Mм▀м█Mм┬█MмKм█MмKм█MмH█Mлкм█Mлкм█Mлб≥┬█MнKм█MнKм█MнH█Mнм█Mнм█Mн█Mмкм█Mмкм█Mмб≥┬█Nм█Nм█N█MнKм█MнKм█MнH█Mмкм█Mмкм█Mмб≥┬█Nкм█Nкм█Nх█N▀м█N▀м█N┬█NKм█NKм█NB≥┬█Nм█Nм█N█Nкм█Nкм█Nх█NKм█NKм█NB≥┬█Nм█Nм█N█NKм█NKм█NH█NKм█NKм█NB≥┬█NKм█NKм█NH█N▀м█N▀м█N┬█Nм█Nм█N≥┬█N▀м█N▀м█N┬█NKм█NKм█NH█Nкм█Nкм█Nб≥┬█Nм█Nм█N█N▀м█N▀м█N┬█Nкм█Nкм█Nб≥┬█Nм█Nм█N█Nкм█Nкм█Nх█NKм█NKм█NB≥┬█NKм█NKм█NH█NLм█NLм█NL█Nм█Nм█N≥┬█NLкм█NLкм█NLх█NL▀м█NL▀м█NL┬█NLKм█NLKм█NLB≥┬█NMм█NMм█NM█NLкм█NLкм█NLх█NLKм█NLKм█NLB≥┬█NMкм█NMкм█NMх█NM▀м█NM▀м█NM┬█NMKм█NMKм█NMB≥┬█NMKм█NMKм█NMH█NNм█NNм█NN█NMкм█NMкм█NMб≥┬█NNм█NNм█NN█NNKм█NNKм█NNH█NMкм█NMкм█NMб≥┬█NNм█NNм█NN█▄м█▄м█▄█NNKм█NNKм█NNB≥┬█▄км█▄км█▄х█▄▀м█▄▀м█▄┬█▄Kм█▄Kм█▄B≥┬█▄м█▄м█▄█▄км█▄км█▄х█▄Kм█▄Kм█▄B≥┬█▄км█▄км█▄х█▄▀м█▄▀м█▄┬█▄Kм█▄Kм█▄B≥┬█▄м█▄м█▄█▄км█▄км█▄х█▄Kм█▄Kм█▄B≥┬█▄LKм█▄LKм█▄LH█▄Lм█▄Lм█▄L█▄Kм█▄Kм█▄B≥┬█▄L▀м█▄L▀м█▄L┬█▄LKм█▄LKм█▄LH█▄Kм█▄Kм█▄B≥┬█▄MKм█▄MKм█▄MH█▄Mм█▄Mм█▄M█▄Lкм█▄Lкм█▄Lб≥┬█▄M▀м█▄M▀м█▄M┬█▄MKм█▄MKм█▄MH█▄Lкм█▄Lкм█▄Lб≥┬█▄NKм█▄NKм█▄NH█▄Nм█▄Nм█▄N█▄Mкм█▄Mкм█▄Mб≥┬█▄▄м█▄▄м█▄▄█▄NKм█▄NKм█▄NH█▄Mкм█▄Mкм█▄Mб≥┬█▄▄км█▄▄км█▄▄х█▄▄▀м█▄▄▀м█▄▄┬█▄▄Kм█▄▄Kм█▄▄B≥┬█▄█м█▄█м█▄██▄▄км█▄▄км█▄▄х█▄▄Kм█▄▄Kм█▄▄B≥┬█▄█км█▄█км█▄█х█▄█▀м█▄█▀м█▄█┬█▄█Kм█▄█Kм█▄█B≥┬█▄▌м█▄▌м█▄▌█▄█км█▄█км█▄█х█▄█Kм█▄█Kм█▄█B≥┬█▄лKм█▄лKм█▄лH█▄лм█▄лм█▄л█▄▌Kм█▄▌Kм█▄▌B≥┬█▄л▀м█▄л▀м█▄л┬█▄лKм█▄лKм█▄лH█▄▌Kм█▄▌Kм█▄▌B≥┬█▄мKм█▄мKм█▄мH█▄мм█▄мм█▄м█▄лкм█▄лкм█▄лб≥┬█▄м▀м█▄м▀м█▄м┬█▄мKм█▄мKм█▄мH█▄лкм█▄лкм█▄лб≥┬█▄нKм█▄нKм█▄нH█▄нм█▄нм█▄н█▄мкм█▄мкм█▄мб≥┬██м██м███▄нKм█▄нKм█▄нH█▄мкм█▄мкм█▄мб≥┬██км██км██х██▀м██▀м██┬██Kм██Kм██B≥┬██м██м████км██км██х██Kм██Kм██B≥┬██км██км██х██▀м██▀м██┬██Kм██Kм██B≥┬██м██м████км██км██х██Kм██Kм██B≥┬██LKм██LKм██LH██Lм██Lм██L██Kм██Kм██B≥┬██L▀м██L▀м██L┬██LKм██LKм██LH██Kм██Kм██B≥┬██MKм██MKм██MH██Mм██Mм██M██Lкм██Lкм██Lб≥┬██M▀м██M▀м██M┬██MKм██MKм██MH██Lкм██Lкм██Lб≥┬██NKм██NKм██NH██Nм██Nм██N██Mкм██Mкм██Mб≥┬██▄м██▄м██▄██NKм██NKм██NH██Mкм██Mкм██Mб≥┬██▄км██▄км██▄х██▄▀м██▄▀м██▄┬██▄Kм██▄Kм██▄B≥┬███м███м█████▄км██▄км██▄х██▄Kм██▄Kм██▄B≥┬███км███км███х███▀м███▀м███┬███Kм███Kм███B≥┬██▌м██▌м██▌███км███км███х███Kм███Kм███B≥┬██лKм██лKм██лH██лм██лм██л██▌Kм██▌Kм██▌B≥┬██л▀м██л▀м██л┬██лKм██лKм██лH██▌Kм██▌Kм██▌B≥┬██мKм██мKм██мH██мм██мм██м██лкм██лкм██лб≥┬██м▀м██м▀м██м┬██мKм██мKм██мH██лкм██лкм██лб≥┬██нKм██нKм██нH██нм██нм██н██мкм██мкм██мб≥┬█▌м█▌м█▌██нKм██нKм██нH██мкм██мкм██мб≥┬█▌км█▌км█▌х█▌▀м█▌▀м█▌┬█▌Kм█▌Kм█▌B≥┬█▌м█▌м█▌█▌км█▌км█▌х█▌Kм█▌Kм█▌B≥┬█▌км█▌км█▌х█▌▀м█▌▀м█▌┬█▌Kм█▌Kм█▌B≥┬█▌м█▌м█▌█▌км█▌км█▌х█▌Kм█▌Kм█▌B≥┬█▌LKм█▌LKм█▌LH█▌Lм█▌Lм█▌L█▌Kм█▌Kм█▌B≥┬█▌L▀м█▌L▀м█▌L┬█▌LKм█▌LKм█▌LH█▌Kм█▌Kм█▌B≥┬█▌MKм█▌MKм█▌MH█▌Mм█▌Mм█▌M█▌Lкм█▌Lкм█▌Lб≥┬█▌M▀м█▌M▀м█▌M┬█▌MKм█▌MKм█▌MH█▌Lкм█▌Lкм█▌Lб≥┬█▌NKм█▌NKм█▌NH█▌Nм█▌Nм█▌N█▌Mкм█▌Mкм█▌Mб≥┬█лм█лм█л█▌NKм█▌NKм█▌NH█▌Mкм█▌Mкм█▌Mб≥┬█лкм█лкм█лх█л▀м█л▀м█л┬█лKм█лKм█лB≥┬█лм█лм█л█лкм█лкм█лх█лKм█лKм█лB≥┬█лкм█лкм█лх█л▀м█л▀м█л┬█лKм█лKм█лB≥┬█лм█лм█л█лкм█лкм█лх█лKм█лKм█лB≥┬█лLKм█лLKм█лLH█лLм█лLм█лL█лKм█лKм█лB≥┬█лL▀м█лL▀м█лL┬█лLKм█лLKм█лLH█лKм█лKм█лB≥┬█лMKм█лMKм█лMH█лMм█лMм█лM█лLкм█лLкм█лLб≥┬█лM▀м█лM▀м█лM┬█лMKм█лMKм█лMH█лLкм█лLкм█лLб≥┬█лNKм█лNKм█лNH█лNм█лNм█лN█лMкм█лMкм█лMб≥┬█л▄м█л▄м█л▄█лNKм█лNKм█лNH█лMкм█лMкм█лMб≥┬█л▄км█л▄км█л▄х█л▄▀м█л▄▀м█л▄┬█л▄Kм█л▄Kм█л▄B≥┬█л█м█л█м█л██л▄км█л▄км█л▄х█л▄Kм█л▄Kм█л▄B≥┬█л█▀м█л█▀м█л█┬█л█Kм█л█Kм█л█H█л█м█л█м█л█≥┬█л█км█л█км█л█х█л█▀м█л█▀м█л█┬█л█м█л█м█л█≥┬█ллм█ллм█лл█л▌Kм█л▌Kм█л▌H█л▌м█л▌м█л▌≥┬█ллKм█ллKм█ллH█ллм█ллм█лл█л▌м█л▌м█л▌≥┬█лмм█лмм█лм█ллкм█ллкм█ллх█лл▀м█лл▀м█лл┌≥┬█лмKм█лмKм█лмH█лмм█лмм█лм█лл▀м█лл▀м█лл┌≥┬█лнм█лнм█лн█лмкм█лмкм█лмх█лм▀м█лм▀м█лм┌≥┬█лнKм█лнKм█лнH█лнм█лнм█лн█лм▀м█лм▀м█лм┌≥┬█м▀м█м▀м█м┬█мKм█мKм█мH█мм█мм█м≥┬█мкм█мкм█мх█м▀м█м▀м█м┬█мм█мм█м≥┬█м▀м█м▀м█м┬█мKм█мKм█мH█мм█мм█м≥┬█мкм█мкм█мх█м▀м█м▀м█м┬█мм█мм█м≥┬█мLм█мLм█мL█мKм█мKм█мH█мм█мм█м≥┬█мLKм█мLKм█мLH█мLм█мLм█мL█мм█мм█м≥┬█мMм█мMм█мM█мLкм█мLкм█мLх█мL▀м█мL▀м█мL┌≥┬█мMKм█мMKм█мMH█мMм█мMм█мM█мL▀м█мL▀м█мL┌≥┬█мNм█мNм█мN█мMкм█мMкм█мMх█мM▀м█мM▀м█мM┌≥┬█мNKм█мNKм█мNH█мNм█мNм█мN█мM▀м█мM▀м█мM┌≥┬█м▄▀м█м▄▀м█м▄┬█м▄Kм█м▄Kм█м▄H█м▄м█м▄м█м▄≥┬█м▄км█м▄км█м▄х█м▄▀м█м▄▀м█м▄┬█м▄м█м▄м█м▄≥┬█м▄м█м▄м█м▄█м█Kм█м█Kм█м█H█м█м█м█м█м█≥┬█м█Kм█м█Kм█м█H█м█▀м█м█▀м█м█┬█м█м█м█м█м█≥┬█м▌Kм█м▌Kм█м▌H█м▌м█м▌м█м▌█м█км█м█км█м█б≥┬█млм█млм█мл█м▌Kм█м▌Kм█м▌H█м█км█м█км█м█б≥┬█млкм█млкм█млх█мл▀м█мл▀м█мл┬█млKм█млKм█млB≥┬█ммм█ммм█мм█млкм█млкм█млх█млKм█млKм█млB≥┬█ммкм█ммкм█ммх█мм▀м█мм▀м█мм┬█ммKм█ммKм█ммB≥┬█мнм█мнм█мн█ммкм█ммкм█ммх█ммKм█ммKм█ммB≥┬█нKм█нKм█нH█нм█нм█н█мнKм█мнKм█мнB≥┬█н▀м█н▀м█н┬█нKм█нKм█нH█мнKм█мнKм█мнB≥┬█нKм█нKм█нH█нм█нм█н█нкм█нкм█нб≥┬█нкм█нкм█нх█н▀м█н▀м█н┬█нKм█нKм█нB≥┬█нкм█нкм█нх█нкм█нкм█нх█н▀м█н▀м█н┌≥┬█нкм█нкм█нх█нм█нм█н█н▀м█н▀м█н┌≥┬█нLKм█нLKм█нLH█нLм█нLм█нL█нKм█нKм█нB≥┬█нL▀м█нL▀м█нL┬█нLKм█нLKм█нLH█нKм█нKм█нB≥┬█нL▀м█нL▀м█нL┬█нKм█нKм█нH█нLкм█нLкм█нLб≥┬█нLкм█нLкм█нLх█нMм█нMм█нM█нL▀м█нL▀м█нL┌≥┬█нMм█нMм█нM█нLкм█нLкм█нLх█нMKм█нMKм█нMB≥┬█нM▀м█нM▀м█нM┬█нMм█нMм█нM█нMKм█нMKм█нMB≥┬█нM▀м█нM▀м█нM┬█нMKм█нMKм█нMH█нMкм█нMкм█нMб≥┬█нMкм█нMкм█нMх█нNм█нNм█нN█нM▀м█нM▀м█нM┌≥┬▌Kм▌Kм▌H▌м▌м▌█нNKм█нNKм█нNB≥┬█нNKм█нNKм█нNH▌▀м▌▀м▌┬▌Kм▌Kм▌B≥┬█нNKм█нNKм█нNH▌км▌км▌х▌▀м▌▀м▌┌≥┬▌км▌км▌х▌м▌м▌▌▀м▌▀м▌┌≥┬▌км▌км▌х▌▀м▌▀м▌┬▌Kм▌Kм▌B≥┬▌Kм▌Kм▌H▌м▌м▌▌км▌км▌б≥┬▌Kм▌Kм▌H▌Kм▌Kм▌H▌м▌м▌≥┬▌Kм▌Kм▌H▌Lм▌Lм▌L▌м▌м▌≥┬▌Lкм▌Lкм▌Lх▌L▀м▌L▀м▌L┬▌LKм▌LKм▌LB≥┬▌LKм▌LKм▌LH▌Mм▌Mм▌M▌Lкм▌Lкм▌Lб≥┬▌LKм▌LKм▌LH▌MKм▌MKм▌MH▌Mм▌Mм▌M≥┬▌MKм▌MKм▌MH▌M▀м▌M▀м▌M┬▌Mм▌Mм▌M≥┬▌NKм▌NKм▌NH▌Nм▌Nм▌N▌Mкм▌Mкм▌Mб≥┬▌Mкм▌Mкм▌Mх▌▄м▌▄м▌▄▌NKм▌NKм▌NB≥┬▌Mкм▌Mкм▌Mх▌▄Kм▌▄Kм▌▄H▌▄м▌▄м▌▄≥┬▌▄Kм▌▄Kм▌▄H▌▄▀м▌▄▀м▌▄┬▌▄м▌▄м▌▄≥┬▌█Kм▌█Kм▌█H▌█м▌█м▌█▌▄км▌▄км▌▄б≥┬▌█▀м▌█▀м▌█┬▌█Kм▌█Kм▌█H▌▄км▌▄км▌▄б≥┬▌█▀м▌█▀м▌█┬▌▄км▌▄км▌▄х▌█км▌█км▌█б≥┬▌▌м▌▌м▌▌▌█▀м▌█▀м▌█┬▌█км▌█км▌█б≥┬▌лKм▌лKм▌лH▌лм▌лм▌л▌▌Kм▌▌Kм▌▌B≥┬▌лKм▌лKм▌лH▌▌Kм▌▌Kм▌▌H▌л▀м▌л▀м▌л┌≥┬▌лкм▌лкм▌лх▌лKм▌лKм▌лH▌л▀м▌л▀м▌л┌≥┬▌л▀м▌л▀м▌л┬▌мм▌мм▌м▌лкм▌лкм▌лб≥┬▌мKм▌мKм▌мH▌лкм▌лкм▌лх▌мм▌мм▌м≥┬▌мKм▌мKм▌мH▌мм▌мм▌м▌м▀м▌м▀м▌м┌≥┬▌мкм▌мкм▌мх▌мKм▌мKм▌мH▌м▀м▌м▀м▌м┌≥┬▌м▀м▌м▀м▌м┬▌нм▌нм▌н▌мкм▌мкм▌мб≥┬▌Kм▌Kм▌H▌м▌м▌▌нKм▌нKм▌нB≥┬▌Kм▌Kм▌H▌нKм▌нKм▌нH▌▀м▌▀м▌┌≥┬▌км▌км▌х▌Kм▌Kм▌H▌▀м▌▀м▌┌≥┬▌▀м▌▀м▌┬▌м▌м▌▌км▌км▌б≥┬▌Kм▌Kм▌H▌км▌км▌х▌м▌м▌≥┬▌Kм▌Kм▌H▌м▌м▌▌▀м▌▀м▌┌≥┬▌км▌км▌х▌Kм▌Kм▌H▌▀м▌▀м▌┌≥┬▌▀м▌▀м▌┬▌м▌м▌▌км▌км▌б≥┬▌LKм▌LKм▌LH▌Lм▌Lм▌L▌Kм▌Kм▌B≥┬▌Kм▌Kм▌H▌L▀м▌L▀м▌L┬▌LKм▌LKм▌LB≥┬▌L▀м▌L▀м▌L┬▌Lкм▌Lкм▌Lх▌LKм▌LKм▌LB≥┬▌L▀м▌L▀м▌L┬▌Mм▌Mм▌M▌Lкм▌Lкм▌Lб≥┬▌Mкм▌Mкм▌Mх▌M▀м▌M▀м▌M┬▌MKм▌MKм▌MB≥┬▌MKм▌MKм▌MH▌Nм▌Nм▌N▌Mкм▌Mкм▌Mб≥┬▌Nм▌Nм▌N▌NKм▌NKм▌NH▌Mкм▌Mкм▌Mб≥┬▌Nм▌Nм▌N▌▄м▌▄м▌▄▌NKм▌NKм▌NB≥┬▌▄км▌▄км▌▄х▌▄▀м▌▄▀м▌▄┬▌▄Kм▌▄Kм▌▄B≥┬▌▄Kм▌▄Kм▌▄H▌█м▌█м▌█▌▄км▌▄км▌▄б≥┬▌█м▌█м▌█▌█Kм▌█Kм▌█H▌▄км▌▄км▌▄б≥┬▌█м▌█м▌█▌█▀м▌█▀м▌█┬▌█Kм▌█Kм▌█B≥┬▌▌Kм▌▌Kм▌▌H▌▌м▌▌м▌▌▌█км▌█км▌█б≥┬▌█км▌█км▌█х▌лм▌лм▌л▌▌Kм▌▌Kм▌▌B≥┬▌лм▌лм▌л▌лKм▌лKм▌лH▌▌Kм▌▌Kм▌▌B≥┬▌лм▌лм▌л▌л▀м▌л▀м▌л┬▌лKм▌лKм▌лB≥┬▌мKм▌мKм▌мH▌мм▌мм▌м▌лкм▌лкм▌лб≥┬▌м▀м▌м▀м▌м┬▌мKм▌мKм▌мH▌лкм▌лкм▌лб≥┬▌нKм▌нKм▌нH▌нм▌нм▌н▌мкм▌мкм▌мб≥┬▌м▌м▌▌нKм▌нKм▌нH▌мкм▌мкм▌мб≥┬▌км▌км▌х▌▀м▌▀м▌┬▌Kм▌Kм▌B≥┬▌м▌м▌▌км▌км▌х▌Kм▌Kм▌B≥┬▌км▌км▌х▌▀м▌▀м▌┬▌Kм▌Kм▌B≥┬▌м▌м▌▌км▌км▌х▌Kм▌Kм▌B≥┬▌LKм▌LKм▌LH▌Lм▌Lм▌L▌Kм▌Kм▌B≥┬▌L▀м▌L▀м▌L┬▌LKм▌LKм▌LH▌Kм▌Kм▌B≥┬▌MKм▌MKм▌MH▌Mм▌Mм▌M▌Lкм▌Lкм▌Lб≥┬▌Lкм▌Lкм▌Lх▌M▀м▌M▀м▌M┬▌MKм▌MKм▌MB≥┬▌Lкм▌Lкм▌Lх▌Mкм▌Mкм▌Mх▌M▀м▌M▀м▌M┌≥┬▌Mкм▌Mкм▌Mх▌Nм▌Nм▌N▌M▀м▌M▀м▌M┌≥┬▌Nм▌Nм▌N▌Mкм▌Mкм▌Mх▌NKм▌NKм▌NB≥┬▌NKм▌NKм▌NH▌Lм▌Lм▌L▌Nм▌Nм▌N≥┬▌NKм▌NKм▌NH▌LKм▌LKм▌LH▌Lм▌Lм▌L≥┬▌LKм▌LKм▌LH▌L▀м▌L▀м▌L┬▌Lм▌Lм▌L≥┬▌LKм▌LKм▌LH▌Lм▌Lм▌L▌Lкм▌Lкм▌Lб≥┬▌L▀м▌L▀м▌L┬▌LKм▌LKм▌LH▌Lкм▌Lкм▌Lб≥┬▌LKм▌LKм▌LH▌Lм▌Lм▌L▌Lкм▌Lкм▌Lб≥┬▌LKм▌LKм▌LH▌Lкм▌Lкм▌Lх▌LLм▌LLм▌LL≥┬▌LLKм▌LLKм▌LLH▌LKм▌LKм▌LH▌LLм▌LLм▌LL≥┬▌LLм▌LLм▌LL▌LL▀м▌LL▀м▌LL┬▌LLKм▌LLKм▌LLB≥┬▌LLкм▌LLкм▌LLх▌LLKм▌LLKм▌LLH▌LL▀м▌LL▀м▌LL┌≥┬▌LLкм▌LLкм▌LLх▌LL▀м▌LL▀м▌LL┬▌LMм▌LMм▌LM≥┬▌LMKм▌LMKм▌LMH▌LLкм▌LLкм▌LLх▌LMм▌LMм▌LM≥┬▌LMм▌LMм▌LM▌LM▀м▌LM▀м▌LM┬▌LMKм▌LMKм▌LMB≥┬▌LNKм▌LNKм▌LNH▌LNм▌LNм▌LN▌LMкм▌LMкм▌LMб≥┬▌L▄м▌L▄м▌L▄▌LNKм▌LNKм▌LNH▌LMкм▌LMкм▌LMб≥┬▌L▄км▌L▄км▌L▄х▌L▄▀м▌L▄▀м▌L▄┬▌L▄Kм▌L▄Kм▌L▄B≥┬▌L█м▌L█м▌L█▌L▄км▌L▄км▌L▄х▌L▄Kм▌L▄Kм▌L▄B≥┬▌L█км▌L█км▌L█х▌L█▀м▌L█▀м▌L█┬▌L█Kм▌L█Kм▌L█B≥┬▌L▌м▌L▌м▌L▌▌L█км▌L█км▌L█х▌L█Kм▌L█Kм▌L█B≥┬▌L▌м▌L▌м▌L▌▌L█Kм▌L█Kм▌L█H▌L▌Kм▌L▌Kм▌L▌B≥┬▌L▌Kм▌L▌Kм▌L▌H▌Lлм▌Lлм▌Lл▌L▌м▌L▌м▌L▌≥┬▌Lлм▌Lлм▌Lл▌L▌Kм▌L▌Kм▌L▌H▌LлKм▌LлKм▌LлB≥┬▌Lл▀м▌Lл▀м▌Lл┬▌Lлм▌Lлм▌Lл▌LлKм▌LлKм▌LлB≥┬▌Lл▀м▌Lл▀м▌Lл┬▌LлKм▌LлKм▌LлH▌Lлкм▌Lлкм▌Lлб≥┬▌Lлкм▌Lлкм▌Lлх▌Lмм▌Lмм▌Lм▌Lл▀м▌Lл▀м▌Lл┌≥┬▌Lмкм▌Lмкм▌Lмх▌Lм▀м▌Lм▀м▌Lм┬▌LмKм▌LмKм▌LмB≥┬▌Lнм▌Lнм▌Lн▌Lмкм▌Lмкм▌Lмх▌LмKм▌LмKм▌LмB≥┬▌MKм▌MKм▌MH▌Mм▌Mм▌M▌LнKм▌LнKм▌LнB≥┬▌LнKм▌LнKм▌LнH▌M▀м▌M▀м▌M┬▌MKм▌MKм▌MB≥┬▌M▀м▌M▀м▌M┬▌Mкм▌Mкм▌Mх▌MKм▌MKм▌MB≥┬▌M▀м▌M▀м▌M┬▌Mм▌Mм▌M▌Mкм▌Mкм▌Mб≥┬▌Mкм▌Mкм▌Mх▌M▀м▌M▀м▌M┬▌MKм▌MKм▌MB≥┬▌Mм▌Mм▌M▌Mкм▌Mкм▌Mх▌MKм▌MKм▌MB≥┬▌MLKм▌MLKм▌MLH▌MLм▌MLм▌ML▌MKм▌MKм▌MB≥┬▌ML▀м▌ML▀м▌ML┬▌MLKм▌MLKм▌MLH▌MKм▌MKм▌MB≥┬▌MMKм▌MMKм▌MMH▌MMм▌MMм▌MM▌MLкм▌MLкм▌MLб≥┬▌MM▀м▌MM▀м▌MM┬▌MMKм▌MMKм▌MMH▌MLкм▌MLкм▌MLб≥┬▌MNKм▌MNKм▌MNH▌MNм▌MNм▌MN▌MMкм▌MMкм▌MMб≥┬▌M▄м▌M▄м▌M▄▌MNKм▌MNKм▌MNH▌MMкм▌MMкм▌MMб≥┬▌M▄км▌M▄км▌M▄х▌M▄▀м▌M▄▀м▌M▄┬▌M▄Kм▌M▄Kм▌M▄B≥┬▌M█м▌M█м▌M█▌M▄км▌M▄км▌M▄х▌M▄Kм▌M▄Kм▌M▄B≥┬▌M█км▌M█км▌M█х▌M█▀м▌M█▀м▌M█┬▌M█Kм▌M█Kм▌M█B≥┬▌M▌м▌M▌м▌M▌▌M█км▌M█км▌M█х▌M█Kм▌M█Kм▌M█B≥┬▌MлKм▌MлKм▌MлH▌Mлм▌Mлм▌Mл▌M▌Kм▌M▌Kм▌M▌B≥┬▌Mл▀м▌Mл▀м▌Mл┬▌MлKм▌MлKм▌MлH▌M▌Kм▌M▌Kм▌M▌B≥┬▌MмKм▌MмKм▌MмH▌Mмм▌Mмм▌Mм▌Mлкм▌Mлкм▌Mлб≥┬▌Mм▀м▌Mм▀м▌Mм┬▌MмKм▌MмKм▌MмH▌Mлкм▌Mлкм▌Mлб≥┬▌MнKм▌MнKм▌MнH▌Mнм▌Mнм▌Mн▌Mмкм▌Mмкм▌Mмб≥┬▌Nм▌Nм▌N▌MнKм▌MнKм▌MнH▌Mмкм▌Mмкм▌Mмб≥┬▌Nкм▌Nкм▌Nх▌N▀м▌N▀м▌N┬▌NKм▌NKм▌NB≥┬▌Nм▌Nм▌N▌Nкм▌Nкм▌Nх▌NKм▌NKм▌NB≥┬▌Nкм▌Nкм▌Nх▌N▀м▌N▀м▌N┬▌NKм▌NKм▌NB≥┬▌Nм▌Nм▌N▌Nкм▌Nкм▌Nх▌NKм▌NKм▌NB≥┬▌NLKм▌NLKм▌NLH▌NLм▌NLм▌NL▌NKм▌NKм▌NB≥┬▌NL▀м▌NL▀м▌NL┬▌NLKм▌NLKм▌NLH▌NKм▌NKм▌NB≥┬▌NMKм▌NMKм▌NMH▌NMм▌NMм▌NM▌NLкм▌NLкм▌NLб≥┬▌NM▀м▌NM▀м▌NM┬▌NMKм▌NMKм▌NMH▌NLкм▌NLкм▌NLб≥┬▌NNKм▌NNKм▌NNH▌NNм▌NNм▌NN▌NMкм▌NMкм▌NMб≥┬лмлмл▌NNKм▌NNKм▌NNH▌NMкм▌NMкм▌NMб≥┬лкмлкмлхл▀мл▀мл┬лKмлKмлB≥┬лмлмллкмлкмлхлKмлKмлB≥┬лкмлкмлхл▀мл▀мл┬лKмлKмлB≥┬лмлмллкмлкмлхлKмлKмлB≥┬лLKмлLKмлLHлLмлLмлLлKмлKмлB≥┬лL▀млL▀млL┬лLKмлLKмлLHлKмлKмлB≥┬лMKмлMKмлMHлMмлMмлMлLкмлLкмлLб≥┬лM▀млM▀млM┬лMKмлMKмлMHлLкмлLкмлLб≥┬лNKмлNKмлNHлNмлNмлNлMкмлMкмлMб≥┬л▄мл▄мл▄лNKмлNKмлNHлMкмлMкмлMб≥┬л▄кмл▄кмл▄хл▄▀мл▄▀мл▄┬л▄Kмл▄Kмл▄B≥┬л█мл█мл█л▄кмл▄кмл▄хл▄Kмл▄Kмл▄B≥┬л█кмл█кмл█хл█▀мл█▀мл█┬л█Kмл█Kмл█B≥┬л▌мл▌мл▌л█кмл█кмл█хл█Kмл█Kмл█B≥┬ллKмллKмллHллмллмллл▌Kмл▌Kмл▌B≥┬лл▀млл▀млл┬ллKмллKмллHл▌Kмл▌Kмл▌B≥┬лмKмлмKмлмHлммлммлмллкмллкмллб≥┬лм▀млм▀млм┬лмKмлмKмлмHллкмллкмллб≥┬лнKмлнKмлнHлнмлнмлнлмкмлмкмлмб≥┬лмлмллнKмлнKмлнHлмкмлмкмлмб≥┬лкмлкмлхл▀мл▀мл┬лKмлKмлB≥┬лмлмллкмлкмлхлKмлKмлB≥┬лкмлкмлхл▀мл▀мл┬лKмлKмлB≥┬лмлмллкмлкмлхлKмлKмлB≥┬лLKмлLKмлLHлLмлLмлLлKмлKмлB≥┬лL▀млL▀млL┬лLKмлLKмлLHлKмлKмлB≥┬лMKмлMKмлMHлMмлMмлMлLкмлLкмлLб≥┬лM▀млM▀млM┬лMKмлMKмлMHлLкмлLкмлLб≥┬лNKмлNKмлNHлNмлNмлNлMкмлMкмлMб≥┬л▄мл▄мл▄лNKмлNKмлNHлMкмлMкмлMб≥┬л▄кмл▄кмл▄хл▄▀мл▄▀мл▄┬л▄Kмл▄Kмл▄B≥┬л█мл█мл█л▄кмл▄кмл▄хл▄Kмл▄Kмл▄B≥┬л█кмл█кмл█хл█▀мл█▀мл█┬л█Kмл█Kмл█B≥┬л▌мл▌мл▌л█кмл█кмл█хл█Kмл█Kмл█B≥┬ллмллмллл▌Kмл▌Kмл▌Hл▌мл▌мл▌≥┬ллKмллKмллHллмллмллл▌мл▌мл▌≥┬лммлммлмллкмллкмллхлл▀млл▀млл┌≥┬лмKмлмKмлмHлммлммлмлл▀млл▀млл┌≥┬лнмлнмлнлмкмлмкмлмхлм▀млм▀млм┌≥┬лнKмлнKмлнHлнмлнмлнлм▀млм▀млм┌≥┬л▀мл▀мл┬лKмлKмлHлмлмл≥┬лкмлкмлхл▀мл▀мл┬лмлмл≥┬л▀мл▀мл┬лKмлKмлHлмлмл≥┬лкмлкмлхл▀мл▀мл┬лмлмл≥┬лLмлLмлLлKмлKмлHлмлмл≥┬лLKмлLKмлLHлLмлLмлLлмлмл≥┬лMмлMмлMлLкмлLкмлLхлL▀млL▀млL┌≥┬лMKмлMKмлMHлMмлMмлMлL▀млL▀млL┌≥┬лNмлNмлNлMкмлMкмлMхлM▀млM▀млM┌≥┬лNKмлNKмлNHлNмлNмлNлM▀млM▀млM┌≥┬лL▀млL▀млL┬лLKмлLKмлLHлLмлLмлL≥┬лLкмлLкмлLхлL▀млL▀млL┬лLмлLмлL≥┬лL▀млL▀млL┬лLKмлLKмлLHлLмлLмлL≥┬лLкмлLкмлLхлL▀млL▀млL┬лLмлLмлL≥┬лLмлLмлLлLKмлLKмлLHлLмлLмлL≥┬лLKмлLKмлLHлLLмлLLмлLLлLмлLмлL≥┬лLLкмлLLкмлLLхлLL▀млLL▀млLL┬лLLKмлLLKмлLLB≥┬лLMмлLMмлLMлLLкмлLLкмлLLхлLLKмлLLKмлLLB≥┬лLMкмлLMкмлLMхлLM▀млLM▀млLM┬лLMKмлLMKмлLMB≥┬лLNмлLNмлLNлLMкмлLMкмлLMхлLMKмлLMKмлLMB≥┬лL▄KмлL▄KмлL▄HлL▄млL▄млL▄лLNKмлLNKмлLNB≥┬лL▄▀млL▄▀млL▄┬лL▄KмлL▄KмлL▄HлLNKмлLNKмлLNB≥┬лL█KмлL█KмлL█HлL█млL█млL█лL▄кмлL▄кмлL▄б≥┬лL█▀млL█▀млL█┬лL█KмлL█KмлL█HлL▄кмлL▄кмлL▄б≥┬лL▌KмлL▌KмлL▌HлL▌млL▌млL▌лL█кмлL█кмлL█б≥┬лL█кмлL█кмлL█хлLлмлLлмлLллL▌KмлL▌KмлL▌B≥┬лL█кмлL█кмлL█хлLлKмлLлKмлLлHлLлмлLлмлLл≥┬лLлKмлLлKмлLлHлLл▀млLл▀млLл┬лLлмлLлмлLл≥┬лLмKмлLмKмлLмHлLммлLммлLмлLлкмлLлкмлLлб≥┬лLм▀млLм▀млLм┬лLмKмлLмKмлLмHлLлкмлLлкмлLлб≥┬лLм▀млLм▀млLм┬лLлкмлLлкмлLлхлLмкмлLмкмлLмб≥┬лLмкмлLмкмлLмхлLнмлLнмлLнлLм▀млLм▀млLм┌≥┬лLнмлLнмлLнлLмкмлLмкмлLмхлLнKмлLнKмлLнB≥┬лMмлMмлMлLнмлLнмлLнлLнKмлLнKмлLнB≥┬лMмлMмлMлLнKмлLнKмлLнHлMKмлMKмлMB≥┬лMKмлMKмлMHлM▀млM▀млM┬лMмлMмлM≥┬лMKмлMKмлMHлMмлMмлMлMкмлMкмлMб≥┬лMкмлMкмлMхлM▀млM▀млM┬лMKмлMKмлMB≥┬лMкмлMкмлMхлMкмлMкмлMхлM▀млM▀млM┌≥┬лMкмлMкмлMхлMмлMмлMлM▀млM▀млM┌≥┬лMLKмлMLKмлMLHлMLмлMLмлMLлMKмлMKмлMB≥┬лMKмлMKмлMHлML▀млML▀млML┬лMLKмлMLKмлMLB≥┬лMKмлMKмлMHлMLкмлMLкмлMLхлML▀млML▀млML┌≥┬лMLкмлMLкмлMLхлMMмлMMмлMMлML▀млML▀млML┌≥┬лMMкмлMMкмлMMхлMM▀млMM▀млMM┬лMMKмлMMKмлMMB≥┬лMMKмлMMKмлMMHлMNмлMNмлMNлMMкмлMMкмлMMб≥┬лMMKмлMMKмлMMHлMNKмлMNKмлMNHлMNмлMNмлMN≥┬лMNKмлMNKмлMNHлM▄млM▄млM▄лMNмлMNмлMN≥┬лM▄кмлM▄кмлM▄хлM▄▀млM▄▀млM▄┬лM▄KмлM▄KмлM▄B≥┬лM▄KмлM▄KмлM▄HлM█млM█млM█лM▄кмлM▄кмлM▄б≥┬лM▄KмлM▄KмлM▄HлM█KмлM█KмлM█HлM█млM█млM█≥┬лM█KмлM█KмлM█HлM█▀млM█▀млM█┬лM█млM█млM█≥┬лM▌KмлM▌KмлM▌HлM▌млM▌млM▌лM█кмлM█кмлM█б≥┬лMлмлMлмлMллM▌KмлM▌KмлM▌HлM█кмлM█кмлM█б≥┬лMлмлMлмлMллM█кмлM█кмлM█хлMлKмлMлKмлMлB≥┬лMл▀млMл▀млMл┬лMлмлMлмлMллMлKмлMлKмлMлB≥┬лMмKмлMмKмлMмHлMммлMммлMмлMлкмлMлкмлMлб≥┬лMмKмлMмKмлMмHлMлкмлMлкмлMлхлMм▀млMм▀млMм┌≥┬лMмкмлMмкмлMмхлMмKмлMмKмлMмHлMм▀млMм▀млMм┌≥┬лMм▀млMм▀млMм┬лMнмлMнмлMнлMмкмлMмкмлMмб≥┬лMнKмлMнKмлMнHлMмкмлMмкмлMмхлMнмлMнмлMн≥┬лMнKмлMнKмлMнHлMнмлMнмлMнлNмлNмлN≥┬лNKмлNKмлNHлMнKмлMнKмлMнHлNмлNмлN≥┬лNмлNмлNлN▀млN▀млN┬лNKмлNKмлNB≥┬лNKмлNKмлNHлNмлNмлNлNкмлNкмлNб≥┬лNKмлNKмлNHлNкмлNкмлNхлN▀млN▀млN┌≥┬лNкмлNкмлNхлNKмлNKмлNHлN▀млN▀млN┌≥┬лN▀млN▀млN┬лNмлNмлNлNкмлNкмлNб≥┬лNKмлNKмлNHлNкмлNкмлNхлNмлNмлN≥┬лNKмлNKмлNHлNмлNмлNлNLмлNLмлNL≥┬лNLKмлNLKмлNLHлNKмлNKмлNHлNLмлNLмлNL≥┬лNLмлNLмлNLлNL▀млNL▀млNL┬лNLKмлNLKмлNLB≥┬лNMKмлNMKмлNMHлNMмлNMмлNMлNLкмлNLкмлNLб≥┬лNLкмлNLкмлNLхлNM▀млNM▀млNM┬лNMKмлNMKмлNMB≥┬лNM▀млNM▀млNM┬лNMкмлNMкмлNMхлNMKмлNMKмлNMB≥┬лNM▀млNM▀млNM┬лNNмлNNмлNNлNMкмлNMкмлNMб≥┬л▄Kмл▄Kмл▄Hл▄мл▄мл▄лNNKмлNNKмлNNB≥┬лNNKмлNNKмлNNHл▄▀мл▄▀мл▄┬л▄Kмл▄Kмл▄B≥┬л▄▀мл▄▀мл▄┬л▄кмл▄кмл▄хл▄Kмл▄Kмл▄B≥┬л▄▀мл▄▀мл▄┬л▄мл▄мл▄л▄кмл▄кмл▄б≥┬л▄кмл▄кмл▄хл▄▀мл▄▀мл▄┬л▄Kмл▄Kмл▄B≥┬л▄Kмл▄Kмл▄Hл▄мл▄мл▄л▄кмл▄кмл▄б≥┬л▄мл▄мл▄л▄Kмл▄Kмл▄Hл▄кмл▄кмл▄б≥┬л▄мл▄мл▄л▄Lмл▄Lмл▄Lл▄Kмл▄Kмл▄B≥┬л▄Lкмл▄Lкмл▄Lхл▄L▀мл▄L▀мл▄L┬л▄LKмл▄LKмл▄LB≥┬л▄LKмл▄LKмл▄LHл▄Mмл▄Mмл▄Mл▄Lкмл▄Lкмл▄Lб≥┬л▄Mмл▄Mмл▄Mл▄MKмл▄MKмл▄MHл▄Lкмл▄Lкмл▄Lб≥┬л▄Mмл▄Mмл▄Mл▄M▀мл▄M▀мл▄M┬л▄MKмл▄MKмл▄MB≥┬л▄NKмл▄NKмл▄NHл▄Nмл▄Nмл▄Nл▄Mкмл▄Mкмл▄Mб≥┬л▄▄мл▄▄мл▄▄л▄NKмл▄NKмл▄NHл▄Mкмл▄Mкмл▄Mб≥┬л▄▄кмл▄▄кмл▄▄хл▄▄▀мл▄▄▀мл▄▄┬л▄▄Kмл▄▄Kмл▄▄B≥┬л▄█мл▄█мл▄█л▄▄кмл▄▄кмл▄▄хл▄▄Kмл▄▄Kмл▄▄B≥┬л▄█кмл▄█кмл▄█хл▄█▀мл▄█▀мл▄█┬л▄█Kмл▄█Kмл▄█B≥┬л▄▌мл▄▌мл▄▌л▄█кмл▄█кмл▄█хл▄█Kмл▄█Kмл▄█B≥┬л▄лKмл▄лKмл▄лHл▄лмл▄лмл▄лл▄▌Kмл▄▌Kмл▄▌B≥┬л▄л▀мл▄л▀мл▄л┬л▄лKмл▄лKмл▄лHл▄▌Kмл▄▌Kмл▄▌B≥┬л▄мKмл▄мKмл▄мHл▄ммл▄ммл▄мл▄лкмл▄лкмл▄лб≥┬л▄м▀мл▄м▀мл▄м┬л▄мKмл▄мKмл▄мHл▄лкмл▄лкмл▄лб≥┬л▄нKмл▄нKмл▄нHл▄нмл▄нмл▄нл▄мкмл▄мкмл▄мб≥┬л▄мкмл▄мкмл▄мхл█мл█мл█л▄нKмл▄нKмл▄нB≥┬л▄мкмл▄мкмл▄мхл█Kмл█Kмл█Hл█мл█мл█≥┬л█Kмл█Kмл█Hл█▀мл█▀мл█┬л█мл█мл█≥┬л█▀мл█▀мл█┬л█Kмл█Kмл█Hл█кмл█кмл█б≥┬л█кмл█кмл█хл█мл█мл█л█▀мл█▀мл█┌≥┬л█кмл█кмл█хл█Kмл█Kмл█Hл█мл█мл█≥┬л█Kмл█Kмл█Hл█▀мл█▀мл█┬л█мл█мл█≥┬л█Kмл█Kмл█Hл█мл█мл█л█кмл█кмл█б≥┬л█Lмл█Lмл█Lл█Kмл█Kмл█Hл█кмл█кмл█б≥┬л█Lкмл█Lкмл█Lхл█L▀мл█L▀мл█L┬л█LKмл█LKмл█LB≥┬л█Lкмл█Lкмл█Lхл█LKмл█LKмл█LHл█Mмл█Mмл█M≥┬л█MKмл█MKмл█MHл█Lкмл█Lкмл█Lхл█Mмл█Mмл█M≥┬л█Mмл█Mмл█Mл█M▀мл█M▀мл█M┬л█MKмл█MKмл█MB≥┬л█Mкмл█Mкмл█Mхл█MKмл█MKмл█MHл█M▀мл█M▀мл█M┌≥┬л█Mкмл█Mкмл█Mхл█M▀мл█M▀мл█M┬л█Nмл█Nмл█N≥┬л█NKмл█NKмл█NHл█Mкмл█Mкмл█Mхл█Nмл█Nмл█N≥┬л█Nмл█Nмл█Nл█▄мл█▄мл█▄л█NKмл█NKмл█NB≥┬л█▄кмл█▄кмл█▄хл█▄▀мл█▄▀мл█▄┬л█▄Kмл█▄Kмл█▄B≥┬л██мл██мл██л█▄кмл█▄кмл█▄хл█▄Kмл█▄Kмл█▄B≥┬л██кмл██кмл██хл██▀мл██▀мл██┬л██Kмл██Kмл██B≥┬л█▌мл█▌мл█▌л██кмл██кмл██хл██Kмл██Kмл██B≥┬л█лKмл█лKмл█лHл█лмл█лмл█лл█▌Kмл█▌Kмл█▌B≥┬л█л▀мл█л▀мл█л┬л█лKмл█лKмл█лHл█▌Kмл█▌Kмл█▌B≥┬л█л▀мл█л▀мл█л┬л█▌Kмл█▌Kмл█▌Hл█лкмл█лкмл█лб≥┬л█лкмл█лкмл█лхл█ммл█ммл█мл█л▀мл█л▀мл█л┌≥┬л█ммл█ммл█мл█лкмл█лкмл█лхл█мKмл█мKмл█мB≥┬л█м▀мл█м▀мл█м┬л█ммл█ммл█мл█мKмл█мKмл█мB≥┬л█м▀мл█м▀мл█м┬л█мKмл█мKмл█мHл█мкмл█мкмл█мб≥┬л█мкмл█мкмл█мхл█нмл█нмл█нл█м▀мл█м▀мл█м┌≥┬л▌Kмл▌Kмл▌Hл▌мл▌мл▌л█нKмл█нKмл█нB≥┬л▌▀мл▌▀мл▌┬л▌Kмл▌Kмл▌Hл█нKмл█нKмл█нB≥┬л▌Kмл▌Kмл▌Hл▌мл▌мл▌л▌кмл▌кмл▌б≥┬л▌кмл▌кмл▌хл▌▀мл▌▀мл▌┬л▌Kмл▌Kмл▌B≥┬л▌▀мл▌▀мл▌┬л▌кмл▌кмл▌хл▌Kмл▌Kмл▌B≥┬л▌▀мл▌▀мл▌┬л▌мл▌мл▌л▌кмл▌кмл▌б≥┬л▌LKмл▌LKмл▌LHл▌Lмл▌Lмл▌Lл▌Kмл▌Kмл▌B≥┬л▌L▀мл▌L▀мл▌L┬л▌LKмл▌LKмл▌LHл▌Kмл▌Kмл▌B≥┬л▌MKмл▌MKмл▌MHл▌Mмл▌Mмл▌Mл▌Lкмл▌Lкмл▌Lб≥┬л▌M▀мл▌M▀мл▌M┬л▌MKмл▌MKмл▌MHл▌Lкмл▌Lкмл▌Lб≥┬л▌NKмл▌NKмл▌NHл▌Nмл▌Nмл▌Nл▌Mкмл▌Mкмл▌Mб≥┬ллмллмллл▌NKмл▌NKмл▌NHл▌Mкмл▌Mкмл▌Mб≥┬ллкмллкмллхлл▀млл▀млл┬ллKмллKмллB≥┬ллмллмллллкмллкмллхллKмллKмллB≥┬ллкмллкмллхлл▀млл▀млл┬ллKмллKмллB≥┬ллмллмллллкмллкмллхллKмллKмллB≥┬ллLKмллLKмллLHллLмллLмллLллKмллKмллB≥┬ллL▀мллL▀мллL┬ллLKмллLKмллLHллKмллKмллB≥┬ллMKмллMKмллMHллMмллMмллMллLкмллLкмллLб≥┬ллM▀мллM▀мллM┬ллMKмллMKмллMHллLкмллLкмллLб≥┬ллNKмллNKмллNHллNмллNмллNллMкмллMкмллMб≥┬лл▄млл▄млл▄ллNKмллNKмллNHллMкмллMкмллMб≥┬лл▄кмлл▄кмлл▄хлл▄▀млл▄▀млл▄┬лл▄Kмлл▄Kмлл▄B≥┬лл█млл█млл█лл▄кмлл▄кмлл▄хлл▄Kмлл▄Kмлл▄B≥┬лл█кмлл█кмлл█хлл█▀млл█▀млл█┬лл█Kмлл█Kмлл█B≥┬лл▌млл▌млл▌лл█кмлл█кмлл█хлл█Kмлл█Kмлл█B≥┬лллKмлллKмлллHлллмлллмллллл▌Kмлл▌Kмлл▌B≥┬ллл▀мллл▀мллл┬лллKмлллKмлллHлл▌Kмлл▌Kмлл▌B≥┬ллмKмллмKмллмHллммллммллмлллкмлллкмлллб≥┬ллм▀мллм▀мллм┬ллмKмллмKмллмHлллкмлллкмлллб≥┬ллнKмллнKмллнHллнмллнмллнллмкмллмкмллмб≥┬лммлммлмллнKмллнKмллнHллмкмллмкмллмб≥┬лмкмлмкмлмхлм▀млм▀млм┬лмKмлмKмлмB≥┬лммлммлмлмкмлмкмлмхлмKмлмKмлмB≥┬лмкмлмкмлмхлм▀млм▀млм┬лмKмлмKмлмB≥┬лммлммлмлмкмлмкмлмхлмKмлмKмлмB≥┬лмLKмлмLKмлмLHлмLмлмLмлмLлмKмлмKмлмB≥┬лмL▀млмL▀млмL┬лмLKмлмLKмлмLHлмKмлмKмлмB≥┬лмMKмлмMKмлмMHлмMмлмMмлмMлмLкмлмLкмлмLб≥┬лмM▀млмM▀млмM┬лмMKмлмMKмлмMHлмLкмлмLкмлмLб≥┬лмNKмлмNKмлмNHлмNмлмNмлмNлмMкмлмMкмлмMб≥┬лм▄млм▄млм▄лмNKмлмNKмлмNHлмMкмлмMкмлмMб≥┬лм▄кмлм▄кмлм▄хлм▄▀млм▄▀млм▄┬лм▄Kмлм▄Kмлм▄B≥┬лм█млм█млм█лм▄кмлм▄кмлм▄хлм▄Kмлм▄Kмлм▄B≥┬лм█кмлм█кмлм█хлм█▀млм█▀млм█┬лм█Kмлм█Kмлм█B≥┬лм▌млм▌млм▌лм█кмлм█кмлм█хлм█Kмлм█Kмлм█B≥┬лмлKмлмлKмлмлHлмлмлмлмлмллм▌Kмлм▌Kмлм▌B≥┬лмл▀млмл▀млмл┬лмлKмлмлKмлмлHлм▌Kмлм▌Kмлм▌B≥┬лммKмлммKмлммHлмммлмммлммлмлкмлмлкмлмлб≥┬лмм▀млмм▀млмм┬лммKмлммKмлммHлмлкмлмлкмлмлб≥┬лмнKмлмнKмлмнHлмнмлмнмлмнлммкмлммкмлммб≥┬лнмлнмлнлмнKмлмнKмлмнHлммкмлммкмлммб≥┬лнкмлнкмлнхлн▀млн▀млн┬лнKмлнKмлнB≥┬лнмлнмлнлнкмлнкмлнхлнKмлнKмлнB≥┬лнкмлнкмлнхлн▀млн▀млн┬лнKмлнKмлнB≥┬лнмлнмлнлнкмлнкмлнхлнKмлнKмлнB≥┬лнLKмлнLKмлнLHлнLмлнLмлнLлнKмлнKмлнB≥┬лнL▀млнL▀млнL┬лнLKмлнLKмлнLHлнKмлнKмлнB≥┬лнMKмлнMKмлнMHлнMмлнMмлнMлнLкмлнLкмлнLб≥┬лнM▀млнM▀млнM┬лнMKмлнMKмлнMHлнLкмлнLкмлнLб≥┬лнNKмлнNKмлнNHлнNмлнNмлнNлнMкмлнMкмлнMб≥┬мммммлнNKмлнNKмлнNHлнMкмлнMкмлнMб≥┬мкммкммхм▀мм▀мм┬мKммKммB≥┬ммммммкммкммхмKммKммB≥┬мкммкммхм▀мм▀мм┬мKммKммB≥┬ммммммкммкммхмKммKммB≥┬мLKммLKммLHмLммLммLмKммKммB≥┬мL▀ммL▀ммL┬мLKммLKммLHмKммKммB≥┬мMммMммMмLкммLкммLхмL▀ммL▀ммL┌≥┬мMKммMKммMHмMммMммMмL▀ммL▀ммL┌≥┬мNммNммNмMкммMкммMхмM▀ммM▀ммM┌≥┬мNKммNKммNHмNммNммNмM▀ммM▀ммM┌≥┬м▄▀мм▄▀мм▄┬м▄Kмм▄Kмм▄Hм▄мм▄мм▄≥┬м▄кмм▄кмм▄хм▄▀мм▄▀мм▄┬м▄мм▄мм▄≥┬м█▀мм█▀мм█┬м█Kмм█Kмм█Hм█мм█мм█≥┬м█кмм█кмм█хм█▀мм█▀мм█┬м█мм█мм█≥┬млммлммлм▌Kмм▌Kмм▌Hм▌мм▌мм▌≥┬млKммлKммлHмлммлммлм▌мм▌мм▌≥┬мммммммммлкммлкммлхмл▀ммл▀ммл┌≥┬ммKмммKмммHмммммммммл▀ммл▀ммл┌≥┬мнммнммнммкмммкмммхмм▀ммм▀ммм┌≥┬мнKммнKммнHмнммнммнмм▀ммм▀ммм┌≥┬м▀мм▀мм┬мKммKммHммммм≥┬мкммкммхм▀мм▀мм┬ммммм≥┬м▀мм▀мм┬мKммKммHммммм≥┬мкммкммхм▀мм▀мм┬ммммм≥┬мLммLммLмKммKммHммммм≥┬мLKммLKммLHмLммLммLммммм≥┬ммммммLкммLкммLхмL▀ммL▀ммL┌≥┬мLкммLкммLхмMммMммMмL▀ммL▀ммL┌≥┬мMкммMкммMхмM▀ммM▀ммM┬мMKммMKммMB≥┬мNммNммNмMкммMкммMхмMKммMKммMB≥┬м▄Kмм▄Kмм▄Hм▄мм▄мм▄мNKммNKммNB≥┬м▄▀мм▄▀мм▄┬м▄Kмм▄Kмм▄HмNKммNKммNB≥┬м█Kмм█Kмм█Hм█мм█мм█м▄кмм▄кмм▄б≥┬м█▀мм█▀мм█┬м█Kмм█Kмм█Hм▄кмм▄кмм▄б≥┬м▌Kмм▌Kмм▌Hм▌мм▌мм▌м█кмм█кмм█б≥┬млммлммлм▌Kмм▌Kмм▌Hм█кмм█кмм█б≥┬млкммлкммлхмл▀ммл▀ммл┬млKммлKммлB≥┬млKммлKммлHмммммммммлкммлкммлб≥┬млKммлKммлHммKмммKмммHмммммммм≥┬ммKмммKмммHмм▀ммм▀ммм┬мммммммм≥┬мнKммнKммнHмнммнммнммкмммкмммб≥┬ммммммнKммнKммнHммкмммкмммб≥┬мммммммкмммкмммхмKммKммB≥┬мKммKммHм▀мм▀мм┬ммммм≥┬м▀мм▀мм┬мKммKммHмкммкммб≥┬мммммм▀мм▀мм┬мкммкммб≥┬ммммммкммкммхмKммKммB≥┬мKммKммHм▀мм▀мм┬ммммм≥┬мKммKммHммммммкммкммб≥┬мкммкммхмLммLммLмKммKммB≥┬мкммкммхмLKммLKммLHмLммLммL≥┬мLKммLKммLHмL▀ммL▀ммL┬мLммLммL≥┬мMKммMKммMHмMммMммMмLкммLкммLб≥┬мLкммLкммLхмM▀ммM▀ммM┬мMKммMKммMB≥┬мLкммLкммLхмMкммMкммMхмM▀ммM▀ммM┌≥┬мMкммMкммMхмNммNммNмM▀ммM▀ммM┌≥┬мLKммLKммLHмLммLммLмNKммNKммNB≥┬мNKммNKммNHмL▀ммL▀ммL┬мLKммLKммLB≥┬мNKммNKммNHмLкммLкммLхмL▀ммL▀ммL┌≥┬мLкммLкммLхмLммLммLмL▀ммL▀ммL┌≥┬мLкммLкммLхмL▀ммL▀ммL┬мLKммLKммLB≥┬мLKммLKммLHмLммLммLмLкммLкммLб≥┬мLKммLKммLHмLKммLKммLHмLммLммL≥┬мLKммLKммLHмLLммLLммLLмLммLммL≥┬мLLкммLLкммLLхмLL▀ммLL▀ммLL┬мLLKммLLKммLLB≥┬мLMммLMммLMмLLкммLLкммLLхмLLKммLLKммLLB≥┬мLMммLMммLMмLLKммLLKммLLHмLMKммLMKммLMB≥┬мLM▀ммLM▀ммLM┬мLMммLMммLMмLMKммLMKммLMB≥┬мLNKммLNKммLNHмLNммLNммLNмLMкммLMкммLMб≥┬мLNKммLNKммLNHмLMкммLMкммLMхмL▄ммL▄ммL▄≥┬мL▄KммL▄KммL▄HмLNKммLNKммLNHмL▄ммL▄ммL▄≥┬мL▄ммL▄ммL▄мL▄▀ммL▄▀ммL▄┬мL▄KммL▄KммL▄B≥┬мL▄кммL▄кммL▄хмL▄KммL▄KммL▄HмL▄▀ммL▄▀ммL▄┌≥┬мL▄кммL▄кммL▄хмL▄▀ммL▄▀ммL▄┬мL█ммL█ммL█≥┬мL█KммL█KммL█HмL▄кммL▄кммL▄хмL█ммL█ммL█≥┬мL█ммL█ммL█мL█▀ммL█▀ммL█┬мL█KммL█KммL█B≥┬мL▌KммL▌KммL▌HмL▌ммL▌ммL▌мL█кммL█кммL█б≥┬мL▌KммL▌KммL▌HмL█кммL█кммL█хмLлммLлммLл≥┬мLлKммLлKммLлHмL▌KммL▌KммL▌HмLлммLлммLл≥┬мLлммLлммLлмLл▀ммLл▀ммLл┬мLлKммLлKммLлB≥┬мLлкммLлкммLлхмLлKммLлKммLлHмLл▀ммLл▀ммLл┌≥┬мLлкммLлкммLлхмLл▀ммLл▀ммLл┬мLмммLмммLм≥┬мLмKммLмKммLмHмLлкммLлкммLлхмLмммLмммLм≥┬мLмммLмммLммLм▀ммLм▀ммLм┬мLмKммLмKммLмB≥┬мLнKммLнKммLнHмLнммLнммLнмLмкммLмкммLмб≥┬мLмкммLмкммLмхмMммMммMмLнKммLнKммLнB≥┬мMммMммMмMKммMKммMHмLнKммLнKммLнB≥┬мMммMммMмM▀ммM▀ммM┬мMKммMKммMB≥┬мMKммMKммMHмMммMммMмMкммMкммMб≥┬мMкммMкммMхмM▀ммM▀ммM┬мMKммMKммMB≥┬мM▀ммM▀ммM┬мMкммMкммMхмMKммMKммMB≥┬мM▀ммM▀ммM┬мMммMммMмMкммMкммMб≥┬мMLKммMLKммMLHмMLммMLммMLмMKммMKммMB≥┬мMKммMKммMHмML▀ммML▀ммML┬мMLKммMLKммMLB≥┬мML▀ммML▀ммML┬мMLкммMLкммMLхмMLKммMLKммMLB≥┬мML▀ммML▀ммML┬мMMммMMммMMмMLкммMLкммMLб≥┬мMMкммMMкммMMхмMM▀ммMM▀ммMM┬мMMKммMMKммMMB≥┬мMMKммMMKммMMHмMNммMNммMNмMMкммMMкммMMб≥┬мMNммMNммMNмMNKммMNKммMNHмMMкммMMкммMMб≥┬мMNммMNммMNмM▄ммM▄ммM▄мMNKммMNKммMNB≥┬мM▄кммM▄кммM▄хмM▄▀ммM▄▀ммM▄┬мM▄KммM▄KммM▄B≥┬мM█ммM█ммM█мM▄кммM▄кммM▄хмM▄KммM▄KммM▄B≥┬мM█кммM█кммM█хмM█▀ммM█▀ммM█┬мM█KммM█KммM█B≥┬мM▌ммM▌ммM▌мM█кммM█кммM█хмM█KммM█KммM█B≥┬мMлKммMлKммMлHмMлммMлммMлмM▌KммM▌KммM▌B≥┬мMл▀ммMл▀ммMл┬мMлKммMлKммMлHмM▌KммM▌KммM▌B≥┬мMмKммMмKммMмHмMмммMмммMммMлкммMлкммMлб≥┬мMм▀ммMм▀ммMм┬мMмKммMмKммMмHмMлкммMлкммMлб≥┬мMнKммMнKммMнHмMнммMнммMнмMмкммMмкммMмб≥┬мNммNммNмMнKммMнKммMнHмMмкммMмкммMмб≥┬мNкммNкммNхмN▀ммN▀ммN┬мNKммNKммNB≥┬мNKммNKммNHмNммNммNмNкммNкммNб≥┬мNKммNKммNHмNKммNKммNHмNммNммN≥┬мNKммNKммNHмN▀ммN▀ммN┬мNммNммN≥┬мN▀ммN▀ммN┬мNKммNKммNHмNкммNкммNб≥┬мNкммNкммNхмNммNммNмN▀ммN▀ммN┌≥┬мNкммNкммNхмNKммNKммNHмNммNммN≥┬мNKммNKммNHмNLммNLммNLмNммNммN≥┬мNLкммNLкммNLхмNL▀ммNL▀ммNL┬мNLKммNLKммNLB≥┬мNMммNMммNMмNLкммNLкммNLхмNLKммNLKммNLB≥┬мNMкммNMкммNMхмNM▀ммNM▀ммNM┬мNMKммNMKммNMB≥┬мNMкммNMкммNMхмNMKммNMKммNMHмNNммNNммNN≥┬мNNKммNNKммNNHмNMкммNMкммNMхмNNммNNммNN≥┬мNNммNNммNNм▄мм▄мм▄мNNKммNNKммNNB≥┬м▄Kмм▄Kмм▄HмNNKммNNKммNNHм▄мм▄мм▄≥┬м▄Kмм▄Kмм▄Hм▄мм▄мм▄м▄▀мм▄▀мм▄┌≥┬м▄кмм▄кмм▄хм▄Kмм▄Kмм▄Hм▄▀мм▄▀мм▄┌≥┬м▄▀мм▄▀мм▄┬м▄мм▄мм▄м▄кмм▄кмм▄б≥┬м▄кмм▄кмм▄хм▄▀мм▄▀мм▄┬м▄Kмм▄Kмм▄B≥┬м▄мм▄мм▄м▄кмм▄кмм▄хм▄Kмм▄Kмм▄B≥┬м▄LKмм▄LKмм▄LHм▄Lмм▄Lмм▄Lм▄Kмм▄Kмм▄B≥┬м▄L▀мм▄L▀мм▄L┬м▄LKмм▄LKмм▄LHм▄Kмм▄Kмм▄B≥┬м▄MKмм▄MKмм▄MHм▄Mмм▄Mмм▄Mм▄Lкмм▄Lкмм▄Lб≥┬м▄M▀мм▄M▀мм▄M┬м▄MKмм▄MKмм▄MHм▄Lкмм▄Lкмм▄Lб≥┬м▄M▀мм▄M▀мм▄M┬м▄Lкмм▄Lкмм▄Lхм▄Mкмм▄Mкмм▄Mб≥┬м▄Mкмм▄Mкмм▄Mхм▄Nмм▄Nмм▄Nм▄M▀мм▄M▀мм▄M┌≥┬м▄Nмм▄Nмм▄Nм▄Mкмм▄Mкмм▄Mхм▄NKмм▄NKмм▄NB≥┬м▄▄мм▄▄мм▄▄м▄Nмм▄Nмм▄Nм▄NKмм▄NKмм▄NB≥┬м▄▄мм▄▄мм▄▄м▄NKмм▄NKмм▄NHм▄▄Kмм▄▄Kмм▄▄B≥┬м▄▄Kмм▄▄Kмм▄▄Hм▄▄▀мм▄▄▀мм▄▄┬м▄▄мм▄▄мм▄▄≥┬м▄█Kмм▄█Kмм▄█Hм▄█мм▄█мм▄█м▄▄кмм▄▄кмм▄▄б≥┬м▄█▀мм▄█▀мм▄█┬м▄█Kмм▄█Kмм▄█Hм▄▄кмм▄▄кмм▄▄б≥┬м▄▌Kмм▄▌Kмм▄▌Hм▄▌мм▄▌мм▄▌м▄█кмм▄█кмм▄█б≥┬м▄█кмм▄█кмм▄█хм▄лмм▄лмм▄лм▄▌Kмм▄▌Kмм▄▌B≥┬м▄лмм▄лмм▄лм▄лKмм▄лKмм▄лHм▄▌Kмм▄▌Kмм▄▌B≥┬м▄лмм▄лмм▄лм▄л▀мм▄л▀мм▄л┬м▄лKмм▄лKмм▄лB≥┬м▄мKмм▄мKмм▄мHм▄ммм▄ммм▄мм▄лкмм▄лкмм▄лб≥┬м▄м▀мм▄м▀мм▄м┬м▄мKмм▄мKмм▄мHм▄лкмм▄лкмм▄лб≥┬м▄нKмм▄нKмм▄нHм▄нмм▄нмм▄нм▄мкмм▄мкмм▄мб≥┬м█мм█мм█м▄нKмм▄нKмм▄нHм▄мкмм▄мкмм▄мб≥┬м█кмм█кмм█хм█▀мм█▀мм█┬м█Kмм█Kмм█B≥┬м█мм█мм█м█кмм█кмм█хм█Kмм█Kмм█B≥┬м█кмм█кмм█хм█▀мм█▀мм█┬м█Kмм█Kмм█B≥┬м█мм█мм█м█кмм█кмм█хм█Kмм█Kмм█B≥┬м█LKмм█LKмм█LHм█Lмм█Lмм█Lм█Kмм█Kмм█B≥┬м█L▀мм█L▀мм█L┬м█LKмм█LKмм█LHм█Kмм█Kмм█B≥┬м█MKмм█MKмм█MHм█Mмм█Mмм█Mм█Lкмм█Lкмм█Lб≥┬м█M▀мм█M▀мм█M┬м█MKмм█MKмм█MHм█Lкмм█Lкмм█Lб≥┬м█NKмм█NKмм█NHм█Nмм█Nмм█Nм█Mкмм█Mкмм█Mб≥┬м█▄мм█▄мм█▄м█NKмм█NKмм█NHм█Mкмм█Mкмм█Mб≥┬м█▄кмм█▄кмм█▄хм█▄▀мм█▄▀мм█▄┬м█▄Kмм█▄Kмм█▄B≥┬м██мм██мм██м█▄кмм█▄кмм█▄хм█▄Kмм█▄Kмм█▄B≥┬м██кмм██кмм██хм██▀мм██▀мм██┬м██Kмм██Kмм██B≥┬м█▌мм█▌мм█▌м██кмм██кмм██хм██Kмм██Kмм██B≥┬м█лKмм█лKмм█лHм█лмм█лмм█лм█▌Kмм█▌Kмм█▌B≥┬м█л▀мм█л▀мм█л┬м█лKмм█лKмм█лHм█▌Kмм█▌Kмм█▌B≥┬м█мKмм█мKмм█мHм█ммм█ммм█мм█лкмм█лкмм█лб≥┬м█м▀мм█м▀мм█м┬м█мKмм█мKмм█мHм█лкмм█лкмм█лб≥┬м█нKмм█нKмм█нHм█нмм█нмм█нм█мкмм█мкмм█мб≥┬м▌мм▌мм▌м█нKмм█нKмм█нHм█мкмм█мкмм█мб≥┬м▌кмм▌кмм▌хм▌▀мм▌▀мм▌┬м▌Kмм▌Kмм▌B≥┬м▌мм▌мм▌м▌кмм▌кмм▌хм▌Kмм▌Kмм▌B≥┬м▌кмм▌кмм▌хм▌▀мм▌▀мм▌┬м▌Kмм▌Kмм▌B≥┬м▌мм▌мм▌м▌кмм▌кмм▌хм▌Kмм▌Kмм▌B≥┬м▌LKмм▌LKмм▌LHм▌Lмм▌Lмм▌Lм▌Kмм▌Kмм▌B≥┬м▌L▀мм▌L▀мм▌L┬м▌LKмм▌LKмм▌LHм▌Kмм▌Kмм▌B≥┬м▌MKмм▌MKмм▌MHм▌Mмм▌Mмм▌Mм▌Lкмм▌Lкмм▌Lб≥┬м▌M▀мм▌M▀мм▌M┬м▌MKмм▌MKмм▌MHм▌Lкмм▌Lкмм▌Lб≥┬м▌NKмм▌NKмм▌NHм▌Nмм▌Nмм▌Nм▌Mкмм▌Mкмм▌Mб≥┬млммлммлм▌NKмм▌NKмм▌NHм▌Mкмм▌Mкмм▌Mб≥┬млкммлкммлхмл▀ммл▀ммл┬млKммлKммлB≥┬млммлммлмлкммлкммлхмлKммлKммлB≥┬млкммлкммлхмл▀ммл▀ммл┬млKммлKммлB≥┬млммлммлмлкммлкммлхмлKммлKммлB≥┬млLKммлLKммлLHмлLммлLммлLмлKммлKммлB≥┬млL▀ммлL▀ммлL┬млLKммлLKммлLHмлKммлKммлB≥┬млMKммлMKммлMHмлMммлMммлMмлLкммлLкммлLб≥┬млM▀ммлM▀ммлM┬млMKммлMKммлMHмлLкммлLкммлLб≥┬млNKммлNKммлNHмлNммлNммлNмлMкммлMкммлMб≥┬мл▄ммл▄ммл▄млNKммлNKммлNHмлMкммлMкммлMб≥┬мл▄кммл▄кммл▄хмл▄▀ммл▄▀ммл▄┬мл▄Kммл▄Kммл▄B≥┬мл█ммл█ммл█мл▄кммл▄кммл▄хмл▄Kммл▄Kммл▄B≥┬мл█кммл█кммл█хмл█▀ммл█▀ммл█┬мл█Kммл█Kммл█B≥┬мл▌ммл▌ммл▌мл█кммл█кммл█хмл█Kммл█Kммл█B≥┬мллKммллKммллHмллммллммллмл▌Kммл▌Kммл▌B≥┬млл▀ммлл▀ммлл┬мллKммллKммллHмл▌Kммл▌Kммл▌B≥┬млмKммлмKммлмHмлмммлмммлммллкммллкммллб≥┬млм▀ммлм▀ммлм┬млмKммлмKммлмHмллкммллкммллб≥┬млнKммлнKммлнHмлнммлнммлнмлмкммлмкммлмб≥┬мммммммммлнKммлнKммлнHмлмкммлмкммлмб≥┬ммкмммкмммхмм▀ммм▀ммм┬ммKмммKмммB≥┬ммммммммммкмммкмммхммKмммKмммB≥┬ммкмммкмммхмм▀ммм▀ммм┬ммKмммKмммB≥┬ммммммммммкмммкмммхммKмммKмммB≥┬ммLKмммLKмммLHммLмммLмммLммKмммKмммB≥┬ммL▀мммL▀мммL┬ммLKмммLKмммLHммKмммKмммB≥┬ммMKмммMKмммMHммMмммMмммMммLкмммLкмммLб≥┬ммM▀мммM▀мммM┬ммMKмммMKмммMHммLкмммLкмммLб≥┬ммNмммNмммNммMкмммMкмммMхммM▀мммM▀мммM┌≥┬ммNKмммNKмммNHммNмммNмммNммM▀мммM▀мммM┌≥┬мм▄▀ммм▄▀ммм▄┬мм▄Kммм▄Kммм▄Hмм▄ммм▄ммм▄≥┬мм▄кммм▄кммм▄хмм▄▀ммм▄▀ммм▄┬мм▄ммм▄ммм▄≥┬мм█▀ммм█▀ммм█┬мм█Kммм█Kммм█Hмм█ммм█ммм█≥┬мм█кммм█кммм█хмм█▀ммм█▀ммм█┬мм█ммм█ммм█≥┬ммлмммлмммлмм▌Kммм▌Kммм▌Hмм▌ммм▌ммм▌≥┬ммлKмммлKмммлHммлмммлмммлмм▌ммм▌ммм▌≥┬мммммммммммммлкмммлкмммлхммл▀мммл▀мммл┌≥┬мммKммммKммммHмммммммммммммл▀мммл▀мммл┌≥┬ммнмммнмммнмммкммммкммммхммм▀мммм▀мммм┌≥┬ммнKмммнKмммнHммнмммнмммнммм▀мммм▀мммм┌≥┬мн▀ммн▀ммн┬мнKммнKммнHмнммнммн≥┬мнкммнкммнхмн▀ммн▀ммн┬мнммнммн≥┬мн▀ммн▀ммн┬мнKммнKммнHмнммнммн≥┬мнкммнкммнхмн▀ммн▀ммн┬мнммнммн≥┬мнLммнLммнLмнKммнKммнHмнммнммн≥┬мнLKммнLKммнLHмнLммнLммнLмнммнммн≥┬мнMммнMммнMмнLкммнLкммнLхмнL▀ммнL▀ммнL┌≥┬мнMKммнMKммнMHмнMммнMммнMмнL▀ммнL▀ммнL┌≥┬мнL▀ммнL▀ммнL┬мнMкммнMкммнMхмнM▀ммнM▀ммнM┌≥┬мнMкммнMкммнMхмнNммнNммнNмнM▀ммнM▀ммнM┌≥┬нKмнKмнHнмнмнмнNKммнNKммнNB≥┬н▀мн▀мн┬нKмнKмнHмнNKммнNKммнNB≥┬нKмнKмнHнмнмннкмнкмнб≥┬н▀мн▀мн┬нKмнKмнHнкмнкмнб≥┬нKмнKмнHнмнмннкмнкмнб≥┬нLмнLмнLнKмнKмнHнкмнкмнб≥┬нLкмнLкмнLхнL▀мнL▀мнL┬нLKмнLKмнLB≥┬нMмнMмнMнLкмнLкмнLхнLKмнLKмнLB≥┬нMкмнMкмнMхнM▀мнM▀мнM┬нMKмнMKмнMB≥┬нMKмнMKмнMHнNмнNмнNнMкмнMкмнMб≥┬нNмнNмнNнNKмнNKмнNHнMкмнMкмнMб≥┬нNмнNмнNн▄мн▄мн▄нNKмнNKмнNB≥┬н▄кмн▄кмн▄хн▄▀мн▄▀мн▄┬н▄Kмн▄Kмн▄B≥┬н▄кмн▄кмн▄хн▄Kмн▄Kмн▄Hн█мн█мн█≥┬н█Kмн█Kмн█Hн▄кмн▄кмн▄хн█мн█мн█≥┬н█мн█мн█н█▀мн█▀мн█┬н█Kмн█Kмн█B≥┬н█Kмн█Kмн█Hн█▀мн█▀мн█┬н█кмн█кмн█б≥┬н▌мн▌мн▌н█Kмн█Kмн█Hн█кмн█кмн█б≥┬н▌мн▌мн▌н█кмн█кмн█хн▌Kмн▌Kмн▌B≥┬н▌Kмн▌Kмн▌Hнлмнлмнлн▌мн▌мн▌≥┬нлкмнлкмнлхнл▀мнл▀мнл┬нлKмнлKмнлB≥┬нлKмнлKмнлHнммнммнмнлкмнлкмнлб≥┬нлKмнлKмнлHнмKмнмKмнмHнммнммнм≥┬нмKмнмKмнмHнм▀мнм▀мнм┬нммнммнм≥┬ннKмннKмннHннмннмнннмкмнмкмнмб≥┬нмкмнмкмнмхнмнмнннKмннKмннB≥┬нмкмнмкмнмхнKмнKмнHнмнмн≥┬нKмнKмнHн▀мн▀мн┬нмнмн≥┬нKмнKмнHнмнмннкмнкмнб≥┬нкмнкмнхн▀мн▀мн┬нKмнKмнB≥┬нкмнкмнхнкмнкмнхн▀мн▀мн┌≥┬нкмнкмнхнмнмннкмнкмнб≥┬нLKмнLKмнLHнLмнLмнLнKмнKмнB≥┬нKмнKмнHнL▀мнL▀мнL┬нLKмнLKмнLB≥┬нL▀мнL▀мнL┬нLкмнLкмнLхнLKмнLKмнLB≥┬нL▀мнL▀мнL┬нMмнMмнMнLкмнLкмнLб≥┬нMкмнMкмнMхнM▀мнM▀мнM┬нMKмнMKмнMB≥┬нNмнNмнNнMкмнMкмнMхнMKмнMKмнMB≥┬нNмнNмнNнMKмнMKмнMHнNKмнNKмнNB≥┬н▄мн▄мн▄нNмнNмнNнNKмнNKмнNB≥┬н▄кмн▄кмн▄хн▄▀мн▄▀мн▄┬н▄Kмн▄Kмн▄B≥┬н█мн█мн█н▄кмн▄кмн▄хн▄Kмн▄Kмн▄B≥┬н█Kмн█Kмн█Hн█мн█мн█н▄Kмн▄Kмн▄B≥┬н▄Kмн▄Kмн▄Hн█▀мн█▀мн█┬н█Kмн█Kмн█B≥┬н█кмн█кмн█хн█Kмн█Kмн█Hн█▀мн█▀мн█┌≥┬н█кмн█кмн█хн█▀мн█▀мн█┬н▌мн▌мн▌≥┬н▌Kмн▌Kмн▌Hн█кмн█кмн█хн▌мн▌мн▌≥┬н▌мн▌мн▌нлмнлмнлн▌Kмн▌Kмн▌B≥┬нлкмнлкмнлхнл▀мнл▀мнл┬нлKмнлKмнлB≥┬нммнммнмнлкмнлкмнлхнлKмнлKмнлB≥┬нммнммнмнлKмнлKмнлHнмKмнмKмнмB≥┬нмKмнмKмнмHнм▀мнм▀мнм┬нммнммнм≥┬нмкмнмкмнмхнм▀мнм▀мнм┬нмKмнмKмнмB≥┬нмкмнмкмнмхнмKмнмKмнмHннмннмнн≥┬ннKмннKмннHнмкмнмкмнмхннмннмнн≥┬ннмннмнннмнмнннKмннKмннB≥┬нкмнкмнхн▀мн▀мн┬нKмнKмнB≥┬нKмнKмнHнмнмннкмнкмнб≥┬нмнмннKмнKмнHнкмнкмнб≥┬нмнмнн▀мн▀мн┬нKмнKмнB≥┬нKмнKмнHнмнмннкмнкмнб≥┬нкмнкмнхнLмнLмнLнKмнKмнB≥┬нLмнLмнLнLKмнLKмнLHнKмнKмнB≥┬нLмнLмнLнL▀мнL▀мнL┬нLKмнLKмнLB≥┬нMKмнMKмнMHнMмнMмнMнLкмнLкмнLб≥┬нLкмнLкмнLхнM▀мнM▀мнM┬нMKмнMKмнMB≥┬нM▀мнM▀мнM┬нMкмнMкмнMхнMKмнMKмнMB≥┬нMкмнMкмнMхнNмнNмнNнMKмнMKмнMB≥┬нLKмнLKмнLHнLмнLмнLнNKмнNKмнNB≥┬нNKмнNKмнNHнL▀мнL▀мнL┬нLKмнLKмнLB≥┬нNKмнNKмнNHнLкмнLкмнLхнL▀мнL▀мнL┌≥┬нLкмнLкмнLхнLмнLмнLнL▀мнL▀мнL┌≥┬нLкмнLкмнLхнL▀мнL▀мнL┬нLKмнLKмнLB≥┬нLмнLмнLнLкмнLкмнLхнLKмнLKмнLB≥┬нLLKмнLLKмнLLHнLLмнLLмнLLнLKмнLKмнLB≥┬нLL▀мнLL▀мнLL┬нLLKмнLLKмнLLHнLKмнLKмнLB≥┬нLMKмнLMKмнLMHнLMмнLMмнLMнLLкмнLLкмнLLб≥┬нLM▀мнLM▀мнLM┬нLMKмнLMKмнLMHнLLкмнLLкмнLLб≥┬нLNKмнLNKмнLNHнLNмнLNмнLNнLMкмнLMкмнLMб≥┬нL▄мнL▄мнL▄нLNKмнLNKмнLNHнLMкмнLMкмнLMб≥┬нL▄кмнL▄кмнL▄хнL▄▀мнL▄▀мнL▄┬нL▄KмнL▄KмнL▄B≥┬нL█мнL█мнL█нL▄кмнL▄кмнL▄хнL▄KмнL▄KмнL▄B≥┬нL█кмнL█кмнL█хнL█▀мнL█▀мнL█┬нL█KмнL█KмнL█B≥┬нL█KмнL█KмнL█HнL▌мнL▌мнL▌нL█кмнL█кмнL█б≥┬нL█KмнL█KмнL█HнL▌KмнL▌KмнL▌HнL▌мнL▌мнL▌≥┬нL▌KмнL▌KмнL▌HнLлмнLлмнLлнL▌мнL▌мнL▌≥┬нLлмнLлмнLлнL▌KмнL▌KмнL▌HнLлKмнLлKмнLлB≥┬нLлKмнLлKмнLлHнLл▀мнLл▀мнLл┬нLлмнLлмнLл≥┬нLлKмнLлKмнLлHнLлкмнLлкмнLлхнLл▀мнLл▀мнLл┌≥┬нLлKмнLлKмнLлHнLммнLммнLмнLлкмнLлкмнLлб≥┬нLмкмнLмкмнLмхнLм▀мнLм▀мнLм┬нLмKмнLмKмнLмB≥┬нLнмнLнмнLннLмкмнLмкмнLмхнLмKмнLмKмнLмB≥┬нMKмнMKмнMHнMмнMмнMнLнKмнLнKмнLнB≥┬нMKмнMKмнMHнLнKмнLнKмнLнHнM▀мнM▀мнM┌≥┬нMкмнMкмнMхнMKмнMKмнMHнM▀мнM▀мнM┌≥┬нM▀мнM▀мнM┬нMмнMмнMнMкмнMкмнMб≥┬нMKмнMKмнMHнMкмнMкмнMхнMмнMмнM≥┬нMKмнMKмнMHнMмнMмнMнM▀мнM▀мнM┌≥┬нMкмнMкмнMхнMKмнMKмнMHнM▀мнM▀мнM┌≥┬нM▀мнM▀мнM┬нMмнMмнMнMкмнMкмнMб≥┬нMLKмнMLKмнMLHнMLмнMLмнMLнMKмнMKмнMB≥┬нML▀мнML▀мнML┬нMLKмнMLKмнMLHнMKмнMKмнMB≥┬нMMKмнMMKмнMMHнMMмнMMмнMMнMLкмнMLкмнMLб≥┬нMM▀мнMM▀мнMM┬нMMKмнMMKмнMMHнMLкмнMLкмнMLб≥┬нMNKмнMNKмнMNHнMNмнMNмнMNнMMкмнMMкмнMMб≥┬нM▄мнM▄мнM▄нMNKмнMNKмнMNHнMMкмнMMкмнMMб≥┬нM▄мнM▄мнM▄нMMкмнMMкмнMMхнM▄KмнM▄KмнM▄B≥┬нM▄KмнM▄KмнM▄HнM▄▀мнM▄▀мнM▄┬нM▄мнM▄мнM▄≥┬нM▄▀мнM▄▀мнM▄┬нM▄KмнM▄KмнM▄HнM▄кмнM▄кмнM▄б≥┬нM█мнM█мнM█нM▄▀мнM▄▀мнM▄┬нM▄кмнM▄кмнM▄б≥┬нM█мнM█мнM█нM▄кмнM▄кмнM▄хнM█KмнM█KмнM█B≥┬нM█KмнM█KмнM█HнM█▀мнM█▀мнM█┬нM█мнM█мнM█≥┬нM▌KмнM▌KмнM▌HнM▌мнM▌мнM▌нM█кмнM█кмнM█б≥┬нMлмнMлмнMлнM▌KмнM▌KмнM▌HнM█кмнM█кмнM█б≥┬нMлкмнMлкмнMлхнMл▀мнMл▀мнMл┬нMлKмнMлKмнMлB≥┬нMлKмнMлKмнMлHнMммнMммнMмнMлкмнMлкмнMлб≥┬нMлKмнMлKмнMлHнMмKмнMмKмнMмHнMммнMммнMм≥┬нMмKмнMмKмнMмHнMм▀мнMм▀мнMм┬нMммнMммнMм≥┬нMнKмнMнKмнMнHнMнмнMнмнMннMмкмнMмкмнMмб≥┬нNмнNмнNнMнKмнMнKмнMнHнMмкмнMмкмнMмб≥┬нNкмнNкмнNхнN▀мнN▀мнN┬нNKмнNKмнNB≥┬нNмнNмнNнNкмнNкмнNхнNKмнNKмнNB≥┬нNкмнNкмнNхнN▀мнN▀мнN┬нNKмнNKмнNB≥┬нNмнNмнNнNкмнNкмнNхнNKмнNKмнNB≥┬нNLKмнNLKмнNLHнNLмнNLмнNLнNKмнNKмнNB≥┬нNL▀мнNL▀мнNL┬нNLKмнNLKмнNLHнNKмнNKмнNB≥┬нNMKмнNMKмнNMHнNMмнNMмнNMнNLкмнNLкмнNLб≥┬нNM▀мнNM▀мнNM┬нNMKмнNMKмнNMHнNLкмнNLкмнNLб≥┬нNNKмнNNKмнNNHнNNмнNNмнNNнNMкмнNMкмнNMб≥┬нннNNKмнNNKмнNNHнNMкмнNMкмнNMб≥┬кнкнх▀н▀н┬KнKнB≥┬ннкнкнхKнKнB≥┬кнкнх▀н▀н┬KнKнB≥┬ннкнкнхKнKнB≥┬LKнLKнLHLнLнLKнKнB≥┬L▀нL▀нL┬LKнLKнLHKнKнB≥┬MKнMKнMHMнMнMLкнLкнLб≥┬M▀нM▀нM┬MKнMKнMHLкнLкнLб≥┬NKнNKнNHNнNнNMкнMкнMб≥┬▄н▄н▄NKнNKнNHMкнMкнMб≥┬▄кн▄кн▄х▄▀н▄▀н▄┬▄Kн▄Kн▄B≥┬█н█н█▄кн▄кн▄х▄Kн▄Kн▄B≥┬█кн█кн█х█▀н█▀н█┬█Kн█Kн█B≥┬▌н▌н▌█кн█кн█х█Kн█Kн█B≥┬лKнлKнлHлнлнл▌Kн▌Kн▌B≥┬л▀нл▀нл┬лKнлKнлH▌Kн▌Kн▌B≥┬мKнмKнмHмнмнмлкнлкнлб≥┬м▀нм▀нм┬мKнмKнмHлкнлкнлб≥┬нKннKннHнннннмкнмкнмб≥┬нннKннKннHмкнмкнмб≥┬кнкнх▀н▀н┬KнKнB≥┬ннкнкнхKнKнB≥┬кнкнх▀н▀н┬KнKнB≥┬ннкнкнхKнKнB≥┬LKнLKнLHLнLнLKнKнB≥┬L▀нL▀нL┬LKнLKнLHKнKнB≥┬MKнMKнMHMнMнMLкнLкнLб≥┬M▀нM▀нM┬MKнMKнMHLкнLкнLб≥┬NKнNKнNHNнNнNMкнMкнMб≥┬▄н▄н▄NKнNKнNHMкнMкнMб≥┬▄кн▄кн▄х▄▀н▄▀н▄┬▄Kн▄Kн▄B≥┬█н█н█▄кн▄кн▄х▄Kн▄Kн▄B≥┬█кн█кн█х█▀н█▀н█┬█Kн█Kн█B≥┬▌н▌н▌█кн█кн█х█Kн█Kн█B≥┬лKнлKнлHлнлнл▌Kн▌Kн▌B≥┬л▀нл▀нл┬лKнлKнлH▌Kн▌Kн▌B≥┬мKнмKнмHмнмнмлкнлкнлб≥┬м▀нм▀нм┬мKнмKнмHлкнлкнлб≥┬нKннKннHнннннмкнмкнмб≥┬нннKннKннHмкнмкнмб≥┬кнкнх▀н▀н┬KнKнB≥┬ннкнкнхKнKнB≥┬кнкнх▀н▀н┬KнKнB≥┬ннкнкнхKнKнB≥┬LKнLKнLHLнLнLKнKнB≥┬L▀нL▀нL┬LKнLKнLHKнKнB≥┬MKнMKнMHMнMнMLкнLкнLб≥┬M▀нM▀нM┬MKнMKнMHLкнLкнLб≥┬NKнNKнNHNнNнNMкнMкнMб≥┬LнLнLNKнNKнNHMкнMкнMб≥┬L▀нL▀нL┬LKнLKнLHLнLнL≥┬LкнLкнLхL▀нL▀нL┬LнLнL≥┬L▀нL▀нL┬LKнLKнLHLнLнL≥┬LкнLкнLхL▀нL▀нL┬LнLнL≥┬LLнLLнLLLKнLKнLHLнLнL≥┬LLKнLLKнLLHLLнLLнLLLнLнL≥┬LMнLMнLMLLкнLLкнLLхLL▀нLL▀нLL┌≥┬LMKнLMKнLMHLMнLMнLMLL▀нLL▀нLL┌≥┬LNнLNнLNLMкнLMкнLMхLM▀нLM▀нLM┌≥┬LNKнLNKнLNHLNнLNнLNLM▀нLM▀нLM┌≥┬L▄▀нL▄▀нL▄┬L▄KнL▄KнL▄HL▄нL▄нL▄≥┬L▄кнL▄кнL▄хL▄▀нL▄▀нL▄┬L▄нL▄нL▄≥┬L█▀нL█▀нL█┬L█KнL█KнL█HL█нL█нL█≥┬L█кнL█кнL█хL█▀нL█▀нL█┬L█нL█нL█≥┬LлнLлнLлL▌KнL▌KнL▌HL▌нL▌нL▌≥┬LлKнLлKнLлHLлнLлнLлL▌нL▌нL▌≥┬LмнLмнLмLлкнLлкнLлхLл▀нLл▀нLл┌≥┬LмKнLмKнLмHLмнLмнLмLл▀нLл▀нLл┌≥┬LннLннLнLмкнLмкнLмхLм▀нLм▀нLм┌≥┬LнKнLнKнLнHLннLннLнLм▀нLм▀нLм┌≥┬Lм▀нLм▀нLм┬MKнMKнMHMнMнM≥┬MKнMKнMHM▀нM▀нM┬MнMнM≥┬MKнMKнMHMнMнMMкнMкнMб≥┬M▀нM▀нM┬MKнMKнMHMкнMкнMб≥┬MKнMKнMHMнMнMMкнMкнMб≥┬MLнMLнMLMKнMKнMHMкнMкнMб≥┬MLкнMLкнMLхML▀нML▀нML┬MLKнMLKнMLB≥┬MMнMMнMMMLкнMLкнMLхMLKнMLKнMLB≥┬MMкнMMкнMMхMM▀нMM▀нMM┬MMKнMMKнMMB≥┬MNнMNнMNMMкнMMкнMMхMMKнMMKнMMB≥┬M▄KнM▄KнM▄HM▄нM▄нM▄MNKнMNKнMNB≥┬MNKнMNKнMNHM▄▀нM▄▀нM▄┬M▄KнM▄KнM▄B≥┬MNKнMNKнMNHM▄кнM▄кнM▄хM▄▀нM▄▀нM▄┌≥┬M▄кнM▄кнM▄хM█нM█нM█M▄▀нM▄▀нM▄┌≥┬M█кнM█кнM█хM█▀нM█▀нM█┬M█KнM█KнM█B≥┬M█KнM█KнM█HM▌нM▌нM▌M█кнM█кнM█б≥┬M▌нM▌нM▌M▌KнM▌KнM▌HM█кнM█кнM█б≥┬M▌нM▌нM▌MлнMлнMлM▌KнM▌KнM▌B≥┬MлкнMлкнMлхMл▀нMл▀нMл┬MлKнMлKнMлB≥┬MлKнMлKнMлHMмнMмнMмMлкнMлкнMлб≥┬MмнMмнMмMмKнMмKнMмHMлкнMлкнMлб≥┬MмнMмнMмMм▀нMм▀нMм┬MмKнMмKнMмB≥┬MнKнMнKнMнHMннMннMнMмкнMмкнMмб≥┬MмкнMмкнMмхNнNнNMнKнMнKнMнB≥┬NнNнNNKнNKнNHMнKнMнKнMнB≥┬NнNнNN▀нN▀нN┬NKнNKнNB≥┬NKнNKнNHNнNнNNкнNкнNб≥┬NкнNкнNхN▀нN▀нN┬NKнNKнNB≥┬N▀нN▀нN┬NкнNкнNхNKнNKнNB≥┬N▀нN▀нN┬NнNнNNкнNкнNб≥┬NLKнNLKнNLHNLнNLнNLNKнNKнNB≥┬NKнNKнNHNL▀нNL▀нNL┬NLKнNLKнNLB≥┬NL▀нNL▀нNL┬NLкнNLкнNLхNLKнNLKнNLB≥┬NL▀нNL▀нNL┬NMнNMнNMNLкнNLкнNLб≥┬NMкнNMкнNMхNM▀нNM▀нNM┬NMKнNMKнNMB≥┬NMKнNMKнNMHNNнNNнNNNMкнNMкнNMб≥┬NMKнNMKнNMHNNKнNNKнNNHNNнNNнNN≥┬NNKнNNKнNNH▄н▄н▄NNнNNнNN≥┬▄кн▄кн▄х▄▀н▄▀н▄┬▄Kн▄Kн▄B≥┬▄н▄н▄▄кн▄кн▄х▄Kн▄Kн▄B≥┬▄н▄н▄▄Kн▄Kн▄H▄Kн▄Kн▄B≥┬▄▀н▄▀н▄┬▄н▄н▄▄Kн▄Kн▄B≥┬▄Kн▄Kн▄H▄н▄н▄▄кн▄кн▄б≥┬▄кн▄кн▄х▄Lн▄Lн▄L▄Kн▄Kн▄B≥┬▄кн▄кн▄х▄LKн▄LKн▄LH▄Lн▄Lн▄L≥┬▄LKн▄LKн▄LH▄L▀н▄L▀н▄L┬▄Lн▄Lн▄L≥┬▄MKн▄MKн▄MH▄Mн▄Mн▄M▄Lкн▄Lкн▄Lб≥┬▄Lкн▄Lкн▄Lх▄M▀н▄M▀н▄M┬▄MKн▄MKн▄MB≥┬▄Lкн▄Lкн▄Lх▄Mкн▄Mкн▄Mх▄M▀н▄M▀н▄M┌≥┬▄Mкн▄Mкн▄Mх▄Nн▄Nн▄N▄M▀н▄M▀н▄M┌≥┬▄▄Kн▄▄Kн▄▄H▄▄н▄▄н▄▄▄NKн▄NKн▄NB≥┬▄NKн▄NKн▄NH▄▄▀н▄▄▀н▄▄┬▄▄Kн▄▄Kн▄▄B≥┬▄NKн▄NKн▄NH▄▄кн▄▄кн▄▄х▄▄▀н▄▄▀н▄▄┌≥┬▄▄кн▄▄кн▄▄х▄█н▄█н▄█▄▄▀н▄▄▀н▄▄┌≥┬▄█кн▄█кн▄█х▄█▀н▄█▀н▄█┬▄█Kн▄█Kн▄█B≥┬▄█Kн▄█Kн▄█H▄▌н▄▌н▄▌▄█кн▄█кн▄█б≥┬▄█Kн▄█Kн▄█H▄▌Kн▄▌Kн▄▌H▄▌н▄▌н▄▌≥┬▄▌Kн▄▌Kн▄▌H▄лн▄лн▄л▄▌н▄▌н▄▌≥┬▄лкн▄лкн▄лх▄л▀н▄л▀н▄л┬▄лKн▄лKн▄лB≥┬▄лKн▄лKн▄лH▄мн▄мн▄м▄лкн▄лкн▄лб≥┬▄лKн▄лKн▄лH▄мKн▄мKн▄мH▄мн▄мн▄м≥┬▄мKн▄мKн▄мH▄м▀н▄м▀н▄м┬▄мн▄мн▄м≥┬▄нKн▄нKн▄нH▄нн▄нн▄н▄мкн▄мкн▄мб≥┬▄мкн▄мкн▄мх█н█н█▄нKн▄нKн▄нB≥┬▄мкн▄мкн▄мх█Kн█Kн█H█н█н█≥┬█Kн█Kн█H█▀н█▀н█┬█н█н█≥┬█Kн█Kн█H█н█н██кн█кн█б≥┬█кн█кн█х█▀н█▀н█┬█Kн█Kн█B≥┬█кн█кн█х█кн█кн█х█▀н█▀н█┌≥┬█кн█кн█х█н█н██▀н█▀н█┌≥┬█LKн█LKн█LH█Lн█Lн█L█Kн█Kн█B≥┬█Kн█Kн█H█L▀н█L▀н█L┬█LKн█LKн█LB≥┬█L▀н█L▀н█L┬█Lкн█Lкн█Lх█LKн█LKн█LB≥┬█L▀н█L▀н█L┬█Mн█Mн█M█Lкн█Lкн█Lб≥┬█Mкн█Mкн█Mх█M▀н█M▀н█M┬█MKн█MKн█MB≥┬█Nн█Nн█N█Mкн█Mкн█Mх█MKн█MKн█MB≥┬█▄Kн█▄Kн█▄H█▄н█▄н█▄█NKн█NKн█NB≥┬█▄▀н█▄▀н█▄┬█▄Kн█▄Kн█▄H█NKн█NKн█NB≥┬██Kн██Kн██H██н██н███▄кн█▄кн█▄б≥┬██▀н██▀н██┬██Kн██Kн██H█▄кн█▄кн█▄б≥┬█▌Kн█▌Kн█▌H█▌н█▌н█▌██кн██кн██б≥┬█лн█лн█л█▌Kн█▌Kн█▌H██кн██кн██б≥┬█лкн█лкн█лх█л▀н█л▀н█л┬█лKн█лKн█лB≥┬█мн█мн█м█лкн█лкн█лх█лKн█лKн█лB≥┬█мкн█мкн█мх█м▀н█м▀н█м┬█мKн█мKн█мB≥┬█мKн█мKн█мH█нн█нн█н█мкн█мкн█мб≥┬█нн█нн█н█нKн█нKн█нH█мкн█мкн█мб≥┬█нн█нн█н▌н▌н▌█нKн█нKн█нB≥┬▌кн▌кн▌х▌▀н▌▀н▌┬▌Kн▌Kн▌B≥┬▌н▌н▌▌кн▌кн▌х▌Kн▌Kн▌B≥┬▌кн▌кн▌х▌▀н▌▀н▌┬▌Kн▌Kн▌B≥┬▌Kн▌Kн▌H▌н▌н▌▌кн▌кн▌б≥┬▌Kн▌Kн▌H▌Kн▌Kн▌H▌н▌н▌≥┬▌Kн▌Kн▌H▌Lн▌Lн▌L▌н▌н▌≥┬▌Lкн▌Lкн▌Lх▌L▀н▌L▀н▌L┬▌LKн▌LKн▌LB≥┬▌Mн▌Mн▌M▌Lкн▌Lкн▌Lх▌LKн▌LKн▌LB≥┬▌Mкн▌Mкн▌Mх▌M▀н▌M▀н▌M┬▌MKн▌MKн▌MB≥┬▌Nн▌Nн▌N▌Mкн▌Mкн▌Mх▌MKн▌MKн▌MB≥┬лKнлKнлHлнлнл▌NKн▌NKн▌NB≥┬лKнлKнлH▌NKн▌NKн▌NHл▀нл▀нл┌≥┬лкнлкнлхлKнлKнлHл▀нл▀нл┌≥┬л▀нл▀нл┬лнлнллкнлкнлб≥┬лKнлKнлHлкнлкнлхлнлнл≥┬лKнлKнлHлнлнлл▀нл▀нл┌≥┬лкнлкнлхлKнлKнлHл▀нл▀нл┌≥┬л▀нл▀нл┬лнлнллкнлкнлб≥┬лLKнлLKнлLHлLнлLнлLлKнлKнлB≥┬лKнлKнлHлL▀нлL▀нлL┬лLKнлLKнлLB≥┬лL▀нлL▀нлL┬лLкнлLкнлLхлLKнлLKнлLB≥┬лL▀нлL▀нлL┬лMнлMнлMлLкнлLкнлLб≥┬лMкнлMкнлMхлM▀нлM▀нлM┬лMKнлMKнлMB≥┬лNнлNнлNлMкнлMкнлMхлMKнлMKнлMB≥┬л▄Kнл▄Kнл▄Hл▄нл▄нл▄лNKнлNKнлNB≥┬лNKнлNKнлNHл▄▀нл▄▀нл▄┬л▄Kнл▄Kнл▄B≥┬л▄▀нл▄▀нл▄┬л▄кнл▄кнл▄хл▄Kнл▄Kнл▄B≥┬л▄▀нл▄▀нл▄┬л█нл█нл█л▄кнл▄кнл▄б≥┬л█кнл█кнл█хл█▀нл█▀нл█┬л█Kнл█Kнл█B≥┬л▌нл▌нл▌л█кнл█кнл█хл█Kнл█Kнл█B≥┬ллKнллKнллHллнллнллл▌Kнл▌Kнл▌B≥┬лл▀нлл▀нлл┬ллKнллKнллHл▌Kнл▌Kнл▌B≥┬лмKнлмKнлмHлмнлмнлмллкнллкнллб≥┬лм▀нлм▀нлм┬лмKнлмKнлмHллкнллкнллб≥┬лнKнлнKнлнHлннлннлнлмкнлмкнлмб≥┬мнмнмлнKнлнKнлнHлмкнлмкнлмб≥┬мкнмкнмхм▀нм▀нм┬мKнмKнмB≥┬мнмнммкнмкнмхмKнмKнмB≥┬мкнмкнмхм▀нм▀нм┬мKнмKнмB≥┬мнмнммкнмкнмхмKнмKнмB≥┬мLKнмLKнмLHмLнмLнмLмKнмKнмB≥┬мL▀нмL▀нмL┬мLKнмLKнмLHмKнмKнмB≥┬мMKнмMKнмMHмMнмMнмMмLкнмLкнмLб≥┬мM▀нмM▀нмM┬мMKнмMKнмMHмLкнмLкнмLб≥┬мNKнмNKнмNHмNнмNнмNмMкнмMкнмMб≥┬м▄нм▄нм▄мNKнмNKнмNHмMкнмMкнмMб≥┬м▄кнм▄кнм▄хм▄▀нм▄▀нм▄┬м▄Kнм▄Kнм▄B≥┬м█нм█нм█м▄кнм▄кнм▄хм▄Kнм▄Kнм▄B≥┬м█кнм█кнм█хм█▀нм█▀нм█┬м█Kнм█Kнм█B≥┬м▌нм▌нм▌м█кнм█кнм█хм█Kнм█Kнм█B≥┬млKнмлKнмлHмлнмлнмлм▌Kнм▌Kнм▌B≥┬мл▀нмл▀нмл┬млKнмлKнмлHм▌Kнм▌Kнм▌B≥┬ммKнммKнммHммнммнмммлкнмлкнмлб≥┬мм▀нмм▀нмм┬ммKнммKнммHмлкнмлкнмлб≥┬мнKнмнKнмнHмннмннмнммкнммкнммб≥┬нннннмнKнмнKнмнHммкнммкнммб≥┬нкннкннхн▀нн▀нн┬нKннKннB≥┬ннннннкннкннхнKннKннB≥┬нкннкннхн▀нн▀нн┬нKннKннB≥┬ннннннкннкннхнKннKннB≥┬нLKннLKннLHнLннLннLнKннKннB≥┬нL▀ннL▀ннL┬нLKннLKннLHнKннKннB≥┬нMKннMKннMHнMннMннMнLкннLкннLб≥┬нM▀ннM▀ннM┬нMKннMKннMHнLкннLкннLб≥┬нNKннNKннNHнNннNннNнMкннMкннMб≥┬нннNKннNKннNHнMкннMкннMб≥┬кнкнх▀н▀н┬KнKнB≥┬ннкнкнхKнKнB≥┬кнкнх▀н▀н┬KнKнB≥┬ннкнкнхKнKнB≥┬LKнLKнLHLнLнLKнKнB≥┬L▀нL▀нL┬LKнLKнLHKнKнB≥┬MKнMKнMHMнMнMLкнLкнLб≥┬M▀нM▀нM┬MKнMKнMHLкнLкнLб≥┬NKнNKнNHNнNнNMкнMкнMб≥┬▄н▄н▄NKнNKнNHMкнMкнMб≥┬▄кн▄кн▄х▄▀н▄▀н▄┬▄Kн▄Kн▄B≥┬█н█н█▄кн▄кн▄х▄Kн▄Kн▄B≥┬█кн█кн█х█▀н█▀н█┬█Kн█Kн█B≥┬▌н▌н▌█кн█кн█х█Kн█Kн█B≥┬лKнлKнлHлнлнл▌Kн▌Kн▌B≥┬л▀нл▀нл┬лKнлKнлH▌Kн▌Kн▌B≥┬мKнмKнмHмнмнмлкнлкнлб≥┬м▀нм▀нм┬мKнмKнмHлкнлкнлб≥┬нKннKннHнннннмкнмкнмб≥┬нннKннKннHмкнмкнмб≥┬кнкнх▀н▀н┬KнKнB≥┬ннкнкнхKнKнB≥┬кнкнх▀н▀н┬KнKнB≥┬ннкнкнхKнKнB≥┬LнLнLKнKнHнн≥┬LKнLKнLHLнLнLнн≥┬MнMнMLкнLкнLхL▀нL▀нL┌≥┬MKнMKнMHMнMнML▀нL▀нL┌≥┬NнNнNMкнMкнMхM▀нM▀нM┌≥┬NKнNKнNHNнNнNM▀нM▀нM┌≥┬▄▀н▄▀н▄┬▄Kн▄Kн▄H▄н▄н▄≥┬▄кн▄кн▄х▄▀н▄▀н▄┬▄н▄н▄≥┬█▀н█▀н█┬█Kн█Kн█H█н█н█≥┬█кн█кн█х█▀н█▀н█┬█н█н█≥┬лнлнл▌Kн▌Kн▌H▌н▌н▌≥┬лKнлKнлHлнлнл▌н▌н▌≥┬мнмнмлкнлкнлхл▀нл▀нл┌≥┬мKнмKнмHмнмнмл▀нл▀нл┌≥┬нннннмкнмкнмхм▀нм▀нм┌≥┬нKннKннHнннннм▀нм▀нм┌≥┬▀н▀н┬KнKнHнн≥┬кнкнх▀н▀н┬нн≥┬▀н▀н┬KнKнHнн≥┬кнкнх▀н▀н┬нн≥┬ннKнKнHнн≥┬KнKнHLнLнLнн≥┬LкнLкнLхL▀нL▀нL┬LKнLKнLB≥┬MнMнMLкнLкнLхLKнLKнLB≥┬MкнMкнMхM▀нM▀нM┬MKнMKнMB≥┬NнNнNMкнMкнMхMKнMKнMB≥┬LKнLKнLHLнLнLNKнNKнNB≥┬L▀нL▀нL┬LKнLKнLHNKнNKнNB≥┬LKнLKнLHLнLнLLкнLкнLб≥┬L▀нL▀нL┬LKнLKнLHLкнLкнLб≥┬LKнLKнLHLнLнLLкнLкнLб≥┬LкнLкнLхLLнLLнLLLKнLKнLB≥┬LкнLкнLхLLKнLLKнLLHLLнLLнLL≥┬LLKнLLKнLLHLL▀нLL▀нLL┬LLнLLнLL≥┬LMKнLMKнLMHLMнLMнLMLLкнLLкнLLб≥┬LLкнLLкнLLхLM▀нLM▀нLM┬LMKнLMKнLMB≥┬LM▀нLM▀нLM┬LMкнLMкнLMхLMKнLMKнLMB≥┬LM▀нLM▀нLM┬LNнLNнLNLMкнLMкнLMб≥┬L▄KнL▄KнL▄HL▄нL▄нL▄LNKнLNKнLNB≥┬LNKнLNKнLNHL▄▀нL▄▀нL▄┬L▄KнL▄KнL▄B≥┬L▄▀нL▄▀нL▄┬L▄кнL▄кнL▄хL▄KнL▄KнL▄B≥┬L▄▀нL▄▀нL▄┬L█нL█нL█L▄кнL▄кнL▄б≥┬L█кнL█кнL█хL█▀нL█▀нL█┬L█KнL█KнL█B≥┬L█KнL█KнL█HL▌нL▌нL▌L█кнL█кнL█б≥┬L█KнL█KнL█HL▌KнL▌KнL▌HL▌нL▌нL▌≥┬L▌KнL▌KнL▌HLлнLлнLлL▌нL▌нL▌≥┬LлкнLлкнLлхLл▀нLл▀нLл┬LлKнLлKнLлB≥┬LлKнLлKнLлHLмнLмнLмLлкнLлкнLлб≥┬LмнLмнLмLмKнLмKнLмHLлкнLлкнLлб≥┬LмнLмнLмLм▀нLм▀нLм┬LмKнLмKнLмB≥┬LнKнLнKнLнHLннLннLнLмкнLмкнLмб≥┬LмкнLмкнLмхMнMнMLнKнLнKнLнB≥┬MнMнMMKнMKнMHLнKнLнKнLнB≥┬MнMнMM▀нM▀нM┬MKнMKнMB≥┬MKнMKнMHMнMнMMкнMкнMб≥┬MкнMкнMхM▀нM▀нM┬MKнMKнMB≥┬M▀нM▀нM┬MкнMкнMхMKнMKнMB≥┬M▀нM▀нM┬MнMнMMкнMкнMб≥┬MLKнMLKнMLHMLнMLнMLMKнMKнMB≥┬ML▀нML▀нML┬MLKнMLKнMLHMKнMKнMB≥┬ML▀нML▀нML┬MKнMKнMHMLкнMLкнMLб≥┬MMнMMнMMML▀нML▀нML┬MLкнMLкнMLб≥┬MMкнMMкнMMхMM▀нMM▀нMM┬MMKнMMKнMMB≥┬MMKнMMKнMMHMNнMNнMNMMкнMMкнMMб≥┬MNнMNнMNMNKнMNKнMNHMMкнMMкнMMб≥┬MNKнMNKнMNHM▄нM▄нM▄MMкнMMкнMMб≥┬M▄кнM▄кнM▄хM▄▀нM▄▀нM▄┬M▄KнM▄KнM▄B≥┬M▄KнM▄KнM▄HM█нM█нM█M▄кнM▄кнM▄б≥┬M▄KнM▄KнM▄HM█KнM█KнM█HM█нM█нM█≥┬M▄KнM▄KнM▄HM█▀нM█▀нM█┬M█KнM█KнM█B≥┬M▌KнM▌KнM▌HM▌нM▌нM▌M█кнM█кнM█б≥┬M█кнM█кнM█хMлнMлнMлM▌KнM▌KнM▌B≥┬M█кнM█кнM█хMлKнMлKнMлHMлнMлнMл≥┬MлKнMлKнMлHMл▀нMл▀нMл┬MлнMлнMл≥┬MмKнMмKнMмHMмнMмнMмMлкнMлкнMлб≥┬MлкнMлкнMлхMм▀нMм▀нMм┬MмKнMмKнMмB≥┬MлкнMлкнMлхMмкнMмкнMмхMм▀нMм▀нMм┌≥┬MмкнMмкнMмхMннMннMнMм▀нMм▀нMм┌≥┬NKнNKнNHNнNнNMнKнMнKнMнB≥┬MнKнMнKнMнHN▀нN▀нN┬NKнNKнNB≥┬N▀нN▀нN┬NкнNкнNхNKнNKнNB≥┬N▀нN▀нN┬NнNнNNкнNкнNб≥┬NкнNкнNхN▀нN▀нN┬NKнNKнNB≥┬NKнNKнNHNнNнNNкнNкнNб≥┬NKнNKнNHNKнNKнNHNнNнN≥┬NKнNKнNHNLнNLнNLNнNнN≥┬NLкнNLкнNLхNL▀нNL▀нNL┬NLKнNLKнNLB≥┬NLKнNLKнNLHNMнNMнNMNLкнNLкнNLб≥┬NLKнNLKнNLHNMKнNMKнNMHNMнNMнNM≥┬NMKнNMKнNMHNM▀нNM▀нNM┬NMнNMнNM≥┬NNKнNNKнNNHNNнNNнNNNMкнNMкнNMб≥┬NMкнNMкнNMх▄н▄н▄NNKнNNKнNNB≥┬NMкнNMкнNMх▄Kн▄Kн▄H▄н▄н▄≥┬▄Kн▄Kн▄H▄▀н▄▀н▄┬▄н▄н▄≥┬▄Kн▄Kн▄H▄н▄н▄▄кн▄кн▄б≥┬▄▀н▄▀н▄┬▄Kн▄Kн▄H▄кн▄кн▄б≥┬▄Kн▄Kн▄H▄н▄н▄▄кн▄кн▄б≥┬▄Lн▄Lн▄L▄Kн▄Kн▄H▄кн▄кн▄б≥┬▄Lкн▄Lкн▄Lх▄L▀н▄L▀н▄L┬▄LKн▄LKн▄LB≥┬▄Mн▄Mн▄M▄Lкн▄Lкн▄Lх▄LKн▄LKн▄LB≥┬▄Mкн▄Mкн▄Mх▄M▀н▄M▀н▄M┬▄MKн▄MKн▄MB≥┬▄M▀н▄M▀н▄M┬▄Nн▄Nн▄N▄MKн▄MKн▄MB≥┬▄MKн▄MKн▄MH▄Nн▄Nн▄N▄NKн▄NKн▄NB≥┬▄Nн▄Nн▄N▄▄н▄▄н▄▄▄NKн▄NKн▄NB≥┬▄▄кн▄▄кн▄▄х▄▄▀н▄▄▀н▄▄┬▄▄Kн▄▄Kн▄▄B≥┬▄▄Kн▄▄Kн▄▄H▄█н▄█н▄█▄▄кн▄▄кн▄▄б≥┬▄█н▄█н▄█▄█Kн▄█Kн▄█H▄▄кн▄▄кн▄▄б≥┬▄█Kн▄█Kн▄█H▄█▀н▄█▀н▄█┬▄▄кн▄▄кн▄▄б≥┬▄▌Kн▄▌Kн▄▌H▄▌н▄▌н▄▌▄█кн▄█кн▄█б≥┬▄лн▄лн▄л▄▌Kн▄▌Kн▄▌H▄█кн▄█кн▄█б≥┬▄лкн▄лкн▄лх▄л▀н▄л▀н▄л┬▄лKн▄лKн▄лB≥┬▄лKн▄лKн▄лH▄мн▄мн▄м▄лкн▄лкн▄лб≥┬▄мн▄мн▄м▄мKн▄мKн▄мH▄лкн▄лкн▄лб≥┬▄мн▄мн▄м▄м▀н▄м▀н▄м┬▄мKн▄мKн▄мB≥┬▄нKн▄нKн▄нH▄нн▄нн▄н▄мкн▄мкн▄мб≥┬▄нн▄нн▄н█н█н█▄мкн▄мкн▄мб≥┬▄мкн▄мкн▄мх█н█н██Kн█Kн█B≥┬█н█н██▀н█▀н█┬█Kн█Kн█B≥┬█Kн█Kн█H█н█н██кн█кн█б≥┬█кн█кн█х█▀н█▀н█┬█Kн█Kн█B≥┬█кн█кн█х█кн█кн█х█▀н█▀н█┌≥┬█кн█кн█х█н█н██▀н█▀н█┌≥┬█LKн█LKн█LH█Lн█Lн█L█Kн█Kн█B≥┬█Kн█Kн█H█L▀н█L▀н█L┬█LKн█LKн█LB≥┬█Kн█Kн█H█Lкн█Lкн█Lх█L▀н█L▀н█L┌≥┬█Kн█Kн█H█Mн█Mн█M█Lкн█Lкн█Lб≥┬█Mкн█Mкн█Mх█M▀н█M▀н█M┬█MKн█MKн█MB≥┬█Nн█Nн█N█Mкн█Mкн█Mх█MKн█MKн█MB≥┬█▄Kн█▄Kн█▄H█▄н█▄н█▄█NKн█NKн█NB≥┬█NKн█NKн█NH█▄▀н█▄▀н█▄┬█▄Kн█▄Kн█▄B≥┬█▄▀н█▄▀н█▄┬█▄кн█▄кн█▄х█▄Kн█▄Kн█▄B≥┬█▄▀н█▄▀н█▄┬██н██н███▄кн█▄кн█▄б≥┬██кн██кн██х██▀н██▀н██┬██Kн██Kн██B≥┬█▌н█▌н█▌██кн██кн██х██Kн██Kн██B≥┬█лKн█лKн█лH█лн█лн█л█▌Kн█▌Kн█▌B≥┬█л▀н█л▀н█л┬█лKн█лKн█лH█▌Kн█▌Kн█▌B≥┬█мKн█мKн█мH█мн█мн█м█лкн█лкн█лб≥┬█м▀н█м▀н█м┬█мKн█мKн█мH█лкн█лкн█лб≥┬█нKн█нKн█нH█нн█нн█н█мкн█мкн█мб≥┬▌н▌н▌█нKн█нKн█нH█мкн█мкн█мб≥┬▌кн▌кн▌х▌▀н▌▀н▌┬▌Kн▌Kн▌B≥┬▌н▌н▌▌кн▌кн▌х▌Kн▌Kн▌B≥┬▌кн▌кн▌х▌▀н▌▀н▌┬▌Kн▌Kн▌B≥┬▌н▌н▌▌кн▌кн▌х▌Kн▌Kн▌B≥┬▌LKн▌LKн▌LH▌Lн▌Lн▌L▌Kн▌Kн▌B≥┬▌L▀н▌L▀н▌L┬▌LKн▌LKн▌LH▌Kн▌Kн▌B≥┬▌MKн▌MKн▌MH▌Mн▌Mн▌M▌Lкн▌Lкн▌Lб≥┬▌M▀н▌M▀н▌M┬▌MKн▌MKн▌MH▌Lкн▌Lкн▌Lб≥┬▌NKн▌NKн▌NH▌Nн▌Nн▌N▌Mкн▌Mкн▌Mб≥┬лнлнл▌NKн▌NKн▌NH▌Mкн▌Mкн▌Mб≥┬лкнлкнлхл▀нл▀нл┬лKнлKнлB≥┬лнлнллкнлкнлхлKнлKнлB≥┬лкнлкнлхл▀нл▀нл┬лKнлKнлB≥┬лнлнллкнлкнлхлKнлKнлB≥┬лLKнлLKнлLHлLнлLнлLлKнлKнлB≥┬лL▀нлL▀нлL┬лLKнлLKнлLHлKнлKнлB≥┬лMKнлMKнлMHлMнлMнлMлLкнлLкнлLб≥┬лM▀нлM▀нлM┬лMKнлMKнлMHлLкнлLкнлLб≥┬лNKнлNKнлNHлNнлNнлNлMкнлMкнлMб≥┬л▄нл▄нл▄лNKнлNKнлNHлMкнлMкнлMб≥┬л▄кнл▄кнл▄хл▄▀нл▄▀нл▄┬л▄Kнл▄Kнл▄B≥┬л█нл█нл█л▄кнл▄кнл▄хл▄Kнл▄Kнл▄B≥┬л█кнл█кнл█хл█▀нл█▀нл█┬л█Kнл█Kнл█B≥┬л▌нл▌нл▌л█кнл█кнл█хл█Kнл█Kнл█B≥┬ллKнллKнллHллнллнллл▌Kнл▌Kнл▌B≥┬лл▀нлл▀нлл┬ллKнллKнллHл▌Kнл▌Kнл▌B≥┬лмKнлмKнлмHлмнлмнлмллкнллкнллб≥┬лм▀нлм▀нлм┬лмKнлмKнлмHллкнллкнллб≥┬лнKнлнKнлнHлннлннлнлмкнлмкнлмб≥┬мнмнмлнKнлнKнлнHлмкнлмкнлмб≥┬мкнмкнмхм▀нм▀нм┬мKнмKнмB≥┬мнмнммкнмкнмхмKнмKнмB≥┬мкнмкнмхм▀нм▀нм┬мKнмKнмB≥┬мнмнммкнмкнмхмKнмKнмB≥┬мLKнмLKнмLHмLнмLнмLмKнмKнмB≥┬мL▀нмL▀нмL┬мLKнмLKнмLHмKнмKнмB≥┬мMKнмMKнмMHмMнмMнмMмLкнмLкнмLб≥┬мM▀нмM▀нмM┬мMKнмMKнмMHмLкнмLкнмLб≥┬мNKнмNKнмNHмNнмNнмNмMкнмMкнмMб≥┬м▄нм▄нм▄мNKнмNKнмNHмMкнмMкнмMб≥┬м▄кнм▄кнм▄хм▄▀нм▄▀нм▄┬м▄Kнм▄Kнм▄B≥┬м█нм█нм█м▄кнм▄кнм▄хм▄Kнм▄Kнм▄B≥┬м█кнм█кнм█хм█▀нм█▀нм█┬м█Kнм█Kнм█B≥┬м▌нм▌нм▌м█кнм█кнм█хм█Kнм█Kнм█B≥┬млKнмлKнмлHмлнмлнмлм▌Kнм▌Kнм▌B≥┬мл▀нмл▀нмл┬млKнмлKнмлHм▌Kнм▌Kнм▌B≥┬ммKнммKнммHммнммнмммлкнмлкнмлб≥┬мм▀нмм▀нмм┬ммKнммKнммHмлкнмлкнмлб≥┬мнKнмнKнмнHмннмннмнммкнммкнммб≥┬нннннмнKнмнKнмнHммкнммкнммб≥┬нкннкннхн▀нн▀нн┬нKннKннB≥┬ннннннкннкннхнKннKннB≥┬нкннкннхн▀нн▀нн┬нKннKннB≥┬ннннннкннкннхнKннKннB≥┬нLннLннLнKннKннHннннн≥┬нLKннLKннLHнLннLннLннннн≥┬нMннMннMнLкннLкннLхнL▀ннL▀ннL┌≥┬нMKннMKннMHнMннMннMнL▀ннL▀ннL┌≥┬нNннNннNнMкннMкннMхнM▀ннM▀ннM┌≥┬нNKннNKннNHнNннNннNнM▀ннM▀ннM┌≥┬▀н▀н┬KнKнHнн≥┬кнкнх▀н▀н┬нн≥┬▀н▀н┬KнKнHнн≥┬кнкнх▀н▀н┬нн≥┬кнкнхнннн≥┬KнKнHкнкнхнн≥┬L▀нL▀нL┬LKнLKнLHLнLнL≥┬LкнLкнLхL▀нL▀нL┬LнLнL≥┬M▀нM▀нM┬MKнMKнMHMнMнM≥┬MкнMкнMхM▀нM▀нM┬MнMнM≥┬▄н▄н▄NKнNKнNHNнNнN≥┬▄Kн▄Kн▄H▄н▄н▄NнNнN≥┬█н█н█▄кн▄кн▄х▄▀н▄▀н▄┌≥┬█Kн█Kн█H█н█н█▄▀н▄▀н▄┌≥┬▄▀н▄▀н▄┬█кн█кн█х█▀н█▀н█┌≥┬█кн█кн█х▌н▌н▌█▀н█▀н█┌≥┬лKнлKнлHлнлнл▌Kн▌Kн▌B≥┬л▀нл▀нл┬лKнлKнлH▌Kн▌Kн▌B≥┬мKнмKнмHмнмнмлкнлкнлб≥┬м▀нм▀нм┬мKнмKнмHлкнлкнлб≥┬нKннKннHнннннмкнмкнмб≥┬нннKннKннHмкнмкнмб≥┬кнкнх▀н▀н┬KнKнB≥┬ннкнкнхKнKнB≥┬кнкнх▀н▀н┬KнKнB≥┬KнKнHннкнкнб≥┬KнKнHKнKнHнн≥┬KнKнHLнLнLнн≥┬LкнLкнLхL▀нL▀нL┬LKнLKнLB≥┬LKнLKнLHMнMнMLкнLкнLб≥┬MнMнMMKнMKнMHLкнLкнLб≥┬MнMнMM▀нM▀нM┬MKнMKнMB≥┬NKнNKнNHNнNнNMкнMкнMб≥┬MкнMкнMх▄н▄н▄NKнNKнNB≥┬MкнMкнMх▄Kн▄Kн▄H▄н▄н▄≥┬▄Kн▄Kн▄H▄▀н▄▀н▄┬▄н▄н▄≥┬█Kн█Kн█H█н█н█▄кн▄кн▄б≥┬▄кн▄кн▄х█▀н█▀н█┬█Kн█Kн█B≥┬▄кн▄кн▄х█кн█кн█х█▀н█▀н█┌≥┬█кн█кн█х▌н▌н▌█▀н█▀н█┌≥┬лKнлKнлHлнлнл▌Kн▌Kн▌B≥┬▌Kн▌Kн▌Hл▀нл▀нл┬лKнлKнлB≥┬л▀нл▀нл┬лкнлкнлхлKнлKнлB≥┬л▀нл▀нл┬мнмнмлкнлкнлб≥┬мкнмкнмхм▀нм▀нм┬мKнмKнмB≥┬мKнмKнмHнннннмкнмкнмб≥┬ннннннKннKннHмкнмкнмб≥┬ннннннннKннKннB≥┬кнкнх▀н▀н┬KнKнB≥┬KнKнHннкнкнб≥┬KнKнHKнKнHнн≥┬KнKнH▀н▀н┬нн≥┬KнKнHннкнкнб≥┬LнLнLKнKнHкнкнб≥┬LнLнLкнкнхLKнLKнLB≥┬L▀нL▀нL┬LнLнLLKнLKнLB≥┬MKнMKнMHMнMнMLкнLкнLб≥┬LкнLкнLхM▀нM▀нM┬MKнMKнMB≥┬LкнLкнLхMкнMкнMхM▀нM▀нM┌≥┬MкнMкнMхNнNнNM▀нM▀нM┌≥┬LKнLKнLHLнLнLNKнNKнNB≥┬NKнNKнNHL▀нL▀нL┬LKнLKнLB≥┬L▀нL▀нL┬LкнLкнLхLKнLKнLB≥┬L▀нL▀нL┬LнLнLLкнLкнLб≥┬LкнLкнLхL▀нL▀нL┬LKнLKнLB≥┬LKнLKнLHLнLнLLкнLкнLб≥┬LKнLKнLHLKнLKнLHLнLнL≥┬LKнLKнLHLLнLLнLLLнLнL≥┬LLкнLLкнLLхLL▀нLL▀нLL┬LLKнLLKнLLB≥┬LLKнLLKнLLHLMнLMнLMLLкнLLкнLLб≥┬LMнLMнLMLMKнLMKнLMHLLкнLLкнLLб≥┬LMнLMнLMLM▀нLM▀нLM┬LMKнLMKнLMB≥┬LNKнLNKнLNHLNнLNнLNLMкнLMкнLMб≥┬LMкнLMкнLMхL▄нL▄нL▄LNKнLNKнLNB≥┬L▄нL▄нL▄L▄KнL▄KнL▄HLNKнLNKнLNB≥┬L▄нL▄нL▄L▄▀нL▄▀нL▄┬L▄KнL▄KнL▄B≥┬L█KнL█KнL█HL█нL█нL█L▄кнL▄кнL▄б≥┬L▄кнL▄кнL▄хL█▀нL█▀нL█┬L█KнL█KнL█B≥┬L▄кнL▄кнL▄хL█кнL█кнL█хL█▀нL█▀нL█┌≥┬L█кнL█кнL█хL▌нL▌нL▌L█▀нL█▀нL█┌≥┬LлKнLлKнLлHLлнLлнLлL▌KнL▌KнL▌B≥┬L▌KнL▌KнL▌HLл▀нLл▀нLл┬LлKнLлKнLлB≥┬L▌KнL▌KнL▌HLлкнLлкнLлхLл▀нLл▀нLл┌≥┬LлкнLлкнLлхLмнLмнLмLл▀нLл▀нLл┌≥┬LмкнLмкнLмхLм▀нLм▀нLм┬LмKнLмKнLмB≥┬LмKнLмKнLмHLннLннLнLмкнLмкнLмб≥┬LннLннLнLнKнLнKнLнHLмкнLмкнLмб≥┬LннLннLнMнMнMLнKнLнKнLнB≥┬MкнMкнMхM▀нM▀нM┬MKнMKнMB≥┬MнMнMMкнMкнMхMKнMKнMB≥┬MкнMкнMхM▀нM▀нM┬MKнMKнMB≥┬MнMнMMкнMкнMхMKнMKнMB≥┬MLKнMLKнMLHMLнMLнMLMKнMKнMB≥┬ML▀нML▀нML┬MLKнMLKнMLHMKнMKнMB≥┬MMKнMMKнMMHMMнMMнMMMLкнMLкнMLб≥┬MM▀нMM▀нMM┬MMKнMMKнMMHMLкнMLкнMLб≥┬MNKнMNKнMNHMNнMNнMNMMкнMMкнMMб≥┬M▄нM▄нM▄MNKнMNKнMNHMMкнMMкнMMб≥┬M▄кнM▄кнM▄хM▄▀нM▄▀нM▄┬M▄KнM▄KнM▄B≥┬M▄KнM▄KнM▄HM█нM█нM█M▄кнM▄кнM▄б≥┬M▄KнM▄KнM▄HM█KнM█KнM█HM█нM█нM█≥┬M█KнM█KнM█HM█▀нM█▀нM█┬M█нM█нM█≥┬M▌KнM▌KнM▌HM▌нM▌нM▌M█кнM█кнM█б≥┬MлнMлнMлM▌KнM▌KнM▌HM█кнM█кнM█б≥┬MлкнMлкнMлхMл▀нMл▀нMл┬MлKнMлKнMлB≥┬MлKнMлKнMлHMмнMмнMмMлкнMлкнMлб≥┬MлKнMлKнMлHMмKнMмKнMмHMмнMмнMм≥┬MмKнMмKнMмHMм▀нMм▀нMм┬MмнMмнMм≥┬MнKнMнKнMнHMннMннMнMмкнMмкнMмб≥┬NнNнNMнKнMнKнMнHMмкнMмкнMмб≥┬NкнNкнNхN▀нN▀нN┬NKнNKнNB≥┬NнNнNNкнNкнNхNKнNKнNB≥┬NкнNкнNхN▀нN▀нN┬NKнNKнNB≥┬NKнNKнNHNнNнNNкнNкнNб≥┬NнNнNNKнNKнNHNкнNкнNб≥┬NнNнNNLнNLнNLNKнNKнNB≥┬NLкнNLкнNLхNL▀нNL▀нNL┬NLKнNLKнNLB≥┬NLKнNLKнNLHNMнNMнNMNLкнNLкнNLб≥┬NMнNMнNMNMKнNMKнNMHNLкнNLкнNLб≥┬NMнNMнNMNM▀нNM▀нNM┬NMKнNMKнNMB≥┬NNKнNNKнNNHNNнNNнNNNMкнNMкнNMб≥┬LнLнLNNKнNNKнNNHNMкнNMкнNMб≥┬LкнLкнLхL▀нL▀нL┬LKнLKнLB≥┬LKнLKнLHLнLнLLкнLкнLб≥┬LнLнLLKнLKнLHLкнLкнLб≥┬LнLнLL▀нL▀нL┬LKнLKнLB≥┬LKнLKнLHLнLнLLкнLкнLб≥┬LLнLLнLLLKнLKнLHLкнLкнLб≥┬LLKнLLKнLLHLKнLKнLHLLнLLнLL≥┬LL▀нLL▀нLL┬LLKнLLKнLLHLLнLLнLL≥┬LMKнLMKнLMHLMнLMнLMLLкнLLкнLLб≥┬LM▀нLM▀нLM┬LMKнLMKнLMHLLкнLLкнLLб≥┬LNKнLNKнLNHLNнLNнLNLMкнLMкнLMб≥┬L▄нL▄нL▄LNKнLNKнLNHLMкнLMкнLMб≥┬L▄кнL▄кнL▄хL▄▀нL▄▀нL▄┬L▄KнL▄KнL▄B≥┬L█нL█нL█L▄кнL▄кнL▄хL▄KнL▄KнL▄B≥┬L█кнL█кнL█хL█▀нL█▀нL█┬L█KнL█KнL█B≥┬L▌нL▌нL▌L█кнL█кнL█хL█KнL█KнL█B≥┬LлKнLлKнLлHLлнLлнLлL▌KнL▌KнL▌B≥┬Lл▀нLл▀нLл┬LлKнLлKнLлHL▌KнL▌KнL▌B≥┬LмKнLмKнLмHLмнLмнLмLлкнLлкнLлб≥┬Lм▀нLм▀нLм┬LмKнLмKнLмHLлкнLлкнLлб≥┬LнKнLнKнLнHLннLннLнLмкнLмкнLмб≥┬LнLнLLнKнLнKнLнHLмкнLмкнLмб≥┬LкнLкнLхL▀нL▀нL┬LKнLKнLB≥┬LнLнLLкнLкнLхLKнLKнLB≥┬LкнLкнLхL▀нL▀нL┬LKнLKнLB≥┬LнLнLLкнLкнLхLKнLKнLB≥┬LLKнLLKнLLHLLнLLнLLLKнLKнLB≥┬LL▀нLL▀нLL┬LLKнLLKнLLHLKнLKнLB≥┬LMKнLMKнLMHLMнLMнLMLLкнLLкнLLб≥┬LM▀нLM▀нLM┬LMKнLMKнLMHLLкнLLкнLLб≥┬LNKнLNKнLNHLNнLNнLNLMкнLMкнLMб≥┬L▄нL▄нL▄LNKнLNKнLNHLMкнLMкнLMб≥┬L▄кнL▄кнL▄хL▄▀нL▄▀нL▄┬L▄KнL▄KнL▄B≥┬L█нL█нL█L▄кнL▄кнL▄хL▄KнL▄KнL▄B≥┬L█кнL█кнL█хL█▀нL█▀нL█┬L█KнL█KнL█B≥┬L▌нL▌нL▌L█кнL█кнL█хL█KнL█KнL█B≥┬LлKнLлKнLлHLлнLлнLлL▌KнL▌KнL▌B≥┬Lл▀нLл▀нLл┬LлKнLлKнLлHL▌KнL▌KнL▌B≥┬LмKнLмKнLмHLмнLмнLмLлкнLлкнLлб≥┬Lм▀нLм▀нLм┬LмKнLмKнLмHLлкнLлкнLлб≥┬LнKнLнKнLнHLннLннLнLмкнLмкнLмб≥┬LнLнLLнKнLнKнLнHLмкнLмкнLмб≥┬LкнLкнLхL▀нL▀нL┬LKнLKнLB≥┬LнLнLLкнLкнLхLKнLKнLB≥┬LкнLкнLхL▀нL▀нL┬LKнLKнLB≥┬LнLнLLкнLкнLхLKнLKнLB≥┬LLKнLLKнLLHLLнLLнLLLKнLKнLB≥┬LL▀нLL▀нLL┬LLKнLLKнLLHLKнLKнLB≥┬LMKнLMKнLMHLMнLMнLMLLкнLLкнLLб≥┬LM▀нLM▀нLM┬LMKнLMKнLMHLLкнLLкнLLб≥┬LNKнLNKнLNHLNнLNнLNLMкнLMкнLMб≥┬LLнLLнLLLNKнLNKнLNHLMкнLMкнLMб≥┬LLкнLLкнLLхLL▀нLL▀нLL┬LLKнLLKнLLB≥┬LLнLLнLLLLкнLLкнLLхLLKнLLKнLLB≥┬LLкнLLкнLLхLL▀нLL▀нLL┬LLKнLLKнLLB≥┬LLнLLнLLLLкнLLкнLLхLLKнLLKнLLB≥┬LLLKнLLLKнLLLHLLLнLLLнLLLLLKнLLKнLLB≥┬LLL▀нLLL▀нLLL┬LLLKнLLLKнLLLHLLKнLLKнLLB≥┬LLMKнLLMKнLLMHLLMнLLMнLLMLLLкнLLLкнLLLб≥┬LLM▀нLLM▀нLLM┬LLMKнLLMKнLLMHLLLкнLLLкнLLLб≥┬LLNKнLLNKнLLNHLLNнLLNнLLNLLMкнLLMкнLLMб≥┬LL▄нLL▄нLL▄LLNKнLLNKнLLNHLLMкнLLMкнLLMб≥┬LL▄кнLL▄кнLL▄хLL▄▀нLL▄▀нLL▄┬LL▄KнLL▄KнLL▄B≥┬LL█нLL█нLL█LL▄кнLL▄кнLL▄хLL▄KнLL▄KнLL▄B≥┬LL█кнLL█кнLL█хLL█▀нLL█▀нLL█┬LL█KнLL█KнLL█B≥┬LL▌нLL▌нLL▌LL█кнLL█кнLL█хLL█KнLL█KнLL█B≥┬LLлнLLлнLLлLL▌KнLL▌KнLL▌HLL▌нLL▌нLL▌≥┬LLлKнLLлKнLLлHLLлнLLлнLLлLL▌нLL▌нLL▌≥┬LLмнLLмнLLмLLлкнLLлкнLLлхLLл▀нLLл▀нLLл┌≥┬LLмKнLLмKнLLмHLLмнLLмнLLмLLл▀нLLл▀нLLл┌≥┬LLннLLннLLнLLмкнLLмкнLLмхLLм▀нLLм▀нLLм┌≥┬LLнKнLLнKнLLнHLLннLLннLLнLLм▀нLLм▀нLLм┌≥┬LM▀нLM▀нLM┬LMKнLMKнLMHLMнLMнLM≥┬LMкнLMкнLMхLM▀нLM▀нLM┬LMнLMнLM≥┬LM▀нLM▀нLM┬LMKнLMKнLMHLMнLMнLM≥┬LMкнLMкнLMхLM▀нLM▀нLM┬LMнLMнLM≥┬LMLнLMLнLMLLMKнLMKнLMHLMнLMнLM≥┬LMLKнLMLKнLMLHLMLнLMLнLMLLMнLMнLM≥┬LMMнLMMнLMMLMLкнLMLкнLMLхLML▀нLML▀нLML┌≥┬LMMKнLMMKнLMMHLMMнLMMнLMMLML▀нLML▀нLML┌≥┬LMNнLMNнLMNLMMкнLMMкнLMMхLMM▀нLMM▀нLMM┌≥┬LMNKнLMNKнLMNHLMNнLMNнLMNLMM▀нLMM▀нLMM┌≥┬LM▄▀нLM▄▀нLM▄┬LM▄KнLM▄KнLM▄HLM▄нLM▄нLM▄≥┬LM▄кнLM▄кнLM▄хLM▄▀нLM▄▀нLM▄┬LM▄нLM▄нLM▄≥┬LM█▀нLM█▀нLM█┬LM█KнLM█KнLM█HLM█нLM█нLM█≥┬LM█кнLM█кнLM█хLM█▀нLM█▀нLM█┬LM█нLM█нLM█≥┬LM█нLM█нLM█LM▌KнLM▌KнLM▌HLM▌нLM▌нLM▌≥┬LM▌KнLM▌KнLM▌HLMлнLMлнLMлLM▌нLM▌нLM▌≥┬LMлкнLMлкнLMлхLMл▀нLMл▀нLMл┬LMлKнLMлKнLMлB≥┬LMмнLMмнLMмLMлкнLMлкнLMлхLMлKнLMлKнLMлB≥┬LMмкнLMмкнLMмхLMм▀нLMм▀нLMм┬LMмKнLMмKнLMмB≥┬LMннLMннLMнLMмкнLMмкнLMмхLMмKнLMмKнLMмB≥┬LNKнLNKнLNHLNнLNнLNLMнKнLMнKнLMнB≥┬LN▀нLN▀нLN┬LNKнLNKнLNHLMнKнLMнKнLMнB≥┬LNKнLNKнLNHLNнLNнLNLNкнLNкнLNб≥┬LN▀нLN▀нLN┬LNKнLNKнLNHLNкнLNкнLNб≥┬LNKнLNKнLNHLNнLNнLNLNкнLNкнLNб≥┬LNкнLNкнLNхLNLнLNLнLNLLNKнLNKнLNB≥┬LNкнLNкнLNхLNLKнLNLKнLNLHLNLнLNLнLNL≥┬LNLKнLNLKнLNLHLNL▀нLNL▀нLNL┬LNLнLNLнLNL≥┬LNMKнLNMKнLNMHLNMнLNMнLNMLNLкнLNLкнLNLб≥┬LNLкнLNLкнLNLхLNM▀нLNM▀нLNM┬LNMKнLNMKнLNMB≥┬LNLкнLNLкнLNLхLNMкнLNMкнLNMхLNM▀нLNM▀нLNM┌≥┬LNMкнLNMкнLNMхLNNнLNNнLNNLNM▀нLNM▀нLNM┌≥┬LNNнLNNнLNNLNMкнLNMкнLNMхLNNKнLNNKнLNNB≥┬LNNKнLNNKнLNNHL▄нL▄нL▄LNNнLNNнLNN≥┬LNNKнLNNKнLNNHL▄KнL▄KнL▄HL▄нL▄нL▄≥┬L▄KнL▄KнL▄HL▄▀нL▄▀нL▄┬L▄нL▄нL▄≥┬L▄KнL▄KнL▄HL▄нL▄нL▄L▄кнL▄кнL▄б≥┬L▄кнL▄кнL▄хL▄▀нL▄▀нL▄┬L▄KнL▄KнL▄B≥┬L▄кнL▄кнL▄хL▄кнL▄кнL▄хL▄▀нL▄▀нL▄┌≥┬L▄кнL▄кнL▄хL▄нL▄нL▄L▄▀нL▄▀нL▄┌≥┬L▄LKнL▄LKнL▄LHL▄LнL▄LнL▄LL▄KнL▄KнL▄B≥┬L▄KнL▄KнL▄HL▄L▀нL▄L▀нL▄L┬L▄LKнL▄LKнL▄LB≥┬L▄KнL▄KнL▄HL▄LкнL▄LкнL▄LхL▄L▀нL▄L▀нL▄L┌≥┬L▄LкнL▄LкнL▄LхL▄MнL▄MнL▄ML▄L▀нL▄L▀нL▄L┌≥┬L▄MкнL▄MкнL▄MхL▄M▀нL▄M▀нL▄M┬L▄MKнL▄MKнL▄MB≥┬L▄MKнL▄MKнL▄MHL▄NнL▄NнL▄NL▄MкнL▄MкнL▄Mб≥┬L▄MKнL▄MKнL▄MHL▄NKнL▄NKнL▄NHL▄NнL▄NнL▄N≥┬L▄NKнL▄NKнL▄NHL▄▄нL▄▄нL▄▄L▄NнL▄NнL▄N≥┬L▄▄кнL▄▄кнL▄▄хL▄▄▀нL▄▄▀нL▄▄┬L▄▄KнL▄▄KнL▄▄B≥┬L▄▄KнL▄▄KнL▄▄HL▄█нL▄█нL▄█L▄▄кнL▄▄кнL▄▄б≥┬L▄▄KнL▄▄KнL▄▄HL▄█KнL▄█KнL▄█HL▄█нL▄█нL▄█≥┬L▄█KнL▄█KнL▄█HL▄█▀нL▄█▀нL▄█┬L▄█нL▄█нL▄█≥┬L▄▌KнL▄▌KнL▄▌HL▄▌нL▄▌нL▄▌L▄█кнL▄█кнL▄█б≥┬L▄лнL▄лнL▄лL▄▌KнL▄▌KнL▄▌HL▄█кнL▄█кнL▄█б≥┬L▄лнL▄лнL▄лL▄█кнL▄█кнL▄█хL▄лKнL▄лKнL▄лB≥┬L▄л▀нL▄л▀нL▄л┬L▄лнL▄лнL▄лL▄лKнL▄лKнL▄лB≥┬L▄мKнL▄мKнL▄мHL▄мнL▄мнL▄мL▄лкнL▄лкнL▄лб≥┬L▄лкнL▄лкнL▄лхL▄м▀нL▄м▀нL▄м┬L▄мKнL▄мKнL▄мB≥┬L▄м▀нL▄м▀нL▄м┬L▄мкнL▄мкнL▄мхL▄мKнL▄мKнL▄мB≥┬L▄м▀нL▄м▀нL▄м┬L▄ннL▄ннL▄нL▄мкнL▄мкнL▄мб≥┬L█KнL█KнL█HL█нL█нL█L▄нKнL▄нKнL▄нB≥┬L▄нKнL▄нKнL▄нHL█▀нL█▀нL█┬L█KнL█KнL█B≥┬L█▀нL█▀нL█┬L█кнL█кнL█хL█KнL█KнL█B≥┬L█▀нL█▀нL█┬L█нL█нL█L█кнL█кнL█б≥┬L█кнL█кнL█хL█▀нL█▀нL█┬L█KнL█KнL█B≥┬L█KнL█KнL█HL█нL█нL█L█кнL█кнL█б≥┬L█нL█нL█L█KнL█KнL█HL█кнL█кнL█б≥┬L█нL█нL█L█LнL█LнL█LL█KнL█KнL█B≥┬L█LKнL█LKнL█LHL█KнL█KнL█HL█LнL█LнL█L≥┬L█LнL█LнL█LL█L▀нL█L▀нL█L┬L█LKнL█LKнL█LB≥┬L█L▀нL█L▀нL█L┬L█LкнL█LкнL█LхL█LKнL█LKнL█LB≥┬L█L▀нL█L▀нL█L┬L█MнL█MнL█ML█LкнL█LкнL█Lб≥┬L█MкнL█MкнL█MхL█M▀нL█M▀нL█M┬L█MKнL█MKнL█MB≥┬L█MKнL█MKнL█MHL█NнL█NнL█NL█MкнL█MкнL█Mб≥┬L█NнL█NнL█NL█NKнL█NKнL█NHL█MкнL█MкнL█Mб≥┬L█NнL█NнL█NL█▄нL█▄нL█▄L█NKнL█NKнL█NB≥┬L█▄кнL█▄кнL█▄хL█▄▀нL█▄▀нL█▄┬L█▄KнL█▄KнL█▄B≥┬L█▄KнL█▄KнL█▄HL██нL██нL██L█▄кнL█▄кнL█▄б≥┬L██нL██нL██L██KнL██KнL██HL█▄кнL█▄кнL█▄б≥┬L██нL██нL██L██▀нL██▀нL██┬L██KнL██KнL██B≥┬L█▌KнL█▌KнL█▌HL█▌нL█▌нL█▌L██кнL██кнL██б≥┬L██кнL██кнL██хL█лнL█лнL█лL█▌KнL█▌KнL█▌B≥┬L█лнL█лнL█лL█лKнL█лKнL█лHL█▌KнL█▌KнL█▌B≥┬L█лнL█лнL█лL█л▀нL█л▀нL█л┬L█лKнL█лKнL█лB≥┬L█мKнL█мKнL█мHL█мнL█мнL█мL█лкнL█лкнL█лб≥┬L█лкнL█лкнL█лхL█м▀нL█м▀нL█м┬L█мKнL█мKнL█мB≥┬L█м▀нL█м▀нL█м┬L█мкнL█мкнL█мхL█мKнL█мKнL█мB≥┬L█м▀нL█м▀нL█м┬L█ннL█ннL█нL█мкнL█мкнL█мб≥┬L▌KнL▌KнL▌HL▌нL▌нL▌L█нKнL█нKнL█нB≥┬L▌▀нL▌▀нL▌┬L▌KнL▌KнL▌HL█нKнL█нKнL█нB≥┬L▌KнL▌KнL▌HL▌нL▌нL▌L▌кнL▌кнL▌б≥┬L▌▀нL▌▀нL▌┬L▌KнL▌KнL▌HL▌кнL▌кнL▌б≥┬L▌KнL▌KнL▌HL▌нL▌нL▌L▌кнL▌кнL▌б≥┬L▌LнL▌LнL▌LL▌KнL▌KнL▌HL▌кнL▌кнL▌б≥┬L▌LкнL▌LкнL▌LхL▌L▀нL▌L▀нL▌L┬L▌LKнL▌LKнL▌LB≥┬L▌MнL▌MнL▌ML▌LкнL▌LкнL▌LхL▌LKнL▌LKнL▌LB≥┬L▌MкнL▌MкнL▌MхL▌M▀нL▌M▀нL▌M┬L▌MKнL▌MKнL▌MB≥┬L▌NнL▌NнL▌NL▌MкнL▌MкнL▌MхL▌MKнL▌MKнL▌MB≥┬LлKнLлKнLлHLлнLлнLлL▌NKнL▌NKнL▌NB≥┬L▌NKнL▌NKнL▌NHLл▀нLл▀нLл┬LлKнLлKнLлB≥┬L▌NKнL▌NKнL▌NHLлкнLлкнLлхLл▀нLл▀нLл┌≥┬LлкнLлкнLлхLлнLлнLлLл▀нLл▀нLл┌≥┬LлкнLлкнLлхLл▀нLл▀нLл┬LлKнLлKнLлB≥┬LлнLлнLлLлкнLлкнLлхLлKнLлKнLлB≥┬LлLKнLлLKнLлLHLлLнLлLнLлLLлKнLлKнLлB≥┬LлKнLлKнLлHLлL▀нLлL▀нLлL┬LлLKнLлLKнLлLB≥┬LлL▀нLлL▀нLлL┬LлLкнLлLкнLлLхLлLKнLлLKнLлLB≥┬LлL▀нLлL▀нLлL┬LлMнLлMнLлMLлLкнLлLкнLлLб≥┬LлMкнLлMкнLлMхLлM▀нLлM▀нLлM┬LлMKнLлMKнLлMB≥┬LлNнLлNнLлNLлMкнLлMкнLлMхLлMKнLлMKнLлMB≥┬Lл▄KнLл▄KнLл▄HLл▄нLл▄нLл▄LлNKнLлNKнLлNB≥┬Lл▄▀нLл▄▀нLл▄┬Lл▄KнLл▄KнLл▄HLлNKнLлNKнLлNB≥┬Lл█KнLл█KнLл█HLл█нLл█нLл█Lл▄кнLл▄кнLл▄б≥┬Lл▄кнLл▄кнLл▄хLл█▀нLл█▀нLл█┬Lл█KнLл█KнLл█B≥┬Lл▄кнLл▄кнLл▄хLл█кнLл█кнLл█хLл█▀нLл█▀нLл█┌≥┬Lл█кнLл█кнLл█хLл▌нLл▌нLл▌Lл█▀нLл█▀нLл█┌≥┬Lл▌нLл▌нLл▌Lл█кнLл█кнLл█хLл▌KнLл▌KнLл▌B≥┬Lл▌KнLл▌KнLл▌HLллнLллнLллLл▌нLл▌нLл▌≥┬Lл▌KнLл▌KнLл▌HLллKнLллKнLллHLллнLллнLлл≥┬LллKнLллKнLллHLлл▀нLлл▀нLлл┬LллнLллнLлл≥┬LлмKнLлмKнLлмHLлмнLлмнLлмLллкнLллкнLллб≥┬LллкнLллкнLллхLлм▀нLлм▀нLлм┬LлмKнLлмKнLлмB≥┬LллкнLллкнLллхLлмкнLлмкнLлмхLлм▀нLлм▀нLлм┌≥┬LлмкнLлмкнLлмхLлннLлннLлнLлм▀нLлм▀нLлм┌≥┬LмKнLмKнLмHLмнLмнLмLлнKнLлнKнLлнB≥┬Lм▀нLм▀нLм┬LмKнLмKнLмHLлнKнLлнKнLлнB≥┬LмKнLмKнLмHLмнLмнLмLмкнLмкнLмб≥┬LмкнLмкнLмхLм▀нLм▀нLм┬LмKнLмKнLмB≥┬Lм▀нLм▀нLм┬LмкнLмкнLмхLмKнLмKнLмB≥┬Lм▀нLм▀нLм┬LмнLмнLмLмкнLмкнLмб≥┬LмLKнLмLKнLмLHLмLнLмLнLмLLмKнLмKнLмB≥┬LмL▀нLмL▀нLмL┬LмLKнLмLKнLмLHLмKнLмKнLмB≥┬LмMKнLмMKнLмMHLмMнLмMнLмMLмLкнLмLкнLмLб≥┬LмM▀нLмM▀нLмM┬LмMKнLмMKнLмMHLмLкнLмLкнLмLб≥┬LмNKнLмNKнLмNHLмNнLмNнLмNLмMкнLмMкнLмMб≥┬Lм▄нLм▄нLм▄LмNKнLмNKнLмNHLмMкнLмMкнLмMб≥┬Lм▄кнLм▄кнLм▄хLм▄▀нLм▄▀нLм▄┬Lм▄KнLм▄KнLм▄B≥┬Lм█нLм█нLм█Lм▄кнLм▄кнLм▄хLм▄KнLм▄KнLм▄B≥┬Lм█кнLм█кнLм█хLм█▀нLм█▀нLм█┬Lм█KнLм█KнLм█B≥┬Lм▌нLм▌нLм▌Lм█кнLм█кнLм█хLм█KнLм█KнLм█B≥┬LмлKнLмлKнLмлHLмлнLмлнLмлLм▌KнLм▌KнLм▌B≥┬Lмл▀нLмл▀нLмл┬LмлKнLмлKнLмлHLм▌KнLм▌KнLм▌B≥┬LммKнLммKнLммHLммнLммнLммLмлкнLмлкнLмлб≥┬Lмм▀нLмм▀нLмм┬LммKнLммKнLммHLмлкнLмлкнLмлб≥┬LмнKнLмнKнLмнHLмннLмннLмнLммкнLммкнLммб≥┬LннLннLнLмнKнLмнKнLмнHLммкнLммкнLммб≥┬LнкнLнкнLнхLн▀нLн▀нLн┬LнKнLнKнLнB≥┬LннLннLнLнкнLнкнLнхLнKнLнKнLнB≥┬LнкнLнкнLнхLн▀нLн▀нLн┬LнKнLнKнLнB≥┬LннLннLнLнкнLнкнLнхLнKнLнKнLнB≥┬LнLKнLнLKнLнLHLнLнLнLнLнLLнKнLнKнLнB≥┬LнL▀нLнL▀нLнL┬LнLKнLнLKнLнLHLнKнLнKнLнB≥┬LнMKнLнMKнLнMHLнMнLнMнLнMLнLкнLнLкнLнLб≥┬LнM▀нLнM▀нLнM┬LнMKнLнMKнLнMHLнLкнLнLкнLнLб≥┬LнNKнLнNKнLнNHLнNнLнNнLнNLнMкнLнMкнLнMб≥┬MнMнMLнNKнLнNKнLнNHLнMкнLнMкнLнMб≥┬MкнMкнMхM▀нM▀нM┬MKнMKнMB≥┬MнMнMMкнMкнMхMKнMKнMB≥┬MкнMкнMхM▀нM▀нM┬MKнMKнMB≥┬MнMнMMкнMкнMхMKнMKнMB≥┬MLKнMLKнMLHMLнMLнMLMKнMKнMB≥┬ML▀нML▀нML┬MLKнMLKнMLHMKнMKнMB≥┬MMKнMMKнMMHMMнMMнMMMLкнMLкнMLб≥┬MM▀нMM▀нMM┬MMKнMMKнMMHMLкнMLкнMLб≥┬MNKнMNKнMNHMNнMNнMNMMкнMMкнMMб≥┬M▄нM▄нM▄MNKнMNKнMNHMMкнMMкнMMб≥┬M▄кнM▄кнM▄хM▄▀нM▄▀нM▄┬M▄KнM▄KнM▄B≥┬M█нM█нM█M▄кнM▄кнM▄хM▄KнM▄KнM▄B≥┬M█кнM█кнM█хM█▀нM█▀нM█┬M█KнM█KнM█B≥┬M▌нM▌нM▌M█кнM█кнM█хM█KнM█KнM█B≥┬MлKнMлKнMлHMлнMлнMлM▌KнM▌KнM▌B≥┬Mл▀нMл▀нMл┬MлKнMлKнMлHM▌KнM▌KнM▌B≥┬MмKнMмKнMмHMмнMмнMмMлкнMлкнMлб≥┬Mм▀нMм▀нMм┬MмKнMмKнMмHMлкнMлкнMлб≥┬MнKнMнKнMнHMннMннMнMмкнMмкнMмб≥┬MнMнMMнKнMнKнMнHMмкнMмкнMмб≥┬MкнMкнMхM▀нM▀нM┬MKнMKнMB≥┬MнMнMMкнMкнMхMKнMKнMB≥┬MкнMкнMхM▀нM▀нM┬MKнMKнMB≥┬MнMнMMкнMкнMхMKнMKнMB≥┬MLKнMLKнMLHMLнMLнMLMKнMKнMB≥┬ML▀нML▀нML┬MLKнMLKнMLHMKнMKнMB≥┬MMKнMMKнMMHMMнMMнMMMLкнMLкнMLб≥┬MM▀нMM▀нMM┬MMKнMMKнMMHMLкнMLкнMLб≥┬MNKнMNKнMNHMNнMNнMNMMкнMMкнMMб≥┬M▄нM▄нM▄MNKнMNKнMNHMMкнMMкнMMб≥┬M▄кнM▄кнM▄хM▄▀нM▄▀нM▄┬M▄KнM▄KнM▄B≥┬M█нM█нM█M▄кнM▄кнM▄хM▄KнM▄KнM▄B≥┬M█кнM█кнM█хM█▀нM█▀нM█┬M█KнM█KнM█B≥┬M▌нM▌нM▌M█кнM█кнM█хM█KнM█KнM█B≥┬MлKнMлKнMлHMлнMлнMлM▌KнM▌KнM▌B≥┬Mл▀нMл▀нMл┬MлKнMлKнMлHM▌KнM▌KнM▌B≥┬MмнMмнMмMлкнMлкнMлхMл▀нMл▀нMл┌≥┬MмKнMмKнMмHMмнMмнMмMл▀нMл▀нMл┌≥┬MннMннMнMмкнMмкнMмхMм▀нMм▀нMм┌≥┬MнKнMнKнMнHMннMннMнMм▀нMм▀нMм┌≥┬M▀нM▀нM┬MKнMKнMHMнMнM≥┬MкнMкнMхM▀нM▀нM┬MнMнM≥┬M▀нM▀нM┬MKнMKнMHMнMнM≥┬MкнMкнMхM▀нM▀нM┬MнMнM≥┬MLнMLнMLMKнMKнMHMнMнM≥┬MLKнMLKнMLHMLнMLнMLMнMнM≥┬MLKнMLKнMLHMнMнMML▀нML▀нML┌≥┬MLкнMLкнMLхMLKнMLKнMLHML▀нML▀нML┌≥┬MM▀нMM▀нMM┬MMKнMMKнMMHMMнMMнMM≥┬MMкнMMкнMMхMM▀нMM▀нMM┬MMнMMнMM≥┬MLнMLнMLMNKнMNKнMNHMNнMNнMN≥┬MLKнMLKнMLHMLнMLнMLMNнMNнMN≥┬MLнMLнMLMLкнMLкнMLхML▀нML▀нML┌≥┬MLKнMLKнMLHMLнMLнMLML▀нML▀нML┌≥┬MLнMLнMLMLкнMLкнMLхML▀нML▀нML┌≥┬MLKнMLKнMLHMLнMLнMLML▀нML▀нML┌≥┬ML▀нML▀нML┬MLLKнMLLKнMLLHMLLнMLLнMLL≥┬MLLKнMLLKнMLLHMLL▀нMLL▀нMLL┬MLLнMLLнMLL≥┬MLMKнMLMKнMLMHMLMнMLMнMLMMLLкнMLLкнMLLб≥┬MLM▀нMLM▀нMLM┬MLMKнMLMKнMLMHMLLкнMLLкнMLLб≥┬MLNKнMLNKнMLNHMLNнMLNнMLNMLMкнMLMкнMLMб≥┬ML▄нML▄нML▄MLNKнMLNKнMLNHMLMкнMLMкнMLMб≥┬ML▄кнML▄кнML▄хML▄▀нML▄▀нML▄┬ML▄KнML▄KнML▄B≥┬ML█нML█нML█ML▄кнML▄кнML▄хML▄KнML▄KнML▄B≥┬ML█кнML█кнML█хML█▀нML█▀нML█┬ML█KнML█KнML█B≥┬ML▌нML▌нML▌ML█кнML█кнML█хML█KнML█KнML█B≥┬MLлKнMLлKнMLлHMLлнMLлнMLлML▌KнML▌KнML▌B≥┬ML▌KнML▌KнML▌HMLл▀нMLл▀нMLл┬MLлKнMLлKнMLлB≥┬ML▌KнML▌KнML▌HMLлкнMLлкнMLлхMLл▀нMLл▀нMLл┌≥┬MLлкнMLлкнMLлхMLмнMLмнMLмMLл▀нMLл▀нMLл┌≥┬MLмкнMLмкнMLмхMLм▀нMLм▀нMLм┬MLмKнMLмKнMLмB≥┬MLмKнMLмKнMLмHMLннMLннMLнMLмкнMLмкнMLмб≥┬MLмKнMLмKнMLмHMLнKнMLнKнMLнHMLннMLннMLн≥┬MLнKнMLнKнMLнHMMнMMнMMMLннMLннMLн≥┬MMнMMнMMMLнKнMLнKнMLнHMMKнMMKнMMB≥┬MMKнMMKнMMHMM▀нMM▀нMM┬MMнMMнMM≥┬MMKнMMKнMMHMMкнMMкнMMхMM▀нMM▀нMM┌≥┬MMкнMMкнMMхMMнMMнMMMM▀нMM▀нMM┌≥┬MMкнMMкнMMхMM▀нMM▀нMM┬MMKнMMKнMMB≥┬MMKнMMKнMMHMMнMMнMMMMкнMMкнMMб≥┬MMKнMMKнMMHMMKнMMKнMMHMMнMMнMM≥┬MMKнMMKнMMHMMLнMMLнMMLMMнMMнMM≥┬MMLкнMMLкнMMLхMML▀нMML▀нMML┬MMLKнMMLKнMMLB≥┬MMLKнMMLKнMMLHMMMнMMMнMMMMMLкнMMLкнMMLб≥┬MMLKнMMLKнMMLHMMMKнMMMKнMMMHMMMнMMMнMMM≥┬MMMKнMMMKнMMMHMMM▀нMMM▀нMMM┬MMMнMMMнMMM≥┬MMNKнMMNKнMMNHMMNнMMNнMMNMMMкнMMMкнMMMб≥┬MMMкнMMMкнMMMхMM▄нMM▄нMM▄MMNKнMMNKнMMNB≥┬MMMкнMMMкнMMMхMM▄KнMM▄KнMM▄HMM▄нMM▄нMM▄≥┬MM▄KнMM▄KнMM▄HMM▄▀нMM▄▀нMM▄┬MM▄нMM▄нMM▄≥┬MM█KнMM█KнMM█HMM█нMM█нMM█MM▄кнMM▄кнMM▄б≥┬MM▄кнMM▄кнMM▄хMM█▀нMM█▀нMM█┬MM█KнMM█KнMM█B≥┬MM▄кнMM▄кнMM▄хMM█кнMM█кнMM█хMM█▀нMM█▀нMM█┌≥┬MM█кнMM█кнMM█хMM▌нMM▌нMM▌MM█▀нMM█▀нMM█┌≥┬MMлKнMMлKнMMлHMMлнMMлнMMлMM▌KнMM▌KнMM▌B≥┬MMл▀нMMл▀нMMл┬MMлKнMMлKнMMлHMM▌KнMM▌KнMM▌B≥┬MMл▀нMMл▀нMMл┬MM▌KнMM▌KнMM▌HMMлкнMMлкнMMлб≥┬MMмнMMмнMMмMMл▀нMMл▀нMMл┬MMлкнMMлкнMMлб≥┬MMмкнMMмкнMMмхMMм▀нMMм▀нMMм┬MMмKнMMмKнMMмB≥┬MMмKнMMмKнMMмHMMннMMннMMнMMмкнMMмкнMMмб≥┬MMннMMннMMнMMнKнMMнKнMMнHMMмкнMMмкнMMмб≥┬MMннMMннMMнMNнMNнMNMMнKнMMнKнMMнB≥┬MNKнMNKнMNHMMнKнMMнKнMMнHMNнMNнMN≥┬MNнMNнMNMN▀нMN▀нMN┬MNKнMNKнMNB≥┬MN▀нMN▀нMN┬MNкнMNкнMNхMNKнMNKнMNB≥┬MN▀нMN▀нMN┬MNнMNнMNMNкнMNкнMNб≥┬MNкнMNкнMNхMN▀нMN▀нMN┬MNKнMNKнMNB≥┬MNKнMNKнMNHMNнMNнMNMNкнMNкнMNб≥┬MNнMNнMNMNKнMNKнMNHMNкнMNкнMNб≥┬MNнMNнMNMNLнMNLнMNLMNKнMNKнMNB≥┬MNLKнMNLKнMNLHMNKнMNKнMNHMNLнMNLнMNL≥┬MNLнMNLнMNLMNL▀нMNL▀нMNL┬MNLKнMNLKнMNLB≥┬MNL▀нMNL▀нMNL┬MNLкнMNLкнMNLхMNLKнMNLKнMNLB≥┬MNL▀нMNL▀нMNL┬MNMнMNMнMNMMNLкнMNLкнMNLб≥┬MNMкнMNMкнMNMхMNM▀нMNM▀нMNM┬MNMKнMNMKнMNMB≥┬MNMKнMNMKнMNMHMNNнMNNнMNNMNMкнMNMкнMNMб≥┬MNNнMNNнMNNMNNKнMNNKнMNNHMNMкнMNMкнMNMб≥┬MNNнMNNнMNNM▄нM▄нM▄MNNKнMNNKнMNNB≥┬M▄кнM▄кнM▄хM▄▀нM▄▀нM▄┬M▄KнM▄KнM▄B≥┬M▄KнM▄KнM▄HM▄нM▄нM▄M▄кнM▄кнM▄б≥┬M▄нM▄нM▄M▄KнM▄KнM▄HM▄кнM▄кнM▄б≥┬M▄нM▄нM▄M▄▀нM▄▀нM▄┬M▄KнM▄KнM▄B≥┬M▄KнM▄KнM▄HM▄нM▄нM▄M▄кнM▄кнM▄б≥┬M▄кнM▄кнM▄хM▄LнM▄LнM▄LM▄KнM▄KнM▄B≥┬M▄LнM▄LнM▄LM▄LKнM▄LKнM▄LHM▄KнM▄KнM▄B≥┬M▄LнM▄LнM▄LM▄L▀нM▄L▀нM▄L┬M▄LKнM▄LKнM▄LB≥┬M▄MKнM▄MKнM▄MHM▄MнM▄MнM▄MM▄LкнM▄LкнM▄Lб≥┬M▄LкнM▄LкнM▄LхM▄M▀нM▄M▀нM▄M┬M▄MKнM▄MKнM▄MB≥┬M▄M▀нM▄M▀нM▄M┬M▄MкнM▄MкнM▄MхM▄MKнM▄MKнM▄MB≥┬M▄M▀нM▄M▀нM▄M┬M▄NнM▄NнM▄NM▄MкнM▄MкнM▄Mб≥┬M▄▄KнM▄▄KнM▄▄HM▄▄нM▄▄нM▄▄M▄NKнM▄NKнM▄NB≥┬M▄▄▀нM▄▄▀нM▄▄┬M▄▄KнM▄▄KнM▄▄HM▄NKнM▄NKнM▄NB≥┬M▄█KнM▄█KнM▄█HM▄█нM▄█нM▄█M▄▄кнM▄▄кнM▄▄б≥┬M▄█▀нM▄█▀нM▄█┬M▄█KнM▄█KнM▄█HM▄▄кнM▄▄кнM▄▄б≥┬M▄▌KнM▄▌KнM▄▌HM▄▌нM▄▌нM▄▌M▄█кнM▄█кнM▄█б≥┬M▄лнM▄лнM▄лM▄▌KнM▄▌KнM▄▌HM▄█кнM▄█кнM▄█б≥┬M▄лкнM▄лкнM▄лхM▄л▀нM▄л▀нM▄л┬M▄лKнM▄лKнM▄лB≥┬M▄мнM▄мнM▄мM▄лкнM▄лкнM▄лхM▄лKнM▄лKнM▄лB≥┬M▄мкнM▄мкнM▄мхM▄м▀нM▄м▀нM▄м┬M▄мKнM▄мKнM▄мB≥┬M▄ннM▄ннM▄нM▄мкнM▄мкнM▄мхM▄мKнM▄мKнM▄мB≥┬M█KнM█KнM█HM█нM█нM█M▄нKнM▄нKнM▄нB≥┬M█▀нM█▀нM█┬M█KнM█KнM█HM▄нKнM▄нKнM▄нB≥┬M█▀нM█▀нM█┬M▄нKнM▄нKнM▄нHM█кнM█кнM█б≥┬M█кнM█кнM█хM█нM█нM█M█▀нM█▀нM█┌≥┬M█нM█нM█M█кнM█кнM█хM█KнM█KнM█B≥┬M█▀нM█▀нM█┬M█нM█нM█M█KнM█KнM█B≥┬M█▀нM█▀нM█┬M█KнM█KнM█HM█кнM█кнM█б≥┬M█кнM█кнM█хM█нM█нM█M█▀нM█▀нM█┌≥┬M█LKнM█LKнM█LHM█LнM█LнM█LM█KнM█KнM█B≥┬M█L▀нM█L▀нM█L┬M█LKнM█LKнM█LHM█KнM█KнM█B≥┬M█MKнM█MKнM█MHM█MнM█MнM█MM█LкнM█LкнM█Lб≥┬M█LкнM█LкнM█LхM█M▀нM█M▀нM█M┬M█MKнM█MKнM█MB≥┬M█M▀нM█M▀нM█M┬M█MкнM█MкнM█MхM█MKнM█MKнM█MB≥┬M█M▀нM█M▀нM█M┬M█NнM█NнM█NM█MкнM█MкнM█Mб≥┬M█NKнM█NKнM█NHM█MкнM█MкнM█MхM█NнM█NнM█N≥┬M█NнM█NнM█NM█▄нM█▄нM█▄M█NKнM█NKнM█NB≥┬M█▄нM█▄нM█▄M█▄KнM█▄KнM█▄HM█NKнM█NKнM█NB≥┬M█▄нM█▄нM█▄M█▄▀нM█▄▀нM█▄┬M█▄KнM█▄KнM█▄B≥┬M██KнM██KнM██HM██нM██нM██M█▄кнM█▄кнM█▄б≥┬M██▀нM██▀нM██┬M██KнM██KнM██HM█▄кнM█▄кнM█▄б≥┬M█▌KнM█▌KнM█▌HM█▌нM█▌нM█▌M██кнM██кнM██б≥┬M█лнM█лнM█лM█▌KнM█▌KнM█▌HM██кнM██кнM██б≥┬M█лкнM█лкнM█лхM█л▀нM█л▀нM█л┬M█лKнM█лKнM█лB≥┬M█лKнM█лKнM█лHM█мнM█мнM█мM█лкнM█лкнM█лб≥┬M█лKнM█лKнM█лHM█мKнM█мKнM█мHM█мнM█мнM█м≥┬M█мKнM█мKнM█мHM█м▀нM█м▀нM█м┬M█мнM█мнM█м≥┬M█м▀нM█м▀нM█м┬M█мKнM█мKнM█мHM█мкнM█мкнM█мб≥┬M█мкнM█мкнM█мхM█ннM█ннM█нM█м▀нM█м▀нM█м┌≥┬M█мкнM█мкнM█мхM█нKнM█нKнM█нHM█ннM█ннM█н≥┬M█нKнM█нKнM█нHM▌нM▌нM▌M█ннM█ннM█н≥┬M▌кнM▌кнM▌хM▌▀нM▌▀нM▌┬M▌KнM▌KнM▌B≥┬M▌нM▌нM▌M▌кнM▌кнM▌хM▌KнM▌KнM▌B≥┬M▌кнM▌кнM▌хM▌▀нM▌▀нM▌┬M▌KнM▌KнM▌B≥┬M▌KнM▌KнM▌HM▌нM▌нM▌M▌кнM▌кнM▌б≥┬M▌нM▌нM▌M▌KнM▌KнM▌HM▌кнM▌кнM▌б≥┬M▌нM▌нM▌M▌LнM▌LнM▌LM▌KнM▌KнM▌B≥┬M▌LкнM▌LкнM▌LхM▌L▀нM▌L▀нM▌L┬M▌LKнM▌LKнM▌LB≥┬M▌MнM▌MнM▌MM▌LкнM▌LкнM▌LхM▌LKнM▌LKнM▌LB≥┬M▌MкнM▌MкнM▌MхM▌M▀нM▌M▀нM▌M┬M▌MKнM▌MKнM▌MB≥┬M▌NнM▌NнM▌NM▌MкнM▌MкнM▌MхM▌MKнM▌MKнM▌MB≥┬MлKнMлKнMлHMлнMлнMлM▌NKнM▌NKнM▌NB≥┬Mл▀нMл▀нMл┬MлKнMлKнMлHM▌NKнM▌NKнM▌NB≥┬MлKнMлKнMлHMлнMлнMлMлкнMлкнMлб≥┬Mл▀нMл▀нMл┬MлKнMлKнMлHMлкнMлкнMлб≥┬MлKнMлKнMлHMлнMлнMлMлкнMлкнMлб≥┬MлLнMлLнMлLMлKнMлKнMлHMлкнMлкнMлб≥┬MлLкнMлLкнMлLхMлL▀нMлL▀нMлL┬MлLKнMлLKнMлLB≥┬MлMнMлMнMлMMлLкнMлLкнMлLхMлLKнMлLKнMлLB≥┬MлMкнMлMкнMлMхMлM▀нMлM▀нMлM┬MлMKнMлMKнMлMB≥┬MлNнMлNнMлNMлMкнMлMкнMлMхMлMKнMлMKнMлMB≥┬Mл▄KнMл▄KнMл▄HMл▄нMл▄нMл▄MлNKнMлNKнMлNB≥┬Mл▄▀нMл▄▀нMл▄┬Mл▄KнMл▄KнMл▄HMлNKнMлNKнMлNB≥┬Mл█KнMл█KнMл█HMл█нMл█нMл█Mл▄кнMл▄кнMл▄б≥┬Mл█▀нMл█▀нMл█┬Mл█KнMл█KнMл█HMл▄кнMл▄кнMл▄б≥┬Mл▌KнMл▌KнMл▌HMл▌нMл▌нMл▌Mл█кнMл█кнMл█б≥┬MллнMллнMллMл▌KнMл▌KнMл▌HMл█кнMл█кнMл█б≥┬MллкнMллкнMллхMлл▀нMлл▀нMлл┬MллKнMллKнMллB≥┬MлмнMлмнMлмMллкнMллкнMллхMллKнMллKнMллB≥┬MлмкнMлмкнMлмхMлм▀нMлм▀нMлм┬MлмKнMлмKнMлмB≥┬MлннMлннMлнMлмкнMлмкнMлмхMлмKнMлмKнMлмB≥┬MмKнMмKнMмHMмнMмнMмMлнKнMлнKнMлнB≥┬Mм▀нMм▀нMм┬MмKнMмKнMмHMлнKнMлнKнMлнB≥┬MмKнMмKнMмHMмнMмнMмMмкнMмкнMмб≥┬Mм▀нMм▀нMм┬MмKнMмKнMмHMмкнMмкнMмб≥┬MмKнMмKнMмHMмнMмнMмMмкнMмкнMмб≥┬MмLнMмLнMмLMмKнMмKнMмHMмкнMмкнMмб≥┬MмLкнMмLкнMмLхMмL▀нMмL▀нMмL┬MмLKнMмLKнMмLB≥┬MмMнMмMнMмMMмLкнMмLкнMмLхMмLKнMмLKнMмLB≥┬MмMкнMмMкнMмMхMмM▀нMмM▀нMмM┬MмMKнMмMKнMмMB≥┬MмNнMмNнMмNMмMкнMмMкнMмMхMмMKнMмMKнMмMB≥┬Mм▄KнMм▄KнMм▄HMм▄нMм▄нMм▄MмNKнMмNKнMмNB≥┬Mм▄▀нMм▄▀нMм▄┬Mм▄KнMм▄KнMм▄HMмNKнMмNKнMмNB≥┬Mм█KнMм█KнMм█HMм█нMм█нMм█Mм▄кнMм▄кнMм▄б≥┬Mм█▀нMм█▀нMм█┬Mм█KнMм█KнMм█HMм▄кнMм▄кнMм▄б≥┬Mм▌KнMм▌KнMм▌HMм▌нMм▌нMм▌Mм█кнMм█кнMм█б≥┬MмлнMмлнMмлMм▌KнMм▌KнMм▌HMм█кнMм█кнMм█б≥┬MмлкнMмлкнMмлхMмл▀нMмл▀нMмл┬MмлKнMмлKнMмлB≥┬MммнMммнMммMмлкнMмлкнMмлхMмлKнMмлKнMмлB≥┬MммкнMммкнMммхMмм▀нMмм▀нMмм┬MммKнMммKнMммB≥┬MмннMмннMмнMммкнMммкнMммхMммKнMммKнMммB≥┬MнKнMнKнMнHMннMннMнMмнKнMмнKнMмнB≥┬Mн▀нMн▀нMн┬MнKнMнKнMнHMмнKнMмнKнMмнB≥┬MнKнMнKнMнHMннMннMнMнкнMнкнMнб≥┬Mн▀нMн▀нMн┬MнKнMнKнMнHMнкнMнкнMнб≥┬MнKнMнKнMнHMннMннMнMнкнMнкнMнб≥┬MнLнMнLнMнLMнKнMнKнMнHMнкнMнкнMнб≥┬MнLкнMнLкнMнLхMнL▀нMнL▀нMнL┬MнLKнMнLKнMнLB≥┬MнMнMнMнMнMMнLкнMнLкнMнLхMнLKнMнLKнMнLB≥┬MнMкнMнMкнMнMхMнM▀нMнM▀нMнM┬MнMKнMнMKнMнMB≥┬MнNнMнNнMнNMнMкнMнMкнMнMхMнMKнMнMKнMнMB≥┬NKнNKнNHNнNнNMнNKнMнNKнMнNB≥┬N▀нN▀нN┬NKнNKнNHMнNKнMнNKнMнNB≥┬NKнNKнNHNнNнNNкнNкнNб≥┬N▀нN▀нN┬NKнNKнNHNкнNкнNб≥┬NKнNKнNHNнNнNNкнNкнNб≥┬NLнNLнNLNKнNKнNHNкнNкнNб≥┬NLкнNLкнNLхNL▀нNL▀нNL┬NLKнNLKнNLB≥┬NMнNMнNMNLкнNLкнNLхNLKнNLKнNLB≥┬NM▀нNM▀нNM┬NMKнNMKнNMHNMнNMнNM≥┬NMкнNMкнNMхNM▀нNM▀нNM┬NMнNMнNM≥┬N▄нN▄нN▄NNKнNNKнNNHNNнNNнNN≥┬N▄KнN▄KнN▄HN▄нN▄нN▄NNнNNнNN≥┬N█нN█нN█N▄кнN▄кнN▄хN▄▀нN▄▀нN▄┌≥┬N█KнN█KнN█HN█нN█нN█N▄▀нN▄▀нN▄┌≥┬N▌нN▌нN▌N█кнN█кнN█хN█▀нN█▀нN█┌≥┬N▌KнN▌KнN▌HN▌нN▌нN▌N█▀нN█▀нN█┌≥┬Nл▀нNл▀нNл┬NлKнNлKнNлHNлнNлнNл≥┬NлкнNлкнNлхNл▀нNл▀нNл┬NлнNлнNл≥┬Nм▀нNм▀нNм┬NмKнNмKнNмHNмнNмнNм≥┬NмкнNмкнNмхNм▀нNм▀нNм┬NмнNмнNм≥┬NнNнNNнKнNнKнNнHNннNннNн≥┬NKнNKнNHNнNнNNннNннNн≥┬NнNнNNкнNкнNхN▀нN▀нN┌≥┬NKнNKнNHNнNнNN▀нN▀нN┌≥┬NнNнNNкнNкнNхN▀нN▀нN┌≥┬NKнNKнNHNнNнNN▀нN▀нN┌≥┬NL▀нNL▀нNL┬NLKнNLKнNLHNLнNLнNL≥┬NLкнNLкнNLхNL▀нNL▀нNL┬NLнNLнNL≥┬NLнNLнNLNMKнNMKнNMHNMнNMнNM≥┬NMKнNMKнNMHNM▀нNM▀нNM┬NMнNMнNM≥┬NNKнNNKнNNHNNнNNнNNNMкнNMкнNMб≥┬N▄нN▄нN▄NNKнNNKнNNHNMкнNMкнNMб≥┬N▄кнN▄кнN▄хN▄▀нN▄▀нN▄┬N▄KнN▄KнN▄B≥┬N█нN█нN█N▄кнN▄кнN▄хN▄KнN▄KнN▄B≥┬N█кнN█кнN█хN█▀нN█▀нN█┬N█KнN█KнN█B≥┬N▌нN▌нN▌N█кнN█кнN█хN█KнN█KнN█B≥┬NлKнNлKнNлHNлнNлнNлN▌KнN▌KнN▌B≥┬Nл▀нNл▀нNл┬NлKнNлKнNлHN▌KнN▌KнN▌B≥┬NмKнNмKнNмHNмнNмнNмNлкнNлкнNлб≥┬NлкнNлкнNлхNм▀нNм▀нNм┬NмKнNмKнNмB≥┬NлкнNлкнNлхNмкнNмкнNмхNм▀нNм▀нNм┌≥┬NмкнNмкнNмхNннNннNнNм▀нNм▀нNм┌≥┬NKнNKнNHNнNнNNнKнNнKнNнB≥┬NнKнNнKнNнHN▀нN▀нN┬NKнNKнNB≥┬NнKнNнKнNнHNкнNкнNхN▀нN▀нN┌≥┬NкнNкнNхNнNнNN▀нN▀нN┌≥┬NнNнNNкнNкнNхNKнNKнNB≥┬NKнNKнNHN▀нN▀нN┬NнNнN≥┬NKнNKнNHNкнNкнNхN▀нN▀нN┌≥┬NкнNкнNхNнNнNN▀нN▀нN┌≥┬NLKнNLKнNLHNLнNLнNLNKнNKнNB≥┬NKнNKнNHNL▀нNL▀нNL┬NLKнNLKнNLB≥┬NKнNKнNHNLкнNLкнNLхNL▀нNL▀нNL┌≥┬NLкнNLкнNLхNMнNMнNMNL▀нNL▀нNL┌≥┬NMкнNMкнNMхNM▀нNM▀нNM┬NMKнNMKнNMB≥┬NMKнNMKнNMHNNнNNнNNNMкнNMкнNMб≥┬NMKнNMKнNMHNNKнNNKнNNHNNнNNнNN≥┬NNKнNNKнNNHNLнNLнNLNNнNNнNN≥┬NLкнNLкнNLхNL▀нNL▀нNL┬NLKнNLKнNLB≥┬NLKнNLKнNLHNLнNLнNLNLкнNLкнNLб≥┬NLKнNLKнNLHNLKнNLKнNLHNLнNLнNL≥┬NLKнNLKнNLHNL▀нNL▀нNL┬NLнNLнNL≥┬NLKнNLKнNLHNLнNLнNLNLкнNLкнNLб≥┬NLкнNLкнNLхNLLнNLLнNLLNLKнNLKнNLB≥┬NLкнNLкнNLхNLLKнNLLKнNLLHNLLнNLLнNLL≥┬NLLKнNLLKнNLLHNLL▀нNLL▀нNLL┬NLLнNLLнNLL≥┬NLMKнNLMKнNLMHNLMнNLMнNLMNLLкнNLLкнNLLб≥┬NLM▀нNLM▀нNLM┬NLMKнNLMKнNLMHNLLкнNLLкнNLLб≥┬NLM▀нNLM▀нNLM┬NLLкнNLLкнNLLхNLMкнNLMкнNLMб≥┬NLNнNLNнNLNNLM▀нNLM▀нNLM┬NLMкнNLMкнNLMб≥┬NL▄KнNL▄KнNL▄HNL▄нNL▄нNL▄NLNKнNLNKнNLNB≥┬NLNKнNLNKнNLNHNL▄▀нNL▄▀нNL▄┬NL▄KнNL▄KнNL▄B≥┬NL▄▀нNL▄▀нNL▄┬NL▄кнNL▄кнNL▄хNL▄KнNL▄KнNL▄B≥┬NL▄▀нNL▄▀нNL▄┬NL█нNL█нNL█NL▄кнNL▄кнNL▄б≥┬NL█KнNL█KнNL█HNL▄кнNL▄кнNL▄хNL█нNL█нNL█≥┬NL█нNL█нNL█NL█▀нNL█▀нNL█┬NL█KнNL█KнNL█B≥┬NL█▀нNL█▀нNL█┬NL█кнNL█кнNL█хNL█KнNL█KнNL█B≥┬NL█▀нNL█▀нNL█┬NL▌нNL▌нNL▌NL█кнNL█кнNL█б≥┬NLлKнNLлKнNLлHNLлнNLлнNLлNL▌KнNL▌KнNL▌B≥┬NL▌KнNL▌KнNL▌HNLл▀нNLл▀нNLл┬NLлKнNLлKнNLлB≥┬NLл▀нNLл▀нNLл┬NLлкнNLлкнNLлхNLлKнNLлKнNLлB≥┬NLл▀нNLл▀нNLл┬NLмнNLмнNLмNLлкнNLлкнNLлб≥┬NLмKнNLмKнNLмHNLлкнNLлкнNLлхNLмнNLмнNLм≥┬NLмнNLмнNLмNLм▀нNLм▀нNLм┬NLмKнNLмKнNLмB≥┬NLм▀нNLм▀нNLм┬NLмкнNLмкнNLмхNLмKнNLмKнNLмB≥┬NLм▀нNLм▀нNLм┬NLннNLннNLнNLмкнNLмкнNLмб≥┬NMKнNMKнNMHNMнNMнNMNLнKнNLнKнNLнB≥┬NLнKнNLнKнNLнHNM▀нNM▀нNM┬NMKнNMKнNMB≥┬NM▀нNM▀нNM┬NMкнNMкнNMхNMKнNMKнNMB≥┬NM▀нNM▀нNM┬NMнNMнNMNMкнNMкнNMб≥┬NMкнNMкнNMхNM▀нNM▀нNM┬NMKнNMKнNMB≥┬NMKнNMKнNMHNMнNMнNMNMкнNMкнNMб≥┬NMнNMнNMNMKнNMKнNMHNMкнNMкнNMб≥┬NMнNMнNMNMLнNMLнNMLNMKнNMKнNMB≥┬NMLкнNMLкнNMLхNML▀нNML▀нNML┬NMLKнNMLKнNMLB≥┬NMLKнNMLKнNMLHNMMнNMMнNMMNMLкнNMLкнNMLб≥┬NMMнNMMнNMMNMMKнNMMKнNMMHNMLкнNMLкнNMLб≥┬NMMнNMMнNMMNMM▀нNMM▀нNMM┬NMMKнNMMKнNMMB≥┬NMNKнNMNKнNMNHNMNнNMNнNMNNMMкнNMMкнNMMб≥┬NMMкнNMMкнNMMхNM▄нNM▄нNM▄NMNKнNMNKнNMNB≥┬NM▄нNM▄нNM▄NM▄KнNM▄KнNM▄HNMNKнNMNKнNMNB≥┬NM▄нNM▄нNM▄NM▄▀нNM▄▀нNM▄┬NM▄KнNM▄KнNM▄B≥┬NM█KнNM█KнNM█HNM█нNM█нNM█NM▄кнNM▄кнNM▄б≥┬NM█▀нNM█▀нNM█┬NM█KнNM█KнNM█HNM▄кнNM▄кнNM▄б≥┬NM▌KнNM▌KнNM▌HNM▌нNM▌нNM▌NM█кнNM█кнNM█б≥┬NMлнNMлнNMлNM▌KнNM▌KнNM▌HNM█кнNM█кнNM█б≥┬NMлкнNMлкнNMлхNMл▀нNMл▀нNMл┬NMлKнNMлKнNMлB≥┬NMмнNMмнNMмNMлкнNMлкнNMлхNMлKнNMлKнNMлB≥┬NMмкнNMмкнNMмхNMм▀нNMм▀нNMм┬NMмKнNMмKнNMмB≥┬NMннNMннNMнNMмкнNMмкнNMмхNMмKнNMмKнNMмB≥┬NNKнNNKнNNHNNнNNнNNNMнKнNMнKнNMнB≥┬NN▀нNN▀нNN┬NNKнNNKнNNHNMнKнNMнKнNMнB≥┬NNKнNNKнNNHNNнNNнNNNNкнNNкнNNб≥┬NN▀нNN▀нNN┬NNKнNNKнNNHNNкнNNкнNNб≥┬NN▀нNN▀нNN┬NNкнNNкнNNхNNкнNNкнNNб≥┬NNкнNNкнNNхNNнNNнNNNN▀нNN▀нNN┌≥┬NNнNNнNNNNкнNNкнNNхNNKнNNKнNNB≥┬NNLнNNLнNNLNNнNNнNNNNKнNNKнNNB≥┬NNLнNNLнNNLNNKнNNKнNNHNNLKнNNLKнNNLB≥┬NNLKнNNLKнNNLHNNL▀нNNL▀нNNL┬NNLнNNLнNNL≥┬NNMKнNNMKнNNMHNNMнNNMнNNMNNLкнNNLкнNNLб≥┬NNM▀нNNM▀нNNM┬NNMKнNNMKнNNMHNNLкнNNLкнNNLб≥┬NNNKнNNNKнNNNHNNNнNNNнNNNNNMкнNNMкнNNMб≥┬NNMкнNNMкнNNMхLлLлLNNNKнNNNKнNNNB≥┬LлLлLLKлLKлLHNNNKнNNNKнNNNB≥┬LлLлLL▀лL▀лL┬LKлLKлLB≥┬LклLклLхLKлLKлLHL▀лL▀лL┌≥┬L▀лL▀лL┬LлLлLLклLклLб≥┬LлLлLLKлLKлLHLклLклLб≥┬LлLлLL▀лL▀лL┬LKлLKлLB≥┬LKлLKлLHLлLлLLклLклLб≥┬LLлLLлLLLKлLKлLHLклLклLб≥┬LLклLLклLLхLL▀лLL▀лLL┬LLKлLLKлLLB≥┬LMлLMлLMLLклLLклLLхLLKлLLKлLLB≥┬LMклLMклLMхLM▀лLM▀лLM┬LMKлLMKлLMB≥┬LMKлLMKлLMHLNлLNлLNLMклLMклLMб≥┬LMKлLMKлLMHLNKлLNKлLNHLNлLNлLN≥┬LNKлLNKлLNHL▄лL▄лL▄LNлLNлLN≥┬L▄лL▄лL▄LNKлLNKлLNHL▄KлL▄KлL▄B≥┬L▄KлL▄KлL▄HL▄▀лL▄▀лL▄┬L▄лL▄лL▄≥┬L▄KлL▄KлL▄HL▄клL▄клL▄хL▄▀лL▄▀лL▄┌≥┬L▄клL▄клL▄хL█лL█лL█L▄▀лL▄▀лL▄┌≥┬L█клL█клL█хL█▀лL█▀лL█┬L█KлL█KлL█B≥┬L▌лL▌лL▌L█клL█клL█хL█KлL█KлL█B≥┬LлKлLлKлLлHLллLллLлL▌KлL▌KлL▌B≥┬L▌KлL▌KлL▌HLл▀лLл▀лLл┬LлKлLлKлLлB≥┬Lл▀лLл▀лLл┬LлклLлклLлхLлKлLлKлLлB≥┬Lл▀лLл▀лLл┬LмлLмлLмLлклLлклLлб≥┬LмклLмклLмхLм▀лLм▀лLм┬LмKлLмKлLмB≥┬LнлLнлLнLмклLмклLмхLмKлLмKлLмB≥┬LKлLKлLHLлLлLLнKлLнKлLнB≥┬L▀лL▀лL┬LKлLKлLHLнKлLнKлLнB≥┬LKлLKлLHLлLлLLклLклLб≥┬L▀лL▀лL┬LKлLKлLHLклLклLб≥┬LKлLKлLHLлLлLLклLклLб≥┬LLлLLлLLLKлLKлLHLклLклLб≥┬LLклLLклLLхLL▀лLL▀лLL┬LLKлLLKлLLB≥┬LMлLMлLMLLклLLклLLхLLKлLLKлLLB≥┬LMклLMклLMхLM▀лLM▀лLM┬LMKлLMKлLMB≥┬LNлLNлLNLMклLMклLMхLMKлLMKлLMB≥┬L▄KлL▄KлL▄HL▄лL▄лL▄LNKлLNKлLNB≥┬L▄▀лL▄▀лL▄┬L▄KлL▄KлL▄HLNKлLNKлLNB≥┬L█KлL█KлL█HL█лL█лL█L▄клL▄клL▄б≥┬L█▀лL█▀лL█┬L█KлL█KлL█HL▄клL▄клL▄б≥┬L▌KлL▌KлL▌HL▌лL▌лL▌L█клL█клL█б≥┬LллLллLлL▌KлL▌KлL▌HL█клL█клL█б≥┬LлклLлклLлхLл▀лLл▀лLл┬LлKлLлKлLлB≥┬LмлLмлLмLлклLлклLлхLлKлLлKлLлB≥┬LмклLмклLмхLм▀лLм▀лLм┬LмKлLмKлLмB≥┬LнлLнлLнLмклLмклLмхLмKлLмKлLмB≥┬LKлLKлLHLлLлLLнKлLнKлLнB≥┬L▀лL▀лL┬LKлLKлLHLнKлLнKлLнB≥┬LKлLKлLHLлLлLLклLклLб≥┬L▀лL▀лL┬LKлLKлLHLклLклLб≥┬LKлLKлLHLлLлLLклLклLб≥┬LLлLLлLLLKлLKлLHLклLклLб≥┬LLклLLклLLхLL▀лLL▀лLL┬LLKлLLKлLLB≥┬LMлLMлLMLLклLLклLLхLLKлLLKлLLB≥┬LMклLMклLMхLM▀лLM▀лLM┬LMKлLMKлLMB≥┬LNлLNлLNLMклLMклLMхLMKлLMKлLMB≥┬LLKлLLKлLLHLLлLLлLLLNKлLNKлLNB≥┬LL▀лLL▀лLL┬LLKлLLKлLLHLNKлLNKлLNB≥┬LLKлLLKлLLHLLлLLлLLLLклLLклLLб≥┬LL▀лLL▀лLL┬LLKлLLKлLLHLLклLLклLLб≥┬LLKлLLKлLLHLLлLLлLLLLклLLклLLб≥┬LLLлLLLлLLLLLKлLLKлLLHLLклLLклLLб≥┬LLLклLLLклLLLхLLL▀лLLL▀лLLL┬LLLKлLLLKлLLLB≥┬LLMлLLMлLLMLLLклLLLклLLLхLLLKлLLLKлLLLB≥┬LLMклLLMклLLMхLLM▀лLLM▀лLLM┬LLMKлLLMKлLLMB≥┬LLNлLLNлLLNLLMклLLMклLLMхLLMKлLLMKлLLMB≥┬LL▄KлLL▄KлLL▄HLL▄лLL▄лLL▄LLNKлLLNKлLLNB≥┬LL▄▀лLL▄▀лLL▄┬LL▄KлLL▄KлLL▄HLLNKлLLNKлLLNB≥┬LL█KлLL█KлLL█HLL█лLL█лLL█LL▄клLL▄клLL▄б≥┬LL█▀лLL█▀лLL█┬LL█KлLL█KлLL█HLL▄клLL▄клLL▄б≥┬LL▌KлLL▌KлLL▌HLL▌лLL▌лLL▌LL█клLL█клLL█б≥┬LLллLLллLLлLL▌KлLL▌KлLL▌HLL█клLL█клLL█б≥┬LLлклLLлклLLлхLLл▀лLLл▀лLLл┬LLлKлLLлKлLLлB≥┬LLмлLLмлLLмLLлклLLлклLLлхLLлKлLLлKлLLлB≥┬LLмклLLмклLLмхLLм▀лLLм▀лLLм┬LLмKлLLмKлLLмB≥┬LLнлLLнлLLнLLмклLLмклLLмхLLмKлLLмKлLLмB≥┬LMKлLMKлLMHLMлLMлLMLLнKлLLнKлLLнB≥┬LM▀лLM▀лLM┬LMKлLMKлLMHLLнKлLLнKлLLнB≥┬LMKлLMKлLMHLMлLMлLMLMклLMклLMб≥┬LM▀лLM▀лLM┬LMKлLMKлLMHLMклLMклLMб≥┬LMKлLMKлLMHLMлLMлLMLMклLMклLMб≥┬LMLлLMLлLMLLMKлLMKлLMHLMклLMклLMб≥┬LMLклLMLклLMLхLML▀лLML▀лLML┬LMLKлLMLKлLMLB≥┬LMMлLMMлLMMLMLклLMLклLMLхLMLKлLMLKлLMLB≥┬LMMклLMMклLMMхLMM▀лLMM▀лLMM┬LMMKлLMMKлLMMB≥┬LMNлLMNлLMNLMMклLMMклLMMхLMMKлLMMKлLMMB≥┬LM▄лLM▄лLM▄LMNKлLMNKлLMNHLMNлLMNлLMN≥┬LM▄KлLM▄KлLM▄HLM▄лLM▄лLM▄LMNлLMNлLMN≥┬LM█лLM█лLM█LM▄клLM▄клLM▄хLM▄▀лLM▄▀лLM▄┌≥┬LM█KлLM█KлLM█HLM█лLM█лLM█LM▄▀лLM▄▀лLM▄┌≥┬LM▌лLM▌лLM▌LM█клLM█клLM█хLM█▀лLM█▀лLM█┌≥┬LM▌KлLM▌KлLM▌HLM▌лLM▌лLM▌LM█▀лLM█▀лLM█┌≥┬LMл▀лLMл▀лLMл┬LMлKлLMлKлLMлHLMллLMллLMл≥┬LMлклLMлклLMлхLMл▀лLMл▀лLMл┬LMллLMллLMл≥┬LMм▀лLMм▀лLMм┬LMмKлLMмKлLMмHLMмлLMмлLMм≥┬LMмклLMмклLMмхLMм▀лLMм▀лLMм┬LMмлLMмлLMм≥┬LNлLNлLNLMнKлLMнKлLMнHLMнлLMнлLMн≥┬LNKлLNKлLNHLNлLNлLNLMнлLMнлLMн≥┬LNлLNлLNLNклLNклLNхLN▀лLN▀лLN┌≥┬LNKлLNKлLNHLNлLNлLNLN▀лLN▀лLN┌≥┬LNлLNлLNLNклLNклLNхLN▀лLN▀лLN┌≥┬LNKлLNKлLNHLNлLNлLNLN▀лLN▀лLN┌≥┬LNL▀лLNL▀лLNL┬LNLKлLNLKлLNLHLNLлLNLлLNL≥┬LNLклLNLклLNLхLNL▀лLNL▀лLNL┬LNLлLNLлLNL≥┬LNM▀лLNM▀лLNM┬LNMKлLNMKлLNMHLNMлLNMлLNM≥┬LNMклLNMклLNMхLNM▀лLNM▀лLNM┬LNMлLNMлLNM≥┬LNMлLNMлLNMLNNKлLNNKлLNNHLNNлLNNлLNN≥┬LNNKлLNNKлLNNHL▄лL▄лL▄LNNлLNNлLNN≥┬L▄клL▄клL▄хL▄▀лL▄▀лL▄┬L▄KлL▄KлL▄B≥┬L▄лL▄лL▄L▄клL▄клL▄хL▄KлL▄KлL▄B≥┬L▄клL▄клL▄хL▄▀лL▄▀лL▄┬L▄KлL▄KлL▄B≥┬L▄лL▄лL▄L▄клL▄клL▄хL▄KлL▄KлL▄B≥┬L▄LKлL▄LKлL▄LHL▄LлL▄LлL▄LL▄KлL▄KлL▄B≥┬L▄L▀лL▄L▀лL▄L┬L▄LKлL▄LKлL▄LHL▄KлL▄KлL▄B≥┬L▄MKлL▄MKлL▄MHL▄MлL▄MлL▄ML▄LклL▄LклL▄Lб≥┬L▄M▀лL▄M▀лL▄M┬L▄MKлL▄MKлL▄MHL▄LклL▄LклL▄Lб≥┬L▄NKлL▄NKлL▄NHL▄NлL▄NлL▄NL▄MклL▄MклL▄Mб≥┬L▄MклL▄MклL▄MхL▄▄лL▄▄лL▄▄L▄NKлL▄NKлL▄NB≥┬L▄MклL▄MклL▄MхL▄▄KлL▄▄KлL▄▄HL▄▄лL▄▄лL▄▄≥┬L▄▄KлL▄▄KлL▄▄HL▄▄▀лL▄▄▀лL▄▄┬L▄▄лL▄▄лL▄▄≥┬L▄█KлL▄█KлL▄█HL▄█лL▄█лL▄█L▄▄клL▄▄клL▄▄б≥┬L▄▄клL▄▄клL▄▄хL▄█▀лL▄█▀лL▄█┬L▄█KлL▄█KлL▄█B≥┬L▄▄клL▄▄клL▄▄хL▄█клL▄█клL▄█хL▄█▀лL▄█▀лL▄█┌≥┬L▄█клL▄█клL▄█хL▄▌лL▄▌лL▄▌L▄█▀лL▄█▀лL▄█┌≥┬L▄▌лL▄▌лL▄▌L▄█клL▄█клL▄█хL▄▌KлL▄▌KлL▄▌B≥┬L▄▌KлL▄▌KлL▄▌HL▄ллL▄ллL▄лL▄▌лL▄▌лL▄▌≥┬L▄▌KлL▄▌KлL▄▌HL▄лKлL▄лKлL▄лHL▄ллL▄ллL▄л≥┬L▄лKлL▄лKлL▄лHL▄л▀лL▄л▀лL▄л┬L▄ллL▄ллL▄л≥┬L▄мKлL▄мKлL▄мHL▄млL▄млL▄мL▄лклL▄лклL▄лб≥┬L▄лклL▄лклL▄лхL▄м▀лL▄м▀лL▄м┬L▄мKлL▄мKлL▄мB≥┬L▄лклL▄лклL▄лхL▄мклL▄мклL▄мхL▄м▀лL▄м▀лL▄м┌≥┬L▄мклL▄мклL▄мхL▄нлL▄нлL▄нL▄м▀лL▄м▀лL▄м┌≥┬L█KлL█KлL█HL█лL█лL█L▄нKлL▄нKлL▄нB≥┬L▄нKлL▄нKлL▄нHL█▀лL█▀лL█┬L█KлL█KлL█B≥┬L▄нKлL▄нKлL▄нHL█клL█клL█хL█▀лL█▀лL█┌≥┬L█клL█клL█хL█лL█лL█L█▀лL█▀лL█┌≥┬L█клL█клL█хL█▀лL█▀лL█┬L█KлL█KлL█B≥┬L█KлL█KлL█HL█лL█лL█L█клL█клL█б≥┬L█KлL█KлL█HL█KлL█KлL█HL█лL█лL█≥┬L█KлL█KлL█HL█LлL█LлL█LL█лL█лL█≥┬L█LклL█LклL█LхL█L▀лL█L▀лL█L┬L█LKлL█LKлL█LB≥┬L█LKлL█LKлL█LHL█MлL█MлL█ML█LклL█LклL█Lб≥┬L█LKлL█LKлL█LHL█MKлL█MKлL█MHL█MлL█MлL█M≥┬L█MKлL█MKлL█MHL█M▀лL█M▀лL█M┬L█MлL█MлL█M≥┬L█NKлL█NKлL█NHL█NлL█NлL█NL█MклL█MклL█Mб≥┬L█▄лL█▄лL█▄L█NKлL█NKлL█NHL█MклL█MклL█Mб≥┬L█▄лL█▄лL█▄L█MклL█MклL█MхL█▄KлL█▄KлL█▄B≥┬L█▄▀лL█▄▀лL█▄┬L█▄лL█▄лL█▄L█▄KлL█▄KлL█▄B≥┬L██KлL██KлL██HL██лL██лL██L█▄клL█▄клL█▄б≥┬L█▄клL█▄клL█▄хL██▀лL██▀лL██┬L██KлL██KлL██B≥┬L██▀лL██▀лL██┬L██клL██клL██хL██KлL██KлL██B≥┬L██▀лL██▀лL██┬L█▌лL█▌лL█▌L██клL██клL██б≥┬L█▌KлL█▌KлL█▌HL██клL██клL██хL█▌лL█▌лL█▌≥┬L█▌лL█▌лL█▌L█ллL█ллL█лL█▌KлL█▌KлL█▌B≥┬L█ллL█ллL█лL█лKлL█лKлL█лHL█▌KлL█▌KлL█▌B≥┬L█ллL█ллL█лL█л▀лL█л▀лL█л┬L█лKлL█лKлL█лB≥┬L█мKлL█мKлL█мHL█млL█млL█мL█лклL█лклL█лб≥┬L█лклL█лклL█лхL█м▀лL█м▀лL█м┬L█мKлL█мKлL█мB≥┬L█м▀лL█м▀лL█м┬L█мклL█мклL█мхL█мKлL█мKлL█мB≥┬L█м▀лL█м▀лL█м┬L█нлL█нлL█нL█мклL█мклL█мб≥┬L█нKлL█нKлL█нHL█мклL█мклL█мхL█нлL█нлL█н≥┬L█нлL█нлL█нL▌лL▌лL▌L█нKлL█нKлL█нB≥┬L▌лL▌лL▌L▌KлL▌KлL▌HL█нKлL█нKлL█нB≥┬L▌лL▌лL▌L▌▀лL▌▀лL▌┬L▌KлL▌KлL▌B≥┬L▌KлL▌KлL▌HL▌лL▌лL▌L▌клL▌клL▌б≥┬L▌клL▌клL▌хL▌▀лL▌▀лL▌┬L▌KлL▌KлL▌B≥┬L▌▀лL▌▀лL▌┬L▌клL▌клL▌хL▌KлL▌KлL▌B≥┬L▌▀лL▌▀лL▌┬L▌лL▌лL▌L▌клL▌клL▌б≥┬L▌LKлL▌LKлL▌LHL▌LлL▌LлL▌LL▌KлL▌KлL▌B≥┬L▌KлL▌KлL▌HL▌L▀лL▌L▀лL▌L┬L▌LKлL▌LKлL▌LB≥┬L▌L▀лL▌L▀лL▌L┬L▌LклL▌LклL▌LхL▌LKлL▌LKлL▌LB≥┬L▌L▀лL▌L▀лL▌L┬L▌MлL▌MлL▌ML▌LклL▌LклL▌Lб≥┬L▌MклL▌MклL▌MхL▌M▀лL▌M▀лL▌M┬L▌MKлL▌MKлL▌MB≥┬L▌MKлL▌MKлL▌MHL▌NлL▌NлL▌NL▌MклL▌MклL▌Mб≥┬L▌NлL▌NлL▌NL▌NKлL▌NKлL▌NHL▌MклL▌MклL▌Mб≥┬L▌NлL▌NлL▌NLллLллLлL▌NKлL▌NKлL▌NB≥┬LлклLлклLлхLл▀лLл▀лLл┬LлKлLлKлLлB≥┬LлKлLлKлLлHLллLллLлLлклLлклLлб≥┬LллLллLлLлKлLлKлLлHLлклLлклLлб≥┬LллLллLлLл▀лLл▀лLл┬LлKлLлKлLлB≥┬LлKлLлKлLлHLллLллLлLлклLлклLлб≥┬LлLлLлLлLлLLлKлLлKлLлHLлклLлклLлб≥┬LлLклLлLклLлLхLлL▀лLлL▀лLлL┬LлLKлLлLKлLлLB≥┬LлMлLлMлLлMLлLклLлLклLлLхLлLKлLлLKлLлLB≥┬LлMклLлMклLлMхLлM▀лLлM▀лLлM┬LлMKлLлMKлLлMB≥┬LлNлLлNлLлNLлMклLлMклLлMхLлMKлLлMKлLлMB≥┬Lл▄KлLл▄KлLл▄HLл▄лLл▄лLл▄LлNKлLлNKлLлNB≥┬Lл▄▀лLл▄▀лLл▄┬Lл▄KлLл▄KлLл▄HLлNKлLлNKлLлNB≥┬Lл█KлLл█KлLл█HLл█лLл█лLл█Lл▄клLл▄клLл▄б≥┬Lл█▀лLл█▀лLл█┬Lл█KлLл█KлLл█HLл▄клLл▄клLл▄б≥┬Lл▌KлLл▌KлLл▌HLл▌лLл▌лLл▌Lл█клLл█клLл█б≥┬LлллLлллLллLл▌KлLл▌KлLл▌HLл█клLл█клLл█б≥┬LлллLлллLллLл█клLл█клLл█хLллKлLллKлLллB≥┬LллKлLллKлLллHLлл▀лLлл▀лLлл┬LлллLлллLлл≥┬Lлл▀лLлл▀лLлл┬LллKлLллKлLллHLллклLллклLллб≥┬LлмлLлмлLлмLлл▀лLлл▀лLлл┬LллклLллклLллб≥┬LлмлLлмлLлмLллклLллклLллхLлмKлLлмKлLлмB≥┬LлмKлLлмKлLлмHLлм▀лLлм▀лLлм┬LлмлLлмлLлм≥┬LлнKлLлнKлLлнHLлнлLлнлLлнLлмклLлмклLлмб≥┬LмлLмлLмLлнKлLлнKлLлнHLлмклLлмклLлмб≥┬LмклLмклLмхLм▀лLм▀лLм┬LмKлLмKлLмB≥┬LмKлLмKлLмHLмлLмлLмLмклLмклLмб≥┬LмлLмлLмLмKлLмKлLмHLмклLмклLмб≥┬LмлLмлLмLм▀лLм▀лLм┬LмKлLмKлLмB≥┬LмклLмклLмхLмKлLмKлLмHLм▀лLм▀лLм┌≥┬Lм▀лLм▀лLм┬LмлLмлLмLмклLмклLмб≥┬LмлLмлLмLмKлLмKлLмHLмклLмклLмб≥┬LмлLмлLмLмLлLмLлLмLLмKлLмKлLмB≥┬LмLклLмLклLмLхLмL▀лLмL▀лLмL┬LмLKлLмLKлLмLB≥┬LмMлLмMлLмMLмLклLмLклLмLхLмLKлLмLKлLмLB≥┬LмMклLмMклLмMхLмM▀лLмM▀лLмM┬LмMKлLмMKлLмMB≥┬LмNлLмNлLмNLмMклLмMклLмMхLмMKлLмMKлLмMB≥┬Lм▄KлLм▄KлLм▄HLм▄лLм▄лLм▄LмNKлLмNKлLмNB≥┬LмNKлLмNKлLмNHLм▄▀лLм▄▀лLм▄┬Lм▄KлLм▄KлLм▄B≥┬LмNKлLмNKлLмNHLм▄клLм▄клLм▄хLм▄▀лLм▄▀лLм▄┌≥┬Lм▄клLм▄клLм▄хLм█лLм█лLм█Lм▄▀лLм▄▀лLм▄┌≥┬Lм█лLм█лLм█Lм▄клLм▄клLм▄хLм█KлLм█KлLм█B≥┬Lм█KлLм█KлLм█HLм█▀лLм█▀лLм█┬Lм█лLм█лLм█≥┬Lм█KлLм█KлLм█HLм█клLм█клLм█хLм█▀лLм█▀лLм█┌≥┬Lм█клLм█клLм█хLм▌лLм▌лLм▌Lм█▀лLм█▀лLм█┌≥┬LмлKлLмлKлLмлHLмллLмллLмлLм▌KлLм▌KлLм▌B≥┬Lмл▀лLмл▀лLмл┬LмлKлLмлKлLмлHLм▌KлLм▌KлLм▌B≥┬LммKлLммKлLммHLммлLммлLммLмлклLмлклLмлб≥┬LмлклLмлклLмлхLмм▀лLмм▀лLмм┬LммKлLммKлLммB≥┬Lмм▀лLмм▀лLмм┬LммклLммклLммхLммKлLммKлLммB≥┬Lмм▀лLмм▀лLмм┬LмнлLмнлLмнLммклLммклLммб≥┬LнKлLнKлLнHLнлLнлLнLмнKлLмнKлLмнB≥┬Lн▀лLн▀лLн┬LнKлLнKлLнHLмнKлLмнKлLмнB≥┬LнKлLнKлLнHLнлLнлLнLнклLнклLнб≥┬Lн▀лLн▀лLн┬LнKлLнKлLнHLнклLнклLнб≥┬LнKлLнKлLнHLнлLнлLнLнклLнклLнб≥┬LнLлLнLлLнLLнKлLнKлLнHLнклLнклLнб≥┬LнLклLнLклLнLхLнL▀лLнL▀лLнL┬LнLKлLнLKлLнLB≥┬LнMлLнMлLнMLнLклLнLклLнLхLнLKлLнLKлLнLB≥┬LнMклLнMклLнMхLнM▀лLнM▀лLнM┬LнMKлLнMKлLнMB≥┬LнNлLнNлLнNLнMклLнMклLнMхLнMKлLнMKлLнMB≥┬LKлLKлLHLлLлLLнNKлLнNKлLнNB≥┬L▀лL▀лL┬LKлLKлLHLнNKлLнNKлLнNB≥┬LKлLKлLHLлLлLLклLклLб≥┬L▀лL▀лL┬LKлLKлLHLклLклLб≥┬LKлLKлLHLлLлLLклLклLб≥┬LLлLLлLLLKлLKлLHLклLклLб≥┬LLклLLклLLхLL▀лLL▀лLL┬LLKлLLKлLLB≥┬LMлLMлLMLLклLLклLLхLLKлLLKлLLB≥┬LMклLMклLMхLM▀лLM▀лLM┬LMKлLMKлLMB≥┬LNлLNлLNLMклLMклLMхLMKлLMKлLMB≥┬L▄KлL▄KлL▄HL▄лL▄лL▄LNKлLNKлLNB≥┬L▄▀лL▄▀лL▄┬L▄KлL▄KлL▄HLNKлLNKлLNB≥┬L█KлL█KлL█HL█лL█лL█L▄клL▄клL▄б≥┬L█▀лL█▀лL█┬L█KлL█KлL█HL▄клL▄клL▄б≥┬L▌KлL▌KлL▌HL▌лL▌лL▌L█клL█клL█б≥┬LллLллLлL▌KлL▌KлL▌HL█клL█клL█б≥┬LлклLлклLлхLл▀лLл▀лLл┬LлKлLлKлLлB≥┬LмлLмлLмLлклLлклLлхLлKлLлKлLлB≥┬LмклLмклLмхLм▀лLм▀лLм┬LмKлLмKлLмB≥┬LнлLнлLнLмклLмклLмхLмKлLмKлLмB≥┬LKлLKлLHLлLлLLнKлLнKлLнB≥┬L▀лL▀лL┬LKлLKлLHLнKлLнKлLнB≥┬LKлLKлLHLлLлLLклLклLб≥┬L▀лL▀лL┬LKлLKлLHLклLклLб≥┬LKлLKлLHLлLлLLклLклLб≥┬LLлLLлLLLKлLKлLHLклLклLб≥┬LLклLLклLLхLL▀лLL▀лLL┬LLKлLLKлLLB≥┬LMлLMлLMLLклLLклLLхLLKлLLKлLLB≥┬LMклLMклLMхLM▀лLM▀лLM┬LMKлLMKлLMB≥┬LNлLNлLNLMклLMклLMхLMKлLMKлLMB≥┬L▄KлL▄KлL▄HL▄лL▄лL▄LNKлLNKлLNB≥┬L▄▀лL▄▀лL▄┬L▄KлL▄KлL▄HLNKлLNKлLNB≥┬L█KлL█KлL█HL█лL█лL█L▄клL▄клL▄б≥┬L█▀лL█▀лL█┬L█KлL█KлL█HL▄клL▄клL▄б≥┬L▌KлL▌KлL▌HL▌лL▌лL▌L█клL█клL█б≥┬LллLллLлL▌KлL▌KлL▌HL█клL█клL█б≥┬LлклLлклLлхLл▀лLл▀лLл┬LлKлLлKлLлB≥┬LмлLмлLмLлклLлклLлхLлKлLлKлLлB≥┬LмклLмклLмхLм▀лLм▀лLм┬LмKлLмKлLмB≥┬LнлLнлLнLмклLмклLмхLмKлLмKлLмB≥┬LKлLKлLHLлLлLLнKлLнKлLнB≥┬L▀лL▀лL┬LKлLKлLHLнKлLнKлLнB≥┬LKлLKлLHLлLлLLклLклLб≥┬L▀лL▀лL┬LKлLKлLHLклLклLб≥┬LKлLKлLHLлLлLLклLклLб≥┬LLлLLлLLLKлLKлLHLклLклLб≥┬LLклLLклLLхLL▀лLL▀лLL┬LLKлLLKлLLB≥┬LMлLMлLMLLклLLклLLхLLKлLLKлLLB≥┬LMклLMклLMхLM▀лLM▀лLM┬LMKлLMKлLMB≥┬LNлLNлLNLMклLMклLMхLMKлLMKлLMB≥┬LLKлLLKлLLHLLлLLлLLLNKлLNKлLNB≥┬LL▀лLL▀лLL┬LLKлLLKлLLHLNKлLNKлLNB≥┬LLлLLлLLLLклLLклLLхLL▀лLL▀лLL┌≥┬LLKлLLKлLLHLLлLLлLLLL▀лLL▀лLL┌≥┬LLлLLлLLLLклLLклLLхLL▀лLL▀лLL┌≥┬LLKлLLKлLLHLLлLLлLLLL▀лLL▀лLL┌≥┬LLL▀лLLL▀лLLL┬LLLKлLLLKлLLLHLLLлLLLлLLL≥┬LLLклLLLклLLLхLLL▀лLLL▀лLLL┬LLLлLLLлLLL≥┬LLM▀лLLM▀лLLM┬LLMKлLLMKлLLMHLLMлLLMлLLM≥┬LLMклLLMклLLMхLLM▀лLLM▀лLLM┬LLMлLLMлLLM≥┬LL▄лLL▄лLL▄LLNKлLLNKлLLNHLLNлLLNлLLN≥┬LL▄KлLL▄KлLL▄HLL▄лLL▄лLL▄LLNлLLNлLLN≥┬LL█лLL█лLL█LL▄клLL▄клLL▄хLL▄▀лLL▄▀лLL▄┌≥┬LL█KлLL█KлLL█HLL█лLL█лLL█LL▄▀лLL▄▀лLL▄┌≥┬LL▌лLL▌лLL▌LL█клLL█клLL█хLL█▀лLL█▀лLL█┌≥┬LL▌KлLL▌KлLL▌HLL▌лLL▌лLL▌LL█▀лLL█▀лLL█┌≥┬LLл▀лLLл▀лLLл┬LLлKлLLлKлLLлHLLллLLллLLл≥┬LLлклLLлклLLлхLLл▀лLLл▀лLLл┬LLллLLллLLл≥┬LLм▀лLLм▀лLLм┬LLмKлLLмKлLLмHLLмлLLмлLLм≥┬LLмклLLмклLLмхLLм▀лLLм▀лLLм┬LLмлLLмлLLм≥┬LMлLMлLMLLнKлLLнKлLLнHLLнлLLнлLLн≥┬LMKлLMKлLMHLMлLMлLMLLнлLLнлLLн≥┬LLнлLLнлLLнLMклLMклLMхLM▀лLM▀лLM┌≥┬LMклLMклLMхLMлLMлLMLM▀лLM▀лLM┌≥┬LMклLMклLMхLM▀лLM▀лLM┬LMKлLMKлLMB≥┬LMлLMлLMLMклLMклLMхLMKлLMKлLMB≥┬LMLKлLMLKлLMLHLMLлLMLлLMLLMKлLMKлLMB≥┬LML▀лLML▀лLML┬LMLKлLMLKлLMLHLMKлLMKлLMB≥┬LMMKлLMMKлLMMHLMMлLMMлLMMLMLклLMLклLMLб≥┬LMM▀лLMM▀лLMM┬LMMKлLMMKлLMMHLMLклLMLклLMLб≥┬LMNKлLMNKлLMNHLMNлLMNлLMNLMMклLMMклLMMб≥┬LM▄лLM▄лLM▄LMNKлLMNKлLMNHLMMклLMMклLMMб≥┬LM▄клLM▄клLM▄хLM▄▀лLM▄▀лLM▄┬LM▄KлLM▄KлLM▄B≥┬LM▄KлLM▄KлLM▄HLM█лLM█лLM█LM▄клLM▄клLM▄б≥┬LM▄KлLM▄KлLM▄HLM█KлLM█KлLM█HLM█лLM█лLM█≥┬LM█KлLM█KлLM█HLM█▀лLM█▀лLM█┬LM█лLM█лLM█≥┬LM▌KлLM▌KлLM▌HLM▌лLM▌лLM▌LM█клLM█клLM█б≥┬LM█клLM█клLM█хLMллLMллLMлLM▌KлLM▌KлLM▌B≥┬LM█клLM█клLM█хLMлKлLMлKлLMлHLMллLMллLMл≥┬LMлKлLMлKлLMлHLMл▀лLMл▀лLMл┬LMллLMллLMл≥┬LMл▀лLMл▀лLMл┬LMлKлLMлKлLMлHLMлклLMлклLMлб≥┬LMлклLMлклLMлхLMмлLMмлLMмLMл▀лLMл▀лLMл┌≥┬LMлклLMлклLMлхLMмKлLMмKлLMмHLMмлLMмлLMм≥┬LMмKлLMмKлLMмHLMм▀лLMм▀лLMм┬LMмлLMмлLMм≥┬LMнKлLMнKлLMнHLMнлLMнлLMнLMмклLMмклLMмб≥┬LMмклLMмклLMмхLNлLNлLNLMнKлLMнKлLMнB≥┬LMмклLMмклLMмхLNKлLNKлLNHLNлLNлLN≥┬LNKлLNKлLNHLN▀лLN▀лLN┬LNлLNлLN≥┬LNKлLNKлLNHLNлLNлLNLNклLNклLNб≥┬LNклLNклLNхLN▀лLN▀лLN┬LNKлLNKлLNB≥┬LNклLNклLNхLNклLNклLNхLN▀лLN▀лLN┌≥┬LNклLNклLNхLNлLNлLNLN▀лLN▀лLN┌≥┬LNLKлLNLKлLNLHLNLлLNLлLNLLNKлLNKлLNB≥┬LNKлLNKлLNHLNL▀лLNL▀лLNL┬LNLKлLNLKлLNLB≥┬LNKлLNKлLNHLNLклLNLклLNLхLNL▀лLNL▀лLNL┌≥┬LNLклLNLклLNLхLNMлLNMлLNMLNL▀лLNL▀лLNL┌≥┬LNMклLNMклLNMхLNM▀лLNM▀лLNM┬LNMKлLNMKлLNMB≥┬LNMKлLNMKлLNMHLNNлLNNлLNNLNMклLNMклLNMб≥┬LNMKлLNMKлLNMHLNNKлLNNKлLNNHLNNлLNNлLNN≥┬LNNKлLNNKлLNNHL▄лL▄лL▄LNNлLNNлLNN≥┬L▄клL▄клL▄хL▄▀лL▄▀лL▄┬L▄KлL▄KлL▄B≥┬L▄лL▄лL▄L▄клL▄клL▄хL▄KлL▄KлL▄B≥┬L▄лL▄лL▄L▄KлL▄KлL▄HL▄KлL▄KлL▄B≥┬L▄▀лL▄▀лL▄┬L▄лL▄лL▄L▄KлL▄KлL▄B≥┬L▄KлL▄KлL▄HL▄лL▄лL▄L▄клL▄клL▄б≥┬L▄клL▄клL▄хL▄LлL▄LлL▄LL▄KлL▄KлL▄B≥┬L▄LлL▄LлL▄LL▄LKлL▄LKлL▄LHL▄KлL▄KлL▄B≥┬L▄LлL▄LлL▄LL▄L▀лL▄L▀лL▄L┬L▄LKлL▄LKлL▄LB≥┬L▄LклL▄LклL▄LхL▄LKлL▄LKлL▄LHL▄L▀лL▄L▀лL▄L┌≥┬L▄L▀лL▄L▀лL▄L┬L▄MлL▄MлL▄ML▄LклL▄LклL▄Lб≥┬L▄MлL▄MлL▄ML▄MKлL▄MKлL▄MHL▄LклL▄LклL▄Lб≥┬L▄MлL▄MлL▄ML▄M▀лL▄M▀лL▄M┬L▄MKлL▄MKлL▄MB≥┬L▄NKлL▄NKлL▄NHL▄NлL▄NлL▄NL▄MклL▄MклL▄Mб≥┬L▄MклL▄MклL▄MхL▄▄лL▄▄лL▄▄L▄NKлL▄NKлL▄NB≥┬L▄▄лL▄▄лL▄▄L▄▄KлL▄▄KлL▄▄HL▄NKлL▄NKлL▄NB≥┬L▄▄лL▄▄лL▄▄L▄▄▀лL▄▄▀лL▄▄┬L▄▄KлL▄▄KлL▄▄B≥┬L▄▄клL▄▄клL▄▄хL▄▄KлL▄▄KлL▄▄HL▄▄▀лL▄▄▀лL▄▄┌≥┬L▄▄▀лL▄▄▀лL▄▄┬L▄█лL▄█лL▄█L▄▄клL▄▄клL▄▄б≥┬L▄█лL▄█лL▄█L▄█KлL▄█KлL▄█HL▄▄клL▄▄клL▄▄б≥┬L▄█лL▄█лL▄█L▄█▀лL▄█▀лL▄█┬L▄█KлL▄█KлL▄█B≥┬L▄▌KлL▄▌KлL▄▌HL▄▌лL▄▌лL▄▌L▄█клL▄█клL▄█б≥┬L▄█клL▄█клL▄█хL▄ллL▄ллL▄лL▄▌KлL▄▌KлL▄▌B≥┬L▄ллL▄ллL▄лL▄лKлL▄лKлL▄лHL▄▌KлL▄▌KлL▄▌B≥┬L▄ллL▄ллL▄лL▄л▀лL▄л▀лL▄л┬L▄лKлL▄лKлL▄лB≥┬L▄мKлL▄мKлL▄мHL▄млL▄млL▄мL▄лклL▄лклL▄лб≥┬L▄лклL▄лклL▄лхL▄м▀лL▄м▀лL▄м┬L▄мKлL▄мKлL▄мB≥┬L▄м▀лL▄м▀лL▄м┬L▄мклL▄мклL▄мхL▄мKлL▄мKлL▄мB≥┬L▄м▀лL▄м▀лL▄м┬L▄нлL▄нлL▄нL▄мклL▄мклL▄мб≥┬L█KлL█KлL█HL█лL█лL█L▄нKлL▄нKлL▄нB≥┬L▄нKлL▄нKлL▄нHL█▀лL█▀лL█┬L█KлL█KлL█B≥┬L█▀лL█▀лL█┬L█клL█клL█хL█KлL█KлL█B≥┬L█▀лL█▀лL█┬L█лL█лL█L█клL█клL█б≥┬L█клL█клL█хL█▀лL█▀лL█┬L█KлL█KлL█B≥┬L█KлL█KлL█HL█лL█лL█L█клL█клL█б≥┬L█лL█лL█L█KлL█KлL█HL█клL█клL█б≥┬L█лL█лL█L█LлL█LлL█LL█KлL█KлL█B≥┬L█LклL█LклL█LхL█L▀лL█L▀лL█L┬L█LKлL█LKлL█LB≥┬L█MлL█MлL█ML█LклL█LклL█LхL█LKлL█LKлL█LB≥┬L█MклL█MклL█MхL█M▀лL█M▀лL█M┬L█MKлL█MKлL█MB≥┬L█NлL█NлL█NL█MклL█MклL█MхL█MKлL█MKлL█MB≥┬L█▄KлL█▄KлL█▄HL█▄лL█▄лL█▄L█NKлL█NKлL█NB≥┬L█▄▀лL█▄▀лL█▄┬L█▄KлL█▄KлL█▄HL█NKлL█NKлL█NB≥┬L██KлL██KлL██HL██лL██лL██L█▄клL█▄клL█▄б≥┬L██▀лL██▀лL██┬L██KлL██KлL██HL█▄клL█▄клL█▄б≥┬L█▌KлL█▌KлL█▌HL█▌лL█▌лL█▌L██клL██клL██б≥┬L█ллL█ллL█лL█▌KлL█▌KлL█▌HL██клL██клL██б≥┬L█лклL█лклL█лхL█л▀лL█л▀лL█л┬L█лKлL█лKлL█лB≥┬L█млL█млL█мL█лклL█лклL█лхL█лKлL█лKлL█лB≥┬L█млL█млL█мL█лKлL█лKлL█лHL█мKлL█мKлL█мB≥┬L█мKлL█мKлL█мHL█м▀лL█м▀лL█м┬L█млL█млL█м≥┬L█м▀лL█м▀лL█м┬L█мKлL█мKлL█мHL█мклL█мклL█мб≥┬L█нлL█нлL█нL█м▀лL█м▀лL█м┬L█мклL█мклL█мб≥┬L█нлL█нлL█нL█мклL█мклL█мхL█нKлL█нKлL█нB≥┬L█нKлL█нKлL█нHL▌лL▌лL▌L█нлL█нлL█н≥┬L▌клL▌клL▌хL▌▀лL▌▀лL▌┬L▌KлL▌KлL▌B≥┬L▌лL▌лL▌L▌клL▌клL▌хL▌KлL▌KлL▌B≥┬L▌клL▌клL▌хL▌▀лL▌▀лL▌┬L▌KлL▌KлL▌B≥┬L▌KлL▌KлL▌HL▌лL▌лL▌L▌клL▌клL▌б≥┬L▌лL▌лL▌L▌KлL▌KлL▌HL▌клL▌клL▌б≥┬L▌лL▌лL▌L▌LлL▌LлL▌LL▌KлL▌KлL▌B≥┬L▌LKлL▌LKлL▌LHL▌KлL▌KлL▌HL▌LлL▌LлL▌L≥┬L▌LлL▌LлL▌LL▌L▀лL▌L▀лL▌L┬L▌LKлL▌LKлL▌LB≥┬L▌L▀лL▌L▀лL▌L┬L▌LклL▌LклL▌LхL▌LKлL▌LKлL▌LB≥┬L▌L▀лL▌L▀лL▌L┬L▌MлL▌MлL▌ML▌LклL▌LклL▌Lб≥┬L▌MклL▌MклL▌MхL▌M▀лL▌M▀лL▌M┬L▌MKлL▌MKлL▌MB≥┬L▌NлL▌NлL▌NL▌MклL▌MклL▌MхL▌MKлL▌MKлL▌MB≥┬LлKлLлKлLлHLллLллLлL▌NKлL▌NKлL▌NB≥┬Lл▀лLл▀лLл┬LлKлLлKлLлHL▌NKлL▌NKлL▌NB≥┬LлKлLлKлLлHLллLллLлLлклLлклLлб≥┬LлклLлклLлхLл▀лLл▀лLл┬LлKлLлKлLлB≥┬LлклLлклLлхLлклLлклLлхLл▀лLл▀лLл┌≥┬LлклLлклLлхLллLллLлLл▀лLл▀лLл┌≥┬LллLллLлLлклLлклLлхLлKлLлKлLлB≥┬LлKлLлKлLлHLлLлLлLлLлLLллLллLл≥┬LлKлLлKлLлHLлLKлLлLKлLлLHLлLлLлLлLлL≥┬LлLKлLлLKлLлLHLлL▀лLлL▀лLлL┬LлLлLлLлLлL≥┬LлMKлLлMKлLлMHLлMлLлMлLлMLлLклLлLклLлLб≥┬LлM▀лLлM▀лLлM┬LлMKлLлMKлLлMHLлLклLлLклLлLб≥┬LлNKлLлNKлLлNHLлNлLлNлLлNLлMклLлMклLлMб≥┬LлMклLлMклLлMхLл▄лLл▄лLл▄LлNKлLлNKлLлNB≥┬Lл▄лLл▄лLл▄Lл▄KлLл▄KлLл▄HLлNKлLлNKлLлNB≥┬Lл▄лLл▄лLл▄Lл▄▀лLл▄▀лLл▄┬Lл▄KлLл▄KлLл▄B≥┬Lл█KлLл█KлLл█HLл█лLл█лLл█Lл▄клLл▄клLл▄б≥┬Lл█▀лLл█▀лLл█┬Lл█KлLл█KлLл█HLл▄клLл▄клLл▄б≥┬Lл▌KлLл▌KлLл▌HLл▌лLл▌лLл▌Lл█клLл█клLл█б≥┬LлллLлллLллLл▌KлLл▌KлLл▌HLл█клLл█клLл█б≥┬LллклLллклLллхLлл▀лLлл▀лLлл┬LллKлLллKлLллB≥┬LлмлLлмлLлмLллклLллклLллхLллKлLллKлLллB≥┬LлмклLлмклLлмхLлм▀лLлм▀лLлм┬LлмKлLлмKлLлмB≥┬LлнлLлнлLлнLлмклLлмклLлмхLлмKлLлмKлLлмB≥┬LмKлLмKлLмHLмлLмлLмLлнKлLлнKлLлнB≥┬Lм▀лLм▀лLм┬LмKлLмKлLмHLлнKлLлнKлLлнB≥┬LмKлLмKлLмHLмлLмлLмLмклLмклLмб≥┬Lм▀лLм▀лLм┬LмKлLмKлLмHLмклLмклLмб≥┬LмKлLмKлLмHLмлLмлLмLмклLмклLмб≥┬LмLлLмLлLмLLмKлLмKлLмHLмклLмклLмб≥┬LмLклLмLклLмLхLмL▀лLмL▀лLмL┬LмLKлLмLKлLмLB≥┬LмMлLмMлLмMLмLклLмLклLмLхLмLKлLмLKлLмLB≥┬LмMклLмMклLмMхLмM▀лLмM▀лLмM┬LмMKлLмMKлLмMB≥┬LмNлLмNлLмNLмMклLмMклLмMхLмMKлLмMKлLмMB≥┬Lм▄KлLм▄KлLм▄HLм▄лLм▄лLм▄LмNKлLмNKлLмNB≥┬Lм▄▀лLм▄▀лLм▄┬Lм▄KлLм▄KлLм▄HLмNKлLмNKлLмNB≥┬Lм█KлLм█KлLм█HLм█лLм█лLм█Lм▄клLм▄клLм▄б≥┬Lм█▀лLм█▀лLм█┬Lм█KлLм█KлLм█HLм▄клLм▄клLм▄б≥┬Lм▌KлLм▌KлLм▌HLм▌лLм▌лLм▌Lм█клLм█клLм█б≥┬LмллLмллLмлLм▌KлLм▌KлLм▌HLм█клLм█клLм█б≥┬LмлклLмлклLмлхLмл▀лLмл▀лLмл┬LмлKлLмлKлLмлB≥┬LммлLммлLммLмлклLмлклLмлхLмлKлLмлKлLмлB≥┬LммклLммклLммхLмм▀лLмм▀лLмм┬LммKлLммKлLммB≥┬LмнлLмнлLмнLммклLммклLммхLммKлLммKлLммB≥┬LнKлLнKлLнHLнлLнлLнLмнKлLмнKлLмнB≥┬Lн▀лLн▀лLн┬LнKлLнKлLнHLмнKлLмнKлLмнB≥┬LнKлLнKлLнHLнлLнлLнLнклLнклLнб≥┬Lн▀лLн▀лLн┬LнKлLнKлLнHLнклLнклLнб≥┬LнKлLнKлLнHLнлLнлLнLнклLнклLнб≥┬LнLлLнLлLнLLнKлLнKлLнHLнклLнклLнб≥┬LнLклLнLклLнLхLнL▀лLнL▀лLнL┬LнLKлLнLKлLнLB≥┬LнMлLнMлLнMLнLклLнLклLнLхLнLKлLнLKлLнLB≥┬LнMклLнMклLнMхLнM▀лLнM▀лLнM┬LнMKлLнMKлLнMB≥┬LнNлLнNлLнNLнMклLнMклLнMхLнMKлLнMKлLнMB≥┬LKлLKлLHLлLлLLнNKлLнNKлLнNB≥┬L▀лL▀лL┬LKлLKлLHLнNKлLнNKлLнNB≥┬LKлLKлLHLлLлLLклLклLб≥┬L▀лL▀лL┬LKлLKлLHLклLклLб≥┬LKлLKлLHLлLлLLклLклLб≥┬LLлLLлLLLKлLKлLHLклLклLб≥┬LLклLLклLLхLL▀лLL▀лLL┬LLKлLLKлLLB≥┬LMлLMлLMLLклLLклLLхLLKлLLKлLLB≥┬LMклLMклLMхLM▀лLM▀лLM┬LMKлLMKлLMB≥┬LNлLNлLNLMклLMклLMхLMKлLMKлLMB≥┬L▄KлL▄KлL▄HL▄лL▄лL▄LNKлLNKлLNB≥┬L▄▀лL▄▀лL▄┬L▄KлL▄KлL▄HLNKлLNKлLNB≥┬L█KлL█KлL█HL█лL█лL█L▄клL▄клL▄б≥┬L█▀лL█▀лL█┬L█KлL█KлL█HL▄клL▄клL▄б≥┬L▌KлL▌KлL▌HL▌лL▌лL▌L█клL█клL█б≥┬LллLллLлL▌KлL▌KлL▌HL█клL█клL█б≥┬LлклLлклLлхLл▀лLл▀лLл┬LлKлLлKлLлB≥┬LмлLмлLмLлклLлклLлхLлKлLлKлLлB≥┬LмклLмклLмхLм▀лLм▀лLм┬LмKлLмKлLмB≥┬LнлLнлLнLмклLмклLмхLмKлLмKлLмB≥┬LKлLKлLHLлLлLLнKлLнKлLнB≥┬L▀лL▀лL┬LKлLKлLHLнKлLнKлLнB≥┬LKлLKлLHLлLлLLклLклLб≥┬L▀лL▀лL┬LKлLKлLHLклLклLб≥┬LлLлLLклLклLхL▀лL▀лL┌≥┬LKлLKлLHLлLлLL▀лL▀лL┌≥┬LL▀лLL▀лLL┬LLKлLLKлLLHLLлLLлLL≥┬LLклLLклLLхLL▀лLL▀лLL┬LLлLLлLL≥┬LM▀лLM▀лLM┬LMKлLMKлLMHLMлLMлLM≥┬LMклLMклLMхLM▀лLM▀лLM┬LMлLMлLM≥┬L▄лL▄лL▄LNKлLNKлLNHLNлLNлLN≥┬L▄KлL▄KлL▄HL▄лL▄лL▄LNлLNлLN≥┬L█лL█лL█L▄клL▄клL▄хL▄▀лL▄▀лL▄┌≥┬L█KлL█KлL█HL█лL█лL█L▄▀лL▄▀лL▄┌≥┬L▌лL▌лL▌L█клL█клL█хL█▀лL█▀лL█┌≥┬L▌KлL▌KлL▌HL▌лL▌лL▌L█▀лL█▀лL█┌≥┬Lл▀лLл▀лLл┬LлKлLлKлLлHLллLллLл≥┬LлклLлклLлхLл▀лLл▀лLл┬LллLллLл≥┬Lм▀лLм▀лLм┬LмKлLмKлLмHLмлLмлLм≥┬LмклLмклLмхLм▀лLм▀лLм┬LмлLмлLм≥┬LлLлLLнKлLнKлLнHLнлLнлLн≥┬LKлLKлLHLлLлLLнлLнлLн≥┬LлLлLLклLклLхL▀лL▀лL┌≥┬LKлLKлLHLлLлLL▀лL▀лL┌≥┬L▀лL▀лL┬LклLклLхL▀лL▀лL┌≥┬LклLклLхLлLлLL▀лL▀лL┌≥┬LLKлLLKлLLHLLлLLлLLLKлLKлLB≥┬LL▀лLL▀лLL┬LLKлLLKлLLHLKлLKлLB≥┬LMKлLMKлLMHLMлLMлLMLLклLLклLLб≥┬LM▀лLM▀лLM┬LMKлLMKлLMHLLклLLклLLб≥┬LNKлLNKлLNHLNлLNлLNLMклLMклLMб≥┬LLлLLлLLLNKлLNKлLNHLMклLMклLMб≥┬LLклLLклLLхLL▀лLL▀лLL┬LLKлLLKлLLB≥┬LLлLLлLLLLклLLклLLхLLKлLLKлLLB≥┬LLклLLклLLхLL▀лLL▀лLL┬LLKлLLKлLLB≥┬LLKлLLKлLLHLLлLLлLLLLклLLклLLб≥┬LLKлLLKлLLHLLKлLLKлLLHLLлLLлLL≥┬LLKлLLKлLLHLLLлLLLлLLLLLлLLлLL≥┬LLLклLLLклLLLхLLL▀лLLL▀лLLL┬LLLKлLLLKлLLLB≥┬LLLKлLLLKлLLLHLLMлLLMлLLMLLLклLLLклLLLб≥┬LLLKлLLLKлLLLHLLMKлLLMKлLLMHLLMлLLMлLLM≥┬LLMKлLLMKлLLMHLLM▀лLLM▀лLLM┬LLMлLLMлLLM≥┬LLM▀лLLM▀лLLM┬LLMKлLLMKлLLMHLLMклLLMклLLMб≥┬LLMклLLMклLLMхLLNлLLNлLLNLLM▀лLLM▀лLLM┌≥┬LLMклLLMклLLMхLLNKлLLNKлLLNHLLNлLLNлLLN≥┬LLNKлLLNKлLLNHLL▄лLL▄лLL▄LLNлLLNлLLN≥┬LL▄клLL▄клLL▄хLL▄▀лLL▄▀лLL▄┬LL▄KлLL▄KлLL▄B≥┬LL▄KлLL▄KлLL▄HLL█лLL█лLL█LL▄клLL▄клLL▄б≥┬LL▄KлLL▄KлLL▄HLL█KлLL█KлLL█HLL█лLL█лLL█≥┬LL█KлLL█KлLL█HLL█▀лLL█▀лLL█┬LL█лLL█лLL█≥┬LL▌KлLL▌KлLL▌HLL▌лLL▌лLL▌LL█клLL█клLL█б≥┬LL█клLL█клLL█хLLллLLллLLлLL▌KлLL▌KлLL▌B≥┬LL█клLL█клLL█хLLлKлLLлKлLLлHLLллLLллLLл≥┬LLлKлLLлKлLLлHLLл▀лLLл▀лLLл┬LLллLLллLLл≥┬LLмKлLLмKлLLмHLLмлLLмлLLмLLлклLLлклLLлб≥┬LLлклLLлклLLлхLLм▀лLLм▀лLLм┬LLмKлLLмKлLLмB≥┬LLлклLLлклLLлхLLмклLLмклLLмхLLм▀лLLм▀лLLм┌≥┬LLмклLLмклLLмхLLнлLLнлLLнLLм▀лLLм▀лLLм┌≥┬LMKлLMKлLMHLMлLMлLMLLнKлLLнKлLLнB≥┬LLнKлLLнKлLLнHLM▀лLM▀лLM┬LMKлLMKлLMB≥┬LLнKлLLнKлLLнHLMклLMклLMхLM▀лLM▀лLM┌≥┬LMклLMклLMхLMлLMлLMLM▀лLM▀лLM┌≥┬LMклLMклLMхLM▀лLM▀лLM┬LMKлLMKлLMB≥┬LMлLMлLMLMклLMклLMхLMKлLMKлLMB≥┬LMлLMлLMLMKлLMKлLMHLMKлLMKлLMB≥┬LMLлLMLлLMLLMлLMлLMLMKлLMKлLMB≥┬LMLклLMLклLMLхLML▀лLML▀лLML┬LMLKлLMLKлLMLB≥┬LMLKлLMLKлLMLHLMMлLMMлLMMLMLклLMLклLMLб≥┬LMMлLMMлLMMLMMKлLMMKлLMMHLMLклLMLклLMLб≥┬LMMлLMMлLMMLMM▀лLMM▀лLMM┬LMMKлLMMKлLMMB≥┬LMMклLMMклLMMхLMMKлLMMKлLMMHLMM▀лLMM▀лLMM┌≥┬LMM▀лLMM▀лLMM┬LMNлLMNлLMNLMMклLMMклLMMб≥┬LMNлLMNлLMNLMNKлLMNKлLMNHLMMклLMMклLMMб≥┬LMNлLMNлLMNLM▄лLM▄лLM▄LMNKлLMNKлLMNB≥┬LM▄клLM▄клLM▄хLM▄▀лLM▄▀лLM▄┬LM▄KлLM▄KлLM▄B≥┬LM▄KлLM▄KлLM▄HLM█лLM█лLM█LM▄клLM▄клLM▄б≥┬LM█лLM█лLM█LM█KлLM█KлLM█HLM▄клLM▄клLM▄б≥┬LM█лLM█лLM█LM█▀лLM█▀лLM█┬LM█KлLM█KлLM█B≥┬LM█клLM█клLM█хLM█KлLM█KлLM█HLM█▀лLM█▀лLM█┌≥┬LM█▀лLM█▀лLM█┬LM▌лLM▌лLM▌LM█клLM█клLM█б≥┬LM▌лLM▌лLM▌LM▌KлLM▌KлLM▌HLM█клLM█клLM█б≥┬LM▌лLM▌лLM▌LMллLMллLMлLM▌KлLM▌KлLM▌B≥┬LMлклLMлклLMлхLMл▀лLMл▀лLMл┬LMлKлLMлKлLMлB≥┬LMлKлLMлKлLMлHLMмлLMмлLMмLMлклLMлклLMлб≥┬LMмлLMмлLMмLMмKлLMмKлLMмHLMлклLMлклLMлб≥┬LMмлLMмлLMмLMм▀лLMм▀лLMм┬LMмKлLMмKлLMмB≥┬LMнKлLMнKлLMнHLMнлLMнлLMнLMмклLMмклLMмб≥┬LMмклLMмклLMмхLNлLNлLNLMнKлLMнKлLMнB≥┬LNлLNлLNLNKлLNKлLNHLMнKлLMнKлLMнB≥┬LNлLNлLNLN▀лLN▀лLN┬LNKлLNKлLNB≥┬LNKлLNKлLNHLNлLNлLNLNклLNклLNб≥┬LNклLNклLNхLN▀лLN▀лLN┬LNKлLNKлLNB≥┬LN▀лLN▀лLN┬LNклLNклLNхLNKлLNKлLNB≥┬LN▀лLN▀лLN┬LNлLNлLNLNклLNклLNб≥┬LNLKлLNLKлLNLHLNLлLNLлLNLLNKлLNKлLNB≥┬LNKлLNKлLNHLNL▀лLNL▀лLNL┬LNLKлLNLKлLNLB≥┬LNL▀лLNL▀лLNL┬LNLклLNLклLNLхLNLKлLNLKлLNLB≥┬LNL▀лLNL▀лLNL┬LNMлLNMлLNMLNLклLNLклLNLб≥┬LNMклLNMклLNMхLNM▀лLNM▀лLNM┬LNMKлLNMKлLNMB≥┬LNNлLNNлLNNLNMклLNMклLNMхLNMKлLNMKлLNMB≥┬LLKлLLKлLLHLLлLLлLLLNNKлLNNKлLNNB≥┬LL▀лLL▀лLL┬LLKлLLKлLLHLNNKлLNNKлLNNB≥┬LLKлLLKлLLHLLлLLлLLLLклLLклLLб≥┬LL▀лLL▀лLL┬LLKлLLKлLLHLLклLLклLLб≥┬LLKлLLKлLLHLLлLLлLLLLклLLклLLб≥┬LLLлLLLлLLLLLKлLLKлLLHLLклLLклLLб≥┬LLLклLLLклLLLхLLL▀лLLL▀лLLL┬LLLKлLLLKлLLLB≥┬LLMлLLMлLLMLLLклLLLклLLLхLLLKлLLLKлLLLB≥┬LLMклLLMклLLMхLLM▀лLLM▀лLLM┬LLMKлLLMKлLLMB≥┬LLNлLLNлLLNLLMклLLMклLLMхLLMKлLLMKлLLMB≥┬LLNлLLNлLLNLLMKлLLMKлLLMHLLNKлLLNKлLLNB≥┬LLNKлLLNKлLLNHLL▄лLL▄лLL▄LLNлLLNлLLN≥┬LL▄лLL▄лLL▄LLNKлLLNKлLLNHLL▄KлLL▄KлLL▄B≥┬LL▄▀лLL▄▀лLL▄┬LL▄лLL▄лLL▄LL▄KлLL▄KлLL▄B≥┬LL▄▀лLL▄▀лLL▄┬LL▄KлLL▄KлLL▄HLL▄клLL▄клLL▄б≥┬LL▄клLL▄клLL▄хLL█лLL█лLL█LL▄▀лLL▄▀лLL▄┌≥┬LL█клLL█клLL█хLL█▀лLL█▀лLL█┬LL█KлLL█KлLL█B≥┬LL▌лLL▌лLL▌LL█клLL█клLL█хLL█KлLL█KлLL█B≥┬LLлKлLLлKлLLлHLLллLLллLLлLL▌KлLL▌KлLL▌B≥┬LL▌KлLL▌KлLL▌HLLл▀лLLл▀лLLл┬LLлKлLLлKлLLлB≥┬LLл▀лLLл▀лLLл┬LLлклLLлклLLлхLLлKлLLлKлLLлB≥┬LLл▀лLLл▀лLLл┬LLмлLLмлLLмLLлклLLлклLLлб≥┬LLмKлLLмKлLLмHLLлклLLлклLLлхLLмлLLмлLLм≥┬LLмлLLмлLLмLLм▀лLLм▀лLLм┬LLмKлLLмKлLLмB≥┬LLм▀лLLм▀лLLм┬LLмклLLмклLLмхLLмKлLLмKлLLмB≥┬LLм▀лLLм▀лLLм┬LLнлLLнлLLнLLмклLLмклLLмб≥┬LLKлLLKлLLHLLлLLлLLLLнKлLLнKлLLнB≥┬LL▀лLL▀лLL┬LLKлLLKлLLHLLнKлLLнKлLLнB≥┬LLKлLLKлLLHLLлLLлLLLLклLLклLLб≥┬LL▀лLL▀лLL┬LLKлLLKлLLHLLклLLклLLб≥┬LLKлLLKлLLHLLлLLлLLLLклLLклLLб≥┬LLклLLклLLхLLLлLLLлLLLLLKлLLKлLLB≥┬LLклLLклLLхLLLKлLLLKлLLLHLLLлLLLлLLL≥┬LLLKлLLLKлLLLHLLL▀лLLL▀лLLL┬LLLлLLLлLLL≥┬LLL▀лLLL▀лLLL┬LLLKлLLLKлLLLHLLLклLLLклLLLб≥┬LLLклLLLклLLLхLLMлLLMлLLMLLL▀лLLL▀лLLL┌≥┬LLLклLLLклLLLхLLMKлLLMKлLLMHLLMлLLMлLLM≥┬LLMKлLLMKлLLMHLLM▀лLLM▀лLLM┬LLMлLLMлLLM≥┬LLNKлLLNKлLLNHLLNлLLNлLLNLLMклLLMклLLMб≥┬LL▄лLL▄лLL▄LLNKлLLNKлLLNHLLMклLLMклLLMб≥┬LL▄клLL▄клLL▄хLL▄▀лLL▄▀лLL▄┬LL▄KлLL▄KлLL▄B≥┬LL▄KлLL▄KлLL▄HLL█лLL█лLL█LL▄клLL▄клLL▄б≥┬LL█лLL█лLL█LL█KлLL█KлLL█HLL▄клLL▄клLL▄б≥┬LL█лLL█лLL█LL█▀лLL█▀лLL█┬LL█KлLL█KлLL█B≥┬LL▌KлLL▌KлLL▌HLL▌лLL▌лLL▌LL█клLL█клLL█б≥┬LLллLLллLLлLL▌KлLL▌KлLL▌HLL█клLL█клLL█б≥┬LLлклLLлклLLлхLLл▀лLLл▀лLLл┬LLлKлLLлKлLLлB≥┬LLмлLLмлLLмLLлклLLлклLLлхLLлKлLLлKлLLлB≥┬LLмклLLмклLLмхLLм▀лLLм▀лLLм┬LLмKлLLмKлLLмB≥┬LLнлLLнлLLнLLмклLLмклLLмхLLмKлLLмKлLLмB≥┬LLKлLLKлLLHLLлLLлLLLLнKлLLнKлLLнB≥┬LL▀лLL▀лLL┬LLKлLLKлLLHLLнKлLLнKлLLнB≥┬LLKлLLKлLLHLLлLLлLLLLклLLклLLб≥┬LL▀лLL▀лLL┬LLKлLLKлLLHLLклLLклLLб≥┬LLKлLLKлLLHLLлLLлLLLLклLLклLLб≥┬LLLлLLLлLLLLLKлLLKлLLHLLклLLклLLб≥┬LLLклLLLклLLLхLLL▀лLLL▀лLLL┬LLLKлLLLKлLLLB≥┬LLMлLLMлLLMLLLклLLLклLLLхLLLKлLLLKлLLLB≥┬LLMклLLMклLLMхLLM▀лLLM▀лLLM┬LLMKлLLMKлLLMB≥┬LLNлLLNлLLNLLMклLLMклLLMхLLMKлLLMKлLLMB≥┬LLLKлLLLKлLLLHLLLлLLLлLLLLLNKлLLNKлLLNB≥┬LLL▀лLLL▀лLLL┬LLLKлLLLKлLLLHLLNKлLLNKлLLNB≥┬LLLKлLLLKлLLLHLLLлLLLлLLLLLLклLLLклLLLб≥┬LLL▀лLLL▀лLLL┬LLLKлLLLKлLLLHLLLклLLLклLLLб≥┬LLLKлLLLKлLLLHLLLлLLLлLLLLLLклLLLклLLLб≥┬LLLLлLLLLлLLLLLLLKлLLLKлLLLHLLLклLLLклLLLб≥┬LLLLклLLLLклLLLLхLLLL▀лLLLL▀лLLLL┬LLLLKлLLLLKлLLLLB≥┬LLLMлLLLMлLLLMLLLLклLLLLклLLLLхLLLLKлLLLLKлLLLLB≥┬LLLMклLLLMклLLLMхLLLM▀лLLLM▀лLLLM┬LLLMKлLLLMKлLLLMB≥┬LLLNлLLLNлLLLNLLLMклLLLMклLLLMхLLLMKлLLLMKлLLLMB≥┬LLL▄KлLLL▄KлLLL▄HLLL▄лLLL▄лLLL▄LLLNKлLLLNKлLLLNB≥┬LLL▄▀лLLL▄▀лLLL▄┬LLL▄KлLLL▄KлLLL▄HLLLNKлLLLNKлLLLNB≥┬LLL█KлLLL█KлLLL█HLLL█лLLL█лLLL█LLL▄клLLL▄клLLL▄б≥┬LLL█▀лLLL█▀лLLL█┬LLL█KлLLL█KлLLL█HLLL▄клLLL▄клLLL▄б≥┬LLL▌KлLLL▌KлLLL▌HLLL▌лLLL▌лLLL▌LLL█клLLL█клLLL█б≥┬LLLллLLLллLLLлLLL▌KлLLL▌KлLLL▌HLLL█клLLL█клLLL█б≥┬LLLлклLLLлклLLLлхLLLл▀лLLLл▀лLLLл┬LLLлKлLLLлKлLLLлB≥┬LLLмлLLLмлLLLмLLLлклLLLлклLLLлхLLLлKлLLLлKлLLLлB≥┬LLLмклLLLмклLLLмхLLLм▀лLLLм▀лLLLм┬LLLмKлLLLмKлLLLмB≥┬LLLнлLLLнлLLLнLLLмклLLLмклLLLмхLLLмKлLLLмKлLLLмB≥┬LLMKлLLMKлLLMHLLMлLLMлLLMLLLнKлLLLнKлLLLнB≥┬LLM▀лLLM▀лLLM┬LLMKлLLMKлLLMHLLLнKлLLLнKлLLLнB≥┬LLMKлLLMKлLLMHLLMлLLMлLLMLLMклLLMклLLMб≥┬LLM▀лLLM▀лLLM┬LLMKлLLMKлLLMHLLMклLLMклLLMб≥┬LLMKлLLMKлLLMHLLMлLLMлLLMLLMклLLMклLLMб≥┬LLMLлLLMLлLLMLLLMKлLLMKлLLMHLLMклLLMклLLMб≥┬LLMLклLLMLклLLMLхLLML▀лLLML▀лLLML┬LLMLKлLLMLKлLLMLB≥┬LLMMлLLMMлLLMMLLMLклLLMLклLLMLхLLMLKлLLMLKлLLMLB≥┬LLMMклLLMMклLLMMхLLMM▀лLLMM▀лLLMM┬LLMMKлLLMMKлLLMMB≥┬LLMNлLLMNлLLMNLLMMклLLMMклLLMMхLLMMKлLLMMKлLLMMB≥┬LLM▄KлLLM▄KлLLM▄HLLM▄лLLM▄лLLM▄LLMNKлLLMNKлLLMNB≥┬LLM▄▀лLLM▄▀лLLM▄┬LLM▄KлLLM▄KлLLM▄HLLMNKлLLMNKлLLMNB≥┬LLM█KлLLM█KлLLM█HLLM█лLLM█лLLM█LLM▄клLLM▄клLLM▄б≥┬LLM█▀лLLM█▀лLLM█┬LLM█KлLLM█KлLLM█HLLM▄клLLM▄клLLM▄б≥┬LLM▌KлLLM▌KлLLM▌HLLM▌лLLM▌лLLM▌LLM█клLLM█клLLM█б≥┬LLMллLLMллLLMлLLM▌KлLLM▌KлLLM▌HLLM█клLLM█клLLM█б≥┬LLMлклLLMлклLLMлхLLMл▀лLLMл▀лLLMл┬LLMлKлLLMлKлLLMлB≥┬LLMмлLLMмлLLMмLLMлклLLMлклLLMлхLLMлKлLLMлKлLLMлB≥┬LLMмклLLMмклLLMмхLLMм▀лLLMм▀лLLMм┬LLMмKлLLMмKлLLMмB≥┬LLMнлLLMнлLLMнLLMмклLLMмклLLMмхLLMмKлLLMмKлLLMмB≥┬LLNKлLLNKлLLNHLLNлLLNлLLNLLMнKлLLMнKлLLMнB≥┬LLN▀лLLN▀лLLN┬LLNKлLLNKлLLNHLLMнKлLLMнKлLLMнB≥┬LLNKлLLNKлLLNHLLNлLLNлLLNLLNклLLNклLLNб≥┬LLN▀лLLN▀лLLN┬LLNKлLLNKлLLNHLLNклLLNклLLNб≥┬LLNKлLLNKлLLNHLLNлLLNлLLNLLNклLLNклLLNб≥┬LLNLлLLNLлLLNLLLNKлLLNKлLLNHLLNклLLNклLLNб≥┬LLNL▀лLLNL▀лLLNL┬LLNLKлLLNLKлLLNLHLLNLлLLNLлLLNL≥┬LLNLклLLNLклLLNLхLLNL▀лLLNL▀лLLNL┬LLNLлLLNLлLLNL≥┬LLNM▀лLLNM▀лLLNM┬LLNMKлLLNMKлLLNMHLLNMлLLNMлLLNM≥┬LLNMклLLNMклLLNMхLLNM▀лLLNM▀лLLNM┬LLNMлLLNMлLLNM≥┬LL▄лLL▄лLL▄LLNNKлLLNNKлLLNNHLLNNлLLNNлLLNN≥┬LL▄KлLL▄KлLL▄HLL▄лLL▄лLL▄LLNNлLLNNлLLNN≥┬LL▄лLL▄лLL▄LL▄клLL▄клLL▄хLL▄▀лLL▄▀лLL▄┌≥┬LL▄KлLL▄KлLL▄HLL▄лLL▄лLL▄LL▄▀лLL▄▀лLL▄┌≥┬LL▄лLL▄лLL▄LL▄клLL▄клLL▄хLL▄▀лLL▄▀лLL▄┌≥┬LL▄KлLL▄KлLL▄HLL▄лLL▄лLL▄LL▄▀лLL▄▀лLL▄┌≥┬LL▄L▀лLL▄L▀лLL▄L┬LL▄LKлLL▄LKлLL▄LHLL▄LлLL▄LлLL▄L≥┬LL▄LклLL▄LклLL▄LхLL▄L▀лLL▄L▀лLL▄L┬LL▄LлLL▄LлLL▄L≥┬LL▄M▀лLL▄M▀лLL▄M┬LL▄MKлLL▄MKлLL▄MHLL▄MлLL▄MлLL▄M≥┬LL▄MклLL▄MклLL▄MхLL▄M▀лLL▄M▀лLL▄M┬LL▄MлLL▄MлLL▄M≥┬LL▄▄лLL▄▄лLL▄▄LL▄NKлLL▄NKлLL▄NHLL▄NлLL▄NлLL▄N≥┬LL▄▄KлLL▄▄KлLL▄▄HLL▄▄лLL▄▄лLL▄▄LL▄NлLL▄NлLL▄N≥┬LL▄█лLL▄█лLL▄█LL▄▄клLL▄▄клLL▄▄хLL▄▄▀лLL▄▄▀лLL▄▄┌≥┬LL▄█KлLL▄█KлLL▄█HLL▄█лLL▄█лLL▄█LL▄▄▀лLL▄▄▀лLL▄▄┌≥┬LL▄▌лLL▄▌лLL▄▌LL▄█клLL▄█клLL▄█хLL▄█▀лLL▄█▀лLL▄█┌≥┬LL▄▌KлLL▄▌KлLL▄▌HLL▄▌лLL▄▌лLL▄▌LL▄█▀лLL▄█▀лLL▄█┌≥┬LL▄█▀лLL▄█▀лLL▄█┬LL▄лKлLL▄лKлLL▄лHLL▄ллLL▄ллLL▄л≥┬LL▄лKлLL▄лKлLL▄лHLL▄л▀лLL▄л▀лLL▄л┬LL▄ллLL▄ллLL▄л≥┬LL▄мKлLL▄мKлLL▄мHLL▄млLL▄млLL▄мLL▄лклLL▄лклLL▄лб≥┬LL▄м▀лLL▄м▀лLL▄м┬LL▄мKлLL▄мKлLL▄мHLL▄лклLL▄лклLL▄лб≥┬LL▄нKлLL▄нKлLL▄нHLL▄нлLL▄нлLL▄нLL▄мклLL▄мклLL▄мб≥┬LL█лLL█лLL█LL▄нKлLL▄нKлLL▄нHLL▄мклLL▄мклLL▄мб≥┬LL█клLL█клLL█хLL█▀лLL█▀лLL█┬LL█KлLL█KлLL█B≥┬LL█лLL█лLL█LL█клLL█клLL█хLL█KлLL█KлLL█B≥┬LL█клLL█клLL█хLL█▀лLL█▀лLL█┬LL█KлLL█KлLL█B≥┬LL█лLL█лLL█LL█клLL█клLL█хLL█KлLL█KлLL█B≥┬LL█LKлLL█LKлLL█LHLL█LлLL█LлLL█LLL█KлLL█KлLL█B≥┬LL█KлLL█KлLL█HLL█L▀лLL█L▀лLL█L┬LL█LKлLL█LKлLL█LB≥┬LL█KлLL█KлLL█HLL█LклLL█LклLL█LхLL█L▀лLL█L▀лLL█L┌≥┬LL█LклLL█LклLL█LхLL█MлLL█MлLL█MLL█L▀лLL█L▀лLL█L┌≥┬LL█MклLL█MклLL█MхLL█M▀лLL█M▀лLL█M┬LL█MKлLL█MKлLL█MB≥┬LL█MKлLL█MKлLL█MHLL█NлLL█NлLL█NLL█MклLL█MклLL█Mб≥┬LL█MKлLL█MKлLL█MHLL█NKлLL█NKлLL█NHLL█NлLL█NлLL█N≥┬LL█NKлLL█NKлLL█NHLL█▄лLL█▄лLL█▄LL█NлLL█NлLL█N≥┬LL█▄лLL█▄лLL█▄LL█NKлLL█NKлLL█NHLL█▄KлLL█▄KлLL█▄B≥┬LL█▄KлLL█▄KлLL█▄HLL█▄▀лLL█▄▀лLL█▄┬LL█▄лLL█▄лLL█▄≥┬LL█▄KлLL█▄KлLL█▄HLL█▄клLL█▄клLL█▄хLL█▄▀лLL█▄▀лLL█▄┌≥┬LL█▄клLL█▄клLL█▄хLL██лLL██лLL██LL█▄▀лLL█▄▀лLL█▄┌≥┬LL██клLL██клLL██хLL██▀лLL██▀лLL██┬LL██KлLL██KлLL██B≥┬LL██KлLL██KлLL██HLL█▌лLL█▌лLL█▌LL██клLL██клLL██б≥┬LL██KлLL██KлLL██HLL█▌KлLL█▌KлLL█▌HLL█▌лLL█▌лLL█▌≥┬LL█▌KлLL█▌KлLL█▌HLL█ллLL█ллLL█лLL█▌лLL█▌лLL█▌≥┬LL█лклLL█лклLL█лхLL█л▀лLL█л▀лLL█л┬LL█лKлLL█лKлLL█лB≥┬LL█лKлLL█лKлLL█лHLL█млLL█млLL█мLL█лклLL█лклLL█лб≥┬LL█лKлLL█лKлLL█лHLL█мKлLL█мKлLL█мHLL█млLL█млLL█м≥┬LL█мKлLL█мKлLL█мHLL█м▀лLL█м▀лLL█м┬LL█млLL█млLL█м≥┬LL█нKлLL█нKлLL█нHLL█нлLL█нлLL█нLL█мклLL█мклLL█мб≥┬LL█мклLL█мклLL█мхLL▌лLL▌лLL▌LL█нKлLL█нKлLL█нB≥┬LL█мклLL█мклLL█мхLL▌KлLL▌KлLL▌HLL▌лLL▌лLL▌≥┬LL▌KлLL▌KлLL▌HLL▌▀лLL▌▀лLL▌┬LL▌лLL▌лLL▌≥┬LL▌KлLL▌KлLL▌HLL▌лLL▌лLL▌LL▌клLL▌клLL▌б≥┬LL▌клLL▌клLL▌хLL▌▀лLL▌▀лLL▌┬LL▌KлLL▌KлLL▌B≥┬LL▌клLL▌клLL▌хLL▌клLL▌клLL▌хLL▌▀лLL▌▀лLL▌┌≥┬LL▌клLL▌клLL▌хLL▌лLL▌лLL▌LL▌▀лLL▌▀лLL▌┌≥┬LL▌LKлLL▌LKлLL▌LHLL▌LлLL▌LлLL▌LLL▌KлLL▌KлLL▌B≥┬LL▌L▀лLL▌L▀лLL▌L┬LL▌LKлLL▌LKлLL▌LHLL▌KлLL▌KлLL▌B≥┬LL▌L▀лLL▌L▀лLL▌L┬LL▌KлLL▌KлLL▌HLL▌LклLL▌LклLL▌Lб≥┬LL▌MлLL▌MлLL▌MLL▌L▀лLL▌L▀лLL▌L┬LL▌LклLL▌LклLL▌Lб≥┬LL▌MклLL▌MклLL▌MхLL▌M▀лLL▌M▀лLL▌M┬LL▌MKлLL▌MKлLL▌MB≥┬LL▌MKлLL▌MKлLL▌MHLL▌NлLL▌NлLL▌NLL▌MклLL▌MклLL▌Mб≥┬LL▌NлLL▌NлLL▌NLL▌NKлLL▌NKлLL▌NHLL▌MклLL▌MклLL▌Mб≥┬LL▌NлLL▌NлLL▌NLLллLLллLLлLL▌NKлLL▌NKлLL▌NB≥┬LLлKлLLлKлLLлHLL▌NKлLL▌NKлLL▌NHLLллLLллLLл≥┬LLллLLллLLлLLл▀лLLл▀лLLл┬LLлKлLLлKлLLлB≥┬LLл▀лLLл▀лLLл┬LLлклLLлклLLлхLLлKлLLлKлLLлB≥┬LLл▀лLLл▀лLLл┬LLллLLллLLлLLлклLLлклLLлб≥┬LLлклLLлклLLлхLLл▀лLLл▀лLLл┬LLлKлLLлKлLLлB≥┬LLлKлLLлKлLLлHLLллLLллLLлLLлклLLлклLLлб≥┬LLллLLллLLлLLлKлLLлKлLLлHLLлклLLлклLLлб≥┬LLллLLллLLлLLлLлLLлLлLLлLLLлKлLLлKлLLлB≥┬LLлLKлLLлLKлLLлLHLLлKлLLлKлLLлHLLлLлLLлLлLLлL≥┬LLлLлLLлLлLLлLLLлL▀лLLлL▀лLLлL┬LLлLKлLLлLKлLLлLB≥┬LLлL▀лLLлL▀лLLлL┬LLлLклLLлLклLLлLхLLлLKлLLлLKлLLлLB≥┬LLлL▀лLLлL▀лLLлL┬LLлMлLLлMлLLлMLLлLклLLлLклLLлLб≥┬LLлMклLLлMклLLлMхLLлM▀лLLлM▀лLLлM┬LLлMKлLLлMKлLLлMB≥┬LLлMKлLLлMKлLLлMHLLлNлLLлNлLLлNLLлMклLLлMклLLлMб≥┬LLлNлLLлNлLLлNLLлNKлLLлNKлLLлNHLLлMклLLлMклLLлMб≥┬LLлNлLLлNлLLлNLLл▄лLLл▄лLLл▄LLлNKлLLлNKлLLлNB≥┬LLл▄клLLл▄клLLл▄хLLл▄▀лLLл▄▀лLLл▄┬LLл▄KлLLл▄KлLLл▄B≥┬LLл▄KлLLл▄KлLLл▄HLLл█лLLл█лLLл█LLл▄клLLл▄клLLл▄б≥┬LLл█лLLл█лLLл█LLл█KлLLл█KлLLл█HLLл▄клLLл▄клLLл▄б≥┬LLл█лLLл█лLLл█LLл█▀лLLл█▀лLLл█┬LLл█KлLLл█KлLLл█B≥┬LLл▌KлLLл▌KлLLл▌HLLл▌лLLл▌лLLл▌LLл█клLLл█клLLл█б≥┬LLл█клLLл█клLLл█хLLлллLLлллLLллLLл▌KлLLл▌KлLLл▌B≥┬LLлллLLлллLLллLLллKлLLллKлLLллHLLл▌KлLLл▌KлLLл▌B≥┬LLлллLLлллLLллLLлл▀лLLлл▀лLLлл┬LLллKлLLллKлLLллB≥┬LLлмKлLLлмKлLLлмHLLлмлLLлмлLLлмLLллклLLллклLLллб≥┬LLллклLLллклLLллхLLлм▀лLLлм▀лLLлм┬LLлмKлLLлмKлLLлмB≥┬LLлм▀лLLлм▀лLLлм┬LLлмклLLлмклLLлмхLLлмKлLLлмKлLLлмB≥┬LLлм▀лLLлм▀лLLлм┬LLлнлLLлнлLLлнLLлмклLLлмклLLлмб≥┬LLмKлLLмKлLLмHLLмлLLмлLLмLLлнKлLLлнKлLLлнB≥┬LLм▀лLLм▀лLLм┬LLмKлLLмKлLLмHLLлнKлLLлнKлLLлнB≥┬LLмKлLLмKлLLмHLLмлLLмлLLмLLмклLLмклLLмб≥┬LLм▀лLLм▀лLLм┬LLмKлLLмKлLLмHLLмклLLмклLLмб≥┬LLмKлLLмKлLLмHLLмлLLмлLLмLLмклLLмклLLмб≥┬LLмLлLLмLлLLмLLLмKлLLмKлLLмHLLмклLLмклLLмб≥┬LLмLклLLмLклLLмLхLLмL▀лLLмL▀лLLмL┬LLмLKлLLмLKлLLмLB≥┬LLмMлLLмMлLLмMLLмLклLLмLклLLмLхLLмLKлLLмLKлLLмLB≥┬LLмMклLLмMклLLмMхLLмM▀лLLмM▀лLLмM┬LLмMKлLLмMKлLLмMB≥┬LLмNлLLмNлLLмNLLмMклLLмMклLLмMхLLмMKлLLмMKлLLмMB≥┬LLм▄KлLLм▄KлLLм▄HLLм▄лLLм▄лLLм▄LLмNKлLLмNKлLLмNB≥┬LLм▄▀лLLм▄▀лLLм▄┬LLм▄KлLLм▄KлLLм▄HLLмNKлLLмNKлLLмNB≥┬LLм▄▀лLLм▄▀лLLм▄┬LLмNKлLLмNKлLLмNHLLм▄клLLм▄клLLм▄б≥┬LLм▄клLLм▄клLLм▄хLLм█лLLм█лLLм█LLм▄▀лLLм▄▀лLLм▄┌≥┬LLм█лLLм█лLLм█LLм▄клLLм▄клLLм▄хLLм█KлLLм█KлLLм█B≥┬LLм█▀лLLм█▀лLLм█┬LLм█лLLм█лLLм█LLм█KлLLм█KлLLм█B≥┬LLм█▀лLLм█▀лLLм█┬LLм█KлLLм█KлLLм█HLLм█клLLм█клLLм█б≥┬LLм█клLLм█клLLм█хLLм▌лLLм▌лLLм▌LLм█▀лLLм█▀лLLм█┌≥┬LLмлKлLLмлKлLLмлHLLмллLLмллLLмлLLм▌KлLLм▌KлLLм▌B≥┬LLмл▀лLLмл▀лLLмл┬LLмлKлLLмлKлLLмлHLLм▌KлLLм▌KлLLм▌B≥┬LLммKлLLммKлLLммHLLммлLLммлLLммLLмлклLLмлклLLмлб≥┬LLмлклLLмлклLLмлхLLмм▀лLLмм▀лLLмм┬LLммKлLLммKлLLммB≥┬LLмм▀лLLмм▀лLLмм┬LLммклLLммклLLммхLLммKлLLммKлLLммB≥┬LLмм▀лLLмм▀лLLмм┬LLмнлLLмнлLLмнLLммклLLммклLLммб≥┬LLмнKлLLмнKлLLмнHLLммклLLммклLLммхLLмнлLLмнлLLмн≥┬LLмнлLLмнлLLмнLLнлLLнлLLнLLмнKлLLмнKлLLмнB≥┬LLнлLLнлLLнLLнKлLLнKлLLнHLLмнKлLLмнKлLLмнB≥┬LLнлLLнлLLнLLн▀лLLн▀лLLн┬LLнKлLLнKлLLнB≥┬LLнKлLLнKлLLнHLLнлLLнлLLнLLнклLLнклLLнб≥┬LLн▀лLLн▀лLLн┬LLнKлLLнKлLLнHLLнклLLнклLLнб≥┬LLнKлLLнKлLLнHLLнлLLнлLLнLLнклLLнклLLнб≥┬LLнLлLLнLлLLнLLLнKлLLнKлLLнHLLнклLLнклLLнб≥┬LLнLклLLнLклLLнLхLLнL▀лLLнL▀лLLнL┬LLнLKлLLнLKлLLнLB≥┬LLнLKлLLнLKлLLнLHLLнMлLLнMлLLнMLLнLклLLнLклLLнLб≥┬LLнLKлLLнLKлLLнLHLLнMKлLLнMKлLLнMHLLнMлLLнMлLLнM≥┬LLнMKлLLнMKлLLнMHLLнM▀лLLнM▀лLLнM┬LLнMлLLнMлLLнM≥┬LLнM▀лLLнM▀лLLнM┬LLнMKлLLнMKлLLнMHLLнMклLLнMклLLнMб≥┬LLнMклLLнMклLLнMхLLнNлLLнNлLLнNLLнM▀лLLнM▀лLLнM┌≥┬LLнMклLLнMклLLнMхLLнNKлLLнNKлLLнNHLLнNлLLнNлLLнN≥┬LLнNKлLLнNKлLLнNHLMлLMлLMLLнNлLLнNлLLнN≥┬LMклLMклLMхLM▀лLM▀лLM┬LMKлLMKлLMB≥┬LMлLMлLMLMклLMклLMхLMKлLMKлLMB≥┬LMклLMклLMхLM▀лLM▀лLM┬LMKлLMKлLMB≥┬LMKлLMKлLMHLMлLMлLMLMклLMклLMб≥┬LMлLMлLMLMKлLMKлLMHLMклLMклLMб≥┬LMлLMлLMLMLлLMLлLMLLMKлLMKлLMB≥┬LMLклLMLклLMLхLML▀лLML▀лLML┬LMLKлLMLKлLMLB≥┬LMMлLMMлLMMLMLклLMLклLMLхLMLKлLMLKлLMLB≥┬LMMклLMMклLMMхLMM▀лLMM▀лLMM┬LMMKлLMMKлLMMB≥┬LMNлLMNлLMNLMMклLMMклLMMхLMMKлLMMKлLMMB≥┬LM▄KлLM▄KлLM▄HLM▄лLM▄лLM▄LMNKлLMNKлLMNB≥┬LM▄▀лLM▄▀лLM▄┬LM▄KлLM▄KлLM▄HLMNKлLMNKлLMNB≥┬LM█KлLM█KлLM█HLM█лLM█лLM█LM▄клLM▄клLM▄б≥┬LM█▀лLM█▀лLM█┬LM█KлLM█KлLM█HLM▄клLM▄клLM▄б≥┬LM▌KлLM▌KлLM▌HLM▌лLM▌лLM▌LM█клLM█клLM█б≥┬LMллLMллLMлLM▌KлLM▌KлLM▌HLM█клLM█клLM█б≥┬LMлклLMлклLMлхLMл▀лLMл▀лLMл┬LMлKлLMлKлLMлB≥┬LMмлLMмлLMмLMлклLMлклLMлхLMлKлLMлKлLMлB≥┬LMмклLMмклLMмхLMм▀лLMм▀лLMм┬LMмKлLMмKлLMмB≥┬LMнлLMнлLMнLMмклLMмклLMмхLMмKлLMмKлLMмB≥┬LMKлLMKлLMHLMлLMлLMLMнKлLMнKлLMнB≥┬LM▀лLM▀лLM┬LMKлLMKлLMHLMнKлLMнKлLMнB≥┬LMKлLMKлLMHLMлLMлLMLMклLMклLMб≥┬LM▀лLM▀лLM┬LMKлLMKлLMHLMклLMклLMб≥┬LMKлLMKлLMHLMлLMлLMLMклLMклLMб≥┬LMLлLMLлLMLLMKлLMKлLMHLMклLMклLMб≥┬LMLклLMLклLMLхLML▀лLML▀лLML┬LMLKлLMLKлLMLB≥┬LMMлLMMлLMMLMLклLMLклLMLхLMLKлLMLKлLMLB≥┬LMMклLMMклLMMхLMM▀лLMM▀лLMM┬LMMKлLMMKлLMMB≥┬LMNлLMNлLMNLMMклLMMклLMMхLMMKлLMMKлLMMB≥┬LM▄KлLM▄KлLM▄HLM▄лLM▄лLM▄LMNKлLMNKлLMNB≥┬LM▄▀лLM▄▀лLM▄┬LM▄KлLM▄KлLM▄HLMNKлLMNKлLMNB≥┬LM█KлLM█KлLM█HLM█лLM█лLM█LM▄клLM▄клLM▄б≥┬LM█▀лLM█▀лLM█┬LM█KлLM█KлLM█HLM▄клLM▄клLM▄б≥┬LM▌KлLM▌KлLM▌HLM▌лLM▌лLM▌LM█клLM█клLM█б≥┬LMллLMллLMлLM▌KлLM▌KлLM▌HLM█клLM█клLM█б≥┬LMлклLMлклLMлхLMл▀лLMл▀лLMл┬LMлKлLMлKлLMлB≥┬LMмлLMмлLMмLMлклLMлклLMлхLMлKлLMлKлLMлB≥┬LMмклLMмклLMмхLMм▀лLMм▀лLMм┬LMмKлLMмKлLMмB≥┬LMнлLMнлLMнLMмклLMмклLMмхLMмKлLMмKлLMмB≥┬LMKлLMKлLMHLMлLMлLMLMнKлLMнKлLMнB≥┬LM▀лLM▀лLM┬LMKлLMKлLMHLMнKлLMнKлLMнB≥┬LMKлLMKлLMHLMлLMлLMLMклLMклLMб≥┬LM▀лLM▀лLM┬LMKлLMKлLMHLMклLMклLMб≥┬LMKлLMKлLMHLMлLMлLMLMклLMклLMб≥┬LMLлLMLлLMLLMKлLMKлLMHLMклLMклLMб≥┬LMLклLMLклLMLхLML▀лLML▀лLML┬LMLKлLMLKлLMLB≥┬LMMлLMMлLMMLMLклLMLклLMLхLMLKлLMLKлLMLB≥┬LMMклLMMклLMMхLMM▀лLMM▀лLMM┬LMMKлLMMKлLMMB≥┬LMNлLMNлLMNLMMклLMMклLMMхLMMKлLMMKлLMMB≥┬LMLKлLMLKлLMLHLMLлLMLлLMLLMNKлLMNKлLMNB≥┬LML▀лLML▀лLML┬LMLKлLMLKлLMLHLMNKлLMNKлLMNB≥┬LMLKлLMLKлLMLHLMLлLMLлLMLLMLклLMLклLMLб≥┬LML▀лLML▀лLML┬LMLKлLMLKлLMLHLMLклLMLклLMLб≥┬LMLKлLMLKлLMLHLMLлLMLлLMLLMLклLMLклLMLб≥┬LMLLлLMLLлLMLLLMLKлLMLKлLMLHLMLклLMLклLMLб≥┬LMLLклLMLLклLMLLхLMLL▀лLMLL▀лLMLL┬LMLLKлLMLLKлLMLLB≥┬LMLMлLMLMлLMLMLMLLклLMLLклLMLLхLMLLKлLMLLKлLMLLB≥┬LMLMклLMLMклLMLMхLMLM▀лLMLM▀лLMLM┬LMLMKлLMLMKлLMLMB≥┬LMLNлLMLNлLMLNLMLMклLMLMклLMLMхLMLMKлLMLMKлLMLMB≥┬LML▄KлLML▄KлLML▄HLML▄лLML▄лLML▄LMLNKлLMLNKлLMLNB≥┬LML▄▀лLML▄▀лLML▄┬LML▄KлLML▄KлLML▄HLMLNKлLMLNKлLMLNB≥┬LML█KлLML█KлLML█HLML█лLML█лLML█LML▄клLML▄клLML▄б≥┬LML█▀лLML█▀лLML█┬LML█KлLML█KлLML█HLML▄клLML▄клLML▄б≥┬LML▌KлLML▌KлLML▌HLML▌лLML▌лLML▌LML█клLML█клLML█б≥┬LMLллLMLллLMLлLML▌KлLML▌KлLML▌HLML█клLML█клLML█б≥┬LMLлклLMLлклLMLлхLMLл▀лLMLл▀лLMLл┬LMLлKлLMLлKлLMLлB≥┬LMLмлLMLмлLMLмLMLлклLMLлклLMLлхLMLлKлLMLлKлLMLлB≥┬LMLм▀лLMLм▀лLMLм┬LMLмKлLMLмKлLMLмHLMLмлLMLмлLMLм≥┬LMLмклLMLмклLMLмхLMLм▀лLMLм▀лLMLм┬LMLмлLMLмлLMLм≥┬LMMлLMMлLMMLMLнKлLMLнKлLMLнHLMLнлLMLнлLMLн≥┬LMMKлLMMKлLMMHLMMлLMMлLMMLMLнлLMLнлLMLн≥┬LMMлLMMлLMMLMMклLMMклLMMхLMM▀лLMM▀лLMM┌≥┬LMMKлLMMKлLMMHLMMлLMMлLMMLMM▀лLMM▀лLMM┌≥┬LMMлLMMлLMMLMMклLMMклLMMхLMM▀лLMM▀лLMM┌≥┬LMMKлLMMKлLMMHLMMлLMMлLMMLMM▀лLMM▀лLMM┌≥┬LMML▀лLMML▀лLMML┬LMMLKлLMMLKлLMMLHLMMLлLMMLлLMML≥┬LMMLклLMMLклLMMLхLMML▀лLMML▀лLMML┬LMMLлLMMLлLMML≥┬LMMM▀лLMMM▀лLMMM┬LMMMKлLMMMKлLMMMHLMMMлLMMMлLMMM≥┬LMMMклLMMMклLMMMхLMMM▀лLMMM▀лLMMM┬LMMMлLMMMлLMMM≥┬LMM▄лLMM▄лLMM▄LMMNKлLMMNKлLMMNHLMMNлLMMNлLMMN≥┬LMM▄KлLMM▄KлLMM▄HLMM▄лLMM▄лLMM▄LMMNлLMMNлLMMN≥┬LMM█лLMM█лLMM█LMM▄клLMM▄клLMM▄хLMM▄▀лLMM▄▀лLMM▄┌≥┬LMM█KлLMM█KлLMM█HLMM█лLMM█лLMM█LMM▄▀лLMM▄▀лLMM▄┌≥┬LMM▌лLMM▌лLMM▌LMM█клLMM█клLMM█хLMM█▀лLMM█▀лLMM█┌≥┬LMM▌KлLMM▌KлLMM▌HLMM▌лLMM▌лLMM▌LMM█▀лLMM█▀лLMM█┌≥┬LMMл▀лLMMл▀лLMMл┬LMMлKлLMMлKлLMMлHLMMллLMMллLMMл≥┬LMMлклLMMлклLMMлхLMMл▀лLMMл▀лLMMл┬LMMллLMMллLMMл≥┬LMMллLMMллLMMлLMMмKлLMMмKлLMMмHLMMмлLMMмлLMMм≥┬LMMмKлLMMмKлLMMмHLMMм▀лLMMм▀лLMMм┬LMMмлLMMмлLMMм≥┬LMMнKлLMMнKлLMMнHLMMнлLMMнлLMMнLMMмклLMMмклLMMмб≥┬LMNлLMNлLMNLMMнKлLMMнKлLMMнHLMMмклLMMмклLMMмб≥┬LMNклLMNклLMNхLMN▀лLMN▀лLMN┬LMNKлLMNKлLMNB≥┬LMNлLMNлLMNLMNклLMNклLMNхLMNKлLMNKлLMNB≥┬LMNклLMNклLMNхLMN▀лLMN▀лLMN┬LMNKлLMNKлLMNB≥┬LMNлLMNлLMNLMNклLMNклLMNхLMNKлLMNKлLMNB≥┬LMNLKлLMNLKлLMNLHLMNLлLMNLлLMNLLMNKлLMNKлLMNB≥┬LMNL▀лLMNL▀лLMNL┬LMNLKлLMNLKлLMNLHLMNKлLMNKлLMNB≥┬LMNMKлLMNMKлLMNMHLMNMлLMNMлLMNMLMNLклLMNLклLMNLб≥┬LMNLклLMNLклLMNLхLMNM▀лLMNM▀лLMNM┬LMNMKлLMNMKлLMNMB≥┬LMNLклLMNLклLMNLхLMNMклLMNMклLMNMхLMNM▀лLMNM▀лLMNM┌≥┬LMNMклLMNMклLMNMхLMNNлLMNNлLMNNLMNM▀лLMNM▀лLMNM┌≥┬LM▄KлLM▄KлLM▄HLM▄лLM▄лLM▄LMNNKлLMNNKлLMNNB≥┬LMNNKлLMNNKлLMNNHLM▄▀лLM▄▀лLM▄┬LM▄KлLM▄KлLM▄B≥┬LMNNKлLMNNKлLMNNHLM▄клLM▄клLM▄хLM▄▀лLM▄▀лLM▄┌≥┬LM▄клLM▄клLM▄хLM▄лLM▄лLM▄LM▄▀лLM▄▀лLM▄┌≥┬LM▄лLM▄лLM▄LM▄клLM▄клLM▄хLM▄KлLM▄KлLM▄B≥┬LM▄KлLM▄KлLM▄HLM▄▀лLM▄▀лLM▄┬LM▄лLM▄лLM▄≥┬LM▄KлLM▄KлLM▄HLM▄клLM▄клLM▄хLM▄▀лLM▄▀лLM▄┌≥┬LM▄клLM▄клLM▄хLM▄лLM▄лLM▄LM▄▀лLM▄▀лLM▄┌≥┬LM▄LKлLM▄LKлLM▄LHLM▄LлLM▄LлLM▄LLM▄KлLM▄KлLM▄B≥┬LM▄KлLM▄KлLM▄HLM▄L▀лLM▄L▀лLM▄L┬LM▄LKлLM▄LKлLM▄LB≥┬LM▄KлLM▄KлLM▄HLM▄LклLM▄LклLM▄LхLM▄L▀лLM▄L▀лLM▄L┌≥┬LM▄LклLM▄LклLM▄LхLM▄MлLM▄MлLM▄MLM▄L▀лLM▄L▀лLM▄L┌≥┬LM▄MклLM▄MклLM▄MхLM▄M▀лLM▄M▀лLM▄M┬LM▄MKлLM▄MKлLM▄MB≥┬LM▄MKлLM▄MKлLM▄MHLM▄NлLM▄NлLM▄NLM▄MклLM▄MклLM▄Mб≥┬LM▄MKлLM▄MKлLM▄MHLM▄NKлLM▄NKлLM▄NHLM▄NлLM▄NлLM▄N≥┬LM▄NKлLM▄NKлLM▄NHLM▄▄лLM▄▄лLM▄▄LM▄NлLM▄NлLM▄N≥┬LM▄▄клLM▄▄клLM▄▄хLM▄▄▀лLM▄▄▀лLM▄▄┬LM▄▄KлLM▄▄KлLM▄▄B≥┬LM▄▄KлLM▄▄KлLM▄▄HLM▄█лLM▄█лLM▄█LM▄▄клLM▄▄клLM▄▄б≥┬LM▄▄KлLM▄▄KлLM▄▄HLM▄█KлLM▄█KлLM▄█HLM▄█лLM▄█лLM▄█≥┬LM▄█KлLM▄█KлLM▄█HLM▄█▀лLM▄█▀лLM▄█┬LM▄█лLM▄█лLM▄█≥┬LM▄▌KлLM▄▌KлLM▄▌HLM▄▌лLM▄▌лLM▄▌LM▄█клLM▄█клLM▄█б≥┬LM▄█клLM▄█клLM▄█хLM▄ллLM▄ллLM▄лLM▄▌KлLM▄▌KлLM▄▌B≥┬LM▄█клLM▄█клLM▄█хLM▄лKлLM▄лKлLM▄лHLM▄ллLM▄ллLM▄л≥┬LM▄лKлLM▄лKлLM▄лHLM▄л▀лLM▄л▀лLM▄л┬LM▄ллLM▄ллLM▄л≥┬LM▄мKлLM▄мKлLM▄мHLM▄млLM▄млLM▄мLM▄лклLM▄лклLM▄лб≥┬LM▄м▀лLM▄м▀лLM▄м┬LM▄мKлLM▄мKлLM▄мHLM▄лклLM▄лклLM▄лб≥┬LM▄м▀лLM▄м▀лLM▄м┬LM▄лклLM▄лклLM▄лхLM▄мклLM▄мклLM▄мб≥┬LM▄нлLM▄нлLM▄нLM▄м▀лLM▄м▀лLM▄м┬LM▄мклLM▄мклLM▄мб≥┬LM█KлLM█KлLM█HLM█лLM█лLM█LM▄нKлLM▄нKлLM▄нB≥┬LM▄нKлLM▄нKлLM▄нHLM█▀лLM█▀лLM█┬LM█KлLM█KлLM█B≥┬LM█▀лLM█▀лLM█┬LM█клLM█клLM█хLM█KлLM█KлLM█B≥┬LM█▀лLM█▀лLM█┬LM█лLM█лLM█LM█клLM█клLM█б≥┬LM█KлLM█KлLM█HLM█клLM█клLM█хLM█лLM█лLM█≥┬LM█лLM█лLM█LM█▀лLM█▀лLM█┬LM█KлLM█KлLM█B≥┬LM█▀лLM█▀лLM█┬LM█клLM█клLM█хLM█KлLM█KлLM█B≥┬LM█▀лLM█▀лLM█┬LM█лLM█лLM█LM█клLM█клLM█б≥┬LM█LKлLM█LKлLM█LHLM█LлLM█LлLM█LLM█KлLM█KлLM█B≥┬LM█KлLM█KлLM█HLM█L▀лLM█L▀лLM█L┬LM█LKлLM█LKлLM█LB≥┬LM█L▀лLM█L▀лLM█L┬LM█LклLM█LклLM█LхLM█LKлLM█LKлLM█LB≥┬LM█L▀лLM█L▀лLM█L┬LM█MлLM█MлLM█MLM█LклLM█LклLM█Lб≥┬LM█MKлLM█MKлLM█MHLM█LклLM█LклLM█LхLM█MлLM█MлLM█M≥┬LM█MлLM█MлLM█MLM█M▀лLM█M▀лLM█M┬LM█MKлLM█MKлLM█MB≥┬LM█M▀лLM█M▀лLM█M┬LM█MклLM█MклLM█MхLM█MKлLM█MKлLM█MB≥┬LM█M▀лLM█M▀лLM█M┬LM█NлLM█NлLM█NLM█MклLM█MклLM█Mб≥┬LM█▄KлLM█▄KлLM█▄HLM█▄лLM█▄лLM█▄LM█NKлLM█NKлLM█NB≥┬LM█NKлLM█NKлLM█NHLM█▄▀лLM█▄▀лLM█▄┬LM█▄KлLM█▄KлLM█▄B≥┬LM█▄▀лLM█▄▀лLM█▄┬LM█▄клLM█▄клLM█▄хLM█▄KлLM█▄KлLM█▄B≥┬LM█▄▀лLM█▄▀лLM█▄┬LM██лLM██лLM██LM█▄клLM█▄клLM█▄б≥┬LM██клLM██клLM██хLM██▀лLM██▀лLM██┬LM██KлLM██KлLM██B≥┬LM██KлLM██KлLM██HLM█▌лLM█▌лLM█▌LM██клLM██клLM██б≥┬LM█▌лLM█▌лLM█▌LM█▌KлLM█▌KлLM█▌HLM██клLM██клLM██б≥┬LM█▌лLM█▌лLM█▌LM█ллLM█ллLM█лLM█▌KлLM█▌KлLM█▌B≥┬LM█лклLM█лклLM█лхLM█л▀лLM█л▀лLM█л┬LM█лKлLM█лKлLM█лB≥┬LM█лKлLM█лKлLM█лHLM█млLM█млLM█мLM█лклLM█лклLM█лб≥┬LM█млLM█млLM█мLM█мKлLM█мKлLM█мHLM█лклLM█лклLM█лб≥┬LM█млLM█млLM█мLM█м▀лLM█м▀лLM█м┬LM█мKлLM█мKлLM█мB≥┬LM█нKлLM█нKлLM█нHLM█нлLM█нлLM█нLM█мклLM█мклLM█мб≥┬LM█мклLM█мклLM█мхLM▌лLM▌лLM▌LM█нKлLM█нKлLM█нB≥┬LM▌лLM▌лLM▌LM▌KлLM▌KлLM▌HLM█нKлLM█нKлLM█нB≥┬LM▌лLM▌лLM▌LM▌▀лLM▌▀лLM▌┬LM▌KлLM▌KлLM▌B≥┬LM▌KлLM▌KлLM▌HLM▌лLM▌лLM▌LM▌клLM▌клLM▌б≥┬LM▌▀лLM▌▀лLM▌┬LM▌KлLM▌KлLM▌HLM▌клLM▌клLM▌б≥┬LM▌KлLM▌KлLM▌HLM▌лLM▌лLM▌LM▌клLM▌клLM▌б≥┬LM▌LлLM▌LлLM▌LLM▌KлLM▌KлLM▌HLM▌клLM▌клLM▌б≥┬LM▌LклLM▌LклLM▌LхLM▌L▀лLM▌L▀лLM▌L┬LM▌LKлLM▌LKлLM▌LB≥┬LM▌MлLM▌MлLM▌MLM▌LклLM▌LклLM▌LхLM▌LKлLM▌LKлLM▌LB≥┬LM▌MклLM▌MклLM▌MхLM▌M▀лLM▌M▀лLM▌M┬LM▌MKлLM▌MKлLM▌MB≥┬LM▌NлLM▌NлLM▌NLM▌MклLM▌MклLM▌MхLM▌MKлLM▌MKлLM▌MB≥┬LMлKлLMлKлLMлHLMллLMллLMлLM▌NKлLM▌NKлLM▌NB≥┬LMл▀лLMл▀лLMл┬LMлKлLMлKлLMлHLM▌NKлLM▌NKлLM▌NB≥┬LMлKлLMлKлLMлHLMллLMллLMлLMлклLMлклLMлб≥┬LMл▀лLMл▀лLMл┬LMлKлLMлKлLMлHLMлклLMлклLMлб≥┬LMл▀лLMл▀лLMл┬LMлклLMлклLMлхLMлклLMлклLMлб≥┬LMлклLMлклLMлхLMллLMллLMлLMл▀лLMл▀лLMл┌≥┬LMллLMллLMлLMлклLMлклLMлхLMлKлLMлKлLMлB≥┬LMлLлLMлLлLMлLLMллLMллLMлLMлKлLMлKлLMлB≥┬LMлLлLMлLлLMлLLMлKлLMлKлLMлHLMлLKлLMлLKлLMлLB≥┬LMлLKлLMлLKлLMлLHLMлL▀лLMлL▀лLMлL┬LMлLлLMлLлLMлL≥┬LMлMKлLMлMKлLMлMHLMлMлLMлMлLMлMLMлLклLMлLклLMлLб≥┬LMлM▀лLMлM▀лLMлM┬LMлMKлLMлMKлLMлMHLMлLклLMлLклLMлLб≥┬LMлNKлLMлNKлLMлNHLMлNлLMлNлLMлNLMлMклLMлMклLMлMб≥┬LMлMклLMлMклLMлMхLMл▄лLMл▄лLMл▄LMлNKлLMлNKлLMлNB≥┬LMл▄лLMл▄лLMл▄LMл▄KлLMл▄KлLMл▄HLMлNKлLMлNKлLMлNB≥┬LMл▄лLMл▄лLMл▄LMл▄▀лLMл▄▀лLMл▄┬LMл▄KлLMл▄KлLMл▄B≥┬LMл▄клLMл▄клLMл▄хLMл▄KлLMл▄KлLMл▄HLMл▄▀лLMл▄▀лLMл▄┌≥┬LMл▄▀лLMл▄▀лLMл▄┬LMл█лLMл█лLMл█LMл▄клLMл▄клLMл▄б≥┬LMл█лLMл█лLMл█LMл█KлLMл█KлLMл█HLMл▄клLMл▄клLMл▄б≥┬LMл█лLMл█лLMл█LMл█▀лLMл█▀лLMл█┬LMл█KлLMл█KлLMл█B≥┬LMл▌KлLMл▌KлLMл▌HLMл▌лLMл▌лLMл▌LMл█клLMл█клLMл█б≥┬LMлллLMлллLMллLMл▌KлLMл▌KлLMл▌HLMл█клLMл█клLMл█б≥┬LMллклLMллклLMллхLMлл▀лLMлл▀лLMлл┬LMллKлLMллKлLMллB≥┬LMлмлLMлмлLMлмLMллклLMллклLMллхLMллKлLMллKлLMллB≥┬LMлмклLMлмклLMлмхLMлм▀лLMлм▀лLMлм┬LMлмKлLMлмKлLMлмB≥┬LMлмKлLMлмKлLMлмHLMлнлLMлнлLMлнLMлмклLMлмклLMлмб≥┬LMлмKлLMлмKлLMлмHLMлнKлLMлнKлLMлнHLMлнлLMлнлLMлн≥┬LMлнKлLMлнKлLMлнHLMмлLMмлLMмLMлнлLMлнлLMлн≥┬LMмлLMмлLMмLMлнKлLMлнKлLMлнHLMмKлLMмKлLMмB≥┬LMмKлLMмKлLMмHLMм▀лLMм▀лLMм┬LMмлLMмлLMм≥┬LMмKлLMмKлLMмHLMмклLMмклLMмхLMм▀лLMм▀лLMм┌≥┬LMмклLMмклLMмхLMмлLMмлLMмLMм▀лLMм▀лLMм┌≥┬LMмклLMмклLMмхLMм▀лLMм▀лLMм┬LMмKлLMмKлLMмB≥┬LMмлLMмлLMмLMмклLMмклLMмхLMмKлLMмKлLMмB≥┬LMмLKлLMмLKлLMмLHLMмLлLMмLлLMмLLMмKлLMмKлLMмB≥┬LMмKлLMмKлLMмHLMмL▀лLMмL▀лLMмL┬LMмLKлLMмLKлLMмLB≥┬LMмL▀лLMмL▀лLMмL┬LMмLклLMмLклLMмLхLMмLKлLMмLKлLMмLB≥┬LMмL▀лLMмL▀лLMмL┬LMмMлLMмMлLMмMLMмLклLMмLклLMмLб≥┬LMмMклLMмMклLMмMхLMмM▀лLMмM▀лLMмM┬LMмMKлLMмMKлLMмMB≥┬LMмNлLMмNлLMмNLMмMклLMмMклLMмMхLMмMKлLMмMKлLMмMB≥┬LMм▄KлLMм▄KлLMм▄HLMм▄лLMм▄лLMм▄LMмNKлLMмNKлLMмNB≥┬LMм▄▀лLMм▄▀лLMм▄┬LMм▄KлLMм▄KлLMм▄HLMмNKлLMмNKлLMмNB≥┬LMм█KлLMм█KлLMм█HLMм█лLMм█лLMм█LMм▄клLMм▄клLMм▄б≥┬LMм█▀лLMм█▀лLMм█┬LMм█KлLMм█KлLMм█HLMм▄клLMм▄клLMм▄б≥┬LMм▌KлLMм▌KлLMм▌HLMм▌лLMм▌лLMм▌LMм█клLMм█клLMм█б≥┬LMмллLMмллLMмлLMм▌KлLMм▌KлLMм▌HLMм█клLMм█клLMм█б≥┬LMмлклLMмлклLMмлхLMмл▀лLMмл▀лLMмл┬LMмлKлLMмлKлLMмлB≥┬LMммлLMммлLMммLMмлклLMмлклLMмлхLMмлKлLMмлKлLMмлB≥┬LMммклLMммклLMммхLMмм▀лLMмм▀лLMмм┬LMммKлLMммKлLMммB≥┬LMмнлLMмнлLMмнLMммклLMммклLMммхLMммKлLMммKлLMммB≥┬LMнKлLMнKлLMнHLMнлLMнлLMнLMмнKлLMмнKлLMмнB≥┬LMн▀лLMн▀лLMн┬LMнKлLMнKлLMнHLMмнKлLMмнKлLMмнB≥┬LMнKлLMнKлLMнHLMнлLMнлLMнLMнклLMнклLMнб≥┬LMн▀лLMн▀лLMн┬LMнKлLMнKлLMнHLMнклLMнклLMнб≥┬LMнKлLMнKлLMнHLMнлLMнлLMнLMнклLMнклLMнб≥┬LMнLлLMнLлLMнLLMнKлLMнKлLMнHLMнклLMнклLMнб≥┬LMнLклLMнLклLMнLхLMнL▀лLMнL▀лLMнL┬LMнLKлLMнLKлLMнLB≥┬LMнMлLMнMлLMнMLMнLклLMнLклLMнLхLMнLKлLMнLKлLMнLB≥┬LMнMклLMнMклLMнMхLMнM▀лLMнM▀лLMнM┬LMнMKлLMнMKлLMнMB≥┬LMнNлLMнNлLMнNLMнMклLMнMклLMнMхLMнMKлLMнMKлLMнMB≥┬LNKлLNKлLNHLNлLNлLNLMнNKлLMнNKлLMнNB≥┬LN▀лLN▀лLN┬LNKлLNKлLNHLMнNKлLMнNKлLMнNB≥┬LNKлLNKлLNHLNлLNлLNLNклLNклLNб≥┬LN▀лLN▀лLN┬LNKлLNKлLNHLNклLNклLNб≥┬LNKлLNKлLNHLNлLNлLNLNклLNклLNб≥┬LNLлLNLлLNLLNKлLNKлLNHLNклLNклLNб≥┬LNLклLNLклLNLхLNL▀лLNL▀лLNL┬LNLKлLNLKлLNLB≥┬LNMлLNMлLNMLNLклLNLклLNLхLNLKлLNLKлLNLB≥┬LNMклLNMклLNMхLNM▀лLNM▀лLNM┬LNMKлLNMKлLNMB≥┬LNNлLNNлLNNLNMклLNMклLNMхLNMKлLNMKлLNMB≥┬LN▄KлLN▄KлLN▄HLN▄лLN▄лLN▄LNNKлLNNKлLNNB≥┬LN▄▀лLN▄▀лLN▄┬LN▄KлLN▄KлLN▄HLNNKлLNNKлLNNB≥┬LN█KлLN█KлLN█HLN█лLN█лLN█LN▄клLN▄клLN▄б≥┬LN█▀лLN█▀лLN█┬LN█KлLN█KлLN█HLN▄клLN▄клLN▄б≥┬LN▌KлLN▌KлLN▌HLN▌лLN▌лLN▌LN█клLN█клLN█б≥┬LNллLNллLNлLN▌KлLN▌KлLN▌HLN█клLN█клLN█б≥┬LNлклLNлклLNлхLNл▀лLNл▀лLNл┬LNлKлLNлKлLNлB≥┬LNмлLNмлLNмLNлклLNлклLNлхLNлKлLNлKлLNлB≥┬LNмклLNмклLNмхLNм▀лLNм▀лLNм┬LNмKлLNмKлLNмB≥┬LNнлLNнлLNнLNмклLNмклLNмхLNмKлLNмKлLNмB≥┬LNKлLNKлLNHLNлLNлLNLNнKлLNнKлLNнB≥┬LN▀лLN▀лLN┬LNKлLNKлLNHLNнKлLNнKлLNнB≥┬LNKлLNKлLNHLNлLNлLNLNклLNклLNб≥┬LN▀лLN▀лLN┬LNKлLNKлLNHLNклLNклLNб≥┬LNKлLNKлLNHLNлLNлLNLNклLNклLNб≥┬LNLлLNLлLNLLNKлLNKлLNHLNклLNклLNб≥┬LNLклLNLклLNLхLNL▀лLNL▀лLNL┬LNLKлLNLKлLNLB≥┬LNMлLNMлLNMLNLклLNLклLNLхLNLKлLNLKлLNLB≥┬LNMклLNMклLNMхLNM▀лLNM▀лLNM┬LNMKлLNMKлLNMB≥┬LNNлLNNлLNNLNMклLNMклLNMхLNMKлLNMKлLNMB≥┬LN▄KлLN▄KлLN▄HLN▄лLN▄лLN▄LNNKлLNNKлLNNB≥┬LN▄▀лLN▄▀лLN▄┬LN▄KлLN▄KлLN▄HLNNKлLNNKлLNNB≥┬LN█KлLN█KлLN█HLN█лLN█лLN█LN▄клLN▄клLN▄б≥┬LN█▀лLN█▀лLN█┬LN█KлLN█KлLN█HLN▄клLN▄клLN▄б≥┬LN▌KлLN▌KлLN▌HLN▌лLN▌лLN▌LN█клLN█клLN█б≥┬LNллLNллLNлLN▌KлLN▌KлLN▌HLN█клLN█клLN█б≥┬LNлклLNлклLNлхLNл▀лLNл▀лLNл┬LNлKлLNлKлLNлB≥┬LNмлLNмлLNмLNлклLNлклLNлхLNлKлLNлKлLNлB≥┬LNмклLNмклLNмхLNм▀лLNм▀лLNм┬LNмKлLNмKлLNмB≥┬LNнлLNнлLNнLNмклLNмклLNмхLNмKлLNмKлLNмB≥┬LNлLNлLNLNнKлLNнKлLNнHLNнлLNнлLNн≥┬LNKлLNKлLNHLNлLNлLNLNнлLNнлLNн≥┬LNлLNлLNLNклLNклLNхLN▀лLN▀лLN┌≥┬LNKлLNKлLNHLNлLNлLNLN▀лLN▀лLN┌≥┬LNлLNлLNLNклLNклLNхLN▀лLN▀лLN┌≥┬LNKлLNKлLNHLNлLNлLNLN▀лLN▀лLN┌≥┬LNL▀лLNL▀лLNL┬LNLKлLNLKлLNLHLNLлLNLлLNL≥┬LNLклLNLклLNLхLNL▀лLNL▀лLNL┬LNLлLNLлLNL≥┬LNM▀лLNM▀лLNM┬LNMKлLNMKлLNMHLNMлLNMлLNM≥┬LNMклLNMклLNMхLNM▀лLNM▀лLNM┬LNMлLNMлLNM≥┬LNLлLNLлLNLLNNKлLNNKлLNNHLNNлLNNлLNN≥┬LNLKлLNLKлLNLHLNLлLNLлLNLLNNлLNNлLNN≥┬LNLлLNLлLNLLNLклLNLклLNLхLNL▀лLNL▀лLNL┌≥┬LNLKлLNLKлLNLHLNLлLNLлLNLLNL▀лLNL▀лLNL┌≥┬LNLлLNLлLNLLNLклLNLклLNLхLNL▀лLNL▀лLNL┌≥┬LNLKлLNLKлLNLHLNLлLNLлLNLLNL▀лLNL▀лLNL┌≥┬LNLL▀лLNLL▀лLNLL┬LNLLKлLNLLKлLNLLHLNLLлLNLLлLNLL≥┬LNLLклLNLLклLNLLхLNLL▀лLNLL▀лLNLL┬LNLLлLNLLлLNLL≥┬LNLM▀лLNLM▀лLNLM┬LNLMKлLNLMKлLNLMHLNLMлLNLMлLNLM≥┬LNLMклLNLMклLNLMхLNLM▀лLNLM▀лLNLM┬LNLMлLNLMлLNLM≥┬LNLMлLNLMлLNLMLNLNKлLNLNKлLNLNHLNLNлLNLNлLNLN≥┬LNLNKлLNLNKлLNLNHLNL▄лLNL▄лLNL▄LNLNлLNLNлLNLN≥┬LNL▄клLNL▄клLNL▄хLNL▄▀лLNL▄▀лLNL▄┬LNL▄KлLNL▄KлLNL▄B≥┬LNL█лLNL█лLNL█LNL▄клLNL▄клLNL▄хLNL▄KлLNL▄KлLNL▄B≥┬LNL█клLNL█клLNL█хLNL█▀лLNL█▀лLNL█┬LNL█KлLNL█KлLNL█B≥┬LNL▌лLNL▌лLNL▌LNL█клLNL█клLNL█хLNL█KлLNL█KлLNL█B≥┬LNLлKлLNLлKлLNLлHLNLллLNLллLNLлLNL▌KлLNL▌KлLNL▌B≥┬LNLл▀лLNLл▀лLNLл┬LNLлKлLNLлKлLNLлHLNL▌KлLNL▌KлLNL▌B≥┬LNLмKлLNLмKлLNLмHLNLмлLNLмлLNLмLNLлклLNLлклLNLлб≥┬LNLм▀лLNLм▀лLNLм┬LNLмKлLNLмKлLNLмHLNLлклLNLлклLNLлб≥┬LNLнKлLNLнKлLNLнHLNLнлLNLнлLNLнLNLмклLNLмклLNLмб≥┬LNLмклLNLмклLNLмхLNMлLNMлLNMLNLнKлLNLнKлLNLнB≥┬LNLмклLNLмклLNLмхLNMKлLNMKлLNMHLNMлLNMлLNM≥┬LNMKлLNMKлLNMHLNM▀лLNM▀лLNM┬LNMлLNMлLNM≥┬LNMKлLNMKлLNMHLNMлLNMлLNMLNMклLNMклLNMб≥┬LNMклLNMклLNMхLNM▀лLNM▀лLNM┬LNMKлLNMKлLNMB≥┬LNMклLNMклLNMхLNMклLNMклLNMхLNM▀лLNM▀лLNM┌≥┬LNMклLNMклLNMхLNMлLNMлLNMLNM▀лLNM▀лLNM┌≥┬LNMлLNMлLNMLNMклLNMклLNMхLNMKлLNMKлLNMB≥┬LNMKлLNMKлLNMHLNMLлLNMLлLNMLLNMлLNMлLNM≥┬LNMKлLNMKлLNMHLNMLKлLNMLKлLNMLHLNMLлLNMLлLNML≥┬LNMLKлLNMLKлLNMLHLNML▀лLNML▀лLNML┬LNMLлLNMLлLNML≥┬LNMMKлLNMMKлLNMMHLNMMлLNMMлLNMMLNMLклLNMLклLNMLб≥┬LNMLклLNMLклLNMLхLNMM▀лLNMM▀лLNMM┬LNMMKлLNMMKлLNMMB≥┬LNMLклLNMLклLNMLхLNMMклLNMMклLNMMхLNMM▀лLNMM▀лLNMM┌≥┬LNMMклLNMMклLNMMхLNMNлLNMNлLNMNLNMM▀лLNMM▀лLNMM┌≥┬LNM▄KлLNM▄KлLNM▄HLNM▄лLNM▄лLNM▄LNMNKлLNMNKлLNMNB≥┬LNMNKлLNMNKлLNMNHLNM▄▀лLNM▄▀лLNM▄┬LNM▄KлLNM▄KлLNM▄B≥┬LNMNKлLNMNKлLNMNHLNM▄клLNM▄клLNM▄хLNM▄▀лLNM▄▀лLNM▄┌≥┬LNM▄клLNM▄клLNM▄хLNM█лLNM█лLNM█LNM▄▀лLNM▄▀лLNM▄┌≥┬LNM█клLNM█клLNM█хLNM█▀лLNM█▀лLNM█┬LNM█KлLNM█KлLNM█B≥┬LNM█KлLNM█KлLNM█HLNM▌лLNM▌лLNM▌LNM█клLNM█клLNM█б≥┬LNM█KлLNM█KлLNM█HLNM▌KлLNM▌KлLNM▌HLNM▌лLNM▌лLNM▌≥┬LNM▌KлLNM▌KлLNM▌HLNMллLNMллLNMлLNM▌лLNM▌лLNM▌≥┬LNMлклLNMлклLNMлхLNMл▀лLNMл▀лLNMл┬LNMлKлLNMлKлLNMлB≥┬LNMлKлLNMлKлLNMлHLNMмлLNMмлLNMмLNMлклLNMлклLNMлб≥┬LNMлKлLNMлKлLNMлHLNMмKлLNMмKлLNMмHLNMмлLNMмлLNMм≥┬LNMмKлLNMмKлLNMмHLNMм▀лLNMм▀лLNMм┬LNMмлLNMмлLNMм≥┬LNMнKлLNMнKлLNMнHLNMнлLNMнлLNMнLNMмклLNMмклLNMмб≥┬LNNлLNNлLNNLNMнKлLNMнKлLNMнHLNMмклLNMмклLNMмб≥┬LNNлLNNлLNNLNMмклLNMмклLNMмхLNNKлLNNKлLNNB≥┬LNN▀лLNN▀лLNN┬LNNлLNNлLNNLNNKлLNNKлLNNB≥┬LNNKлLNNKлLNNHLNNлLNNлLNNLNNклLNNклLNNб≥┬LNNклLNNклLNNхLNN▀лLNN▀лLNN┬LNNKлLNNKлLNNB≥┬LNN▀лLNN▀лLNN┬LNNклLNNклLNNхLNNKлLNNKлLNNB≥┬LNN▀лLNN▀лLNN┬LNNлLNNлLNNLNNклLNNклLNNб≥┬LNNKлLNNKлLNNHLNNклLNNклLNNхLNNлLNNлLNN≥┬LNNлLNNлLNNLNNLлLNNLлLNNLLNNKлLNNKлLNNB≥┬LNNLлLNNLлLNNLLNNLKлLNNLKлLNNLHLNNKлLNNKлLNNB≥┬LNNLлLNNLлLNNLLNNL▀лLNNL▀лLNNL┬LNNLKлLNNLKлLNNLB≥┬LNNMKлLNNMKлLNNMHLNNMлLNNMлLNNMLNNLклLNNLклLNNLб≥┬LNNLклLNNLклLNNLхLNNM▀лLNNM▀лLNNM┬LNNMKлLNNMKлLNNMB≥┬LNNM▀лLNNM▀лLNNM┬LNNMклLNNMклLNNMхLNNMKлLNNMKлLNNMB≥┬LNNM▀лLNNM▀лLNNM┬LNNNлLNNNлLNNNLNNMклLNNMклLNNMб≥┬LNNNKлLNNNKлLNNNHLNNMклLNNMклLNNMхLNNNлLNNNлLNNN≥┬LNNNлLNNNлLNNNL▄лL▄лL▄LNNNKлLNNNKлLNNNB≥┬L▄лL▄лL▄L▄KлL▄KлL▄HLNNNKлLNNNKлLNNNB≥┬L▄лL▄лL▄L▄▀лL▄▀лL▄┬L▄KлL▄KлL▄B≥┬L▄KлL▄KлL▄HL▄лL▄лL▄L▄клL▄клL▄б≥┬L▄клL▄клL▄хL▄▀лL▄▀лL▄┬L▄KлL▄KлL▄B≥┬L▄▀лL▄▀лL▄┬L▄клL▄клL▄хL▄KлL▄KлL▄B≥┬L▄▀лL▄▀лL▄┬L▄лL▄лL▄L▄клL▄клL▄б≥┬L▄LKлL▄LKлL▄LHL▄LлL▄LлL▄LL▄KлL▄KлL▄B≥┬L▄KлL▄KлL▄HL▄L▀лL▄L▀лL▄L┬L▄LKлL▄LKлL▄LB≥┬L▄L▀лL▄L▀лL▄L┬L▄LклL▄LклL▄LхL▄LKлL▄LKлL▄LB≥┬L▄L▀лL▄L▀лL▄L┬L▄MлL▄MлL▄ML▄LклL▄LклL▄Lб≥┬L▄MклL▄MклL▄MхL▄M▀лL▄M▀лL▄M┬L▄MKлL▄MKлL▄MB≥┬L▄MKлL▄MKлL▄MHL▄NлL▄NлL▄NL▄MклL▄MклL▄Mб≥┬L▄NлL▄NлL▄NL▄NKлL▄NKлL▄NHL▄MклL▄MклL▄Mб≥┬L▄NлL▄NлL▄NL▄▄лL▄▄лL▄▄L▄NKлL▄NKлL▄NB≥┬L▄▄клL▄▄клL▄▄хL▄▄▀лL▄▄▀лL▄▄┬L▄▄KлL▄▄KлL▄▄B≥┬L▄▄KлL▄▄KлL▄▄HL▄█лL▄█лL▄█L▄▄клL▄▄клL▄▄б≥┬L▄█лL▄█лL▄█L▄█KлL▄█KлL▄█HL▄▄клL▄▄клL▄▄б≥┬L▄█лL▄█лL▄█L▄█▀лL▄█▀лL▄█┬L▄█KлL▄█KлL▄█B≥┬L▄▌KлL▄▌KлL▄▌HL▄▌лL▄▌лL▄▌L▄█клL▄█клL▄█б≥┬L▄ллL▄ллL▄лL▄▌KлL▄▌KлL▄▌HL▄█клL▄█клL▄█б≥┬L▄лклL▄лклL▄лхL▄л▀лL▄л▀лL▄л┬L▄лKлL▄лKлL▄лB≥┬L▄млL▄млL▄мL▄лклL▄лклL▄лхL▄лKлL▄лKлL▄лB≥┬L▄мклL▄мклL▄мхL▄м▀лL▄м▀лL▄м┬L▄мKлL▄мKлL▄мB≥┬L▄нлL▄нлL▄нL▄мклL▄мклL▄мхL▄мKлL▄мKлL▄мB≥┬L▄KлL▄KлL▄HL▄лL▄лL▄L▄нKлL▄нKлL▄нB≥┬L▄▀лL▄▀лL▄┬L▄KлL▄KлL▄HL▄нKлL▄нKлL▄нB≥┬L▄KлL▄KлL▄HL▄лL▄лL▄L▄клL▄клL▄б≥┬L▄▀лL▄▀лL▄┬L▄KлL▄KлL▄HL▄клL▄клL▄б≥┬L▄KлL▄KлL▄HL▄лL▄лL▄L▄клL▄клL▄б≥┬L▄LлL▄LлL▄LL▄KлL▄KлL▄HL▄клL▄клL▄б≥┬L▄LлL▄LлL▄LL▄клL▄клL▄хL▄LKлL▄LKлL▄LB≥┬L▄LKлL▄LKлL▄LHL▄L▀лL▄L▀лL▄L┬L▄LлL▄LлL▄L≥┬L▄L▀лL▄L▀лL▄L┬L▄LKлL▄LKлL▄LHL▄LклL▄LклL▄Lб≥┬L▄MлL▄MлL▄ML▄L▀лL▄L▀лL▄L┬L▄LклL▄LклL▄Lб≥┬L▄MлL▄MлL▄ML▄LклL▄LклL▄LхL▄MKлL▄MKлL▄MB≥┬L▄MKлL▄MKлL▄MHL▄M▀лL▄M▀лL▄M┬L▄MлL▄MлL▄M≥┬L▄NKлL▄NKлL▄NHL▄NлL▄NлL▄NL▄MклL▄MклL▄Mб≥┬L▄▄лL▄▄лL▄▄L▄NKлL▄NKлL▄NHL▄MклL▄MклL▄Mб≥┬L▄▄клL▄▄клL▄▄хL▄▄▀лL▄▄▀лL▄▄┬L▄▄KлL▄▄KлL▄▄B≥┬L▄▄KлL▄▄KлL▄▄HL▄█лL▄█лL▄█L▄▄клL▄▄клL▄▄б≥┬L▄█лL▄█лL▄█L▄█KлL▄█KлL▄█HL▄▄клL▄▄клL▄▄б≥┬L▄█лL▄█лL▄█L▄█▀лL▄█▀лL▄█┬L▄█KлL▄█KлL▄█B≥┬L▄█клL▄█клL▄█хL▄█KлL▄█KлL▄█HL▄█▀лL▄█▀лL▄█┌≥┬L▄█▀лL▄█▀лL▄█┬L▄▌лL▄▌лL▄▌L▄█клL▄█клL▄█б≥┬L▄▌лL▄▌лL▄▌L▄▌KлL▄▌KлL▄▌HL▄█клL▄█клL▄█б≥┬L▄▌лL▄▌лL▄▌L▄ллL▄ллL▄лL▄▌KлL▄▌KлL▄▌B≥┬L▄лклL▄лклL▄лхL▄л▀лL▄л▀лL▄л┬L▄лKлL▄лKлL▄лB≥┬L▄млL▄млL▄мL▄лклL▄лклL▄лхL▄лKлL▄лKлL▄лB≥┬L▄мклL▄мклL▄мхL▄м▀лL▄м▀лL▄м┬L▄мKлL▄мKлL▄мB≥┬L▄нлL▄нлL▄нL▄мклL▄мклL▄мхL▄мKлL▄мKлL▄мB≥┬L▄KлL▄KлL▄HL▄лL▄лL▄L▄нKлL▄нKлL▄нB≥┬L▄нKлL▄нKлL▄нHL▄▀лL▄▀лL▄┬L▄KлL▄KлL▄B≥┬L▄нKлL▄нKлL▄нHL▄клL▄клL▄хL▄▀лL▄▀лL▄┌≥┬L▄клL▄клL▄хL▄лL▄лL▄L▄▀лL▄▀лL▄┌≥┬L▄лL▄лL▄L▄клL▄клL▄хL▄KлL▄KлL▄B≥┬L▄KлL▄KлL▄HL▄▀лL▄▀лL▄┬L▄лL▄лL▄≥┬L▄KлL▄KлL▄HL▄клL▄клL▄хL▄▀лL▄▀лL▄┌≥┬L▄клL▄клL▄хL▄лL▄лL▄L▄▀лL▄▀лL▄┌≥┬L▄LKлL▄LKлL▄LHL▄LлL▄LлL▄LL▄KлL▄KлL▄B≥┬L▄L▀лL▄L▀лL▄L┬L▄LKлL▄LKлL▄LHL▄KлL▄KлL▄B≥┬L▄MKлL▄MKлL▄MHL▄MлL▄MлL▄ML▄LклL▄LклL▄Lб≥┬L▄LклL▄LклL▄LхL▄M▀лL▄M▀лL▄M┬L▄MKлL▄MKлL▄MB≥┬L▄M▀лL▄M▀лL▄M┬L▄MклL▄MклL▄MхL▄MKлL▄MKлL▄MB≥┬L▄M▀лL▄M▀лL▄M┬L▄NлL▄NлL▄NL▄MклL▄MклL▄Mб≥┬L▄LKлL▄LKлL▄LHL▄LлL▄LлL▄LL▄NKлL▄NKлL▄NB≥┬L▄L▀лL▄L▀лL▄L┬L▄LKлL▄LKлL▄LHL▄NKлL▄NKлL▄NB≥┬L▄LKлL▄LKлL▄LHL▄LлL▄LлL▄LL▄LклL▄LклL▄Lб≥┬L▄L▀лL▄L▀лL▄L┬L▄LKлL▄LKлL▄LHL▄LклL▄LклL▄Lб≥┬L▄LKлL▄LKлL▄LHL▄LлL▄LлL▄LL▄LклL▄LклL▄Lб≥┬L▄LLлL▄LLлL▄LLL▄LKлL▄LKлL▄LHL▄LклL▄LклL▄Lб≥┬L▄LLклL▄LLклL▄LLхL▄LL▀лL▄LL▀лL▄LL┬L▄LLKлL▄LLKлL▄LLB≥┬L▄LMлL▄LMлL▄LML▄LLклL▄LLклL▄LLхL▄LLKлL▄LLKлL▄LLB≥┬L▄LMклL▄LMклL▄LMхL▄LM▀лL▄LM▀лL▄LM┬L▄LMKлL▄LMKлL▄LMB≥┬L▄LNлL▄LNлL▄LNL▄LMклL▄LMклL▄LMхL▄LMKлL▄LMKлL▄LMB≥┬L▄L▄KлL▄L▄KлL▄L▄HL▄L▄лL▄L▄лL▄L▄L▄LNKлL▄LNKлL▄LNB≥┬L▄L▄▀лL▄L▄▀лL▄L▄┬L▄L▄KлL▄L▄KлL▄L▄HL▄LNKлL▄LNKлL▄LNB≥┬L▄L█KлL▄L█KлL▄L█HL▄L█лL▄L█лL▄L█L▄L▄клL▄L▄клL▄L▄б≥┬L▄L█▀лL▄L█▀лL▄L█┬L▄L█KлL▄L█KлL▄L█HL▄L▄клL▄L▄клL▄L▄б≥┬L▄L▌KлL▄L▌KлL▄L▌HL▄L▌лL▄L▌лL▄L▌L▄L█клL▄L█клL▄L█б≥┬L▄LллL▄LллL▄LлL▄L▌KлL▄L▌KлL▄L▌HL▄L█клL▄L█клL▄L█б≥┬L▄LлклL▄LлклL▄LлхL▄Lл▀лL▄Lл▀лL▄Lл┬L▄LлKлL▄LлKлL▄LлB≥┬L▄LмлL▄LмлL▄LмL▄LлклL▄LлклL▄LлхL▄LлKлL▄LлKлL▄LлB≥┬L▄LмклL▄LмклL▄LмхL▄Lм▀лL▄Lм▀лL▄Lм┬L▄LмKлL▄LмKлL▄LмB≥┬L▄LнлL▄LнлL▄LнL▄LмклL▄LмклL▄LмхL▄LмKлL▄LмKлL▄LмB≥┬L▄MKлL▄MKлL▄MHL▄MлL▄MлL▄ML▄LнKлL▄LнKлL▄LнB≥┬L▄M▀лL▄M▀лL▄M┬L▄MKлL▄MKлL▄MHL▄LнKлL▄LнKлL▄LнB≥┬L▄MKлL▄MKлL▄MHL▄MлL▄MлL▄ML▄MклL▄MклL▄Mб≥┬L▄M▀лL▄M▀лL▄M┬L▄MKлL▄MKлL▄MHL▄MклL▄MклL▄Mб≥┬L▄MKлL▄MKлL▄MHL▄MлL▄MлL▄ML▄MклL▄MклL▄Mб≥┬L▄MLлL▄MLлL▄MLL▄MKлL▄MKлL▄MHL▄MклL▄MклL▄Mб≥┬L▄MLклL▄MLклL▄MLхL▄ML▀лL▄ML▀лL▄ML┬L▄MLKлL▄MLKлL▄MLB≥┬L▄MMлL▄MMлL▄MML▄MLклL▄MLклL▄MLхL▄MLKлL▄MLKлL▄MLB≥┬L▄MMклL▄MMклL▄MMхL▄MM▀лL▄MM▀лL▄MM┬L▄MMKлL▄MMKлL▄MMB≥┬L▄MNлL▄MNлL▄MNL▄MMклL▄MMклL▄MMхL▄MMKлL▄MMKлL▄MMB≥┬L▄M▄KлL▄M▄KлL▄M▄HL▄M▄лL▄M▄лL▄M▄L▄MNKлL▄MNKлL▄MNB≥┬L▄M▄▀лL▄M▄▀лL▄M▄┬L▄M▄KлL▄M▄KлL▄M▄HL▄MNKлL▄MNKлL▄MNB≥┬L▄M█KлL▄M█KлL▄M█HL▄M█лL▄M█лL▄M█L▄M▄клL▄M▄клL▄M▄б≥┬L▄M█▀лL▄M█▀лL▄M█┬L▄M█KлL▄M█KлL▄M█HL▄M▄клL▄M▄клL▄M▄б≥┬L▄M▌KлL▄M▌KлL▄M▌HL▄M▌лL▄M▌лL▄M▌L▄M█клL▄M█клL▄M█б≥┬L▄MллL▄MллL▄MлL▄M▌KлL▄M▌KлL▄M▌HL▄M█клL▄M█клL▄M█б≥┬L▄MлклL▄MлклL▄MлхL▄Mл▀лL▄Mл▀лL▄Mл┬L▄MлKлL▄MлKлL▄MлB≥┬L▄MмлL▄MмлL▄MмL▄MлклL▄MлклL▄MлхL▄MлKлL▄MлKлL▄MлB≥┬L▄MмклL▄MмклL▄MмхL▄Mм▀лL▄Mм▀лL▄Mм┬L▄MмKлL▄MмKлL▄MмB≥┬L▄MнлL▄MнлL▄MнL▄MмклL▄MмклL▄MмхL▄MмKлL▄MмKлL▄MмB≥┬L▄NKлL▄NKлL▄NHL▄NлL▄NлL▄NL▄MнKлL▄MнKлL▄MнB≥┬L▄N▀лL▄N▀лL▄N┬L▄NKлL▄NKлL▄NHL▄MнKлL▄MнKлL▄MнB≥┬L▄NKлL▄NKлL▄NHL▄NлL▄NлL▄NL▄NклL▄NклL▄Nб≥┬L▄N▀лL▄N▀лL▄N┬L▄NKлL▄NKлL▄NHL▄NклL▄NклL▄Nб≥┬L▄NKлL▄NKлL▄NHL▄NлL▄NлL▄NL▄NклL▄NклL▄Nб≥┬L▄NLлL▄NLлL▄NLL▄NKлL▄NKлL▄NHL▄NклL▄NклL▄Nб≥┬L▄NLклL▄NLклL▄NLхL▄NL▀лL▄NL▀лL▄NL┬L▄NLKлL▄NLKлL▄NLB≥┬L▄NMлL▄NMлL▄NML▄NLклL▄NLклL▄NLхL▄NLKлL▄NLKлL▄NLB≥┬L▄NMклL▄NMклL▄NMхL▄NM▀лL▄NM▀лL▄NM┬L▄NMKлL▄NMKлL▄NMB≥┬L▄NNлL▄NNлL▄NNL▄NMклL▄NMклL▄NMхL▄NMKлL▄NMKлL▄NMB≥┬L▄▄KлL▄▄KлL▄▄HL▄▄лL▄▄лL▄▄L▄NNKлL▄NNKлL▄NNB≥┬L▄▄▀лL▄▄▀лL▄▄┬L▄▄KлL▄▄KлL▄▄HL▄NNKлL▄NNKлL▄NNB≥┬L▄▄KлL▄▄KлL▄▄HL▄▄лL▄▄лL▄▄L▄▄клL▄▄клL▄▄б≥┬L▄▄▀лL▄▄▀лL▄▄┬L▄▄KлL▄▄KлL▄▄HL▄▄клL▄▄клL▄▄б≥┬L▄▄KлL▄▄KлL▄▄HL▄▄лL▄▄лL▄▄L▄▄клL▄▄клL▄▄б≥┬L▄▄LлL▄▄LлL▄▄LL▄▄KлL▄▄KлL▄▄HL▄▄клL▄▄клL▄▄б≥┬L▄▄LклL▄▄LклL▄▄LхL▄▄L▀лL▄▄L▀лL▄▄L┬L▄▄LKлL▄▄LKлL▄▄LB≥┬L▄▄MлL▄▄MлL▄▄ML▄▄LклL▄▄LклL▄▄LхL▄▄LKлL▄▄LKлL▄▄LB≥┬L▄▄MклL▄▄MклL▄▄MхL▄▄M▀лL▄▄M▀лL▄▄M┬L▄▄MKлL▄▄MKлL▄▄MB≥┬L▄▄NлL▄▄NлL▄▄NL▄▄MклL▄▄MклL▄▄MхL▄▄MKлL▄▄MKлL▄▄MB≥┬L▄▄▄KлL▄▄▄KлL▄▄▄HL▄▄▄лL▄▄▄лL▄▄▄L▄▄NKлL▄▄NKлL▄▄NB≥┬L▄▄▄▀лL▄▄▄▀лL▄▄▄┬L▄▄▄KлL▄▄▄KлL▄▄▄HL▄▄NKлL▄▄NKлL▄▄NB≥┬L▄▄█лL▄▄█лL▄▄█L▄▄▄клL▄▄▄клL▄▄▄хL▄▄▄▀лL▄▄▄▀лL▄▄▄┌≥┬L▄▄█KлL▄▄█KлL▄▄█HL▄▄█лL▄▄█лL▄▄█L▄▄▄▀лL▄▄▄▀лL▄▄▄┌≥┬L▄▄▌лL▄▄▌лL▄▄▌L▄▄█клL▄▄█клL▄▄█хL▄▄█▀лL▄▄█▀лL▄▄█┌≥┬L▄▄▌KлL▄▄▌KлL▄▄▌HL▄▄▌лL▄▄▌лL▄▄▌L▄▄█▀лL▄▄█▀лL▄▄█┌≥┬L▄▄л▀лL▄▄л▀лL▄▄л┬L▄▄лKлL▄▄лKлL▄▄лHL▄▄ллL▄▄ллL▄▄л≥┬L▄▄лклL▄▄лклL▄▄лхL▄▄л▀лL▄▄л▀лL▄▄л┬L▄▄ллL▄▄ллL▄▄л≥┬L▄▄м▀лL▄▄м▀лL▄▄м┬L▄▄мKлL▄▄мKлL▄▄мHL▄▄млL▄▄млL▄▄м≥┬L▄▄мклL▄▄мклL▄▄мхL▄▄м▀лL▄▄м▀лL▄▄м┬L▄▄млL▄▄млL▄▄м≥┬L▄█лL▄█лL▄█L▄▄нKлL▄▄нKлL▄▄нHL▄▄нлL▄▄нлL▄▄н≥┬L▄█KлL▄█KлL▄█HL▄█лL▄█лL▄█L▄▄нлL▄▄нлL▄▄н≥┬L▄█лL▄█лL▄█L▄█клL▄█клL▄█хL▄█▀лL▄█▀лL▄█┌≥┬L▄█KлL▄█KлL▄█HL▄█лL▄█лL▄█L▄█▀лL▄█▀лL▄█┌≥┬L▄█лL▄█лL▄█L▄█клL▄█клL▄█хL▄█▀лL▄█▀лL▄█┌≥┬L▄█KлL▄█KлL▄█HL▄█лL▄█лL▄█L▄█▀лL▄█▀лL▄█┌≥┬L▄█L▀лL▄█L▀лL▄█L┬L▄█LKлL▄█LKлL▄█LHL▄█LлL▄█LлL▄█L≥┬L▄█LклL▄█LклL▄█LхL▄█L▀лL▄█L▀лL▄█L┬L▄█LлL▄█LлL▄█L≥┬L▄█M▀лL▄█M▀лL▄█M┬L▄█MKлL▄█MKлL▄█MHL▄█MлL▄█MлL▄█M≥┬L▄█MклL▄█MклL▄█MхL▄█M▀лL▄█M▀лL▄█M┬L▄█MлL▄█MлL▄█M≥┬L▄█▄лL▄█▄лL▄█▄L▄█NKлL▄█NKлL▄█NHL▄█NлL▄█NлL▄█N≥┬L▄█▄KлL▄█▄KлL▄█▄HL▄█▄лL▄█▄лL▄█▄L▄█NлL▄█NлL▄█N≥┬L▄█NлL▄█NлL▄█NL▄█▄клL▄█▄клL▄█▄хL▄█▄▀лL▄█▄▀лL▄█▄┌≥┬L▄█▄клL▄█▄клL▄█▄хL▄██лL▄██лL▄██L▄█▄▀лL▄█▄▀лL▄█▄┌≥┬L▄██клL▄██клL▄██хL▄██▀лL▄██▀лL▄██┬L▄██KлL▄██KлL▄██B≥┬L▄█▌лL▄█▌лL▄█▌L▄██клL▄██клL▄██хL▄██KлL▄██KлL▄██B≥┬L▄█лKлL▄█лKлL▄█лHL▄█ллL▄█ллL▄█лL▄█▌KлL▄█▌KлL▄█▌B≥┬L▄█л▀лL▄█л▀лL▄█л┬L▄█лKлL▄█лKлL▄█лHL▄█▌KлL▄█▌KлL▄█▌B≥┬L▄█мKлL▄█мKлL▄█мHL▄█млL▄█млL▄█мL▄█лклL▄█лклL▄█лб≥┬L▄█м▀лL▄█м▀лL▄█м┬L▄█мKлL▄█мKлL▄█мHL▄█лклL▄█лклL▄█лб≥┬L▄█нKлL▄█нKлL▄█нHL▄█нлL▄█нлL▄█нL▄█мклL▄█мклL▄█мб≥┬L▄▌лL▄▌лL▄▌L▄█нKлL▄█нKлL▄█нHL▄█мклL▄█мклL▄█мб≥┬L▄▌клL▄▌клL▄▌хL▄▌▀лL▄▌▀лL▄▌┬L▄▌KлL▄▌KлL▄▌B≥┬L▄▌KлL▄▌KлL▄▌HL▄▌лL▄▌лL▄▌L▄▌клL▄▌клL▄▌б≥┬L▄▌KлL▄▌KлL▄▌HL▄▌KлL▄▌KлL▄▌HL▄▌лL▄▌лL▄▌≥┬L▄▌KлL▄▌KлL▄▌HL▄▌▀лL▄▌▀лL▄▌┬L▄▌лL▄▌лL▄▌≥┬L▄▌KлL▄▌KлL▄▌HL▄▌лL▄▌лL▄▌L▄▌клL▄▌клL▄▌б≥┬L▄▌клL▄▌клL▄▌хL▄▌LлL▄▌LлL▄▌LL▄▌KлL▄▌KлL▄▌B≥┬L▄▌клL▄▌клL▄▌хL▄▌LKлL▄▌LKлL▄▌LHL▄▌LлL▄▌LлL▄▌L≥┬L▄▌LKлL▄▌LKлL▄▌LHL▄▌L▀лL▄▌L▀лL▄▌L┬L▄▌LлL▄▌LлL▄▌L≥┬L▄▌L▀лL▄▌L▀лL▄▌L┬L▄▌LKлL▄▌LKлL▄▌LHL▄▌LклL▄▌LклL▄▌Lб≥┬L▄▌LклL▄▌LклL▄▌LхL▄▌MлL▄▌MлL▄▌ML▄▌L▀лL▄▌L▀лL▄▌L┌≥┬L▄▌LклL▄▌LклL▄▌LхL▄▌MKлL▄▌MKлL▄▌MHL▄▌MлL▄▌MлL▄▌M≥┬L▄▌MKлL▄▌MKлL▄▌MHL▄▌M▀лL▄▌M▀лL▄▌M┬L▄▌MлL▄▌MлL▄▌M≥┬L▄▌NKлL▄▌NKлL▄▌NHL▄▌NлL▄▌NлL▄▌NL▄▌MклL▄▌MклL▄▌Mб≥┬L▄▌MклL▄▌MклL▄▌MхL▄ллL▄ллL▄лL▄▌NKлL▄▌NKлL▄▌NB≥┬L▄▌MклL▄▌MклL▄▌MхL▄лKлL▄лKлL▄лHL▄ллL▄ллL▄л≥┬L▄лKлL▄лKлL▄лHL▄л▀лL▄л▀лL▄л┬L▄ллL▄ллL▄л≥┬L▄лKлL▄лKлL▄лHL▄ллL▄ллL▄лL▄лклL▄лклL▄лб≥┬L▄лклL▄лклL▄лхL▄л▀лL▄л▀лL▄л┬L▄лKлL▄лKлL▄лB≥┬L▄лклL▄лклL▄лхL▄лклL▄лклL▄лхL▄л▀лL▄л▀лL▄л┌≥┬L▄лклL▄лклL▄лхL▄ллL▄ллL▄лL▄л▀лL▄л▀лL▄л┌≥┬L▄лLKлL▄лLKлL▄лLHL▄лLлL▄лLлL▄лLL▄лKлL▄лKлL▄лB≥┬L▄лKлL▄лKлL▄лHL▄лL▀лL▄лL▀лL▄лL┬L▄лLKлL▄лLKлL▄лLB≥┬L▄лKлL▄лKлL▄лHL▄лLклL▄лLклL▄лLхL▄лL▀лL▄лL▀лL▄лL┌≥┬L▄лLклL▄лLклL▄лLхL▄лMлL▄лMлL▄лML▄лL▀лL▄лL▀лL▄лL┌≥┬L▄лMклL▄лMклL▄лMхL▄лM▀лL▄лM▀лL▄лM┬L▄лMKлL▄лMKлL▄лMB≥┬L▄лMKлL▄лMKлL▄лMHL▄лNлL▄лNлL▄лNL▄лMклL▄лMклL▄лMб≥┬L▄лMKлL▄лMKлL▄лMHL▄лNKлL▄лNKлL▄лNHL▄лNлL▄лNлL▄лN≥┬L▄лNKлL▄лNKлL▄лNHL▄л▄лL▄л▄лL▄л▄L▄лNлL▄лNлL▄лN≥┬L▄л▄клL▄л▄клL▄л▄хL▄л▄▀лL▄л▄▀лL▄л▄┬L▄л▄KлL▄л▄KлL▄л▄B≥┬L▄л█лL▄л█лL▄л█L▄л▄клL▄л▄клL▄л▄хL▄л▄KлL▄л▄KлL▄л▄B≥┬L▄л█лL▄л█лL▄л█L▄л▄KлL▄л▄KлL▄л▄HL▄л█KлL▄л█KлL▄л█B≥┬L▄л█▀лL▄л█▀лL▄л█┬L▄л█лL▄л█лL▄л█L▄л█KлL▄л█KлL▄л█B≥┬L▄л▌KлL▄л▌KлL▄л▌HL▄л▌лL▄л▌лL▄л▌L▄л█клL▄л█клL▄л█б≥┬L▄л█клL▄л█клL▄л█хL▄лллL▄лллL▄ллL▄л▌KлL▄л▌KлL▄л▌B≥┬L▄лллL▄лллL▄ллL▄ллKлL▄ллKлL▄ллHL▄л▌KлL▄л▌KлL▄л▌B≥┬L▄лллL▄лллL▄ллL▄лл▀лL▄лл▀лL▄лл┬L▄ллKлL▄ллKлL▄ллB≥┬L▄ллклL▄ллклL▄ллхL▄ллKлL▄ллKлL▄ллHL▄лл▀лL▄лл▀лL▄лл┌≥┬L▄лл▀лL▄лл▀лL▄лл┬L▄лмлL▄лмлL▄лмL▄ллклL▄ллклL▄ллб≥┬L▄лмлL▄лмлL▄лмL▄лмKлL▄лмKлL▄лмHL▄ллклL▄ллклL▄ллб≥┬L▄лмлL▄лмлL▄лмL▄лм▀лL▄лм▀лL▄лм┬L▄лмKлL▄лмKлL▄лмB≥┬L▄лнKлL▄лнKлL▄лнHL▄лнлL▄лнлL▄лнL▄лмклL▄лмклL▄лмб≥┬L▄лмклL▄лмклL▄лмхL▄млL▄млL▄мL▄лнKлL▄лнKлL▄лнB≥┬L▄млL▄млL▄мL▄мKлL▄мKлL▄мHL▄лнKлL▄лнKлL▄лнB≥┬L▄млL▄млL▄мL▄м▀лL▄м▀лL▄м┬L▄мKлL▄мKлL▄мB≥┬L▄мклL▄мклL▄мхL▄мKлL▄мKлL▄мHL▄м▀лL▄м▀лL▄м┌≥┬L▄м▀лL▄м▀лL▄м┬L▄млL▄млL▄мL▄мклL▄мклL▄мб≥┬L▄млL▄млL▄мL▄мKлL▄мKлL▄мHL▄мклL▄мклL▄мб≥┬L▄млL▄млL▄мL▄м▀лL▄м▀лL▄м┬L▄мKлL▄мKлL▄мB≥┬L▄мKлL▄мKлL▄мHL▄млL▄млL▄мL▄мклL▄мклL▄мб≥┬L▄мклL▄мклL▄мхL▄мLлL▄мLлL▄мLL▄мKлL▄мKлL▄мB≥┬L▄мLлL▄мLлL▄мLL▄мLKлL▄мLKлL▄мLHL▄мKлL▄мKлL▄мB≥┬L▄мLлL▄мLлL▄мLL▄мL▀лL▄мL▀лL▄мL┬L▄мLKлL▄мLKлL▄мLB≥┬L▄мMKлL▄мMKлL▄мMHL▄мMлL▄мMлL▄мML▄мLклL▄мLклL▄мLб≥┬L▄мLклL▄мLклL▄мLхL▄мM▀лL▄мM▀лL▄мM┬L▄мMKлL▄мMKлL▄мMB≥┬L▄мM▀лL▄мM▀лL▄мM┬L▄мMклL▄мMклL▄мMхL▄мMKлL▄мMKлL▄мMB≥┬L▄мM▀лL▄мM▀лL▄мM┬L▄мNлL▄мNлL▄мNL▄мMклL▄мMклL▄мMб≥┬L▄м▄KлL▄м▄KлL▄м▄HL▄м▄лL▄м▄лL▄м▄L▄мNKлL▄мNKлL▄мNB≥┬L▄мNKлL▄мNKлL▄мNHL▄м▄▀лL▄м▄▀лL▄м▄┬L▄м▄KлL▄м▄KлL▄м▄B≥┬L▄м▄▀лL▄м▄▀лL▄м▄┬L▄м▄клL▄м▄клL▄м▄хL▄м▄KлL▄м▄KлL▄м▄B≥┬L▄м▄▀лL▄м▄▀лL▄м▄┬L▄м█лL▄м█лL▄м█L▄м▄клL▄м▄клL▄м▄б≥┬L▄м█клL▄м█клL▄м█хL▄м█▀лL▄м█▀лL▄м█┬L▄м█KлL▄м█KлL▄м█B≥┬L▄м█KлL▄м█KлL▄м█HL▄м▌лL▄м▌лL▄м▌L▄м█клL▄м█клL▄м█б≥┬L▄м▌лL▄м▌лL▄м▌L▄м▌KлL▄м▌KлL▄м▌HL▄м█клL▄м█клL▄м█б≥┬L▄м▌лL▄м▌лL▄м▌L▄мллL▄мллL▄млL▄м▌KлL▄м▌KлL▄м▌B≥┬L▄млклL▄млклL▄млхL▄мл▀лL▄мл▀лL▄мл┬L▄млKлL▄млKлL▄млB≥┬L▄ммлL▄ммлL▄ммL▄млклL▄млклL▄млхL▄млKлL▄млKлL▄млB≥┬L▄ммклL▄ммклL▄ммхL▄мм▀лL▄мм▀лL▄мм┬L▄ммKлL▄ммKлL▄ммB≥┬L▄мнлL▄мнлL▄мнL▄ммклL▄ммклL▄ммхL▄ммKлL▄ммKлL▄ммB≥┬L▄нKлL▄нKлL▄нHL▄нлL▄нлL▄нL▄мнKлL▄мнKлL▄мнB≥┬L▄н▀лL▄н▀лL▄н┬L▄нKлL▄нKлL▄нHL▄мнKлL▄мнKлL▄мнB≥┬L▄нKлL▄нKлL▄нHL▄нлL▄нлL▄нL▄нклL▄нклL▄нб≥┬L▄н▀лL▄н▀лL▄н┬L▄нKлL▄нKлL▄нHL▄нклL▄нклL▄нб≥┬L▄нKлL▄нKлL▄нHL▄нлL▄нлL▄нL▄нклL▄нклL▄нб≥┬L▄нLлL▄нLлL▄нLL▄нKлL▄нKлL▄нHL▄нклL▄нклL▄нб≥┬L▄нLклL▄нLклL▄нLхL▄нL▀лL▄нL▀лL▄нL┬L▄нLKлL▄нLKлL▄нLB≥┬L▄нMлL▄нMлL▄нML▄нLклL▄нLклL▄нLхL▄нLKлL▄нLKлL▄нLB≥┬L▄нMлL▄нMлL▄нML▄нLKлL▄нLKлL▄нLHL▄нMKлL▄нMKлL▄нMB≥┬L▄нMKлL▄нMKлL▄нMHL▄нM▀лL▄нM▀лL▄нM┬L▄нMлL▄нMлL▄нM≥┬L▄нM▀лL▄нM▀лL▄нM┬L▄нMKлL▄нMKлL▄нMHL▄нMклL▄нMклL▄нMб≥┬L▄нNлL▄нNлL▄нNL▄нM▀лL▄нM▀лL▄нM┬L▄нMклL▄нMклL▄нMб≥┬L▄нNлL▄нNлL▄нNL▄нMклL▄нMклL▄нMхL▄нNKлL▄нNKлL▄нNB≥┬L▄нNKлL▄нNKлL▄нNHL█лL█лL█L▄нNлL▄нNлL▄нN≥┬L█клL█клL█хL█▀лL█▀лL█┬L█KлL█KлL█B≥┬L█лL█лL█L█клL█клL█хL█KлL█KлL█B≥┬L█клL█клL█хL█▀лL█▀лL█┬L█KлL█KлL█B≥┬L█KлL█KлL█HL█лL█лL█L█клL█клL█б≥┬L█лL█лL█L█KлL█KлL█HL█клL█клL█б≥┬L█лL█лL█L█LлL█LлL█LL█KлL█KлL█B≥┬L█LKлL█LKлL█LHL█KлL█KлL█HL█LлL█LлL█L≥┬L█LлL█LлL█LL█L▀лL█L▀лL█L┬L█LKлL█LKлL█LB≥┬L█L▀лL█L▀лL█L┬L█LклL█LклL█LхL█LKлL█LKлL█LB≥┬L█L▀лL█L▀лL█L┬L█MлL█MлL█ML█LклL█LклL█Lб≥┬L█MклL█MклL█MхL█M▀лL█M▀лL█M┬L█MKлL█MKлL█MB≥┬L█NлL█NлL█NL█MклL█MклL█MхL█MKлL█MKлL█MB≥┬L█▄KлL█▄KлL█▄HL█▄лL█▄лL█▄L█NKлL█NKлL█NB≥┬L█▄▀лL█▄▀лL█▄┬L█▄KлL█▄KлL█▄HL█NKлL█NKлL█NB≥┬L██KлL██KлL██HL██лL██лL██L█▄клL█▄клL█▄б≥┬L█▄клL█▄клL█▄хL██▀лL██▀лL██┬L██KлL██KлL██B≥┬L█▄клL█▄клL█▄хL██клL██клL██хL██▀лL██▀лL██┌≥┬L██клL██клL██хL█▌лL█▌лL█▌L██▀лL██▀лL██┌≥┬L█▌лL█▌лL█▌L██клL██клL██хL█▌KлL█▌KлL█▌B≥┬L█▌KлL█▌KлL█▌HL█ллL█ллL█лL█▌лL█▌лL█▌≥┬L█▌KлL█▌KлL█▌HL█лKлL█лKлL█лHL█ллL█ллL█л≥┬L█лKлL█лKлL█лHL█л▀лL█л▀лL█л┬L█ллL█ллL█л≥┬L█мKлL█мKлL█мHL█млL█млL█мL█лклL█лклL█лб≥┬L█м▀лL█м▀лL█м┬L█мKлL█мKлL█мHL█лклL█лклL█лб≥┬L█нKлL█нKлL█нHL█нлL█нлL█нL█мклL█мклL█мб≥┬L█мклL█мклL█мхL█лL█лL█L█нKлL█нKлL█нB≥┬L█лL█лL█L█KлL█KлL█HL█нKлL█нKлL█нB≥┬L█лL█лL█L█▀лL█▀лL█┬L█KлL█KлL█B≥┬L█KлL█KлL█HL█лL█лL█L█клL█клL█б≥┬L█▀лL█▀лL█┬L█KлL█KлL█HL█клL█клL█б≥┬L█KлL█KлL█HL█лL█лL█L█клL█клL█б≥┬L█LлL█LлL█LL█KлL█KлL█HL█клL█клL█б≥┬L█LклL█LклL█LхL█L▀лL█L▀лL█L┬L█LKлL█LKлL█LB≥┬L█MлL█MлL█ML█LклL█LклL█LхL█LKлL█LKлL█LB≥┬L█MклL█MклL█MхL█M▀лL█M▀лL█M┬L█MKлL█MKлL█MB≥┬L█NлL█NлL█NL█MклL█MклL█MхL█MKлL█MKлL█MB≥┬L█▄KлL█▄KлL█▄HL█▄лL█▄лL█▄L█NKлL█NKлL█NB≥┬L█▄▀лL█▄▀лL█▄┬L█▄KлL█▄KлL█▄HL█NKлL█NKлL█NB≥┬L██KлL██KлL██HL██лL██лL██L█▄клL█▄клL█▄б≥┬L██▀лL██▀лL██┬L██KлL██KлL██HL█▄клL█▄клL█▄б≥┬L█▌KлL█▌KлL█▌HL█▌лL█▌лL█▌L██клL██клL██б≥┬L█ллL█ллL█лL█▌KлL█▌KлL█▌HL██клL██клL██б≥┬L█лклL█лклL█лхL█л▀лL█л▀лL█л┬L█лKлL█лKлL█лB≥┬L█млL█млL█мL█лклL█лклL█лхL█лKлL█лKлL█лB≥┬L█мклL█мклL█мхL█м▀лL█м▀лL█м┬L█мKлL█мKлL█мB≥┬L█нлL█нлL█нL█мклL█мклL█мхL█мKлL█мKлL█мB≥┬L█KлL█KлL█HL█лL█лL█L█нKлL█нKлL█нB≥┬L█▀лL█▀лL█┬L█KлL█KлL█HL█нKлL█нKлL█нB≥┬L█KлL█KлL█HL█лL█лL█L█клL█клL█б≥┬L█▀лL█▀лL█┬L█KлL█KлL█HL█клL█клL█б≥┬L█KлL█KлL█HL█лL█лL█L█клL█клL█б≥┬L█LлL█LлL█LL█KлL█KлL█HL█клL█клL█б≥┬L█LклL█LклL█LхL█L▀лL█L▀лL█L┬L█LKлL█LKлL█LB≥┬L█MлL█MлL█ML█LклL█LклL█LхL█LKлL█LKлL█LB≥┬L█MклL█MклL█MхL█M▀лL█M▀лL█M┬L█MKлL█MKлL█MB≥┬L█NлL█NлL█NL█MклL█MклL█MхL█MKлL█MKлL█MB≥┬L█LKлL█LKлL█LHL█LлL█LлL█LL█NKлL█NKлL█NB≥┬L█L▀лL█L▀лL█L┬L█LKлL█LKлL█LHL█NKлL█NKлL█NB≥┬L█LKлL█LKлL█LHL█LлL█LлL█LL█LклL█LклL█Lб≥┬L█L▀лL█L▀лL█L┬L█LKлL█LKлL█LHL█LклL█LклL█Lб≥┬L█LKлL█LKлL█LHL█LлL█LлL█LL█LклL█LклL█Lб≥┬L█LLлL█LLлL█LLL█LKлL█LKлL█LHL█LклL█LклL█Lб≥┬L█LLклL█LLклL█LLхL█LL▀лL█LL▀лL█LL┬L█LLKлL█LLKлL█LLB≥┬L█LMлL█LMлL█LML█LLклL█LLклL█LLхL█LLKлL█LLKлL█LLB≥┬L█LMклL█LMклL█LMхL█LM▀лL█LM▀лL█LM┬L█LMKлL█LMKлL█LMB≥┬L█LNлL█LNлL█LNL█LMклL█LMклL█LMхL█LMKлL█LMKлL█LMB≥┬L█L▄KлL█L▄KлL█L▄HL█L▄лL█L▄лL█L▄L█LNKлL█LNKлL█LNB≥┬L█L▄▀лL█L▄▀лL█L▄┬L█L▄KлL█L▄KлL█L▄HL█LNKлL█LNKлL█LNB≥┬L█L█KлL█L█KлL█L█HL█L█лL█L█лL█L█L█L▄клL█L▄клL█L▄б≥┬L█L█▀лL█L█▀лL█L█┬L█L█KлL█L█KлL█L█HL█L▄клL█L▄клL█L▄б≥┬L█L▌KлL█L▌KлL█L▌HL█L▌лL█L▌лL█L▌L█L█клL█L█клL█L█б≥┬L█LллL█LллL█LлL█L▌KлL█L▌KлL█L▌HL█L█клL█L█клL█L█б≥┬L█LлклL█LлклL█LлхL█Lл▀лL█Lл▀лL█Lл┬L█LлKлL█LлKлL█LлB≥┬L█LмлL█LмлL█LмL█LлклL█LлклL█LлхL█LлKлL█LлKлL█LлB≥┬L█LмклL█LмклL█LмхL█Lм▀лL█Lм▀лL█Lм┬L█LмKлL█LмKлL█LмB≥┬L█LнлL█LнлL█LнL█LмклL█LмклL█LмхL█LмKлL█LмKлL█LмB≥┬L█MKлL█MKлL█MHL█MлL█MлL█ML█LнKлL█LнKлL█LнB≥┬L█M▀лL█M▀лL█M┬L█MKлL█MKлL█MHL█LнKлL█LнKлL█LнB≥┬L█MKлL█MKлL█MHL█MлL█MлL█ML█MклL█MклL█Mб≥┬L█M▀лL█M▀лL█M┬L█MKлL█MKлL█MHL█MклL█MклL█Mб≥┬L█MKлL█MKлL█MHL█MлL█MлL█ML█MклL█MклL█Mб≥┬L█MLлL█MLлL█MLL█MKлL█MKлL█MHL█MклL█MклL█Mб≥┬L█MLклL█MLклL█MLхL█ML▀лL█ML▀лL█ML┬L█MLKлL█MLKлL█MLB≥┬L█MMлL█MMлL█MML█MLклL█MLклL█MLхL█MLKлL█MLKлL█MLB≥┬L█MMклL█MMклL█MMхL█MM▀лL█MM▀лL█MM┬L█MMKлL█MMKлL█MMB≥┬L█MNлL█MNлL█MNL█MMклL█MMклL█MMхL█MMKлL█MMKлL█MMB≥┬L█M▄KлL█M▄KлL█M▄HL█M▄лL█M▄лL█M▄L█MNKлL█MNKлL█MNB≥┬L█M▄▀лL█M▄▀лL█M▄┬L█M▄KлL█M▄KлL█M▄HL█MNKлL█MNKлL█MNB≥┬L█M█KлL█M█KлL█M█HL█M█лL█M█лL█M█L█M▄клL█M▄клL█M▄б≥┬L█M█▀лL█M█▀лL█M█┬L█M█KлL█M█KлL█M█HL█M▄клL█M▄клL█M▄б≥┬L█M▌лL█M▌лL█M▌L█M█клL█M█клL█M█хL█M█▀лL█M█▀лL█M█┌≥┬L█M▌KлL█M▌KлL█M▌HL█M▌лL█M▌лL█M▌L█M█▀лL█M█▀лL█M█┌≥┬L█Mл▀лL█Mл▀лL█Mл┬L█MлKлL█MлKлL█MлHL█MллL█MллL█Mл≥┬L█MлклL█MлклL█MлхL█Mл▀лL█Mл▀лL█Mл┬L█MллL█MллL█Mл≥┬L█Mм▀лL█Mм▀лL█Mм┬L█MмKлL█MмKлL█MмHL█MмлL█MмлL█Mм≥┬L█MмклL█MмклL█MмхL█Mм▀лL█Mм▀лL█Mм┬L█MмлL█MмлL█Mм≥┬L█NлL█NлL█NL█MнKлL█MнKлL█MнHL█MнлL█MнлL█Mн≥┬L█NKлL█NKлL█NHL█NлL█NлL█NL█MнлL█MнлL█Mн≥┬L█NлL█NлL█NL█NклL█NклL█NхL█N▀лL█N▀лL█N┌≥┬L█NKлL█NKлL█NHL█NлL█NлL█NL█N▀лL█N▀лL█N┌≥┬L█NлL█NлL█NL█NклL█NклL█NхL█N▀лL█N▀лL█N┌≥┬L█NKлL█NKлL█NHL█NлL█NлL█NL█N▀лL█N▀лL█N┌≥┬L█NL▀лL█NL▀лL█NL┬L█NLKлL█NLKлL█NLHL█NLлL█NLлL█NL≥┬L█NLклL█NLклL█NLхL█NL▀лL█NL▀лL█NL┬L█NLлL█NLлL█NL≥┬L█NM▀лL█NM▀лL█NM┬L█NMKлL█NMKлL█NMHL█NMлL█NMлL█NM≥┬L█NMклL█NMклL█NMхL█NM▀лL█NM▀лL█NM┬L█NMлL█NMлL█NM≥┬L█▄лL█▄лL█▄L█NNKлL█NNKлL█NNHL█NNлL█NNлL█NN≥┬L█▄KлL█▄KлL█▄HL█▄лL█▄лL█▄L█NNлL█NNлL█NN≥┬L█▄лL█▄лL█▄L█▄клL█▄клL█▄хL█▄▀лL█▄▀лL█▄┌≥┬L█▄KлL█▄KлL█▄HL█▄лL█▄лL█▄L█▄▀лL█▄▀лL█▄┌≥┬L█▄▀лL█▄▀лL█▄┬L█▄клL█▄клL█▄хL█▄▀лL█▄▀лL█▄┌≥┬L█▄клL█▄клL█▄хL█▄лL█▄лL█▄L█▄▀лL█▄▀лL█▄┌≥┬L█▄LKлL█▄LKлL█▄LHL█▄LлL█▄LлL█▄LL█▄KлL█▄KлL█▄B≥┬L█▄L▀лL█▄L▀лL█▄L┬L█▄LKлL█▄LKлL█▄LHL█▄KлL█▄KлL█▄B≥┬L█▄MKлL█▄MKлL█▄MHL█▄MлL█▄MлL█▄ML█▄LклL█▄LклL█▄Lб≥┬L█▄M▀лL█▄M▀лL█▄M┬L█▄MKлL█▄MKлL█▄MHL█▄LклL█▄LклL█▄Lб≥┬L█▄NKлL█▄NKлL█▄NHL█▄NлL█▄NлL█▄NL█▄MклL█▄MклL█▄Mб≥┬L█▄▄лL█▄▄лL█▄▄L█▄NKлL█▄NKлL█▄NHL█▄MклL█▄MклL█▄Mб≥┬L█▄▄клL█▄▄клL█▄▄хL█▄▄▀лL█▄▄▀лL█▄▄┬L█▄▄KлL█▄▄KлL█▄▄B≥┬L█▄█лL█▄█лL█▄█L█▄▄клL█▄▄клL█▄▄хL█▄▄KлL█▄▄KлL█▄▄B≥┬L█▄█клL█▄█клL█▄█хL█▄█▀лL█▄█▀лL█▄█┬L█▄█KлL█▄█KлL█▄█B≥┬L█▄█KлL█▄█KлL█▄█HL█▄▌лL█▄▌лL█▄▌L█▄█клL█▄█клL█▄█б≥┬L█▄█KлL█▄█KлL█▄█HL█▄▌KлL█▄▌KлL█▄▌HL█▄▌лL█▄▌лL█▄▌≥┬L█▄▌KлL█▄▌KлL█▄▌HL█▄ллL█▄ллL█▄лL█▄▌лL█▄▌лL█▄▌≥┬L█▄лклL█▄лклL█▄лхL█▄л▀лL█▄л▀лL█▄л┬L█▄лKлL█▄лKлL█▄лB≥┬L█▄лKлL█▄лKлL█▄лHL█▄млL█▄млL█▄мL█▄лклL█▄лклL█▄лб≥┬L█▄лKлL█▄лKлL█▄лHL█▄мKлL█▄мKлL█▄мHL█▄млL█▄млL█▄м≥┬L█▄мKлL█▄мKлL█▄мHL█▄м▀лL█▄м▀лL█▄м┬L█▄млL█▄млL█▄м≥┬L█▄м▀лL█▄м▀лL█▄м┬L█▄мKлL█▄мKлL█▄мHL█▄мклL█▄мклL█▄мб≥┬L█▄мклL█▄мклL█▄мхL█▄нлL█▄нлL█▄нL█▄м▀лL█▄м▀лL█▄м┌≥┬L█▄мклL█▄мклL█▄мхL█▄нKлL█▄нKлL█▄нHL█▄нлL█▄нлL█▄н≥┬L█▄нKлL█▄нKлL█▄нHL██лL██лL██L█▄нлL█▄нлL█▄н≥┬L██клL██клL██хL██▀лL██▀лL██┬L██KлL██KлL██B≥┬L██KлL██KлL██HL██лL██лL██L██клL██клL██б≥┬L██KлL██KлL██HL██KлL██KлL██HL██лL██лL██≥┬L██KлL██KлL██HL██▀лL██▀лL██┬L██лL██лL██≥┬L██KлL██KлL██HL██лL██лL██L██клL██клL██б≥┬L██клL██клL██хL██LлL██LлL██LL██KлL██KлL██B≥┬L██клL██клL██хL██LKлL██LKлL██LHL██LлL██LлL██L≥┬L██LKлL██LKлL██LHL██L▀лL██L▀лL██L┬L██LлL██LлL██L≥┬L██MKлL██MKлL██MHL██MлL██MлL██ML██LклL██LклL██Lб≥┬L██LклL██LклL██LхL██M▀лL██M▀лL██M┬L██MKлL██MKлL██MB≥┬L██LклL██LклL██LхL██MклL██MклL██MхL██M▀лL██M▀лL██M┌≥┬L██MклL██MклL██MхL██NлL██NлL██NL██M▀лL██M▀лL██M┌≥┬L██▄KлL██▄KлL██▄HL██▄лL██▄лL██▄L██NKлL██NKлL██NB≥┬L██NKлL██NKлL██NHL██▄▀лL██▄▀лL██▄┬L██▄KлL██▄KлL██▄B≥┬L██NKлL██NKлL██NHL██▄клL██▄клL██▄хL██▄▀лL██▄▀лL██▄┌≥┬L██▄клL██▄клL██▄хL███лL███лL███L██▄▀лL██▄▀лL██▄┌≥┬L███клL███клL███хL███▀лL███▀лL███┬L███KлL███KлL███B≥┬L██▌лL██▌лL██▌L███клL███клL███хL███KлL███KлL███B≥┬L██▌лL██▌лL██▌L███KлL███KлL███HL██▌KлL██▌KлL██▌B≥┬L██ллL██ллL██лL██▌лL██▌лL██▌L██▌KлL██▌KлL██▌B≥┬L██лклL██лклL██лхL██л▀лL██л▀лL██л┬L██лKлL██лKлL██лB≥┬L██лKлL██лKлL██лHL██млL██млL██мL██лклL██лклL██лб≥┬L██млL██млL██мL██мKлL██мKлL██мHL██лклL██лклL██лб≥┬L██млL██млL██мL██м▀лL██м▀лL██м┬L██мKлL██мKлL██мB≥┬L██мклL██мклL██мхL██мKлL██мKлL██мHL██м▀лL██м▀лL██м┌≥┬L██м▀лL██м▀лL██м┬L██нлL██нлL██нL██мклL██мклL██мб≥┬L██нлL██нлL██нL██нKлL██нKлL██нHL██мклL██мклL██мб≥┬L██нлL██нлL██нL█▌лL█▌лL█▌L██нKлL██нKлL██нB≥┬L█▌клL█▌клL█▌хL█▌▀лL█▌▀лL█▌┬L█▌KлL█▌KлL█▌B≥┬L█▌KлL█▌KлL█▌HL█▌лL█▌лL█▌L█▌клL█▌клL█▌б≥┬L█▌лL█▌лL█▌L█▌KлL█▌KлL█▌HL█▌клL█▌клL█▌б≥┬L█▌лL█▌лL█▌L█▌▀лL█▌▀лL█▌┬L█▌KлL█▌KлL█▌B≥┬L█▌клL█▌клL█▌хL█▌KлL█▌KлL█▌HL█▌▀лL█▌▀лL█▌┌≥┬L█▌▀лL█▌▀лL█▌┬L█▌лL█▌лL█▌L█▌клL█▌клL█▌б≥┬L█▌лL█▌лL█▌L█▌KлL█▌KлL█▌HL█▌клL█▌клL█▌б≥┬L█▌лL█▌лL█▌L█▌LлL█▌LлL█▌LL█▌KлL█▌KлL█▌B≥┬L█▌LклL█▌LклL█▌LхL█▌L▀лL█▌L▀лL█▌L┬L█▌LKлL█▌LKлL█▌LB≥┬L█▌LKлL█▌LKлL█▌LHL█▌MлL█▌MлL█▌ML█▌LклL█▌LклL█▌Lб≥┬L█▌MлL█▌MлL█▌ML█▌MKлL█▌MKлL█▌MHL█▌LклL█▌LклL█▌Lб≥┬L█▌MлL█▌MлL█▌ML█▌M▀лL█▌M▀лL█▌M┬L█▌MKлL█▌MKлL█▌MB≥┬L█▌NKлL█▌NKлL█▌NHL█▌NлL█▌NлL█▌NL█▌MклL█▌MклL█▌Mб≥┬L█▌MклL█▌MклL█▌MхL█ллL█ллL█лL█▌NKлL█▌NKлL█▌NB≥┬L█ллL█ллL█лL█лKлL█лKлL█лHL█▌NKлL█▌NKлL█▌NB≥┬L█ллL█ллL█лL█л▀лL█л▀лL█л┬L█лKлL█лKлL█лB≥┬L█лKлL█лKлL█лHL█ллL█ллL█лL█лклL█лклL█лб≥┬L█лклL█лклL█лхL█л▀лL█л▀лL█л┬L█лKлL█лKлL█лB≥┬L█л▀лL█л▀лL█л┬L█лклL█лклL█лхL█лKлL█лKлL█лB≥┬L█л▀лL█л▀лL█л┬L█ллL█ллL█лL█лклL█лклL█лб≥┬L█лLKлL█лLKлL█лLHL█лLлL█лLлL█лLL█лKлL█лKлL█лB≥┬L█лKлL█лKлL█лHL█лL▀лL█лL▀лL█лL┬L█лLKлL█лLKлL█лLB≥┬L█лL▀лL█лL▀лL█лL┬L█лLклL█лLклL█лLхL█лLKлL█лLKлL█лLB≥┬L█лL▀лL█лL▀лL█лL┬L█лMлL█лMлL█лML█лLклL█лLклL█лLб≥┬L█лMклL█лMклL█лMхL█лM▀лL█лM▀лL█лM┬L█лMKлL█лMKлL█лMB≥┬L█лNлL█лNлL█лNL█лMклL█лMклL█лMхL█лMKлL█лMKлL█лMB≥┬L█л▄KлL█л▄KлL█л▄HL█л▄лL█л▄лL█л▄L█лNKлL█лNKлL█лNB≥┬L█л▄▀лL█л▄▀лL█л▄┬L█л▄KлL█л▄KлL█л▄HL█лNKлL█лNKлL█лNB≥┬L█л█KлL█л█KлL█л█HL█л█лL█л█лL█л█L█л▄клL█л▄клL█л▄б≥┬L█л█▀лL█л█▀лL█л█┬L█л█KлL█л█KлL█л█HL█л▄клL█л▄клL█л▄б≥┬L█л▌KлL█л▌KлL█л▌HL█л▌лL█л▌лL█л▌L█л█клL█л█клL█л█б≥┬L█лллL█лллL█ллL█л▌KлL█л▌KлL█л▌HL█л█клL█л█клL█л█б≥┬L█ллклL█ллклL█ллхL█лл▀лL█лл▀лL█лл┬L█ллKлL█ллKлL█ллB≥┬L█лмлL█лмлL█лмL█ллклL█ллклL█ллхL█ллKлL█ллKлL█ллB≥┬L█лмклL█лмклL█лмхL█лм▀лL█лм▀лL█лм┬L█лмKлL█лмKлL█лмB≥┬L█лнлL█лнлL█лнL█лмклL█лмклL█лмхL█лмKлL█лмKлL█лмB≥┬L█лнлL█лнлL█лнL█лмKлL█лмKлL█лмHL█лнKлL█лнKлL█лнB≥┬L█лнKлL█лнKлL█лнHL█млL█млL█мL█лнлL█лнлL█лн≥┬L█млL█млL█мL█лнKлL█лнKлL█лнHL█мKлL█мKлL█мB≥┬L█м▀лL█м▀лL█м┬L█млL█млL█мL█мKлL█мKлL█мB≥┬L█м▀лL█м▀лL█м┬L█мKлL█мKлL█мHL█мклL█мклL█мб≥┬L█мклL█мклL█мхL█млL█млL█мL█м▀лL█м▀лL█м┌≥┬L█мклL█мклL█мхL█м▀лL█м▀лL█м┬L█мKлL█мKлL█мB≥┬L█млL█млL█мL█мклL█мклL█мхL█мKлL█мKлL█мB≥┬L█мLKлL█мLKлL█мLHL█мLлL█мLлL█мLL█мKлL█мKлL█мB≥┬L█мKлL█мKлL█мHL█мL▀лL█мL▀лL█мL┬L█мLKлL█мLKлL█мLB≥┬L█мL▀лL█мL▀лL█мL┬L█мLклL█мLклL█мLхL█мLKлL█мLKлL█мLB≥┬L█мL▀лL█мL▀лL█мL┬L█мMлL█мMлL█мML█мLклL█мLклL█мLб≥┬L█мMKлL█мMKлL█мMHL█мLклL█мLклL█мLхL█мMлL█мMлL█мM≥┬L█мMлL█мMлL█мML█мM▀лL█мM▀лL█мM┬L█мMKлL█мMKлL█мMB≥┬L█мM▀лL█мM▀лL█мM┬L█мMклL█мMклL█мMхL█мMKлL█мMKлL█мMB≥┬L█мM▀лL█мM▀лL█мM┬L█мNлL█мNлL█мNL█мMклL█мMклL█мMб≥┬L█м▄KлL█м▄KлL█м▄HL█м▄лL█м▄лL█м▄L█мNKлL█мNKлL█мNB≥┬L█м▄▀лL█м▄▀лL█м▄┬L█м▄KлL█м▄KлL█м▄HL█мNKлL█мNKлL█мNB≥┬L█м█KлL█м█KлL█м█HL█м█лL█м█лL█м█L█м▄клL█м▄клL█м▄б≥┬L█м█▀лL█м█▀лL█м█┬L█м█KлL█м█KлL█м█HL█м▄клL█м▄клL█м▄б≥┬L█м▌KлL█м▌KлL█м▌HL█м▌лL█м▌лL█м▌L█м█клL█м█клL█м█б≥┬L█м█клL█м█клL█м█хL█мллL█мллL█млL█м▌KлL█м▌KлL█м▌B≥┬L█м█клL█м█клL█м█хL█млKлL█млKлL█млHL█мллL█мллL█мл≥┬L█млKлL█млKлL█млHL█мл▀лL█мл▀лL█мл┬L█мллL█мллL█мл≥┬L█мл▀лL█мл▀лL█мл┬L█млKлL█млKлL█млHL█млклL█млклL█млб≥┬L█млклL█млклL█млхL█ммлL█ммлL█ммL█мл▀лL█мл▀лL█мл┌≥┬L█млклL█млклL█млхL█ммKлL█ммKлL█ммHL█ммлL█ммлL█мм≥┬L█ммKлL█ммKлL█ммHL█мм▀лL█мм▀лL█мм┬L█ммлL█ммлL█мм≥┬L█мнKлL█мнKлL█мнHL█мнлL█мнлL█мнL█ммклL█ммклL█ммб≥┬L█нлL█нлL█нL█мнKлL█мнKлL█мнHL█ммклL█ммклL█ммб≥┬L█нклL█нклL█нхL█н▀лL█н▀лL█н┬L█нKлL█нKлL█нB≥┬L█нKлL█нKлL█нHL█нлL█нлL█нL█нклL█нклL█нб≥┬L█нлL█нлL█нL█нKлL█нKлL█нHL█нклL█нклL█нб≥┬L█нлL█нлL█нL█н▀лL█н▀лL█н┬L█нKлL█нKлL█нB≥┬L█нKлL█нKлL█нHL█нлL█нлL█нL█нклL█нклL█нб≥┬L█нLлL█нLлL█нLL█нKлL█нKлL█нHL█нклL█нклL█нб≥┬L█нLклL█нLклL█нLхL█нL▀лL█нL▀лL█нL┬L█нLKлL█нLKлL█нLB≥┬L█нMлL█нMлL█нML█нLклL█нLклL█нLхL█нLKлL█нLKлL█нLB≥┬L█нMклL█нMклL█нMхL█нM▀лL█нM▀лL█нM┬L█нMKлL█нMKлL█нMB≥┬L█нNлL█нNлL█нNL█нMклL█нMклL█нMхL█нMKлL█нMKлL█нMB≥┬L▌KлL▌KлL▌HL▌лL▌лL▌L█нNKлL█нNKлL█нNB≥┬L▌▀лL▌▀лL▌┬L▌KлL▌KлL▌HL█нNKлL█нNKлL█нNB≥┬L▌KлL▌KлL▌HL▌лL▌лL▌L▌клL▌клL▌б≥┬L▌▀лL▌▀лL▌┬L▌KлL▌KлL▌HL▌клL▌клL▌б≥┬L▌KлL▌KлL▌HL▌лL▌лL▌L▌клL▌клL▌б≥┬L▌LлL▌LлL▌LL▌KлL▌KлL▌HL▌клL▌клL▌б≥┬L▌LклL▌LклL▌LхL▌L▀лL▌L▀лL▌L┬L▌LKлL▌LKлL▌LB≥┬L▌MлL▌MлL▌ML▌LклL▌LклL▌LхL▌LKлL▌LKлL▌LB≥┬L▌MклL▌MклL▌MхL▌M▀лL▌M▀лL▌M┬L▌MKлL▌MKлL▌MB≥┬L▌NлL▌NлL▌NL▌MклL▌MклL▌MхL▌MKлL▌MKлL▌MB≥┬L▌▄KлL▌▄KлL▌▄HL▌▄лL▌▄лL▌▄L▌NKлL▌NKлL▌NB≥┬L▌▄▀лL▌▄▀лL▌▄┬L▌▄KлL▌▄KлL▌▄HL▌NKлL▌NKлL▌NB≥┬L▌█KлL▌█KлL▌█HL▌█лL▌█лL▌█L▌▄клL▌▄клL▌▄б≥┬L▌█▀лL▌█▀лL▌█┬L▌█KлL▌█KлL▌█HL▌▄клL▌▄клL▌▄б≥┬L▌▌KлL▌▌KлL▌▌HL▌▌лL▌▌лL▌▌L▌█клL▌█клL▌█б≥┬L▌ллL▌ллL▌лL▌▌KлL▌▌KлL▌▌HL▌█клL▌█клL▌█б≥┬L▌лклL▌лклL▌лхL▌л▀лL▌л▀лL▌л┬L▌лKлL▌лKлL▌лB≥┬L▌млL▌млL▌мL▌лклL▌лклL▌лхL▌лKлL▌лKлL▌лB≥┬L▌мклL▌мклL▌мхL▌м▀лL▌м▀лL▌м┬L▌мKлL▌мKлL▌мB≥┬L▌нлL▌нлL▌нL▌мклL▌мклL▌мхL▌мKлL▌мKлL▌мB≥┬L▌KлL▌KлL▌HL▌лL▌лL▌L▌нKлL▌нKлL▌нB≥┬L▌▀лL▌▀лL▌┬L▌KлL▌KлL▌HL▌нKлL▌нKлL▌нB≥┬L▌KлL▌KлL▌HL▌лL▌лL▌L▌клL▌клL▌б≥┬L▌▀лL▌▀лL▌┬L▌KлL▌KлL▌HL▌клL▌клL▌б≥┬L▌KлL▌KлL▌HL▌лL▌лL▌L▌клL▌клL▌б≥┬L▌LлL▌LлL▌LL▌KлL▌KлL▌HL▌клL▌клL▌б≥┬L▌LклL▌LклL▌LхL▌L▀лL▌L▀лL▌L┬L▌LKлL▌LKлL▌LB≥┬L▌MлL▌MлL▌ML▌LклL▌LклL▌LхL▌LKлL▌LKлL▌LB≥┬L▌MклL▌MклL▌MхL▌M▀лL▌M▀лL▌M┬L▌MKлL▌MKлL▌MB≥┬L▌NлL▌NлL▌NL▌MклL▌MклL▌MхL▌MKлL▌MKлL▌MB≥┬L▌▄KлL▌▄KлL▌▄HL▌▄лL▌▄лL▌▄L▌NKлL▌NKлL▌NB≥┬L▌▄▀лL▌▄▀лL▌▄┬L▌▄KлL▌▄KлL▌▄HL▌NKлL▌NKлL▌NB≥┬L▌█KлL▌█KлL▌█HL▌█лL▌█лL▌█L▌▄клL▌▄клL▌▄б≥┬L▌█▀лL▌█▀лL▌█┬L▌█KлL▌█KлL▌█HL▌▄клL▌▄клL▌▄б≥┬L▌▌KлL▌▌KлL▌▌HL▌▌лL▌▌лL▌▌L▌█клL▌█клL▌█б≥┬L▌ллL▌ллL▌лL▌▌KлL▌▌KлL▌▌HL▌█клL▌█клL▌█б≥┬L▌лклL▌лклL▌лхL▌л▀лL▌л▀лL▌л┬L▌лKлL▌лKлL▌лB≥┬L▌млL▌млL▌мL▌лклL▌лклL▌лхL▌лKлL▌лKлL▌лB≥┬L▌мклL▌мклL▌мхL▌м▀лL▌м▀лL▌м┬L▌мKлL▌мKлL▌мB≥┬L▌нлL▌нлL▌нL▌мклL▌мклL▌мхL▌мKлL▌мKлL▌мB≥┬L▌KлL▌KлL▌HL▌лL▌лL▌L▌нKлL▌нKлL▌нB≥┬L▌▀лL▌▀лL▌┬L▌KлL▌KлL▌HL▌нKлL▌нKлL▌нB≥┬L▌KлL▌KлL▌HL▌лL▌лL▌L▌клL▌клL▌б≥┬L▌▀лL▌▀лL▌┬L▌KлL▌KлL▌HL▌клL▌клL▌б≥┬L▌KлL▌KлL▌HL▌лL▌лL▌L▌клL▌клL▌б≥┬L▌LлL▌LлL▌LL▌KлL▌KлL▌HL▌клL▌клL▌б≥┬L▌LклL▌LклL▌LхL▌L▀лL▌L▀лL▌L┬L▌LKлL▌LKлL▌LB≥┬L▌MлL▌MлL▌ML▌LклL▌LклL▌LхL▌LKлL▌LKлL▌LB≥┬L▌MклL▌MклL▌MхL▌M▀лL▌M▀лL▌M┬L▌MKлL▌MKлL▌MB≥┬L▌NлL▌NлL▌NL▌MклL▌MклL▌MхL▌MKлL▌MKлL▌MB≥┬L▌LKлL▌LKлL▌LHL▌LлL▌LлL▌LL▌NKлL▌NKлL▌NB≥┬L▌L▀лL▌L▀лL▌L┬L▌LKлL▌LKлL▌LHL▌NKлL▌NKлL▌NB≥┬L▌LKлL▌LKлL▌LHL▌LлL▌LлL▌LL▌LклL▌LклL▌Lб≥┬L▌L▀лL▌L▀лL▌L┬L▌LKлL▌LKлL▌LHL▌LклL▌LклL▌Lб≥┬L▌LKлL▌LKлL▌LHL▌LлL▌LлL▌LL▌LклL▌LклL▌Lб≥┬L▌LLлL▌LLлL▌LLL▌LKлL▌LKлL▌LHL▌LклL▌LклL▌Lб≥┬L▌LL▀лL▌LL▀лL▌LL┬L▌LLKлL▌LLKлL▌LLHL▌LLлL▌LLлL▌LL≥┬L▌LLклL▌LLклL▌LLхL▌LL▀лL▌LL▀лL▌LL┬L▌LLлL▌LLлL▌LL≥┬L▌LM▀лL▌LM▀лL▌LM┬L▌LMKлL▌LMKлL▌LMHL▌LMлL▌LMлL▌LM≥┬L▌LMклL▌LMклL▌LMхL▌LM▀лL▌LM▀лL▌LM┬L▌LMлL▌LMлL▌LM≥┬L▌L▄лL▌L▄лL▌L▄L▌LNKлL▌LNKлL▌LNHL▌LNлL▌LNлL▌LN≥┬L▌L▄KлL▌L▄KлL▌L▄HL▌L▄лL▌L▄лL▌L▄L▌LNлL▌LNлL▌LN≥┬L▌L█лL▌L█лL▌L█L▌L▄клL▌L▄клL▌L▄хL▌L▄▀лL▌L▄▀лL▌L▄┌≥┬L▌L█KлL▌L█KлL▌L█HL▌L█лL▌L█лL▌L█L▌L▄▀лL▌L▄▀лL▌L▄┌≥┬L▌L▌лL▌L▌лL▌L▌L▌L█клL▌L█клL▌L█хL▌L█▀лL▌L█▀лL▌L█┌≥┬L▌L▌KлL▌L▌KлL▌L▌HL▌L▌лL▌L▌лL▌L▌L▌L█▀лL▌L█▀лL▌L█┌≥┬L▌Lл▀лL▌Lл▀лL▌Lл┬L▌LлKлL▌LлKлL▌LлHL▌LллL▌LллL▌Lл≥┬L▌LлклL▌LлклL▌LлхL▌Lл▀лL▌Lл▀лL▌Lл┬L▌LллL▌LллL▌Lл≥┬L▌Lм▀лL▌Lм▀лL▌Lм┬L▌LмKлL▌LмKлL▌LмHL▌LмлL▌LмлL▌Lм≥┬L▌LмклL▌LмклL▌LмхL▌Lм▀лL▌Lм▀лL▌Lм┬L▌LмлL▌LмлL▌Lм≥┬L▌MлL▌MлL▌ML▌LнKлL▌LнKлL▌LнHL▌LнлL▌LнлL▌Lн≥┬L▌MKлL▌MKлL▌MHL▌MлL▌MлL▌ML▌LнлL▌LнлL▌Lн≥┬L▌MлL▌MлL▌ML▌MклL▌MклL▌MхL▌M▀лL▌M▀лL▌M┌≥┬L▌MKлL▌MKлL▌MHL▌MлL▌MлL▌ML▌M▀лL▌M▀лL▌M┌≥┬L▌MлL▌MлL▌ML▌MклL▌MклL▌MхL▌M▀лL▌M▀лL▌M┌≥┬L▌MKлL▌MKлL▌MHL▌MлL▌MлL▌ML▌M▀лL▌M▀лL▌M┌≥┬L▌M▀лL▌M▀лL▌M┬L▌MLKлL▌MLKлL▌MLHL▌MLлL▌MLлL▌ML≥┬L▌MLKлL▌MLKлL▌MLHL▌ML▀лL▌ML▀лL▌ML┬L▌MLлL▌MLлL▌ML≥┬L▌MMKлL▌MMKлL▌MMHL▌MMлL▌MMлL▌MML▌MLклL▌MLклL▌MLб≥┬L▌MM▀лL▌MM▀лL▌MM┬L▌MMKлL▌MMKлL▌MMHL▌MLклL▌MLклL▌MLб≥┬L▌MNKлL▌MNKлL▌MNHL▌MNлL▌MNлL▌MNL▌MMклL▌MMклL▌MMб≥┬L▌M▄лL▌M▄лL▌M▄L▌MNKлL▌MNKлL▌MNHL▌MMклL▌MMклL▌MMб≥┬L▌M▄клL▌M▄клL▌M▄хL▌M▄▀лL▌M▄▀лL▌M▄┬L▌M▄KлL▌M▄KлL▌M▄B≥┬L▌M█лL▌M█лL▌M█L▌M▄клL▌M▄клL▌M▄хL▌M▄KлL▌M▄KлL▌M▄B≥┬L▌M█клL▌M█клL▌M█хL▌M█▀лL▌M█▀лL▌M█┬L▌M█KлL▌M█KлL▌M█B≥┬L▌M▌лL▌M▌лL▌M▌L▌M█клL▌M█клL▌M█хL▌M█KлL▌M█KлL▌M█B≥┬L▌MлKлL▌MлKлL▌MлHL▌MллL▌MллL▌MлL▌M▌KлL▌M▌KлL▌M▌B≥┬L▌M▌KлL▌M▌KлL▌M▌HL▌Mл▀лL▌Mл▀лL▌Mл┬L▌MлKлL▌MлKлL▌MлB≥┬L▌M▌KлL▌M▌KлL▌M▌HL▌MлклL▌MлклL▌MлхL▌Mл▀лL▌Mл▀лL▌Mл┌≥┬L▌MлклL▌MлклL▌MлхL▌MмлL▌MмлL▌MмL▌Mл▀лL▌Mл▀лL▌Mл┌≥┬L▌MмклL▌MмклL▌MмхL▌Mм▀лL▌Mм▀лL▌Mм┬L▌MмKлL▌MмKлL▌MмB≥┬L▌MмKлL▌MмKлL▌MмHL▌MнлL▌MнлL▌MнL▌MмклL▌MмклL▌Mмб≥┬L▌MмKлL▌MмKлL▌MмHL▌MнKлL▌MнKлL▌MнHL▌MнлL▌MнлL▌Mн≥┬L▌MнKлL▌MнKлL▌MнHL▌NлL▌NлL▌NL▌MнлL▌MнлL▌Mн≥┬L▌NлL▌NлL▌NL▌MнKлL▌MнKлL▌MнHL▌NKлL▌NKлL▌NB≥┬L▌NKлL▌NKлL▌NHL▌N▀лL▌N▀лL▌N┬L▌NлL▌NлL▌N≥┬L▌NKлL▌NKлL▌NHL▌NклL▌NклL▌NхL▌N▀лL▌N▀лL▌N┌≥┬L▌NклL▌NклL▌NхL▌NлL▌NлL▌NL▌N▀лL▌N▀лL▌N┌≥┬L▌NклL▌NклL▌NхL▌N▀лL▌N▀лL▌N┬L▌NKлL▌NKлL▌NB≥┬L▌NKлL▌NKлL▌NHL▌NлL▌NлL▌NL▌NклL▌NклL▌Nб≥┬L▌NKлL▌NKлL▌NHL▌NKлL▌NKлL▌NHL▌NлL▌NлL▌N≥┬L▌NKлL▌NKлL▌NHL▌NLлL▌NLлL▌NLL▌NлL▌NлL▌N≥┬L▌NLклL▌NLклL▌NLхL▌NL▀лL▌NL▀лL▌NL┬L▌NLKлL▌NLKлL▌NLB≥┬L▌NLKлL▌NLKлL▌NLHL▌NMлL▌NMлL▌NML▌NLклL▌NLклL▌NLб≥┬L▌NLKлL▌NLKлL▌NLHL▌NMKлL▌NMKлL▌NMHL▌NMлL▌NMлL▌NM≥┬L▌NMKлL▌NMKлL▌NMHL▌NM▀лL▌NM▀лL▌NM┬L▌NMлL▌NMлL▌NM≥┬L▌NNKлL▌NNKлL▌NNHL▌NNлL▌NNлL▌NNL▌NMклL▌NMклL▌NMб≥┬L▌NMклL▌NMклL▌NMхLллLллLлL▌NNKлL▌NNKлL▌NNB≥┬L▌NMклL▌NMклL▌NMхLлKлLлKлLлHLллLллLл≥┬LлKлLлKлLлHLл▀лLл▀лLл┬LллLллLл≥┬LлKлLлKлLлHLллLллLлLлклLлклLлб≥┬LлклLлклLлхLл▀лLл▀лLл┬LлKлLлKлLлB≥┬LлклLлклLлхLлклLлклLлхLл▀лLл▀лLл┌≥┬LлклLлклLлхLллLллLлLл▀лLл▀лLл┌≥┬LлLKлLлLKлLлLHLлLлLлLлLлLLлKлLлKлLлB≥┬LлL▀лLлL▀лLлL┬LлLKлLлLKлLлLHLлKлLлKлLлB≥┬LлL▀лLлL▀лLлL┬LлKлLлKлLлHLлLклLлLклLлLб≥┬LлMлLлMлLлMLлL▀лLлL▀лLлL┬LлLклLлLклLлLб≥┬LлMклLлMклLлMхLлM▀лLлM▀лLлM┬LлMKлLлMKлLлMB≥┬LлMKлLлMKлLлMHLлNлLлNлLлNLлMклLлMклLлMб≥┬LлNлLлNлLлNLлNKлLлNKлLлNHLлMклLлMклLлMб≥┬LлNлLлNлLлNLл▄лLл▄лLл▄LлNKлLлNKлLлNB≥┬Lл▄KлLл▄KлLл▄HLлNKлLлNKлLлNHLл▄лLл▄лLл▄≥┬Lл▄лLл▄лLл▄Lл▄▀лLл▄▀лLл▄┬Lл▄KлLл▄KлLл▄B≥┬Lл▄▀лLл▄▀лLл▄┬Lл▄клLл▄клLл▄хLл▄KлLл▄KлLл▄B≥┬Lл▄▀лLл▄▀лLл▄┬Lл█лLл█лLл█Lл▄клLл▄клLл▄б≥┬Lл█клLл█клLл█хLл█▀лLл█▀лLл█┬Lл█KлLл█KлLл█B≥┬Lл█KлLл█KлLл█HLл▌лLл▌лLл▌Lл█клLл█клLл█б≥┬Lл▌лLл▌лLл▌Lл▌KлLл▌KлLл▌HLл█клLл█клLл█б≥┬Lл▌лLл▌лLл▌LлллLлллLллLл▌KлLл▌KлLл▌B≥┬LллKлLллKлLллHLл▌KлLл▌KлLл▌HLлллLлллLлл≥┬LлллLлллLллLлл▀лLлл▀лLлл┬LллKлLллKлLллB≥┬Lлл▀лLлл▀лLлл┬LллклLллклLллхLллKлLллKлLллB≥┬Lлл▀лLлл▀лLлл┬LлмлLлмлLлмLллклLллклLллб≥┬LлмклLлмклLлмхLлм▀лLлм▀лLлм┬LлмKлLлмKлLлмB≥┬LлмKлLлмKлLлмHLлнлLлнлLлнLлмклLлмклLлмб≥┬LлнлLлнлLлнLлнKлLлнKлLлнHLлмклLлмклLлмб≥┬LлнлLлнлLлнLллLллLлLлнKлLлнKлLлнB≥┬LлклLлклLлхLл▀лLл▀лLл┬LлKлLлKлLлB≥┬LлKлLлKлLлHLллLллLлLлклLлклLлб≥┬LллLллLлLлKлLлKлLлHLлклLлклLлб≥┬LллLллLлLл▀лLл▀лLл┬LлKлLлKлLлB≥┬LлKлLлKлLлHLллLллLлLлклLлклLлб≥┬LлклLлклLлхLлLлLлLлLлLLлKлLлKлLлB≥┬LлLлLлLлLлLLлLKлLлLKлLлLHLлKлLлKлLлB≥┬LлLлLлLлLлLLлL▀лLлL▀лLлL┬LлLKлLлLKлLлLB≥┬LлMKлLлMKлLлMHLлMлLлMлLлMLлLклLлLклLлLб≥┬LлLклLлLклLлLхLлM▀лLлM▀лLлM┬LлMKлLлMKлLлMB≥┬LлM▀лLлM▀лLлM┬LлMклLлMклLлMхLлMKлLлMKлLлMB≥┬LлM▀лLлM▀лLлM┬LлNлLлNлLлNLлMклLлMклLлMб≥┬Lл▄KлLл▄KлLл▄HLл▄лLл▄лLл▄LлNKлLлNKлLлNB≥┬Lл▄▀лLл▄▀лLл▄┬Lл▄KлLл▄KлLл▄HLлNKлLлNKлLлNB≥┬Lл█KлLл█KлLл█HLл█лLл█лLл█Lл▄клLл▄клLл▄б≥┬Lл█▀лLл█▀лLл█┬Lл█KлLл█KлLл█HLл▄клLл▄клLл▄б≥┬Lл▌KлLл▌KлLл▌HLл▌лLл▌лLл▌Lл█клLл█клLл█б≥┬LлллLлллLллLл▌KлLл▌KлLл▌HLл█клLл█клLл█б≥┬LллклLллклLллхLлл▀лLлл▀лLлл┬LллKлLллKлLллB≥┬LлмлLлмлLлмLллклLллклLллхLллKлLллKлLллB≥┬LлмклLлмклLлмхLлм▀лLлм▀лLлм┬LлмKлLлмKлLлмB≥┬LлнлLлнлLлнLлмклLлмклLлмхLлмKлLлмKлLлмB≥┬LлKлLлKлLлHLллLллLлLлнKлLлнKлLлнB≥┬Lл▀лLл▀лLл┬LлKлLлKлLлHLлнKлLлнKлLлнB≥┬Lл▀лLл▀лLл┬LлнKлLлнKлLлнHLлклLлклLлб≥┬LлклLлклLлхLллLллLлLл▀лLл▀лLл┌≥┬LллLллLлLлклLлклLлхLлKлLлKлLлB≥┬Lл▀лLл▀лLл┬LллLллLлLлKлLлKлLлB≥┬Lл▀лLл▀лLл┬LлKлLлKлLлHLлклLлклLлб≥┬LлклLлклLлхLллLллLлLл▀лLл▀лLл┌≥┬LлLKлLлLKлLлLHLлLлLлLлLлLLлKлLлKлLлB≥┬LлL▀лLлL▀лLлL┬LлLKлLлLKлLлLHLлKлLлKлLлB≥┬LлMKлLлMKлLлMHLлMлLлMлLлMLлLклLлLклLлLб≥┬LлLклLлLклLлLхLлM▀лLлM▀лLлM┬LлMKлLлMKлLлMB≥┬LлM▀лLлM▀лLлM┬LлMклLлMклLлMхLлMKлLлMKлLлMB≥┬LлM▀лLлM▀лLлM┬LлNлLлNлLлNLлMклLлMклLлMб≥┬LлNKлLлNKлLлNHLлMклLлMклLлMхLлNлLлNлLлN≥┬LлNлLлNлLлNLлLлLлLлLлLLлNKлLлNKлLлNB≥┬LлLлLлLлLлLLлLKлLлLKлLлLHLлNKлLлNKлLлNB≥┬LлLлLлLлLлLLлL▀лLлL▀лLлL┬LлLKлLлLKлLлLB≥┬LлLKлLлLKлLлLHLлLлLлLлLлLLлLклLлLклLлLб≥┬LлL▀лLлL▀лLлL┬LлLKлLлLKлLлLHLлLклLлLклLлLб≥┬LлLKлLлLKлLлLHLлLлLлLлLлLLлLклLлLклLлLб≥┬LлLLлLлLLлLлLLLлLKлLлLKлLлLHLлLклLлLклLлLб≥┬LлLLклLлLLклLлLLхLлLL▀лLлLL▀лLлLL┬LлLLKлLлLLKлLлLLB≥┬LлLLKлLлLLKлLлLLHLлLMлLлLMлLлLMLлLLклLлLLклLлLLб≥┬LлLLKлLлLLKлLлLLHLлLMKлLлLMKлLлLMHLлLMлLлLMлLлLM≥┬LлLMKлLлLMKлLлLMHLлLM▀лLлLM▀лLлLM┬LлLMлLлLMлLлLM≥┬LлLM▀лLлLM▀лLлLM┬LлLMKлLлLMKлLлLMHLлLMклLлLMклLлLMб≥┬LлLMклLлLMклLлLMхLлLNлLлLNлLлLNLлLM▀лLлLM▀лLлLM┌≥┬LлLMклLлLMклLлLMхLлLNKлLлLNKлLлLNHLлLNлLлLNлLлLN≥┬LлLNKлLлLNKлLлLNHLлL▄лLлL▄лLлL▄LлLNлLлLNлLлLN≥┬LлL▄клLлL▄клLлL▄хLлL▄▀лLлL▄▀лLлL▄┬LлL▄KлLлL▄KлLлL▄B≥┬LлL█лLлL█лLлL█LлL▄клLлL▄клLлL▄хLлL▄KлLлL▄KлLлL▄B≥┬LлL█клLлL█клLлL█хLлL█▀лLлL█▀лLлL█┬LлL█KлLлL█KлLлL█B≥┬LлL█KлLлL█KлLлL█HLлL▌лLлL▌лLлL▌LлL█клLлL█клLлL█б≥┬LлL▌лLлL▌лLлL▌LлL▌KлLлL▌KлLлL▌HLлL█клLлL█клLлL█б≥┬LлL▌лLлL▌лLлL▌LлLллLлLллLлLлLлL▌KлLлL▌KлLлL▌B≥┬LлLлклLлLлклLлLлхLлLл▀лLлLл▀лLлLл┬LлLлKлLлLлKлLлLлB≥┬LлLмлLлLмлLлLмLлLлклLлLлклLлLлхLлLлKлLлLлKлLлLлB≥┬LлLмклLлLмклLлLмхLлLм▀лLлLм▀лLлLм┬LлLмKлLлLмKлLлLмB≥┬LлLнлLлLнлLлLнLлLмклLлLмклLлLмхLлLмKлLлLмKлLлLмB≥┬LлMKлLлMKлLлMHLлMлLлMлLлMLлLнKлLлLнKлLлLнB≥┬LлM▀лLлM▀лLлM┬LлMKлLлMKлLлMHLлLнKлLлLнKлLлLнB≥┬LлMKлLлMKлLлMHLлMлLлMлLлMLлMклLлMклLлMб≥┬LлM▀лLлM▀лLлM┬LлMKлLлMKлLлMHLлMклLлMклLлMб≥┬LлMKлLлMKлLлMHLлMлLлMлLлMLлMклLлMклLлMб≥┬LлMLлLлMLлLлMLLлMKлLлMKлLлMHLлMклLлMклLлMб≥┬LлMLклLлMLклLлMLхLлML▀лLлML▀лLлML┬LлMLKлLлMLKлLлMLB≥┬LлMMлLлMMлLлMMLлMLклLлMLклLлMLхLлMLKлLлMLKлLлMLB≥┬LлMMклLлMMклLлMMхLлMM▀лLлMM▀лLлMM┬LлMMKлLлMMKлLлMMB≥┬LлMNлLлMNлLлMNLлMMклLлMMклLлMMхLлMMKлLлMMKлLлMMB≥┬LлM▄KлLлM▄KлLлM▄HLлM▄лLлM▄лLлM▄LлMNKлLлMNKлLлMNB≥┬LлM▄▀лLлM▄▀лLлM▄┬LлM▄KлLлM▄KлLлM▄HLлMNKлLлMNKлLлMNB≥┬LлM█KлLлM█KлLлM█HLлM█лLлM█лLлM█LлM▄клLлM▄клLлM▄б≥┬LлM█▀лLлM█▀лLлM█┬LлM█KлLлM█KлLлM█HLлM▄клLлM▄клLлM▄б≥┬LлM▌KлLлM▌KлLлM▌HLлM▌лLлM▌лLлM▌LлM█клLлM█клLлM█б≥┬LлMллLлMллLлMлLлM▌KлLлM▌KлLлM▌HLлM█клLлM█клLлM█б≥┬LлMлклLлMлклLлMлхLлMл▀лLлMл▀лLлMл┬LлMлKлLлMлKлLлMлB≥┬LлMмлLлMмлLлMмLлMлклLлMлклLлMлхLлMлKлLлMлKлLлMлB≥┬LлMмклLлMмклLлMмхLлMм▀лLлMм▀лLлMм┬LлMмKлLлMмKлLлMмB≥┬LлMнлLлMнлLлMнLлMмклLлMмклLлMмхLлMмKлLлMмKлLлMмB≥┬LлNKлLлNKлLлNHLлNлLлNлLлNLлMнKлLлMнKлLлMнB≥┬LлN▀лLлN▀лLлN┬LлNKлLлNKлLлNHLлMнKлLлMнKлLлMнB≥┬LлNKлLлNKлLлNHLлNлLлNлLлNLлNклLлNклLлNб≥┬LлN▀лLлN▀лLлN┬LлNKлLлNKлLлNHLлNклLлNклLлNб≥┬LлNKлLлNKлLлNHLлNлLлNлLлNLлNклLлNклLлNб≥┬LлNLлLлNLлLлNLLлNKлLлNKлLлNHLлNклLлNклLлNб≥┬LлNLклLлNLклLлNLхLлNL▀лLлNL▀лLлNL┬LлNLKлLлNLKлLлNLB≥┬LлNMлLлNMлLлNMLлNLклLлNLклLлNLхLлNLKлLлNLKлLлNLB≥┬LлNMклLлNMклLлNMхLлNM▀лLлNM▀лLлNM┬LлNMKлLлNMKлLлNMB≥┬LлNNлLлNNлLлNNLлNMклLлNMклLлNMхLлNMKлLлNMKлLлNMB≥┬Lл▄KлLл▄KлLл▄HLл▄лLл▄лLл▄LлNNKлLлNNKлLлNNB≥┬Lл▄▀лLл▄▀лLл▄┬Lл▄KлLл▄KлLл▄HLлNNKлLлNNKлLлNNB≥┬Lл▄KлLл▄KлLл▄HLл▄лLл▄лLл▄Lл▄клLл▄клLл▄б≥┬Lл▄▀лLл▄▀лLл▄┬Lл▄KлLл▄KлLл▄HLл▄клLл▄клLл▄б≥┬Lл▄KлLл▄KлLл▄HLл▄лLл▄лLл▄Lл▄клLл▄клLл▄б≥┬Lл▄LлLл▄LлLл▄LLл▄KлLл▄KлLл▄HLл▄клLл▄клLл▄б≥┬Lл▄LклLл▄LклLл▄LхLл▄L▀лLл▄L▀лLл▄L┬Lл▄LKлLл▄LKлLл▄LB≥┬Lл▄MлLл▄MлLл▄MLл▄LклLл▄LклLл▄LхLл▄LKлLл▄LKлLл▄LB≥┬Lл▄MклLл▄MклLл▄MхLл▄M▀лLл▄M▀лLл▄M┬Lл▄MKлLл▄MKлLл▄MB≥┬Lл▄NлLл▄NлLл▄NLл▄MклLл▄MклLл▄MхLл▄MKлLл▄MKлLл▄MB≥┬Lл▄▄KлLл▄▄KлLл▄▄HLл▄▄лLл▄▄лLл▄▄Lл▄NKлLл▄NKлLл▄NB≥┬Lл▄▄▀лLл▄▄▀лLл▄▄┬Lл▄▄KлLл▄▄KлLл▄▄HLл▄NKлLл▄NKлLл▄NB≥┬Lл▄█KлLл▄█KлLл▄█HLл▄█лLл▄█лLл▄█Lл▄▄клLл▄▄клLл▄▄б≥┬Lл▄█▀лLл▄█▀лLл▄█┬Lл▄█KлLл▄█KлLл▄█HLл▄▄клLл▄▄клLл▄▄б≥┬Lл▄▌KлLл▄▌KлLл▄▌HLл▄▌лLл▄▌лLл▄▌Lл▄█клLл▄█клLл▄█б≥┬Lл▄ллLл▄ллLл▄лLл▄▌KлLл▄▌KлLл▄▌HLл▄█клLл▄█клLл▄█б≥┬Lл▄лклLл▄лклLл▄лхLл▄л▀лLл▄л▀лLл▄л┬Lл▄лKлLл▄лKлLл▄лB≥┬Lл▄млLл▄млLл▄мLл▄лклLл▄лклLл▄лхLл▄лKлLл▄лKлLл▄лB≥┬Lл▄мклLл▄мклLл▄мхLл▄м▀лLл▄м▀лLл▄м┬Lл▄мKлLл▄мKлLл▄мB≥┬Lл▄нлLл▄нлLл▄нLл▄мклLл▄мклLл▄мхLл▄мKлLл▄мKлLл▄мB≥┬Lл█KлLл█KлLл█HLл█лLл█лLл█Lл▄нKлLл▄нKлLл▄нB≥┬Lл█▀лLл█▀лLл█┬Lл█KлLл█KлLл█HLл▄нKлLл▄нKлLл▄нB≥┬Lл█KлLл█KлLл█HLл█лLл█лLл█Lл█клLл█клLл█б≥┬Lл█▀лLл█▀лLл█┬Lл█KлLл█KлLл█HLл█клLл█клLл█б≥┬Lл█KлLл█KлLл█HLл█лLл█лLл█Lл█клLл█клLл█б≥┬Lл█LлLл█LлLл█LLл█KлLл█KлLл█HLл█клLл█клLл█б≥┬Lл█LклLл█LклLл█LхLл█L▀лLл█L▀лLл█L┬Lл█LKлLл█LKлLл█LB≥┬Lл█MлLл█MлLл█MLл█LклLл█LклLл█LхLл█LKлLл█LKлLл█LB≥┬Lл█M▀лLл█M▀лLл█M┬Lл█MKлLл█MKлLл█MHLл█MлLл█MлLл█M≥┬Lл█MклLл█MклLл█MхLл█M▀лLл█M▀лLл█M┬Lл█MлLл█MлLл█M≥┬Lл█▄лLл█▄лLл█▄Lл█NKлLл█NKлLл█NHLл█NлLл█NлLл█N≥┬Lл█▄KлLл█▄KлLл█▄HLл█▄лLл█▄лLл█▄Lл█NлLл█NлLл█N≥┬Lл██лLл██лLл██Lл█▄клLл█▄клLл█▄хLл█▄▀лLл█▄▀лLл█▄┌≥┬Lл██KлLл██KлLл██HLл██лLл██лLл██Lл█▄▀лLл█▄▀лLл█▄┌≥┬Lл█▌лLл█▌лLл█▌Lл██клLл██клLл██хLл██▀лLл██▀лLл██┌≥┬Lл█▌KлLл█▌KлLл█▌HLл█▌лLл█▌лLл█▌Lл██▀лLл██▀лLл██┌≥┬Lл█л▀лLл█л▀лLл█л┬Lл█лKлLл█лKлLл█лHLл█ллLл█ллLл█л≥┬Lл█лклLл█лклLл█лхLл█л▀лLл█л▀лLл█л┬Lл█ллLл█ллLл█л≥┬Lл█м▀лLл█м▀лLл█м┬Lл█мKлLл█мKлLл█мHLл█млLл█млLл█м≥┬Lл█мклLл█мклLл█мхLл█м▀лLл█м▀лLл█м┬Lл█млLл█млLл█м≥┬Lл▌лLл▌лLл▌Lл█нKлLл█нKлLл█нHLл█нлLл█нлLл█н≥┬Lл▌KлLл▌KлLл▌HLл▌лLл▌лLл▌Lл█нлLл█нлLл█н≥┬Lл▌лLл▌лLл▌Lл▌клLл▌клLл▌хLл▌▀лLл▌▀лLл▌┌≥┬Lл▌KлLл▌KлLл▌HLл▌лLл▌лLл▌Lл▌▀лLл▌▀лLл▌┌≥┬Lл▌лLл▌лLл▌Lл▌клLл▌клLл▌хLл▌▀лLл▌▀лLл▌┌≥┬Lл▌KлLл▌KлLл▌HLл▌лLл▌лLл▌Lл▌▀лLл▌▀лLл▌┌≥┬Lл▌L▀лLл▌L▀лLл▌L┬Lл▌LKлLл▌LKлLл▌LHLл▌LлLл▌LлLл▌L≥┬Lл▌LклLл▌LклLл▌LхLл▌L▀лLл▌L▀лLл▌L┬Lл▌LлLл▌LлLл▌L≥┬Lл▌LлLл▌LлLл▌LLл▌MKлLл▌MKлLл▌MHLл▌MлLл▌MлLл▌M≥┬Lл▌MKлLл▌MKлLл▌MHLл▌M▀лLл▌M▀лLл▌M┬Lл▌MлLл▌MлLл▌M≥┬Lл▌NKлLл▌NKлLл▌NHLл▌NлLл▌NлLл▌NLл▌MклLл▌MклLл▌Mб≥┬LлллLлллLллLл▌NKлLл▌NKлLл▌NHLл▌MклLл▌MклLл▌Mб≥┬LллклLллклLллхLлл▀лLлл▀лLлл┬LллKлLллKлLллB≥┬LлллLлллLллLллклLллклLллхLллKлLллKлLллB≥┬LллклLллклLллхLлл▀лLлл▀лLлл┬LллKлLллKлLллB≥┬LлллLлллLллLллклLллклLллхLллKлLллKлLллB≥┬LллLKлLллLKлLллLHLллLлLллLлLллLLллKлLллKлLллB≥┬LллL▀лLллL▀лLллL┬LллLKлLллLKлLллLHLллKлLллKлLллB≥┬LллMKлLллMKлLллMHLллMлLллMлLллMLллLклLллLклLллLб≥┬LллM▀лLллM▀лLллM┬LллMKлLллMKлLллMHLллLклLллLклLллLб≥┬LллNKлLллNKлLллNHLллNлLллNлLллNLллMклLллMклLллMб≥┬Lлл▄лLлл▄лLлл▄LллNKлLллNKлLллNHLллMклLллMклLллMб≥┬Lлл▄клLлл▄клLлл▄хLлл▄▀лLлл▄▀лLлл▄┬Lлл▄KлLлл▄KлLлл▄B≥┬Lлл█лLлл█лLлл█Lлл▄клLлл▄клLлл▄хLлл▄KлLлл▄KлLлл▄B≥┬Lлл█клLлл█клLлл█хLлл█▀лLлл█▀лLлл█┬Lлл█KлLлл█KлLлл█B≥┬Lлл█KлLлл█KлLлл█HLлл▌лLлл▌лLлл▌Lлл█клLлл█клLлл█б≥┬Lлл█KлLлл█KлLлл█HLлл▌KлLлл▌KлLлл▌HLлл▌лLлл▌лLлл▌≥┬Lлл▌KлLлл▌KлLлл▌HLллллLллллLлллLлл▌лLлл▌лLлл▌≥┬LлллклLлллклLлллхLллл▀лLллл▀лLллл┬LлллKлLлллKлLлллB≥┬LллмлLллмлLллмLлллклLлллклLлллхLлллKлLлллKлLлллB≥┬LллмклLллмклLллмхLллм▀лLллм▀лLллм┬LллмKлLллмKлLллмB≥┬LллмKлLллмKлLллмHLллнлLллнлLллнLллмклLллмклLллмб≥┬LллнлLллнлLллнLллнKлLллнKлLллнHLллмклLллмклLллмб≥┬LллнлLллнлLллнLлмлLлмлLлмLллнKлLллнKлLллнB≥┬LлмклLлмклLлмхLлм▀лLлм▀лLлм┬LлмKлLлмKлLлмB≥┬LлмлLлмлLлмLлмклLлмклLлмхLлмKлLлмKлLлмB≥┬LлмклLлмклLлмхLлм▀лLлм▀лLлм┬LлмKлLлмKлLлмB≥┬LлмлLлмлLлмLлмклLлмклLлмхLлмKлLлмKлLлмB≥┬LлмLKлLлмLKлLлмLHLлмLлLлмLлLлмLLлмKлLлмKлLлмB≥┬LлмL▀лLлмL▀лLлмL┬LлмLKлLлмLKлLлмLHLлмKлLлмKлLлмB≥┬LлмMKлLлмMKлLлмMHLлмMлLлмMлLлмMLлмLклLлмLклLлмLб≥┬LлмLклLлмLклLлмLхLлмM▀лLлмM▀лLлмM┬LлмMKлLлмMKлLлмMB≥┬LлмLклLлмLклLлмLхLлмMклLлмMклLлмMхLлмM▀лLлмM▀лLлмM┌≥┬LлмMклLлмMклLлмMхLлмNлLлмNлLлмNLлмM▀лLлмM▀лLлмM┌≥┬Lлм▄KлLлм▄KлLлм▄HLлм▄лLлм▄лLлм▄LлмNKлLлмNKлLлмNB≥┬Lлм▄▀лLлм▄▀лLлм▄┬Lлм▄KлLлм▄KлLлм▄HLлмNKлLлмNKлLлмNB≥┬Lлм█KлLлм█KлLлм█HLлм█лLлм█лLлм█Lлм▄клLлм▄клLлм▄б≥┬Lлм▄клLлм▄клLлм▄хLлм█▀лLлм█▀лLлм█┬Lлм█KлLлм█KлLлм█B≥┬Lлм█▀лLлм█▀лLлм█┬Lлм█клLлм█клLлм█хLлм█KлLлм█KлLлм█B≥┬Lлм█▀лLлм█▀лLлм█┬Lлм▌лLлм▌лLлм▌Lлм█клLлм█клLлм█б≥┬LлмлKлLлмлKлLлмлHLлмллLлмллLлмлLлм▌KлLлм▌KлLлм▌B≥┬Lлмл▀лLлмл▀лLлмл┬LлмлKлLлмлKлLлмлHLлм▌KлLлм▌KлLлм▌B≥┬LлммKлLлммKлLлммHLлммлLлммлLлммLлмлклLлмлклLлмлб≥┬Lлмм▀лLлмм▀лLлмм┬LлммKлLлммKлLлммHLлмлклLлмлклLлмлб≥┬LлмнKлLлмнKлLлмнHLлмнлLлмнлLлмнLлммклLлммклLлммб≥┬LлнлLлнлLлнLлмнKлLлмнKлLлмнHLлммклLлммклLлммб≥┬LлнклLлнклLлнхLлн▀лLлн▀лLлн┬LлнKлLлнKлLлнB≥┬LлнKлLлнKлLлнHLлнлLлнлLлнLлнклLлнклLлнб≥┬LлнKлLлнKлLлнHLлнKлLлнKлLлнHLлнлLлнлLлн≥┬LлнKлLлнKлLлнHLлн▀лLлн▀лLлн┬LлнлLлнлLлн≥┬LлнKлLлнKлLлнHLлнлLлнлLлнLлнклLлнклLлнб≥┬LлнLлLлнLлLлнLLлнKлLлнKлLлнHLлнклLлнклLлнб≥┬LлнLклLлнLклLлнLхLлнL▀лLлнL▀лLлнL┬LлнLKлLлнLKлLлнLB≥┬LлнLKлLлнLKлLлнLHLлнMлLлнMлLлнMLлнLклLлнLклLлнLб≥┬LлнMлLлнMлLлнMLлнMKлLлнMKлLлнMHLлнLклLлнLклLлнLб≥┬LлнMлLлнMлLлнMLлнM▀лLлнM▀лLлнM┬LлнMKлLлнMKлLлнMB≥┬LлнNKлLлнNKлLлнNHLлнNлLлнNлLлнNLлнMклLлнMклLлнMб≥┬LмлLмлLмLлнNKлLлнNKлLлнNHLлнMклLлнMклLлнMб≥┬LмклLмклLмхLм▀лLм▀лLм┬LмKлLмKлLмB≥┬LмKлLмKлLмHLмлLмлLмLмклLмклLмб≥┬LмKлLмKлLмHLмKлLмKлLмHLмлLмлLм≥┬LмKлLмKлLмHLм▀лLм▀лLм┬LмлLмлLм≥┬LмKлLмKлLмHLмлLмлLмLмклLмклLмб≥┬LмLлLмLлLмLLмKлLмKлLмHLмклLмклLмб≥┬LмLклLмLклLмLхLмL▀лLмL▀лLмL┬LмLKлLмLKлLмLB≥┬LмMлLмMлLмMLмLклLмLклLмLхLмLKлLмLKлLмLB≥┬LмMклLмMклLмMхLмM▀лLмM▀лLмM┬LмMKлLмMKлLмMB≥┬LмMKлLмMKлLмMHLмNлLмNлLмNLмMклLмMклLмMб≥┬LмNлLмNлLмNLмNKлLмNKлLмNHLмMклLмMклLмMб≥┬LмNлLмNлLмNLм▄лLм▄лLм▄LмNKлLмNKлLмNB≥┬Lм▄клLм▄клLм▄хLм▄▀лLм▄▀лLм▄┬Lм▄KлLм▄KлLм▄B≥┬Lм█лLм█лLм█Lм▄клLм▄клLм▄хLм▄KлLм▄KлLм▄B≥┬Lм█клLм█клLм█хLм█▀лLм█▀лLм█┬Lм█KлLм█KлLм█B≥┬Lм█KлLм█KлLм█HLм▌лLм▌лLм▌Lм█клLм█клLм█б≥┬Lм█KлLм█KлLм█HLм▌KлLм▌KлLм▌HLм▌лLм▌лLм▌≥┬Lм▌KлLм▌KлLм▌HLмллLмллLмлLм▌лLм▌лLм▌≥┬LмлклLмлклLмлхLмл▀лLмл▀лLмл┬LмлKлLмлKлLмлB≥┬LмлKлLмлKлLмлHLммлLммлLммLмлклLмлклLмлб≥┬LммлLммлLммLммKлLммKлLммHLмлклLмлклLмлб≥┬LммлLммлLммLмм▀лLмм▀лLмм┬LммKлLммKлLммB≥┬LмнKлLмнKлLмнHLмнлLмнлLмнLммклLммклLммб≥┬LмлLмлLмLмнKлLмнKлLмнHLммклLммклLммб≥┬LмклLмклLмхLм▀лLм▀лLм┬LмKлLмKлLмB≥┬LмKлLмKлLмHLмлLмлLмLмклLмклLмб≥┬LмKлLмKлLмHLмKлLмKлLмHLмлLмлLм≥┬LмKлLмKлLмHLм▀лLм▀лLм┬LмлLмлLм≥┬LмKлLмKлLмHLмлLмлLмLмклLмклLмб≥┬LмLлLмLлLмLLмKлLмKлLмHLмклLмклLмб≥┬LмLклLмLклLмLхLмL▀лLмL▀лLмL┬LмLKлLмLKлLмLB≥┬LмMлLмMлLмMLмLклLмLклLмLхLмLKлLмLKлLмLB≥┬LмMклLмMклLмMхLмM▀лLмM▀лLмM┬LмMKлLмMKлLмMB≥┬LмMKлLмMKлLмMHLмNлLмNлLмNLмMклLмMклLмMб≥┬LмNлLмNлLмNLмNKлLмNKлLмNHLмMклLмMклLмMб≥┬LмNKлLмNKлLмNHLм▄лLм▄лLм▄LмMклLмMклLмMб≥┬Lм▄клLм▄клLм▄хLм▄▀лLм▄▀лLм▄┬Lм▄KлLм▄KлLм▄B≥┬Lм█лLм█лLм█Lм▄клLм▄клLм▄хLм▄KлLм▄KлLм▄B≥┬Lм█клLм█клLм█хLм█▀лLм█▀лLм█┬Lм█KлLм█KлLм█B≥┬Lм█KлLм█KлLм█HLм▌лLм▌лLм▌Lм█клLм█клLм█б≥┬Lм█KлLм█KлLм█HLм▌KлLм▌KлLм▌HLм▌лLм▌лLм▌≥┬Lм█KлLм█KлLм█HLмллLмллLмлLм▌KлLм▌KлLм▌B≥┬LмлклLмлклLмлхLмл▀лLмл▀лLмл┬LмлKлLмлKлLмлB≥┬LмлKлLмлKлLмлHLммлLммлLммLмлклLмлклLмлб≥┬LмлKлLмлKлLмлHLммKлLммKлLммHLммлLммлLмм≥┬LмлKлLмлKлLмлHLмм▀лLмм▀лLмм┬LммKлLммKлLммB≥┬LмнKлLмнKлLмнHLмнлLмнлLмнLммклLммклLммб≥┬LмлLмлLмLмнKлLмнKлLмнHLммклLммклLммб≥┬LмклLмклLмхLм▀лLм▀лLм┬LмKлLмKлLмB≥┬LмKлLмKлLмHLмлLмлLмLмклLмклLмб≥┬LмлLмлLмLмKлLмKлLмHLмклLмклLмб≥┬LмKлLмKлLмHLм▀лLм▀лLм┬LмклLмклLмб≥┬LмKлLмKлLмHLмлLмлLмLмклLмклLмб≥┬LмLлLмLлLмLLмKлLмKлLмHLмклLмклLмб≥┬LмLклLмLклLмLхLмL▀лLмL▀лLмL┬LмLKлLмLKлLмLB≥┬LмMлLмMлLмMLмLклLмLклLмLхLмLKлLмLKлLмLB≥┬LмMклLмMклLмMхLмM▀лLмM▀лLмM┬LмMKлLмMKлLмMB≥┬LмMKлLмMKлLмMHLмNлLмNлLмNLмMклLмMклLмMб≥┬LмNлLмNлLмNLмNKлLмNKлLмNHLмMклLмMклLмMб≥┬LмNлLмNлLмNLмLлLмLлLмLLмNKлLмNKлLмNB≥┬LмLклLмLклLмLхLмL▀лLмL▀лLмL┬LмLKлLмLKлLмLB≥┬LмLлLмLлLмLLмLклLмLклLмLхLмLKлLмLKлLмLB≥┬LмLклLмLклLмLхLмL▀лLмL▀лLмL┬LмLKлLмLKлLмLB≥┬LмLKлLмLKлLмLHLмLлLмLлLмLLмLклLмLклLмLб≥┬LмLKлLмLKлLмLHLмLKлLмLKлLмLHLмLлLмLлLмL≥┬LмLKлLмLKлLмLHLмLLлLмLLлLмLLLмLлLмLлLмL≥┬LмLLклLмLLклLмLLхLмLL▀лLмLL▀лLмLL┬LмLLKлLмLLKлLмLLB≥┬LмLMлLмLMлLмLMLмLLклLмLLклLмLLхLмLLKлLмLLKлLмLLB≥┬LмLMклLмLMклLмLMхLмLM▀лLмLM▀лLмLM┬LмLMKлLмLMKлLмLMB≥┬LмLMKлLмLMKлLмLMHLмLNлLмLNлLмLNLмLMклLмLMклLмLMб≥┬LмLMKлLмLMKлLмLMHLмLNKлLмLNKлLмLNHLмLNлLмLNлLмLN≥┬LмLNKлLмLNKлLмLNHLмL▄лLмL▄лLмL▄LмLNлLмLNлLмLN≥┬LмL▄клLмL▄клLмL▄хLмL▄▀лLмL▄▀лLмL▄┬LмL▄KлLмL▄KлLмL▄B≥┬LмL█лLмL█лLмL█LмL▄клLмL▄клLмL▄хLмL▄KлLмL▄KлLмL▄B≥┬LмL█клLмL█клLмL█хLмL█▀лLмL█▀лLмL█┬LмL█KлLмL█KлLмL█B≥┬LмL▌лLмL▌лLмL▌LмL█клLмL█клLмL█хLмL█KлLмL█KлLмL█B≥┬LмLлKлLмLлKлLмLлHLмLллLмLллLмLлLмL▌KлLмL▌KлLмL▌B≥┬LмL▌KлLмL▌KлLмL▌HLмLл▀лLмLл▀лLмLл┬LмLлKлLмLлKлLмLлB≥┬LмL▌KлLмL▌KлLмL▌HLмLлклLмLлклLмLлхLмLл▀лLмLл▀лLмLл┌≥┬LмLлклLмLлклLмLлхLмLмлLмLмлLмLмLмLл▀лLмLл▀лLмLл┌≥┬LмLмклLмLмклLмLмхLмLм▀лLмLм▀лLмLм┬LмLмKлLмLмKлLмLмB≥┬LмLнлLмLнлLмLнLмLмклLмLмклLмLмхLмLмKлLмLмKлLмLмB≥┬LмMKлLмMKлLмMHLмMлLмMлLмMLмLнKлLмLнKлLмLнB≥┬LмLнKлLмLнKлLмLнHLмM▀лLмM▀лLмM┬LмMKлLмMKлLмMB≥┬LмM▀лLмM▀лLмM┬LмMклLмMклLмMхLмMKлLмMKлLмMB≥┬LмM▀лLмM▀лLмM┬LмMлLмMлLмMLмMклLмMклLмMб≥┬LмMклLмMклLмMхLмM▀лLмM▀лLмM┬LмMKлLмMKлLмMB≥┬LмMлLмMлLмMLмMклLмMклLмMхLмMKлLмMKлLмMB≥┬LмMLKлLмMLKлLмMLHLмMLлLмMLлLмMLLмMKлLмMKлLмMB≥┬LмML▀лLмML▀лLмML┬LмMLKлLмMLKлLмMLHLмMKлLмMKлLмMB≥┬LмMMKлLмMMKлLмMMHLмMMлLмMMлLмMMLмMLклLмMLклLмMLб≥┬LмMM▀лLмMM▀лLмMM┬LмMMKлLмMMKлLмMMHLмMLклLмMLклLмMLб≥┬LмMNKлLмMNKлLмMNHLмMNлLмMNлLмMNLмMMклLмMMклLмMMб≥┬LмMMклLмMMклLмMMхLмM▄лLмM▄лLмM▄LмMNKлLмMNKлLмMNB≥┬LмMMклLмMMклLмMMхLмM▄KлLмM▄KлLмM▄HLмM▄лLмM▄лLмM▄≥┬LмM▄KлLмM▄KлLмM▄HLмM▄▀лLмM▄▀лLмM▄┬LмM▄лLмM▄лLмM▄≥┬LмM█KлLмM█KлLмM█HLмM█лLмM█лLмM█LмM▄клLмM▄клLмM▄б≥┬LмM█▀лLмM█▀лLмM█┬LмM█KлLмM█KлLмM█HLмM▄клLмM▄клLмM▄б≥┬LмM▌KлLмM▌KлLмM▌HLмM▌лLмM▌лLмM▌LмM█клLмM█клLмM█б≥┬LмM█клLмM█клLмM█хLмMллLмMллLмMлLмM▌KлLмM▌KлLмM▌B≥┬LмMллLмMллLмMлLмMлKлLмMлKлLмMлHLмM▌KлLмM▌KлLмM▌B≥┬LмMллLмMллLмMлLмMл▀лLмMл▀лLмMл┬LмMлKлLмMлKлLмMлB≥┬LмMмKлLмMмKлLмMмHLмMмлLмMмлLмMмLмMлклLмMлклLмMлб≥┬LмMм▀лLмMм▀лLмMм┬LмMмKлLмMмKлLмMмHLмMлклLмMлклLмMлб≥┬LмMнKлLмMнKлLмMнHLмMнлLмMнлLмMнLмMмклLмMмклLмMмб≥┬LмNлLмNлLмNLмMнKлLмMнKлLмMнHLмMмклLмMмклLмMмб≥┬LмNклLмNклLмNхLмN▀лLмN▀лLмN┬LмNKлLмNKлLмNB≥┬LмNлLмNлLмNLмNклLмNклLмNхLмNKлLмNKлLмNB≥┬LмNклLмNклLмNхLмN▀лLмN▀лLмN┬LмNKлLмNKлLмNB≥┬LмNKлLмNKлLмNHLмNлLмNлLмNLмNклLмNклLмNб≥┬LмNKлLмNKлLмNHLмNKлLмNKлLмNHLмNлLмNлLмN≥┬LмNKлLмNKлLмNHLмNLлLмNLлLмNLLмNлLмNлLмN≥┬LмNLклLмNLклLмNLхLмNL▀лLмNL▀лLмNL┬LмNLKлLмNLKлLмNLB≥┬LмNMлLмNMлLмNMLмNLклLмNLклLмNLхLмNLKлLмNLKлLмNLB≥┬LмNMклLмNMклLмNMхLмNM▀лLмNM▀лLмNM┬LмNMKлLмNMKлLмNMB≥┬LмNMKлLмNMKлLмNMHLмNNлLмNNлLмNNLмNMклLмNMклLмNMб≥┬LмNNлLмNNлLмNNLмNNKлLмNNKлLмNNHLмNMклLмNMклLмNMб≥┬LмNNлLмNNлLмNNLм▄лLм▄лLм▄LмNNKлLмNNKлLмNNB≥┬Lм▄клLм▄клLм▄хLм▄▀лLм▄▀лLм▄┬Lм▄KлLм▄KлLм▄B≥┬Lм▄лLм▄лLм▄Lм▄клLм▄клLм▄хLм▄KлLм▄KлLм▄B≥┬Lм▄клLм▄клLм▄хLм▄▀лLм▄▀лLм▄┬Lм▄KлLм▄KлLм▄B≥┬Lм▄лLм▄лLм▄Lм▄клLм▄клLм▄хLм▄KлLм▄KлLм▄B≥┬Lм▄LKлLм▄LKлLм▄LHLм▄LлLм▄LлLм▄LLм▄KлLм▄KлLм▄B≥┬Lм▄L▀лLм▄L▀лLм▄L┬Lм▄LKлLм▄LKлLм▄LHLм▄KлLм▄KлLм▄B≥┬Lм▄MKлLм▄MKлLм▄MHLм▄MлLм▄MлLм▄MLм▄LклLм▄LклLм▄Lб≥┬Lм▄LклLм▄LклLм▄LхLм▄M▀лLм▄M▀лLм▄M┬Lм▄MKлLм▄MKлLм▄MB≥┬Lм▄LклLм▄LклLм▄LхLм▄MклLм▄MклLм▄MхLм▄M▀лLм▄M▀лLм▄M┌≥┬Lм▄MклLм▄MклLм▄MхLм▄NлLм▄NлLм▄NLм▄M▀лLм▄M▀лLм▄M┌≥┬Lм▄▄KлLм▄▄KлLм▄▄HLм▄▄лLм▄▄лLм▄▄Lм▄NKлLм▄NKлLм▄NB≥┬Lм▄▄▀лLм▄▄▀лLм▄▄┬Lм▄▄KлLм▄▄KлLм▄▄HLм▄NKлLм▄NKлLм▄NB≥┬Lм▄█KлLм▄█KлLм▄█HLм▄█лLм▄█лLм▄█Lм▄▄клLм▄▄клLм▄▄б≥┬Lм▄▄клLм▄▄клLм▄▄хLм▄█▀лLм▄█▀лLм▄█┬Lм▄█KлLм▄█KлLм▄█B≥┬Lм▄█▀лLм▄█▀лLм▄█┬Lм▄█клLм▄█клLм▄█хLм▄█KлLм▄█KлLм▄█B≥┬Lм▄█▀лLм▄█▀лLм▄█┬Lм▄▌лLм▄▌лLм▄▌Lм▄█клLм▄█клLм▄█б≥┬Lм▄лKлLм▄лKлLм▄лHLм▄ллLм▄ллLм▄лLм▄▌KлLм▄▌KлLм▄▌B≥┬Lм▄л▀лLм▄л▀лLм▄л┬Lм▄лKлLм▄лKлLм▄лHLм▄▌KлLм▄▌KлLм▄▌B≥┬Lм▄мKлLм▄мKлLм▄мHLм▄млLм▄млLм▄мLм▄лклLм▄лклLм▄лб≥┬Lм▄м▀лLм▄м▀лLм▄м┬Lм▄мKлLм▄мKлLм▄мHLм▄лклLм▄лклLм▄лб≥┬Lм▄нKлLм▄нKлLм▄нHLм▄нлLм▄нлLм▄нLм▄мклLм▄мклLм▄мб≥┬Lм█лLм█лLм█Lм▄нKлLм▄нKлLм▄нHLм▄мклLм▄мклLм▄мб≥┬Lм█клLм█клLм█хLм█▀лLм█▀лLм█┬Lм█KлLм█KлLм█B≥┬Lм█KлLм█KлLм█HLм█лLм█лLм█Lм█клLм█клLм█б≥┬Lм█KлLм█KлLм█HLм█KлLм█KлLм█HLм█лLм█лLм█≥┬Lм█KлLм█KлLм█HLм█▀лLм█▀лLм█┬Lм█лLм█лLм█≥┬Lм█KлLм█KлLм█HLм█лLм█лLм█Lм█клLм█клLм█б≥┬Lм█LлLм█LлLм█LLм█KлLм█KлLм█HLм█клLм█клLм█б≥┬Lм█LклLм█LклLм█LхLм█L▀лLм█L▀лLм█L┬Lм█LKлLм█LKлLм█LB≥┬Lм█LKлLм█LKлLм█LHLм█MлLм█MлLм█MLм█LклLм█LклLм█Lб≥┬Lм█MлLм█MлLм█MLм█MKлLм█MKлLм█MHLм█LклLм█LклLм█Lб≥┬Lм█MлLм█MлLм█MLм█M▀лLм█M▀лLм█M┬Lм█MKлLм█MKлLм█MB≥┬Lм█NKлLм█NKлLм█NHLм█NлLм█NлLм█NLм█MклLм█MклLм█Mб≥┬Lм█▄лLм█▄лLм█▄Lм█NKлLм█NKлLм█NHLм█MклLм█MклLм█Mб≥┬Lм█▄клLм█▄клLм█▄хLм█▄▀лLм█▄▀лLм█▄┬Lм█▄KлLм█▄KлLм█▄B≥┬Lм██лLм██лLм██Lм█▄клLм█▄клLм█▄хLм█▄KлLм█▄KлLм█▄B≥┬Lм██клLм██клLм██хLм██▀лLм██▀лLм██┬Lм██KлLм██KлLм██B≥┬Lм█▌лLм█▌лLм█▌Lм██клLм██клLм██хLм██KлLм██KлLм██B≥┬Lм█лKлLм█лKлLм█лHLм█ллLм█ллLм█лLм█▌KлLм█▌KлLм█▌B≥┬Lм█▌KлLм█▌KлLм█▌HLм█л▀лLм█л▀лLм█л┬Lм█лKлLм█лKлLм█лB≥┬Lм█▌KлLм█▌KлLм█▌HLм█лклLм█лклLм█лхLм█л▀лLм█л▀лLм█л┌≥┬Lм█лклLм█лклLм█лхLм█млLм█млLм█мLм█л▀лLм█л▀лLм█л┌≥┬Lм█мклLм█мклLм█мхLм█м▀лLм█м▀лLм█м┬Lм█мKлLм█мKлLм█мB≥┬Lм█нлLм█нлLм█нLм█мклLм█мклLм█мхLм█мKлLм█мKлLм█мB≥┬Lм▌KлLм▌KлLм▌HLм▌лLм▌лLм▌Lм█нKлLм█нKлLм█нB≥┬Lм█нKлLм█нKлLм█нHLм▌▀лLм▌▀лLм▌┬Lм▌KлLм▌KлLм▌B≥┬Lм▌▀лLм▌▀лLм▌┬Lм▌клLм▌клLм▌хLм▌KлLм▌KлLм▌B≥┬Lм▌▀лLм▌▀лLм▌┬Lм▌лLм▌лLм▌Lм▌клLм▌клLм▌б≥┬Lм▌клLм▌клLм▌хLм▌▀лLм▌▀лLм▌┬Lм▌KлLм▌KлLм▌B≥┬Lм▌лLм▌лLм▌Lм▌клLм▌клLм▌хLм▌KлLм▌KлLм▌B≥┬Lм▌LKлLм▌LKлLм▌LHLм▌LлLм▌LлLм▌LLм▌KлLм▌KлLм▌B≥┬Lм▌L▀лLм▌L▀лLм▌L┬Lм▌LKлLм▌LKлLм▌LHLм▌KлLм▌KлLм▌B≥┬Lм▌MKлLм▌MKлLм▌MHLм▌MлLм▌MлLм▌MLм▌LклLм▌LклLм▌Lб≥┬Lм▌M▀лLм▌M▀лLм▌M┬Lм▌MKлLм▌MKлLм▌MHLм▌LклLм▌LклLм▌Lб≥┬Lм▌NKлLм▌NKлLм▌NHLм▌NлLм▌NлLм▌NLм▌MклLм▌MклLм▌Mб≥┬Lм▌MклLм▌MклLм▌MхLмллLмллLмлLм▌NKлLм▌NKлLм▌NB≥┬Lм▌MклLм▌MклLм▌MхLмлKлLмлKлLмлHLмллLмллLмл≥┬LмлKлLмлKлLмлHLмл▀лLмл▀лLмл┬LмллLмллLмл≥┬LмлKлLмлKлLмлHLмллLмллLмлLмлклLмлклLмлб≥┬Lмл▀лLмл▀лLмл┬LмлKлLмлKлLмлHLмлклLмлклLмлб≥┬LмлKлLмлKлLмлHLмллLмллLмлLмлклLмлклLмлб≥┬LмлклLмлклLмлхLмлLлLмлLлLмлLLмлKлLмлKлLмлB≥┬LмлLлLмлLлLмлLLмлLKлLмлLKлLмлLHLмлKлLмлKлLмлB≥┬LмлLлLмлLлLмлLLмлL▀лLмлL▀лLмлL┬LмлLKлLмлLKлLмлLB≥┬LмлMKлLмлMKлLмлMHLмлMлLмлMлLмлMLмлLклLмлLклLмлLб≥┬LмлM▀лLмлM▀лLмлM┬LмлMKлLмлMKлLмлMHLмлLклLмлLклLмлLб≥┬LмлNKлLмлNKлLмлNHLмлNлLмлNлLмлNLмлMклLмлMклLмлMб≥┬Lмл▄лLмл▄лLмл▄LмлNKлLмлNKлLмлNHLмлMклLмлMклLмлMб≥┬Lмл▄клLмл▄клLмл▄хLмл▄▀лLмл▄▀лLмл▄┬Lмл▄KлLмл▄KлLмл▄B≥┬Lмл█лLмл█лLмл█Lмл▄клLмл▄клLмл▄хLмл▄KлLмл▄KлLмл▄B≥┬Lмл█клLмл█клLмл█хLмл█▀лLмл█▀лLмл█┬Lмл█KлLмл█KлLмл█B≥┬Lмл█KлLмл█KлLмл█HLмл▌лLмл▌лLмл▌Lмл█клLмл█клLмл█б≥┬Lмл█KлLмл█KлLмл█HLмл▌KлLмл▌KлLмл▌HLмл▌лLмл▌лLмл▌≥┬Lмл▌KлLмл▌KлLмл▌HLмлллLмлллLмллLмл▌лLмл▌лLмл▌≥┬LмллклLмллклLмллхLмлл▀лLмлл▀лLмлл┬LмллKлLмллKлLмллB≥┬LмлмлLмлмлLмлмLмллклLмллклLмллхLмллKлLмллKлLмллB≥┬LмлмклLмлмклLмлмхLмлм▀лLмлм▀лLмлм┬LмлмKлLмлмKлLмлмB≥┬LмлмKлLмлмKлLмлмHLмлнлLмлнлLмлнLмлмклLмлмклLмлмб≥┬LмлнлLмлнлLмлнLмлнKлLмлнKлLмлнHLмлмклLмлмклLмлмб≥┬LмлнлLмлнлLмлнLммлLммлLммLмлнKлLмлнKлLмлнB≥┬LммклLммклLммхLмм▀лLмм▀лLмм┬LммKлLммKлLммB≥┬LммлLммлLммLммклLммклLммхLммKлLммKлLммB≥┬LммклLммклLммхLмм▀лLмм▀лLмм┬LммKлLммKлLммB≥┬LммлLммлLммLммклLммклLммхLммKлLммKлLммB≥┬LммLKлLммLKлLммLHLммLлLммLлLммLLммKлLммKлLммB≥┬LммL▀лLммL▀лLммL┬LммLKлLммLKлLммLHLммKлLммKлLммB≥┬LммMKлLммMKлLммMHLммMлLммMлLммMLммLклLммLклLммLб≥┬LммLклLммLклLммLхLммM▀лLммM▀лLммM┬LммMKлLммMKлLммMB≥┬LммLклLммLклLммLхLммMклLммMклLммMхLммM▀лLммM▀лLммM┌≥┬LммMклLммMклLммMхLммNлLммNлLммNLммM▀лLммM▀лLммM┌≥┬Lмм▄KлLмм▄KлLмм▄HLмм▄лLмм▄лLмм▄LммNKлLммNKлLммNB≥┬Lмм▄▀лLмм▄▀лLмм▄┬Lмм▄KлLмм▄KлLмм▄HLммNKлLммNKлLммNB≥┬Lмм█KлLмм█KлLмм█HLмм█лLмм█лLмм█Lмм▄клLмм▄клLмм▄б≥┬Lмм▄клLмм▄клLмм▄хLмм█▀лLмм█▀лLмм█┬Lмм█KлLмм█KлLмм█B≥┬Lмм█▀лLмм█▀лLмм█┬Lмм█клLмм█клLмм█хLмм█KлLмм█KлLмм█B≥┬Lмм█▀лLмм█▀лLмм█┬Lмм▌лLмм▌лLмм▌Lмм█клLмм█клLмм█б≥┬LммлKлLммлKлLммлHLммллLммллLммлLмм▌KлLмм▌KлLмм▌B≥┬Lммл▀лLммл▀лLммл┬LммлKлLммлKлLммлHLмм▌KлLмм▌KлLмм▌B≥┬LмммKлLмммKлLмммHLмммлLмммлLмммLммлклLммлклLммлб≥┬Lммм▀лLммм▀лLммм┬LмммKлLмммKлLмммHLммлклLммлклLммлб≥┬LммнKлLммнKлLммнHLммнлLммнлLммнLмммклLмммклLмммб≥┬LмнлLмнлLмнLммнKлLммнKлLммнHLмммклLмммклLмммб≥┬LмнклLмнклLмнхLмн▀лLмн▀лLмн┬LмнKлLмнKлLмнB≥┬LмнKлLмнKлLмнHLмнлLмнлLмнLмнклLмнклLмнб≥┬LмнKлLмнKлLмнHLмнKлLмнKлLмнHLмнлLмнлLмн≥┬LмнKлLмнKлLмнHLмн▀лLмн▀лLмн┬LмнлLмнлLмн≥┬LмнKлLмнKлLмнHLмнлLмнлLмнLмнклLмнклLмнб≥┬LмнLлLмнLлLмнLLмнKлLмнKлLмнHLмнклLмнклLмнб≥┬LмнLклLмнLклLмнLхLмнL▀лLмнL▀лLмнL┬LмнLKлLмнLKлLмнLB≥┬LмнLKлLмнLKлLмнLHLмнMлLмнMлLмнMLмнLклLмнLклLмнLб≥┬LмнMлLмнMлLмнMLмнMKлLмнMKлLмнMHLмнLклLмнLклLмнLб≥┬LмнMлLмнMлLмнMLмнM▀лLмнM▀лLмнM┬LмнMKлLмнMKлLмнMB≥┬LмнNKлLмнNKлLмнNHLмнNлLмнNлLмнNLмнMклLмнMклLмнMб≥┬LнлLнлLнLмнNKлLмнNKлLмнNHLмнMклLмнMклLмнMб≥┬LнклLнклLнхLн▀лLн▀лLн┬LнKлLнKлLнB≥┬LнлLнлLнLнклLнклLнхLнKлLнKлLнB≥┬LнклLнклLнхLн▀лLн▀лLн┬LнKлLнKлLнB≥┬LнлLнлLнLнклLнклLнхLнKлLнKлLнB≥┬LнLKлLнLKлLнLHLнLлLнLлLнLLнKлLнKлLнB≥┬LнKлLнKлLнHLнL▀лLнL▀лLнL┬LнLKлLнLKлLнLB≥┬LнKлLнKлLнHLнLклLнLклLнLхLнL▀лLнL▀лLнL┌≥┬LнLклLнLклLнLхLнMлLнMлLнMLнL▀лLнL▀лLнL┌≥┬LнMклLнMклLнMхLнM▀лLнM▀лLнM┬LнMKлLнMKлLнMB≥┬LнNлLнNлLнNLнMклLнMклLнMхLнMKлLнMKлLнMB≥┬Lн▄KлLн▄KлLн▄HLн▄лLн▄лLн▄LнNKлLнNKлLнNB≥┬LнNKлLнNKлLнNHLн▄▀лLн▄▀лLн▄┬Lн▄KлLн▄KлLн▄B≥┬Lн▄▀лLн▄▀лLн▄┬Lн▄клLн▄клLн▄хLн▄KлLн▄KлLн▄B≥┬Lн▄▀лLн▄▀лLн▄┬Lн█лLн█лLн█Lн▄клLн▄клLн▄б≥┬Lн█клLн█клLн█хLн█▀лLн█▀лLн█┬Lн█KлLн█KлLн█B≥┬Lн▌лLн▌лLн▌Lн█клLн█клLн█хLн█KлLн█KлLн█B≥┬LнлKлLнлKлLнлHLнллLнллLнлLн▌KлLн▌KлLн▌B≥┬Lнл▀лLнл▀лLнл┬LнлKлLнлKлLнлHLн▌KлLн▌KлLн▌B≥┬LнмKлLнмKлLнмHLнмлLнмлLнмLнлклLнлклLнлб≥┬Lнм▀лLнм▀лLнм┬LнмKлLнмKлLнмHLнлклLнлклLнлб≥┬LннKлLннKлLннHLннлLннлLннLнмклLнмклLнмб≥┬LнмклLнмклLнмхLнлLнлLнLннKлLннKлLннB≥┬LнмклLнмклLнмхLнKлLнKлLнHLнлLнлLн≥┬LнKлLнKлLнHLн▀лLн▀лLн┬LнлLнлLн≥┬LнKлLнKлLнHLнлLнлLнLнклLнклLнб≥┬Lн▀лLн▀лLн┬LнKлLнKлLнHLнклLнклLнб≥┬LнKлLнKлLнHLнлLнлLнLнклLнклLнб≥┬LнклLнклLнхLнLлLнLлLнLLнKлLнKлLнB≥┬LнLлLнLлLнLLнLKлLнLKлLнLHLнKлLнKлLнB≥┬LнLлLнLлLнLLнL▀лLнL▀лLнL┬LнLKлLнLKлLнLB≥┬LнMKлLнMKлLнMHLнMлLнMлLнMLнLклLнLклLнLб≥┬LнM▀лLнM▀лLнM┬LнMKлLнMKлLнMHLнLклLнLклLнLб≥┬LнNKлLнNKлLнNHLнNлLнNлLнNLнMклLнMклLнMб≥┬Lн▄лLн▄лLн▄LнNKлLнNKлLнNHLнMклLнMклLнMб≥┬Lн▄клLн▄клLн▄хLн▄▀лLн▄▀лLн▄┬Lн▄KлLн▄KлLн▄B≥┬Lн█лLн█лLн█Lн▄клLн▄клLн▄хLн▄KлLн▄KлLн▄B≥┬Lн█клLн█клLн█хLн█▀лLн█▀лLн█┬Lн█KлLн█KлLн█B≥┬Lн█KлLн█KлLн█HLн▌лLн▌лLн▌Lн█клLн█клLн█б≥┬Lн█KлLн█KлLн█HLн▌KлLн▌KлLн▌HLн▌лLн▌лLн▌≥┬Lн▌KлLн▌KлLн▌HLнллLнллLнлLн▌лLн▌лLн▌≥┬LнлклLнлклLнлхLнл▀лLнл▀лLнл┬LнлKлLнлKлLнлB≥┬LнмлLнмлLнмLнлклLнлклLнлхLнлKлLнлKлLнлB≥┬LнмклLнмклLнмхLнм▀лLнм▀лLнм┬LнмKлLнмKлLнмB≥┬LнмKлLнмKлLнмHLннлLннлLннLнмклLнмклLнмб≥┬LннлLннлLннLннKлLннKлLннHLнмклLнмклLнмб≥┬LннлLннлLннLнлLнлLнLннKлLннKлLннB≥┬LнклLнклLнхLн▀лLн▀лLн┬LнKлLнKлLнB≥┬LнлLнлLнLнклLнклLнхLнKлLнKлLнB≥┬LнклLнклLнхLн▀лLн▀лLн┬LнKлLнKлLнB≥┬LнлLнлLнLнклLнклLнхLнKлLнKлLнB≥┬LнLKлLнLKлLнLHLнLлLнLлLнLLнKлLнKлLнB≥┬LнL▀лLнL▀лLнL┬LнLKлLнLKлLнLHLнKлLнKлLнB≥┬LнMKлLнMKлLнMHLнMлLнMлLнMLнLклLнLклLнLб≥┬LнLклLнLклLнLхLнM▀лLнM▀лLнM┬LнMKлLнMKлLнMB≥┬LнLклLнLклLнLхLнMклLнMклLнMхLнM▀лLнM▀лLнM┌≥┬LнMклLнMклLнMхLнNлLнNлLнNLнM▀лLнM▀лLнM┌≥┬LнLKлLнLKлLнLHLнLлLнLлLнLLнNKлLнNKлLнNB≥┬LнL▀лLнL▀лLнL┬LнLKлLнLKлLнLHLнNKлLнNKлLнNB≥┬LнLKлLнLKлLнLHLнLлLнLлLнLLнLклLнLклLнLб≥┬LнLклLнLклLнLхLнL▀лLнL▀лLнL┬LнLKлLнLKлLнLB≥┬LнL▀лLнL▀лLнL┬LнLклLнLклLнLхLнLKлLнLKлLнLB≥┬LнL▀лLнL▀лLнL┬LнLлLнLлLнLLнLклLнLклLнLб≥┬LнLLKлLнLLKлLнLLHLнLLлLнLLлLнLLLнLKлLнLKлLнLB≥┬LнLL▀лLнLL▀лLнLL┬LнLLKлLнLLKлLнLLHLнLKлLнLKлLнLB≥┬LнLMKлLнLMKлLнLMHLнLMлLнLMлLнLMLнLLклLнLLклLнLLб≥┬LнLM▀лLнLM▀лLнLM┬LнLMKлLнLMKлLнLMHLнLLклLнLLклLнLLб≥┬LнLNKлLнLNKлLнLNHLнLNлLнLNлLнLNLнLMклLнLMклLнLMб≥┬LнL▄лLнL▄лLнL▄LнLNKлLнLNKлLнLNHLнLMклLнLMклLнLMб≥┬LнL▄клLнL▄клLнL▄хLнL▄▀лLнL▄▀лLнL▄┬LнL▄KлLнL▄KлLнL▄B≥┬LнL▄KлLнL▄KлLнL▄HLнL█лLнL█лLнL█LнL▄клLнL▄клLнL▄б≥┬LнL▄KлLнL▄KлLнL▄HLнL█KлLнL█KлLнL█HLнL█лLнL█лLнL█≥┬LнL█KлLнL█KлLнL█HLнL█▀лLнL█▀лLнL█┬LнL█лLнL█лLнL█≥┬LнL▌KлLнL▌KлLнL▌HLнL▌лLнL▌лLнL▌LнL█клLнL█клLнL█б≥┬LнLллLнLллLнLлLнL▌KлLнL▌KлLнL▌HLнL█клLнL█клLнL█б≥┬LнLлклLнLлклLнLлхLнLл▀лLнLл▀лLнLл┬LнLлKлLнLлKлLнLлB≥┬LнLлKлLнLлKлLнLлHLнLмлLнLмлLнLмLнLлклLнLлклLнLлб≥┬LнLмлLнLмлLнLмLнLмKлLнLмKлLнLмHLнLлклLнLлклLнLлб≥┬LнLмлLнLмлLнLмLнLм▀лLнLм▀лLнLм┬LнLмKлLнLмKлLнLмB≥┬LнLнKлLнLнKлLнLнHLнLнлLнLнлLнLнLнLмклLнLмклLнLмб≥┬LнMлLнMлLнMLнLнKлLнLнKлLнLнHLнLмклLнLмклLнLмб≥┬LнMклLнMклLнMхLнM▀лLнM▀лLнM┬LнMKлLнMKлLнMB≥┬LнMлLнMлLнMLнMклLнMклLнMхLнMKлLнMKлLнMB≥┬LнMклLнMклLнMхLнM▀лLнM▀лLнM┬LнMKлLнMKлLнMB≥┬LнMлLнMлLнMLнMклLнMклLнMхLнMKлLнMKлLнMB≥┬LнMLKлLнMLKлLнMLHLнMLлLнMLлLнMLLнMKлLнMKлLнMB≥┬LнMKлLнMKлLнMHLнML▀лLнML▀лLнML┬LнMLKлLнMLKлLнMLB≥┬LнMKлLнMKлLнMHLнMLклLнMLклLнMLхLнML▀лLнML▀лLнML┌≥┬LнMLклLнMLклLнMLхLнMMлLнMMлLнMMLнML▀лLнML▀лLнML┌≥┬LнMMклLнMMклLнMMхLнMM▀лLнMM▀лLнMM┬LнMMKлLнMMKлLнMMB≥┬LнMNлLнMNлLнMNLнMMклLнMMклLнMMхLнMMKлLнMMKлLнMMB≥┬LнM▄KлLнM▄KлLнM▄HLнM▄лLнM▄лLнM▄LнMNKлLнMNKлLнMNB≥┬LнMNKлLнMNKлLнMNHLнM▄▀лLнM▄▀лLнM▄┬LнM▄KлLнM▄KлLнM▄B≥┬LнM▄▀лLнM▄▀лLнM▄┬LнM▄клLнM▄клLнM▄хLнM▄KлLнM▄KлLнM▄B≥┬LнM▄▀лLнM▄▀лLнM▄┬LнM█лLнM█лLнM█LнM▄клLнM▄клLнM▄б≥┬LнM█клLнM█клLнM█хLнM█▀лLнM█▀лLнM█┬LнM█KлLнM█KлLнM█B≥┬LнM▌лLнM▌лLнM▌LнM█клLнM█клLнM█хLнM█KлLнM█KлLнM█B≥┬LнMлKлLнMлKлLнMлHLнMллLнMллLнMлLнM▌KлLнM▌KлLнM▌B≥┬LнM▌KлLнM▌KлLнM▌HLнMл▀лLнMл▀лLнMл┬LнMлKлLнMлKлLнMлB≥┬LнM▌KлLнM▌KлLнM▌HLнMлклLнMлклLнMлхLнMл▀лLнMл▀лLнMл┌≥┬LнMлклLнMлклLнMлхLнMмлLнMмлLнMмLнMл▀лLнMл▀лLнMл┌≥┬LнMмклLнMмклLнMмхLнMм▀лLнMм▀лLнMм┬LнMмKлLнMмKлLнMмB≥┬LнMнлLнMнлLнMнLнMмклLнMмклLнMмхLнMмKлLнMмKлLнMмB≥┬LнNKлLнNKлLнNHLнNлLнNлLнNLнMнKлLнMнKлLнMнB≥┬LнN▀лLнN▀лLнN┬LнNKлLнNKлLнNHLнMнKлLнMнKлLнMнB≥┬LнNKлLнNKлLнNHLнNлLнNлLнNLнNклLнNклLнNб≥┬LнNклLнNклLнNхLнN▀лLнN▀лLнN┬LнNKлLнNKлLнNB≥┬LнN▀лLнN▀лLнN┬LнNклLнNклLнNхLнNKлLнNKлLнNB≥┬LнN▀лLнN▀лLнN┬LнNлLнNлLнNLнNклLнNклLнNб≥┬LнNLKлLнNLKлLнNLHLнNLлLнNLлLнNLLнNKлLнNKлLнNB≥┬LнNL▀лLнNL▀лLнNL┬LнNLKлLнNLKлLнNLHLнNKлLнNKлLнNB≥┬LнNMKлLнNMKлLнNMHLнNMлLнNMлLнNMLнNLклLнNLклLнNLб≥┬LнNLклLнNLклLнNLхLнNM▀лLнNM▀лLнNM┬LнNMKлLнNMKлLнNMB≥┬LнNLклLнNLклLнNLхLнNMклLнNMклLнNMхLнNM▀лLнNM▀лLнNM┌≥┬LнNMклLнNMклLнNMхLнNNлLнNNлLнNNLнNM▀лLнNM▀лLнNM┌≥┬MKлMKлMHMлMлMLнNNKлLнNNKлLнNNB≥┬LнNNKлLнNNKлLнNNHM▀лM▀лM┬MKлMKлMB≥┬M▀лM▀лM┬MклMклMхMKлMKлMB≥┬MклMклMхMлMлMMKлMKлMB≥┬MклMклMхM▀лM▀лM┬MKлMKлMB≥┬MлMлMMклMклMхMKлMKлMB≥┬MLKлMLKлMLHMLлMLлMLMKлMKлMB≥┬MKлMKлMHML▀лML▀лML┬MLKлMLKлMLB≥┬MKлMKлMHMLклMLклMLхML▀лML▀лML┌≥┬MKлMKлMHMMлMMлMMMLклMLклMLб≥┬MMклMMклMMхMM▀лMM▀лMM┬MMKлMMKлMMB≥┬MNлMNлMNMMклMMклMMхMMKлMMKлMMB≥┬M▄KлM▄KлM▄HM▄лM▄лM▄MNKлMNKлMNB≥┬M▄▀лM▄▀лM▄┬M▄KлM▄KлM▄HMNKлMNKлMNB≥┬M█KлM█KлM█HM█лM█лM█M▄клM▄клM▄б≥┬M▄клM▄клM▄хM█▀лM█▀лM█┬M█KлM█KлM█B≥┬M█▀лM█▀лM█┬M█клM█клM█хM█KлM█KлM█B≥┬M█▀лM█▀лM█┬M▌лM▌лM▌M█клM█клM█б≥┬MлKлMлKлMлHMллMллMлM▌KлM▌KлM▌B≥┬Mл▀лMл▀лMл┬MлKлMлKлMлHM▌KлM▌KлM▌B≥┬MмKлMмKлMмHMмлMмлMмMлклMлклMлб≥┬MлклMлклMлхMм▀лMм▀лMм┬MмKлMмKлMмB≥┬MлклMлклMлхMмклMмклMмхMм▀лMм▀лMм┌≥┬MмклMмклMмхMнлMнлMнMм▀лMм▀лMм┌≥┬MKлMKлMHMлMлMMнKлMнKлMнB≥┬MнKлMнKлMнHM▀лM▀лM┬MKлMKлMB≥┬M▀лM▀лM┬MклMклMхMKлMKлMB≥┬MклMклMхMлMлMMKлMKлMB≥┬MклMклMхM▀лM▀лM┬MKлMKлMB≥┬MлMлMMклMклMхMKлMKлMB≥┬MLKлMLKлMLHMLлMLлMLMKлMKлMB≥┬MKлMKлMHML▀лML▀лML┬MLKлMLKлMLB≥┬MKлMKлMHMLклMLклMLхML▀лML▀лML┌≥┬MKлMKлMHMMлMMлMMMLклMLклMLб≥┬MMклMMклMMхMM▀лMM▀лMM┬MMKлMMKлMMB≥┬MNлMNлMNMMклMMклMMхMMKлMMKлMMB≥┬M▄KлM▄KлM▄HM▄лM▄лM▄MNKлMNKлMNB≥┬M▄▀лM▄▀лM▄┬M▄KлM▄KлM▄HMNKлMNKлMNB≥┬M█KлM█KлM█HM█лM█лM█M▄клM▄клM▄б≥┬M▄клM▄клM▄хM█▀лM█▀лM█┬M█KлM█KлM█B≥┬M▄клM▄клM▄хM█клM█клM█хM█▀лM█▀лM█┌≥┬M█клM█клM█хM▌лM▌лM▌M█▀лM█▀лM█┌≥┬MлKлMлKлMлHMллMллMлM▌KлM▌KлM▌B≥┬Mл▀лMл▀лMл┬MлKлMлKлMлHM▌KлM▌KлM▌B≥┬MмKлMмKлMмHMмлMмлMмMлклMлклMлб≥┬MлклMлклMлхMм▀лMм▀лMм┬MмKлMмKлMмB≥┬Mм▀лMм▀лMм┬MмклMмклMмхMмKлMмKлMмB≥┬Mм▀лMм▀лMм┬MнлMнлMнMмклMмклMмб≥┬MKлMKлMHMлMлMMнKлMнKлMнB≥┬M▀лM▀лM┬MKлMKлMHMнKлMнKлMнB≥┬MKлMKлMHMлMлMMклMклMб≥┬MклMклMхM▀лM▀лM┬MKлMKлMB≥┬M▀лM▀лM┬MклMклMхMKлMKлMB≥┬M▀лM▀лM┬MлMлMMклMклMб≥┬MLKлMLKлMLHMLлMLлMLMKлMKлMB≥┬ML▀лML▀лML┬MLKлMLKлMLHMKлMKлMB≥┬MMKлMMKлMMHMMлMMлMMMLклMLклMLб≥┬MM▀лMM▀лMM┬MMKлMMKлMMHMLклMLклMLб≥┬MNKлMNKлMNHMNлMNлMNMMклMMклMMб≥┬MMклMMклMMхMLлMLлMLMNKлMNKлMNB≥┬MMклMMклMMхMLKлMLKлMLHMLлMLлML≥┬MLKлMLKлMLHML▀лML▀лML┬MLлMLлML≥┬MLKлMLKлMLHMLлMLлMLMLклMLклMLб≥┬ML▀лML▀лML┬MLKлMLKлMLHMLклMLклMLб≥┬MLKлMLKлMLHMLлMLлMLMLклMLклMLб≥┬MLклMLклMLхMLLлMLLлMLLMLKлMLKлMLB≥┬MLLлMLLлMLLMLLKлMLLKлMLLHMLKлMLKлMLB≥┬MLLлMLLлMLLMLL▀лMLL▀лMLL┬MLLKлMLLKлMLLB≥┬MLMKлMLMKлMLMHMLMлMLMлMLMMLLклMLLклMLLб≥┬MLM▀лMLM▀лMLM┬MLMKлMLMKлMLMHMLLклMLLклMLLб≥┬MLNKлMLNKлMLNHMLNлMLNлMLNMLMклMLMклMLMб≥┬ML▄лML▄лML▄MLNKлMLNKлMLNHMLMклMLMклMLMб≥┬ML▄клML▄клML▄хML▄▀лML▄▀лML▄┬ML▄KлML▄KлML▄B≥┬ML█лML█лML█ML▄клML▄клML▄хML▄KлML▄KлML▄B≥┬ML█клML█клML█хML█▀лML█▀лML█┬ML█KлML█KлML█B≥┬ML█KлML█KлML█HML▌лML▌лML▌ML█клML█клML█б≥┬ML█KлML█KлML█HML▌KлML▌KлML▌HML▌лML▌лML▌≥┬ML▌KлML▌KлML▌HMLллMLллMLлML▌лML▌лML▌≥┬MLлклMLлклMLлхMLл▀лMLл▀лMLл┬MLлKлMLлKлMLлB≥┬MLмлMLмлMLмMLлклMLлклMLлхMLлKлMLлKлMLлB≥┬MLмклMLмклMLмхMLм▀лMLм▀лMLм┬MLмKлMLмKлMLмB≥┬MLмKлMLмKлMLмHMLнлMLнлMLнMLмклMLмклMLмб≥┬MLнлMLнлMLнMLнKлMLнKлMLнHMLмклMLмклMLмб≥┬MLнлMLнлMLнMMлMMлMMMLнKлMLнKлMLнB≥┬MMклMMклMMхMM▀лMM▀лMM┬MMKлMMKлMMB≥┬MMлMMлMMMMклMMклMMхMMKлMMKлMMB≥┬MMклMMклMMхMM▀лMM▀лMM┬MMKлMMKлMMB≥┬MMлMMлMMMMклMMклMMхMMKлMMKлMMB≥┬MMLKлMMLKлMMLHMMLлMMLлMMLMMKлMMKлMMB≥┬MML▀лMML▀лMML┬MMLKлMMLKлMMLHMMKлMMKлMMB≥┬MMMKлMMMKлMMMHMMMлMMMлMMMMMLклMMLклMMLб≥┬MMLклMMLклMMLхMMM▀лMMM▀лMMM┬MMMKлMMMKлMMMB≥┬MMLклMMLклMMLхMMMклMMMклMMMхMMM▀лMMM▀лMMM┌≥┬MMMклMMMклMMMхMMNлMMNлMMNMMM▀лMMM▀лMMM┌≥┬MM▄KлMM▄KлMM▄HMM▄лMM▄лMM▄MMNKлMMNKлMMNB≥┬MM▄▀лMM▄▀лMM▄┬MM▄KлMM▄KлMM▄HMMNKлMMNKлMMNB≥┬MM█KлMM█KлMM█HMM█лMM█лMM█MM▄клMM▄клMM▄б≥┬MM▄клMM▄клMM▄хMM█▀лMM█▀лMM█┬MM█KлMM█KлMM█B≥┬MM█▀лMM█▀лMM█┬MM█клMM█клMM█хMM█KлMM█KлMM█B≥┬MM█▀лMM█▀лMM█┬MM▌лMM▌лMM▌MM█клMM█клMM█б≥┬MMлKлMMлKлMMлHMMллMMллMMлMM▌KлMM▌KлMM▌B≥┬MMл▀лMMл▀лMMл┬MMлKлMMлKлMMлHMM▌KлMM▌KлMM▌B≥┬MMмKлMMмKлMMмHMMмлMMмлMMмMMлклMMлклMMлб≥┬MMм▀лMMм▀лMMм┬MMмKлMMмKлMMмHMMлклMMлклMMлб≥┬MMнKлMMнKлMMнHMMнлMMнлMMнMMмклMMмклMMмб≥┬MNлMNлMNMMнKлMMнKлMMнHMMмклMMмклMMмб≥┬MNклMNклMNхMN▀лMN▀лMN┬MNKлMNKлMNB≥┬MNKлMNKлMNHMNлMNлMNMNклMNклMNб≥┬MNKлMNKлMNHMNKлMNKлMNHMNлMNлMN≥┬MNKлMNKлMNHMN▀лMN▀лMN┬MNлMNлMN≥┬MNKлMNKлMNHMNлMNлMNMNклMNклMNб≥┬MNLлMNLлMNLMNKлMNKлMNHMNклMNклMNб≥┬MNLклMNLклMNLхMNL▀лMNL▀лMNL┬MNLKлMNLKлMNLB≥┬MNLKлMNLKлMNLHMNMлMNMлMNMMNLклMNLклMNLб≥┬MNMлMNMлMNMMNMKлMNMKлMNMHMNLклMNLклMNLб≥┬MNMлMNMлMNMMNM▀лMNM▀лMNM┬MNMKлMNMKлMNMB≥┬MNNKлMNNKлMNNHMNNлMNNлMNNMNMклMNMклMNMб≥┬M▄лM▄лM▄MNNKлMNNKлMNNHMNMклMNMклMNMб≥┬M▄клM▄клM▄хM▄▀лM▄▀лM▄┬M▄KлM▄KлM▄B≥┬M▄лM▄лM▄M▄клM▄клM▄хM▄KлM▄KлM▄B≥┬M▄клM▄клM▄хM▄▀лM▄▀лM▄┬M▄KлM▄KлM▄B≥┬M▄лM▄лM▄M▄клM▄клM▄хM▄KлM▄KлM▄B≥┬M▄LKлM▄LKлM▄LHM▄LлM▄LлM▄LM▄KлM▄KлM▄B≥┬M▄KлM▄KлM▄HM▄L▀лM▄L▀лM▄L┬M▄LKлM▄LKлM▄LB≥┬M▄KлM▄KлM▄HM▄LклM▄LклM▄LхM▄L▀лM▄L▀лM▄L┌≥┬M▄LклM▄LклM▄LхM▄MлM▄MлM▄MM▄L▀лM▄L▀лM▄L┌≥┬M▄MклM▄MклM▄MхM▄M▀лM▄M▀лM▄M┬M▄MKлM▄MKлM▄MB≥┬M▄NлM▄NлM▄NM▄MклM▄MклM▄MхM▄MKлM▄MKлM▄MB≥┬M▄▄KлM▄▄KлM▄▄HM▄▄лM▄▄лM▄▄M▄NKлM▄NKлM▄NB≥┬M▄NKлM▄NKлM▄NHM▄▄▀лM▄▄▀лM▄▄┬M▄▄KлM▄▄KлM▄▄B≥┬M▄▄▀лM▄▄▀лM▄▄┬M▄▄клM▄▄клM▄▄хM▄▄KлM▄▄KлM▄▄B≥┬M▄▄▀лM▄▄▀лM▄▄┬M▄█лM▄█лM▄█M▄▄клM▄▄клM▄▄б≥┬M▄█клM▄█клM▄█хM▄█▀лM▄█▀лM▄█┬M▄█KлM▄█KлM▄█B≥┬M▄▌лM▄▌лM▄▌M▄█клM▄█клM▄█хM▄█KлM▄█KлM▄█B≥┬M▄лKлM▄лKлM▄лHM▄ллM▄ллM▄лM▄▌KлM▄▌KлM▄▌B≥┬M▄л▀лM▄л▀лM▄л┬M▄лKлM▄лKлM▄лHM▄▌KлM▄▌KлM▄▌B≥┬M▄мKлM▄мKлM▄мHM▄млM▄млM▄мM▄лклM▄лклM▄лб≥┬M▄м▀лM▄м▀лM▄м┬M▄мKлM▄мKлM▄мHM▄лклM▄лклM▄лб≥┬M▄нKлM▄нKлM▄нHM▄нлM▄нлM▄нM▄мклM▄мклM▄мб≥┬M▄мклM▄мклM▄мхM█лM█лM█M▄нKлM▄нKлM▄нB≥┬M▄мклM▄мклM▄мхM█KлM█KлM█HM█лM█лM█≥┬M█KлM█KлM█HM█▀лM█▀лM█┬M█лM█лM█≥┬M█KлM█KлM█HM█лM█лM█M█клM█клM█б≥┬M█▀лM█▀лM█┬M█KлM█KлM█HM█клM█клM█б≥┬M█KлM█KлM█HM█лM█лM█M█клM█клM█б≥┬M█клM█клM█хM█LлM█LлM█LM█KлM█KлM█B≥┬M█LлM█LлM█LM█LKлM█LKлM█LHM█KлM█KлM█B≥┬M█LлM█LлM█LM█L▀лM█L▀лM█L┬M█LKлM█LKлM█LB≥┬M█MKлM█MKлM█MHM█MлM█MлM█MM█LклM█LклM█Lб≥┬M█M▀лM█M▀лM█M┬M█MKлM█MKлM█MHM█LклM█LклM█Lб≥┬M█NKлM█NKлM█NHM█NлM█NлM█NM█MклM█MклM█Mб≥┬M█▄лM█▄лM█▄M█NKлM█NKлM█NHM█MклM█MклM█Mб≥┬M█▄клM█▄клM█▄хM█▄▀лM█▄▀лM█▄┬M█▄KлM█▄KлM█▄B≥┬M██лM██лM██M█▄клM█▄клM█▄хM█▄KлM█▄KлM█▄B≥┬M██клM██клM██хM██▀лM██▀лM██┬M██KлM██KлM██B≥┬M██KлM██KлM██HM█▌лM█▌лM█▌M██клM██клM██б≥┬M██KлM██KлM██HM█▌KлM█▌KлM█▌HM█▌лM█▌лM█▌≥┬M█▌KлM█▌KлM█▌HM█ллM█ллM█лM█▌лM█▌лM█▌≥┬M█лклM█лклM█лхM█л▀лM█л▀лM█л┬M█лKлM█лKлM█лB≥┬M█млM█млM█мM█лклM█лклM█лхM█лKлM█лKлM█лB≥┬M█мклM█мклM█мхM█м▀лM█м▀лM█м┬M█мKлM█мKлM█мB≥┬M█мKлM█мKлM█мHM█нлM█нлM█нM█мклM█мклM█мб≥┬M█нлM█нлM█нM█нKлM█нKлM█нHM█мклM█мклM█мб≥┬M█нлM█нлM█нM▌лM▌лM▌M█нKлM█нKлM█нB≥┬M▌клM▌клM▌хM▌▀лM▌▀лM▌┬M▌KлM▌KлM▌B≥┬M▌лM▌лM▌M▌клM▌клM▌хM▌KлM▌KлM▌B≥┬M▌клM▌клM▌хM▌▀лM▌▀лM▌┬M▌KлM▌KлM▌B≥┬M▌лM▌лM▌M▌клM▌клM▌хM▌KлM▌KлM▌B≥┬M▌LKлM▌LKлM▌LHM▌LлM▌LлM▌LM▌KлM▌KлM▌B≥┬M▌L▀лM▌L▀лM▌L┬M▌LKлM▌LKлM▌LHM▌KлM▌KлM▌B≥┬M▌MKлM▌MKлM▌MHM▌MлM▌MлM▌MM▌LклM▌LклM▌Lб≥┬M▌LклM▌LклM▌LхM▌M▀лM▌M▀лM▌M┬M▌MKлM▌MKлM▌MB≥┬M▌LклM▌LклM▌LхM▌MклM▌MклM▌MхM▌M▀лM▌M▀лM▌M┌≥┬M▌MклM▌MклM▌MхM▌NлM▌NлM▌NM▌M▀лM▌M▀лM▌M┌≥┬MлKлMлKлMлHMллMллMлM▌NKлM▌NKлM▌NB≥┬Mл▀лMл▀лMл┬MлKлMлKлMлHM▌NKлM▌NKлM▌NB≥┬MлKлMлKлMлHMллMллMлMлклMлклMлб≥┬MлклMлклMлхMл▀лMл▀лMл┬MлKлMлKлMлB≥┬Mл▀лMл▀лMл┬MлклMлклMлхMлKлMлKлMлB≥┬Mл▀лMл▀лMл┬MллMллMлMлклMлклMлб≥┬MлLKлMлLKлMлLHMлLлMлLлMлLMлKлMлKлMлB≥┬MлL▀лMлL▀лMлL┬MлLKлMлLKлMлLHMлKлMлKлMлB≥┬MлMKлMлMKлMлMHMлMлMлMлMлMMлLклMлLклMлLб≥┬MлM▀лMлM▀лMлM┬MлMKлMлMKлMлMHMлLклMлLклMлLб≥┬MлNKлMлNKлMлNHMлNлMлNлMлNMлMклMлMклMлMб≥┬Mл▄лMл▄лMл▄MлNKлMлNKлMлNHMлMклMлMклMлMб≥┬Mл▄клMл▄клMл▄хMл▄▀лMл▄▀лMл▄┬Mл▄KлMл▄KлMл▄B≥┬Mл▄KлMл▄KлMл▄HMл█лMл█лMл█Mл▄клMл▄клMл▄б≥┬Mл▄KлMл▄KлMл▄HMл█KлMл█KлMл█HMл█лMл█лMл█≥┬Mл█KлMл█KлMл█HMл█▀лMл█▀лMл█┬Mл█лMл█лMл█≥┬Mл▌KлMл▌KлMл▌HMл▌лMл▌лMл▌Mл█клMл█клMл█б≥┬MлллMлллMллMл▌KлMл▌KлMл▌HMл█клMл█клMл█б≥┬MллклMллклMллхMлл▀лMлл▀лMлл┬MллKлMллKлMллB≥┬MллKлMллKлMллHMлмлMлмлMлмMллклMллклMллб≥┬MлмлMлмлMлмMлмKлMлмKлMлмHMллклMллклMллб≥┬MлмлMлмлMлмMлм▀лMлм▀лMлм┬MлмKлMлмKлMлмB≥┬MлнKлMлнKлMлнHMлнлMлнлMлнMлмклMлмклMлмб≥┬MмлMмлMмMлнKлMлнKлMлнHMлмклMлмклMлмб≥┬MмклMмклMмхMм▀лMм▀лMм┬MмKлMмKлMмB≥┬MмлMмлMмMмклMмклMмхMмKлMмKлMмB≥┬MмклMмклMмхMм▀лMм▀лMм┬MмKлMмKлMмB≥┬MмлMмлMмMмклMмклMмхMмKлMмKлMмB≥┬MмLKлMмLKлMмLHMмLлMмLлMмLMмKлMмKлMмB≥┬MмKлMмKлMмHMмL▀лMмL▀лMмL┬MмLKлMмLKлMмLB≥┬MмKлMмKлMмHMмLклMмLклMмLхMмL▀лMмL▀лMмL┌≥┬MмLклMмLклMмLхMмMлMмMлMмMMмL▀лMмL▀лMмL┌≥┬MмMклMмMклMмMхMмM▀лMмM▀лMмM┬MмMKлMмMKлMмMB≥┬MмNлMмNлMмNMмMклMмMклMмMхMмMKлMмMKлMмMB≥┬Mм▄KлMм▄KлMм▄HMм▄лMм▄лMм▄MмNKлMмNKлMмNB≥┬MмNKлMмNKлMмNHMм▄▀лMм▄▀лMм▄┬Mм▄KлMм▄KлMм▄B≥┬Mм▄▀лMм▄▀лMм▄┬Mм▄клMм▄клMм▄хMм▄KлMм▄KлMм▄B≥┬Mм▄▀лMм▄▀лMм▄┬Mм█лMм█лMм█Mм▄клMм▄клMм▄б≥┬Mм█клMм█клMм█хMм█▀лMм█▀лMм█┬Mм█KлMм█KлMм█B≥┬Mм▌лMм▌лMм▌Mм█клMм█клMм█хMм█KлMм█KлMм█B≥┬MмлKлMмлKлMмлHMмллMмллMмлMм▌KлMм▌KлMм▌B≥┬Mмл▀лMмл▀лMмл┬MмлKлMмлKлMмлHMм▌KлMм▌KлMм▌B≥┬MммKлMммKлMммHMммлMммлMммMмлклMмлклMмлб≥┬Mмм▀лMмм▀лMмм┬MммKлMммKлMммHMмлклMмлклMмлб≥┬MмнKлMмнKлMмнHMмнлMмнлMмнMммклMммклMммб≥┬MммклMммклMммхMнлMнлMнMмнKлMмнKлMмнB≥┬MммклMммклMммхMнKлMнKлMнHMнлMнлMн≥┬MнKлMнKлMнHMн▀лMн▀лMн┬MнлMнлMн≥┬MнKлMнKлMнHMнлMнлMнMнклMнклMнб≥┬Mн▀лMн▀лMн┬MнKлMнKлMнHMнклMнклMнб≥┬MнKлMнKлMнHMнлMнлMнMнклMнклMнб≥┬MнклMнклMнхMнLлMнLлMнLMнKлMнKлMнB≥┬MнLлMнLлMнLMнLKлMнLKлMнLHMнKлMнKлMнB≥┬MнLлMнLлMнLMнL▀лMнL▀лMнL┬MнLKлMнLKлMнLB≥┬MнMKлMнMKлMнMHMнMлMнMлMнMMнLклMнLклMнLб≥┬MнM▀лMнM▀лMнM┬MнMKлMнMKлMнMHMнLклMнLклMнLб≥┬MнNKлMнNKлMнNHMнNлMнNлMнNMнMклMнMклMнMб≥┬MлMлMMнNKлMнNKлMнNHMнMклMнMклMнMб≥┬MклMклMхM▀лM▀лM┬MKлMKлMB≥┬MлMлMMклMклMхMKлMKлMB≥┬MклMклMхM▀лM▀лM┬MKлMKлMB≥┬MKлMKлMHMлMлMMклMклMб≥┬MKлMKлMHMKлMKлMHMлMлM≥┬MKлMKлMHMLлMLлMLMлMлM≥┬MLклMLклMLхML▀лML▀лML┬MLKлMLKлMLB≥┬MMлMMлMMMLклMLклMLхMLKлMLKлMLB≥┬MMклMMклMMхMM▀лMM▀лMM┬MMKлMMKлMMB≥┬MMKлMMKлMMHMNлMNлMNMMклMMклMMб≥┬MNлMNлMNMNKлMNKлMNHMMклMMклMMб≥┬MNлMNлMNM▄лM▄лM▄MNKлMNKлMNB